role_id,device,owned_unit_count,eb_controlled_unit_count,control_scope,operation_condition,weekly_frequency_code,usual_start_code,earliest_start_code,latest_end_code,task_duration_hours_internal,task_duration_minutes,ac_mode,ac_temperature_c,device_data_status
cityrole-0001,ac,2,2,D_selected_private_AC_zones,有人在受控房间时使用；18:00–18:30若空屋预冷，须当天确认家户许可及实际预约/远控能力，否则到家后开启；空屋冷量不算舒适收益。,days_2_3,evening,NOT_APPLICABLE,NOT_APPLICABLE,NOT_APPLICABLE,NOT_APPLICABLE,evening,25,V2_SYNTHETIC_FIXED_SELECTED_FOR_EB
cityrole-0001,washer,1,UNKNOWN,D_injected_EB_private_equipment_synthetic_access,默认时刻须有成员在家并完成装载；轮班或事件日另核，不默认预约或远程启动。,days_2_3,19.8333333333,19,23,1.0,60,NOT_APPLICABLE,NOT_APPLICABLE,V2_SYNTHETIC_FIXED_SELECTED_FOR_EB
cityrole-0002,ac,1,1,D_selected_private_AC_zones,有人在受控房间时使用；18:00–18:30若空屋预冷，须当天确认家户许可及实际预约/远控能力，否则到家后开启；空屋冷量不算舒适收益。,days_4_6,evening,NOT_APPLICABLE,NOT_APPLICABLE,NOT_APPLICABLE,NOT_APPLICABLE,evening,26,V2_SYNTHETIC_FIXED_SELECTED_FOR_EB
cityrole-0003,electric_water_heater,1,UNKNOWN,D_injected_EB_private_equipment_synthetic_access,普通加热须对准有人需要热水的时段；事件日及额外提前加热按当次许可确认。,days_7,19.8333333333,NOT_APPLICABLE,22,NOT_APPLICABLE,NOT_APPLICABLE,NOT_APPLICABLE,NOT_APPLICABLE,V2_SYNTHETIC_FIXED_SELECTED_FOR_EB
cityrole-0004,ac,1,1,D_selected_private_AC_zones,有人在受控房间时使用；轮班或事件日另核，不把空屋冷量算作舒适收益。,days_2_3,custom,NOT_APPLICABLE,NOT_APPLICABLE,NOT_APPLICABLE,NOT_APPLICABLE,custom,24,V2_SYNTHETIC_FIXED_SELECTED_FOR_EB
cityrole-0005,ac,2,2,D_selected_private_AC_zones,有人在受控房间时使用；18:00–18:30若空屋预冷，须当天确认家户许可及实际预约/远控能力，否则到家后开启；空屋冷量不算舒适收益。,days_4_6,evening,NOT_APPLICABLE,NOT_APPLICABLE,NOT_APPLICABLE,NOT_APPLICABLE,evening,25,V2_SYNTHETIC_FIXED_SELECTED_FOR_EB
cityrole-0005,washer,1,UNKNOWN,D_injected_EB_private_equipment_synthetic_access,默认时刻须有成员在家并完成装载；轮班或事件日另核，不默认预约或远程启动。,days_4_6,21,19,24,1.0,60,NOT_APPLICABLE,NOT_APPLICABLE,V2_SYNTHETIC_FIXED_SELECTED_FOR_EB
cityrole-0006,electric_water_heater,1,UNKNOWN,D_injected_EB_private_equipment_synthetic_access,普通加热须对准有人需要热水的时段；事件日及额外提前加热按当次许可确认。,days_7,19.8333333333,NOT_APPLICABLE,22,NOT_APPLICABLE,NOT_APPLICABLE,NOT_APPLICABLE,NOT_APPLICABLE,V2_SYNTHETIC_FIXED_SELECTED_FOR_EB
cityrole-0006,home_ev,1,UNKNOWN,D_injected_EB_private_equipment_synthetic_access,由m03在典型外出日返家后接入；车辆实际到家、次日离家与充电权限按当天确认。,days_7,21,NOT_APPLICABLE,8.5,NOT_APPLICABLE,NOT_APPLICABLE,NOT_APPLICABLE,NOT_APPLICABLE,V2_SYNTHETIC_FIXED_SELECTED_FOR_EB
cityrole-0006,washer,1,UNKNOWN,D_injected_EB_private_equipment_synthetic_access,默认时刻须有成员在家并完成装载；轮班或事件日另核，不默认预约或远程启动。,days_7,19,19,23,1.0,60,NOT_APPLICABLE,NOT_APPLICABLE,V2_SYNTHETIC_FIXED_SELECTED_FOR_EB
cityrole-0007,ac,1,1,D_selected_private_AC_zones,有人在受控房间时使用；轮班或事件日另核，不把空屋冷量算作舒适收益。,days_2_3,all_day,NOT_APPLICABLE,NOT_APPLICABLE,NOT_APPLICABLE,NOT_APPLICABLE,all_day,27,V2_SYNTHETIC_FIXED_SELECTED_FOR_EB
cityrole-0008,ac,1,1,D_selected_private_AC_zones,有人在受控房间时使用；轮班或事件日另核，不把空屋冷量算作舒适收益。,days_4_6,custom,NOT_APPLICABLE,NOT_APPLICABLE,NOT_APPLICABLE,NOT_APPLICABLE,custom,24,V2_SYNTHETIC_FIXED_SELECTED_FOR_EB
cityrole-0008,electric_water_heater,1,UNKNOWN,D_injected_EB_private_equipment_synthetic_access,普通加热须对准有人需要热水的时段；事件日及额外提前加热按当次许可确认。,days_4_6,19,NOT_APPLICABLE,22,NOT_APPLICABLE,NOT_APPLICABLE,NOT_APPLICABLE,NOT_APPLICABLE,V2_SYNTHETIC_FIXED_SELECTED_FOR_EB
cityrole-0008,washer,1,UNKNOWN,D_injected_EB_private_equipment_synthetic_access,默认时刻须有成员在家并完成装载；轮班或事件日另核，不默认预约或远程启动。,days_4_6,21,19,24,1.0,60,NOT_APPLICABLE,NOT_APPLICABLE,V2_SYNTHETIC_FIXED_SELECTED_FOR_EB
cityrole-0009,ac,2,2,D_selected_private_AC_zones,有人在受控房间时使用；轮班或事件日另核，不把空屋冷量算作舒适收益。,days_7,afternoon,NOT_APPLICABLE,NOT_APPLICABLE,NOT_APPLICABLE,NOT_APPLICABLE,afternoon,25,V2_SYNTHETIC_FIXED_SELECTED_FOR_EB
cityrole-0009,washer,1,UNKNOWN,D_injected_EB_private_equipment_synthetic_access,默认时刻须有成员在家并完成装载；轮班或事件日另核，不默认预约或远程启动。,days_7,19,19,23,1.0,60,NOT_APPLICABLE,NOT_APPLICABLE,V2_SYNTHETIC_FIXED_SELECTED_FOR_EB
cityrole-0010,ac,1,1,D_selected_private_AC_zones,有人在受控房间时使用；18:00–18:30若空屋预冷，须当天确认家户许可及实际预约/远控能力，否则到家后开启；空屋冷量不算舒适收益。,days_2_3,evening,NOT_APPLICABLE,NOT_APPLICABLE,NOT_APPLICABLE,NOT_APPLICABLE,evening,26,V2_SYNTHETIC_FIXED_SELECTED_FOR_EB
cityrole-0010,electric_water_heater,1,UNKNOWN,D_injected_EB_private_equipment_synthetic_access,普通加热须对准有人需要热水的时段；事件日及额外提前加热按当次许可确认。,days_2_3,6,NOT_APPLICABLE,8,NOT_APPLICABLE,NOT_APPLICABLE,NOT_APPLICABLE,NOT_APPLICABLE,V2_SYNTHETIC_FIXED_SELECTED_FOR_EB
cityrole-0010,washer,1,UNKNOWN,D_injected_EB_private_equipment_synthetic_access,默认时刻须有成员在家并完成装载；轮班或事件日另核，不默认预约或远程启动。,days_2_3,19.8333333333,19,23,1.0,60,NOT_APPLICABLE,NOT_APPLICABLE,V2_SYNTHETIC_FIXED_SELECTED_FOR_EB
cityrole-0011,ac,1,1,D_selected_private_AC_zones,有人在受控房间时使用；18:00–18:30若空屋预冷，须当天确认家户许可及实际预约/远控能力，否则到家后开启；空屋冷量不算舒适收益。,days_4_6,evening,NOT_APPLICABLE,NOT_APPLICABLE,NOT_APPLICABLE,NOT_APPLICABLE,evening,27,V2_SYNTHETIC_FIXED_SELECTED_FOR_EB
cityrole-0011,dishwasher,1,UNKNOWN,D_injected_EB_private_equipment_synthetic_access,默认时刻须有成员在家并完成装载；轮班或事件日另核，不默认预约或远程启动。,days_4_6,19,19,23,1.0,60,NOT_APPLICABLE,NOT_APPLICABLE,V2_SYNTHETIC_FIXED_SELECTED_FOR_EB
cityrole-0011,washer,1,UNKNOWN,D_injected_EB_private_equipment_synthetic_access,默认时刻须有成员在家并完成装载；轮班或事件日另核，不默认预约或远程启动。,days_4_6,21,19,24,1.0,60,NOT_APPLICABLE,NOT_APPLICABLE,V2_SYNTHETIC_FIXED_SELECTED_FOR_EB
cityrole-0012,washer,1,UNKNOWN,D_injected_EB_private_equipment_synthetic_access,默认时刻须有成员在家并完成装载；轮班或事件日另核，不默认预约或远程启动。,days_7,19,19,23,1.0,60,NOT_APPLICABLE,NOT_APPLICABLE,V2_SYNTHETIC_FIXED_SELECTED_FOR_EB
cityrole-0013,ac,2,2,D_selected_private_AC_zones,有人在受控房间时使用；轮班或事件日另核，不把空屋冷量算作舒适收益。,days_2_3,afternoon,NOT_APPLICABLE,NOT_APPLICABLE,NOT_APPLICABLE,NOT_APPLICABLE,afternoon,25,V2_SYNTHETIC_FIXED_SELECTED_FOR_EB
cityrole-0013,washer,1,UNKNOWN,D_injected_EB_private_equipment_synthetic_access,默认时刻须有成员在家并完成装载；轮班或事件日另核，不默认预约或远程启动。,days_2_3,19.8333333333,19,23,1.0,60,NOT_APPLICABLE,NOT_APPLICABLE,V2_SYNTHETIC_FIXED_SELECTED_FOR_EB
cityrole-0014,ac,1,1,D_selected_private_AC_zones,有人在受控房间时使用；18:00–18:30若空屋预冷，须当天确认家户许可及实际预约/远控能力，否则到家后开启；空屋冷量不算舒适收益。,days_4_6,evening,NOT_APPLICABLE,NOT_APPLICABLE,NOT_APPLICABLE,NOT_APPLICABLE,evening,26,V2_SYNTHETIC_FIXED_SELECTED_FOR_EB
cityrole-0014,washer,1,UNKNOWN,D_injected_EB_private_equipment_synthetic_access,默认时刻须有成员在家并完成装载；轮班或事件日另核，不默认预约或远程启动。,days_4_6,21,19,24,1.0,60,NOT_APPLICABLE,NOT_APPLICABLE,V2_SYNTHETIC_FIXED_SELECTED_FOR_EB
cityrole-0015,ac,1,1,D_selected_private_AC_zones,有人在受控房间时使用；轮班或事件日另核，不把空屋冷量算作舒适收益。,days_7,all_day,NOT_APPLICABLE,NOT_APPLICABLE,NOT_APPLICABLE,NOT_APPLICABLE,all_day,27,V2_SYNTHETIC_FIXED_SELECTED_FOR_EB
cityrole-0015,washer,1,UNKNOWN,D_injected_EB_private_equipment_synthetic_access,默认时刻须有成员在家并完成装载；轮班或事件日另核，不默认预约或远程启动。,days_7,19,19,23,1.0,60,NOT_APPLICABLE,NOT_APPLICABLE,V2_SYNTHETIC_FIXED_SELECTED_FOR_EB
cityrole-0016,ac,1,1,D_selected_private_AC_zones,有人在受控房间时使用；轮班或事件日另核，不把空屋冷量算作舒适收益。,days_2_3,custom,NOT_APPLICABLE,NOT_APPLICABLE,NOT_APPLICABLE,NOT_APPLICABLE,custom,24,V2_SYNTHETIC_FIXED_SELECTED_FOR_EB
cityrole-0016,dryer,1,UNKNOWN,D_injected_EB_private_equipment_synthetic_access,默认时刻须有成员在家并完成装载；轮班或事件日另核，不默认预约或远程启动。,days_2_3,19,19,23,1.5,90,NOT_APPLICABLE,NOT_APPLICABLE,V2_SYNTHETIC_FIXED_SELECTED_FOR_EB
cityrole-0016,washer,1,UNKNOWN,D_injected_EB_private_equipment_synthetic_access,默认时刻须有成员在家并完成装载；轮班或事件日另核，不默认预约或远程启动。,days_2_3,19.8333333333,19,23,1.0,60,NOT_APPLICABLE,NOT_APPLICABLE,V2_SYNTHETIC_FIXED_SELECTED_FOR_EB
cityrole-0017,ac,2,2,D_selected_private_AC_zones,有人在受控房间时使用；18:00–18:30若空屋预冷，须当天确认家户许可及实际预约/远控能力，否则到家后开启；空屋冷量不算舒适收益。,days_4_6,evening,NOT_APPLICABLE,NOT_APPLICABLE,NOT_APPLICABLE,NOT_APPLICABLE,evening,25,V2_SYNTHETIC_FIXED_SELECTED_FOR_EB
cityrole-0017,washer,1,UNKNOWN,D_injected_EB_private_equipment_synthetic_access,默认时刻须有成员在家并完成装载；轮班或事件日另核，不默认预约或远程启动。,days_4_6,21,19,24,1.0,60,NOT_APPLICABLE,NOT_APPLICABLE,V2_SYNTHETIC_FIXED_SELECTED_FOR_EB
cityrole-0018,ac,1,1,D_selected_private_AC_zones,有人在受控房间时使用；18:00–18:30若空屋预冷，须当天确认家户许可及实际预约/远控能力，否则到家后开启；空屋冷量不算舒适收益。,days_7,evening,NOT_APPLICABLE,NOT_APPLICABLE,NOT_APPLICABLE,NOT_APPLICABLE,evening,26,V2_SYNTHETIC_FIXED_SELECTED_FOR_EB
cityrole-0018,electric_water_heater,1,UNKNOWN,D_injected_EB_private_equipment_synthetic_access,普通加热须对准有人需要热水的时段；事件日及额外提前加热按当次许可确认。,days_7,19.8333333333,NOT_APPLICABLE,22,NOT_APPLICABLE,NOT_APPLICABLE,NOT_APPLICABLE,NOT_APPLICABLE,V2_SYNTHETIC_FIXED_SELECTED_FOR_EB
cityrole-0018,washer,1,UNKNOWN,D_injected_EB_private_equipment_synthetic_access,默认时刻须有成员在家并完成装载；轮班或事件日另核，不默认预约或远程启动。,days_7,19,19,23,1.0,60,NOT_APPLICABLE,NOT_APPLICABLE,V2_SYNTHETIC_FIXED_SELECTED_FOR_EB
cityrole-0019,ac,1,1,D_selected_private_AC_zones,有人在受控房间时使用；18:00–18:30若空屋预冷，须当天确认家户许可及实际预约/远控能力，否则到家后开启；空屋冷量不算舒适收益。,days_2_3,evening,NOT_APPLICABLE,NOT_APPLICABLE,NOT_APPLICABLE,NOT_APPLICABLE,evening,27,V2_SYNTHETIC_FIXED_SELECTED_FOR_EB
cityrole-0019,electric_water_heater,1,UNKNOWN,D_injected_EB_private_equipment_synthetic_access,普通加热须对准有人需要热水的时段；事件日及额外提前加热按当次许可确认。,days_2_3,6,NOT_APPLICABLE,8,NOT_APPLICABLE,NOT_APPLICABLE,NOT_APPLICABLE,NOT_APPLICABLE,V2_SYNTHETIC_FIXED_SELECTED_FOR_EB
cityrole-0019,washer,1,UNKNOWN,D_injected_EB_private_equipment_synthetic_access,默认时刻须有成员在家并完成装载；轮班或事件日另核，不默认预约或远程启动。,days_2_3,19.8333333333,19,23,1.0,60,NOT_APPLICABLE,NOT_APPLICABLE,V2_SYNTHETIC_FIXED_SELECTED_FOR_EB
cityrole-0020,ac,1,1,D_selected_private_AC_zones,有人在受控房间时使用；轮班或事件日另核，不把空屋冷量算作舒适收益。,days_4_6,custom,NOT_APPLICABLE,NOT_APPLICABLE,NOT_APPLICABLE,NOT_APPLICABLE,custom,24,V2_SYNTHETIC_FIXED_SELECTED_FOR_EB
cityrole-0021,home_ev,1,UNKNOWN,D_injected_EB_private_equipment_synthetic_access,由m01在典型外出日返家后接入；车辆实际到家、次日离家与充电权限按当天确认。,days_7,21,NOT_APPLICABLE,7,NOT_APPLICABLE,NOT_APPLICABLE,NOT_APPLICABLE,NOT_APPLICABLE,V2_SYNTHETIC_FIXED_SELECTED_FOR_EB
cityrole-0022,ac,1,1,D_selected_private_AC_zones,有人在受控房间时使用；18:00–18:30若空屋预冷，须当天确认家户许可及实际预约/远控能力，否则到家后开启；空屋冷量不算舒适收益。,days_2_3,evening,NOT_APPLICABLE,NOT_APPLICABLE,NOT_APPLICABLE,NOT_APPLICABLE,evening,26,V2_SYNTHETIC_FIXED_SELECTED_FOR_EB
cityrole-0022,electric_water_heater,1,UNKNOWN,D_injected_EB_private_equipment_synthetic_access,普通加热须对准有人需要热水的时段；事件日及额外提前加热按当次许可确认。,days_2_3,6,NOT_APPLICABLE,8,NOT_APPLICABLE,NOT_APPLICABLE,NOT_APPLICABLE,NOT_APPLICABLE,V2_SYNTHETIC_FIXED_SELECTED_FOR_EB
cityrole-0022,washer,1,UNKNOWN,D_injected_EB_private_equipment_synthetic_access,默认时刻须有成员在家并完成装载；轮班或事件日另核，不默认预约或远程启动。,days_2_3,19.8333333333,19,23,1.0,60,NOT_APPLICABLE,NOT_APPLICABLE,V2_SYNTHETIC_FIXED_SELECTED_FOR_EB
cityrole-0023,ac,1,1,D_selected_private_AC_zones,有人在受控房间时使用；18:00–18:30若空屋预冷，须当天确认家户许可及实际预约/远控能力，否则到家后开启；空屋冷量不算舒适收益。,days_4_6,evening,NOT_APPLICABLE,NOT_APPLICABLE,NOT_APPLICABLE,NOT_APPLICABLE,evening,27,V2_SYNTHETIC_FIXED_SELECTED_FOR_EB
cityrole-0023,dryer,1,UNKNOWN,D_injected_EB_private_equipment_synthetic_access,默认时刻须有成员在家并完成装载；轮班或事件日另核，不默认预约或远程启动。,days_4_6,19.8333333333,19,23,1.5,90,NOT_APPLICABLE,NOT_APPLICABLE,V2_SYNTHETIC_FIXED_SELECTED_FOR_EB
cityrole-0023,electric_water_heater,1,UNKNOWN,D_injected_EB_private_equipment_synthetic_access,普通加热须对准有人需要热水的时段；事件日及额外提前加热按当次许可确认。,days_4_6,19,NOT_APPLICABLE,22,NOT_APPLICABLE,NOT_APPLICABLE,NOT_APPLICABLE,NOT_APPLICABLE,V2_SYNTHETIC_FIXED_SELECTED_FOR_EB
cityrole-0023,washer,1,UNKNOWN,D_injected_EB_private_equipment_synthetic_access,默认时刻须有成员在家并完成装载；轮班或事件日另核，不默认预约或远程启动。,days_4_6,21,19,24,1.0,60,NOT_APPLICABLE,NOT_APPLICABLE,V2_SYNTHETIC_FIXED_SELECTED_FOR_EB
cityrole-0024,ac,1,1,D_selected_private_AC_zones,有人在受控房间时使用；轮班或事件日另核，不把空屋冷量算作舒适收益。,days_7,custom,NOT_APPLICABLE,NOT_APPLICABLE,NOT_APPLICABLE,NOT_APPLICABLE,custom,24,V2_SYNTHETIC_FIXED_SELECTED_FOR_EB
cityrole-0024,dryer,1,UNKNOWN,D_injected_EB_private_equipment_synthetic_access,默认时刻须有成员在家并完成装载；轮班或事件日另核，不默认预约或远程启动。,days_7,21,19,24,1.5,90,NOT_APPLICABLE,NOT_APPLICABLE,V2_SYNTHETIC_FIXED_SELECTED_FOR_EB
cityrole-0024,electric_water_heater,1,UNKNOWN,D_injected_EB_private_equipment_synthetic_access,普通加热须对准有人需要热水的时段；事件日及额外提前加热按当次许可确认。,days_7,19.8333333333,NOT_APPLICABLE,22,NOT_APPLICABLE,NOT_APPLICABLE,NOT_APPLICABLE,NOT_APPLICABLE,V2_SYNTHETIC_FIXED_SELECTED_FOR_EB
cityrole-0024,washer,1,UNKNOWN,D_injected_EB_private_equipment_synthetic_access,默认时刻须有成员在家并完成装载；轮班或事件日另核，不默认预约或远程启动。,days_7,19,19,23,1.0,60,NOT_APPLICABLE,NOT_APPLICABLE,V2_SYNTHETIC_FIXED_SELECTED_FOR_EB
cityrole-0025,ac,2,1,D_selected_private_AC_zones,有人在受控房间时使用；轮班或事件日另核，不把空屋冷量算作舒适收益。 本轮紧凑合住仅一台空调进入EB控制及电量代理；其他原合成设备不计入该代理。,days_2_3,afternoon,NOT_APPLICABLE,NOT_APPLICABLE,NOT_APPLICABLE,NOT_APPLICABLE,afternoon,25,V2_SYNTHETIC_FIXED_SELECTED_FOR_EB
cityrole-0026,electric_water_heater,1,UNKNOWN,D_injected_EB_private_equipment_synthetic_access,普通加热须对准有人需要热水的时段；事件日及额外提前加热按当次许可确认。,days_4_6,19,NOT_APPLICABLE,22,NOT_APPLICABLE,NOT_APPLICABLE,NOT_APPLICABLE,NOT_APPLICABLE,V2_SYNTHETIC_FIXED_SELECTED_FOR_EB
cityrole-0026,washer,1,UNKNOWN,D_injected_EB_private_equipment_synthetic_access,默认时刻须有成员在家并完成装载；轮班或事件日另核，不默认预约或远程启动。,days_4_6,21,19,24,1.0,60,NOT_APPLICABLE,NOT_APPLICABLE,V2_SYNTHETIC_FIXED_SELECTED_FOR_EB
cityrole-0027,ac,1,1,D_selected_private_AC_zones,有人在受控房间时使用；18:00–18:30若空屋预冷，须当天确认家户许可及实际预约/远控能力，否则到家后开启；空屋冷量不算舒适收益。,days_7,evening,NOT_APPLICABLE,NOT_APPLICABLE,NOT_APPLICABLE,NOT_APPLICABLE,evening,27,V2_SYNTHETIC_FIXED_SELECTED_FOR_EB
cityrole-0027,electric_water_heater,1,UNKNOWN,D_injected_EB_private_equipment_synthetic_access,普通加热须对准有人需要热水的时段；事件日及额外提前加热按当次许可确认。,days_7,19.8333333333,NOT_APPLICABLE,22,NOT_APPLICABLE,NOT_APPLICABLE,NOT_APPLICABLE,NOT_APPLICABLE,V2_SYNTHETIC_FIXED_SELECTED_FOR_EB
cityrole-0027,washer,1,UNKNOWN,D_injected_EB_private_equipment_synthetic_access,默认时刻须有成员在家并完成装载；轮班或事件日另核，不默认预约或远程启动。,days_7,19,19,23,1.0,60,NOT_APPLICABLE,NOT_APPLICABLE,V2_SYNTHETIC_FIXED_SELECTED_FOR_EB
cityrole-0028,ac,1,1,D_selected_private_AC_zones,有人在受控房间时使用；轮班或事件日另核，不把空屋冷量算作舒适收益。,days_2_3,custom,NOT_APPLICABLE,NOT_APPLICABLE,NOT_APPLICABLE,NOT_APPLICABLE,custom,24,V2_SYNTHETIC_FIXED_SELECTED_FOR_EB
cityrole-0028,washer,1,UNKNOWN,D_injected_EB_private_equipment_synthetic_access,默认时刻须有成员在家并完成装载；轮班或事件日另核，不默认预约或远程启动。,days_2_3,19.8333333333,19,23,1.0,60,NOT_APPLICABLE,NOT_APPLICABLE,V2_SYNTHETIC_FIXED_SELECTED_FOR_EB
cityrole-0029,ac,2,2,D_selected_private_AC_zones,有人在受控房间时使用；轮班或事件日另核，不把空屋冷量算作舒适收益。,days_4_6,afternoon,NOT_APPLICABLE,NOT_APPLICABLE,NOT_APPLICABLE,NOT_APPLICABLE,afternoon,25,V2_SYNTHETIC_FIXED_SELECTED_FOR_EB
cityrole-0029,electric_water_heater,1,UNKNOWN,D_injected_EB_private_equipment_synthetic_access,普通加热须对准有人需要热水的时段；事件日及额外提前加热按当次许可确认。,days_4_6,19,NOT_APPLICABLE,22,NOT_APPLICABLE,NOT_APPLICABLE,NOT_APPLICABLE,NOT_APPLICABLE,V2_SYNTHETIC_FIXED_SELECTED_FOR_EB
cityrole-0029,washer,1,UNKNOWN,D_injected_EB_private_equipment_synthetic_access,默认时刻须有成员在家并完成装载；轮班或事件日另核，不默认预约或远程启动。,days_4_6,21,19,24,1.0,60,NOT_APPLICABLE,NOT_APPLICABLE,V2_SYNTHETIC_FIXED_SELECTED_FOR_EB
cityrole-0030,ac,1,1,D_selected_private_AC_zones,有人在受控房间时使用；18:00–18:30若空屋预冷，须当天确认家户许可及实际预约/远控能力，否则到家后开启；空屋冷量不算舒适收益。,days_7,evening,NOT_APPLICABLE,NOT_APPLICABLE,NOT_APPLICABLE,NOT_APPLICABLE,evening,26,V2_SYNTHETIC_FIXED_SELECTED_FOR_EB
cityrole-0030,electric_water_heater,1,UNKNOWN,D_injected_EB_private_equipment_synthetic_access,普通加热须对准有人需要热水的时段；事件日及额外提前加热按当次许可确认。,days_7,19.8333333333,NOT_APPLICABLE,22,NOT_APPLICABLE,NOT_APPLICABLE,NOT_APPLICABLE,NOT_APPLICABLE,V2_SYNTHETIC_FIXED_SELECTED_FOR_EB
cityrole-0030,washer,1,UNKNOWN,D_injected_EB_private_equipment_synthetic_access,默认时刻须有成员在家并完成装载；轮班或事件日另核，不默认预约或远程启动。,days_7,19,19,23,1.0,60,NOT_APPLICABLE,NOT_APPLICABLE,V2_SYNTHETIC_FIXED_SELECTED_FOR_EB
cityrole-0031,ac,1,1,D_selected_private_AC_zones,有人在受控房间时使用；18:00–18:30若空屋预冷，须当天确认家户许可及实际预约/远控能力，否则到家后开启；空屋冷量不算舒适收益。,days_2_3,evening,NOT_APPLICABLE,NOT_APPLICABLE,NOT_APPLICABLE,NOT_APPLICABLE,evening,27,V2_SYNTHETIC_FIXED_SELECTED_FOR_EB
cityrole-0031,dryer,1,UNKNOWN,D_injected_EB_private_equipment_synthetic_access,默认时刻须有成员在家并完成装载；轮班或事件日另核，不默认预约或远程启动。,days_2_3,19,19,23,1.5,90,NOT_APPLICABLE,NOT_APPLICABLE,V2_SYNTHETIC_FIXED_SELECTED_FOR_EB
cityrole-0031,washer,1,UNKNOWN,D_injected_EB_private_equipment_synthetic_access,默认时刻须有成员在家并完成装载；轮班或事件日另核，不默认预约或远程启动。,days_2_3,19.8333333333,19,23,1.0,60,NOT_APPLICABLE,NOT_APPLICABLE,V2_SYNTHETIC_FIXED_SELECTED_FOR_EB
cityrole-0032,ac,1,1,D_selected_private_AC_zones,有人在受控房间时使用；轮班或事件日另核，不把空屋冷量算作舒适收益。,days_4_6,custom,NOT_APPLICABLE,NOT_APPLICABLE,NOT_APPLICABLE,NOT_APPLICABLE,custom,24,V2_SYNTHETIC_FIXED_SELECTED_FOR_EB
cityrole-0032,electric_water_heater,1,UNKNOWN,D_injected_EB_private_equipment_synthetic_access,普通加热须对准有人需要热水的时段；事件日及额外提前加热按当次许可确认。,days_4_6,19,NOT_APPLICABLE,22,NOT_APPLICABLE,NOT_APPLICABLE,NOT_APPLICABLE,NOT_APPLICABLE,V2_SYNTHETIC_FIXED_SELECTED_FOR_EB
cityrole-0032,washer,1,UNKNOWN,D_injected_EB_private_equipment_synthetic_access,默认时刻须有成员在家并完成装载；轮班或事件日另核，不默认预约或远程启动。,days_4_6,21,19,24,1.0,60,NOT_APPLICABLE,NOT_APPLICABLE,V2_SYNTHETIC_FIXED_SELECTED_FOR_EB
cityrole-0033,electric_water_heater,1,UNKNOWN,D_injected_EB_private_equipment_synthetic_access,普通加热须对准有人需要热水的时段；事件日及额外提前加热按当次许可确认。,days_7,19.8333333333,NOT_APPLICABLE,22,NOT_APPLICABLE,NOT_APPLICABLE,NOT_APPLICABLE,NOT_APPLICABLE,V2_SYNTHETIC_FIXED_SELECTED_FOR_EB
cityrole-0033,washer,1,UNKNOWN,D_injected_EB_private_equipment_synthetic_access,默认时刻须有成员在家并完成装载；轮班或事件日另核，不默认预约或远程启动。,days_7,19,19,23,1.0,60,NOT_APPLICABLE,NOT_APPLICABLE,V2_SYNTHETIC_FIXED_SELECTED_FOR_EB
cityrole-0034,ac,1,1,D_selected_private_AC_zones,有人在受控房间时使用；18:00–18:30若空屋预冷，须当天确认家户许可及实际预约/远控能力，否则到家后开启；空屋冷量不算舒适收益。,days_2_3,evening,NOT_APPLICABLE,NOT_APPLICABLE,NOT_APPLICABLE,NOT_APPLICABLE,evening,26,V2_SYNTHETIC_FIXED_SELECTED_FOR_EB
cityrole-0034,electric_water_heater,1,UNKNOWN,D_injected_EB_private_equipment_synthetic_access,普通加热须对准有人需要热水的时段；事件日及额外提前加热按当次许可确认。,days_2_3,6,NOT_APPLICABLE,8,NOT_APPLICABLE,NOT_APPLICABLE,NOT_APPLICABLE,NOT_APPLICABLE,V2_SYNTHETIC_FIXED_SELECTED_FOR_EB
cityrole-0034,washer,1,UNKNOWN,D_injected_EB_private_equipment_synthetic_access,默认时刻须有成员在家并完成装载；轮班或事件日另核，不默认预约或远程启动。,days_2_3,19.8333333333,19,23,1.0,60,NOT_APPLICABLE,NOT_APPLICABLE,V2_SYNTHETIC_FIXED_SELECTED_FOR_EB
cityrole-0035,ac,1,1,D_selected_private_AC_zones,有人在受控房间时使用；18:00–18:30若空屋预冷，须当天确认家户许可及实际预约/远控能力，否则到家后开启；空屋冷量不算舒适收益。,days_4_6,evening,NOT_APPLICABLE,NOT_APPLICABLE,NOT_APPLICABLE,NOT_APPLICABLE,evening,27,V2_SYNTHETIC_FIXED_SELECTED_FOR_EB
cityrole-0035,electric_water_heater,1,UNKNOWN,D_injected_EB_private_equipment_synthetic_access,普通加热须对准有人需要热水的时段；事件日及额外提前加热按当次许可确认。,days_4_6,19,NOT_APPLICABLE,22,NOT_APPLICABLE,NOT_APPLICABLE,NOT_APPLICABLE,NOT_APPLICABLE,V2_SYNTHETIC_FIXED_SELECTED_FOR_EB
cityrole-0035,washer,1,UNKNOWN,D_injected_EB_private_equipment_synthetic_access,默认时刻须有成员在家并完成装载；轮班或事件日另核，不默认预约或远程启动。,days_4_6,21,19,24,1.0,60,NOT_APPLICABLE,NOT_APPLICABLE,V2_SYNTHETIC_FIXED_SELECTED_FOR_EB
cityrole-0036,electric_water_heater,1,UNKNOWN,D_injected_EB_private_equipment_synthetic_access,普通加热须对准有人需要热水的时段；事件日及额外提前加热按当次许可确认。,days_7,19.8333333333,NOT_APPLICABLE,22,NOT_APPLICABLE,NOT_APPLICABLE,NOT_APPLICABLE,NOT_APPLICABLE,V2_SYNTHETIC_FIXED_SELECTED_FOR_EB
cityrole-0036,washer,1,UNKNOWN,D_injected_EB_private_equipment_synthetic_access,默认时刻须有成员在家并完成装载；轮班或事件日另核，不默认预约或远程启动。,days_7,19,19,23,1.0,60,NOT_APPLICABLE,NOT_APPLICABLE,V2_SYNTHETIC_FIXED_SELECTED_FOR_EB
cityrole-0037,ac,2,2,D_selected_private_AC_zones,有人在受控房间时使用；轮班或事件日另核，不把空屋冷量算作舒适收益。,days_2_3,afternoon,NOT_APPLICABLE,NOT_APPLICABLE,NOT_APPLICABLE,NOT_APPLICABLE,afternoon,25,V2_SYNTHETIC_FIXED_SELECTED_FOR_EB
cityrole-0037,dishwasher,1,UNKNOWN,D_injected_EB_private_equipment_synthetic_access,默认时刻须有成员在家并完成装载；轮班或事件日另核，不默认预约或远程启动。,days_2_3,21,19,24,1.0,60,NOT_APPLICABLE,NOT_APPLICABLE,V2_SYNTHETIC_FIXED_SELECTED_FOR_EB
cityrole-0037,electric_water_heater,1,UNKNOWN,D_injected_EB_private_equipment_synthetic_access,普通加热须对准有人需要热水的时段；事件日及额外提前加热按当次许可确认。,days_2_3,6,NOT_APPLICABLE,8,NOT_APPLICABLE,NOT_APPLICABLE,NOT_APPLICABLE,NOT_APPLICABLE,V2_SYNTHETIC_FIXED_SELECTED_FOR_EB
cityrole-0037,washer,1,UNKNOWN,D_injected_EB_private_equipment_synthetic_access,默认时刻须有成员在家并完成装载；轮班或事件日另核，不默认预约或远程启动。,days_2_3,19.8333333333,19,23,1.0,60,NOT_APPLICABLE,NOT_APPLICABLE,V2_SYNTHETIC_FIXED_SELECTED_FOR_EB
cityrole-0038,ac,1,1,D_selected_private_AC_zones,有人在受控房间时使用；18:00–18:30若空屋预冷，须当天确认家户许可及实际预约/远控能力，否则到家后开启；空屋冷量不算舒适收益。,days_4_6,evening,NOT_APPLICABLE,NOT_APPLICABLE,NOT_APPLICABLE,NOT_APPLICABLE,evening,26,V2_SYNTHETIC_FIXED_SELECTED_FOR_EB
cityrole-0038,electric_water_heater,1,UNKNOWN,D_injected_EB_private_equipment_synthetic_access,普通加热须对准有人需要热水的时段；事件日及额外提前加热按当次许可确认。,days_4_6,19,NOT_APPLICABLE,22,NOT_APPLICABLE,NOT_APPLICABLE,NOT_APPLICABLE,NOT_APPLICABLE,V2_SYNTHETIC_FIXED_SELECTED_FOR_EB
cityrole-0038,washer,1,UNKNOWN,D_injected_EB_private_equipment_synthetic_access,默认时刻须有成员在家并完成装载；轮班或事件日另核，不默认预约或远程启动。,days_4_6,21,19,24,1.0,60,NOT_APPLICABLE,NOT_APPLICABLE,V2_SYNTHETIC_FIXED_SELECTED_FOR_EB
cityrole-0039,ac,1,1,D_selected_private_AC_zones,有人在受控房间时使用；18:00–18:30若空屋预冷，须当天确认家户许可及实际预约/远控能力，否则到家后开启；空屋冷量不算舒适收益。,days_7,evening,NOT_APPLICABLE,NOT_APPLICABLE,NOT_APPLICABLE,NOT_APPLICABLE,evening,27,V2_SYNTHETIC_FIXED_SELECTED_FOR_EB
cityrole-0039,washer,1,UNKNOWN,D_injected_EB_private_equipment_synthetic_access,默认时刻须有成员在家并完成装载；轮班或事件日另核，不默认预约或远程启动。,days_7,19,19,23,1.0,60,NOT_APPLICABLE,NOT_APPLICABLE,V2_SYNTHETIC_FIXED_SELECTED_FOR_EB
cityrole-0040,ac,1,1,D_selected_private_AC_zones,有人在受控房间时使用；轮班或事件日另核，不把空屋冷量算作舒适收益。,days_2_3,custom,NOT_APPLICABLE,NOT_APPLICABLE,NOT_APPLICABLE,NOT_APPLICABLE,custom,24,V2_SYNTHETIC_FIXED_SELECTED_FOR_EB
cityrole-0040,washer,1,UNKNOWN,D_injected_EB_private_equipment_synthetic_access,默认时刻须有成员在家并完成装载；轮班或事件日另核，不默认预约或远程启动。,days_2_3,19.8333333333,19,23,1.0,60,NOT_APPLICABLE,NOT_APPLICABLE,V2_SYNTHETIC_FIXED_SELECTED_FOR_EB
cityrole-0041,ac,2,2,D_selected_private_AC_zones,有人在受控房间时使用；轮班或事件日另核，不把空屋冷量算作舒适收益。,days_4_6,afternoon,NOT_APPLICABLE,NOT_APPLICABLE,NOT_APPLICABLE,NOT_APPLICABLE,afternoon,25,V2_SYNTHETIC_FIXED_SELECTED_FOR_EB
cityrole-0041,electric_water_heater,1,UNKNOWN,D_injected_EB_private_equipment_synthetic_access,普通加热须对准有人需要热水的时段；事件日及额外提前加热按当次许可确认。,days_4_6,19,NOT_APPLICABLE,22,NOT_APPLICABLE,NOT_APPLICABLE,NOT_APPLICABLE,NOT_APPLICABLE,V2_SYNTHETIC_FIXED_SELECTED_FOR_EB
cityrole-0041,washer,1,UNKNOWN,D_injected_EB_private_equipment_synthetic_access,默认时刻须有成员在家并完成装载；轮班或事件日另核，不默认预约或远程启动。,days_4_6,21,19,24,1.0,60,NOT_APPLICABLE,NOT_APPLICABLE,V2_SYNTHETIC_FIXED_SELECTED_FOR_EB
cityrole-0042,ac,1,1,D_selected_private_AC_zones,有人在受控房间时使用；18:00–18:30若空屋预冷，须当天确认家户许可及实际预约/远控能力，否则到家后开启；空屋冷量不算舒适收益。,days_7,evening,NOT_APPLICABLE,NOT_APPLICABLE,NOT_APPLICABLE,NOT_APPLICABLE,evening,26,V2_SYNTHETIC_FIXED_SELECTED_FOR_EB
cityrole-0042,washer,1,UNKNOWN,D_injected_EB_private_equipment_synthetic_access,默认时刻须有成员在家并完成装载；轮班或事件日另核，不默认预约或远程启动。,days_7,19,19,23,1.0,60,NOT_APPLICABLE,NOT_APPLICABLE,V2_SYNTHETIC_FIXED_SELECTED_FOR_EB
cityrole-0043,ac,1,1,D_selected_private_AC_zones,有人在受控房间时使用；18:00–18:30若空屋预冷，须当天确认家户许可及实际预约/远控能力，否则到家后开启；空屋冷量不算舒适收益。,days_2_3,evening,NOT_APPLICABLE,NOT_APPLICABLE,NOT_APPLICABLE,NOT_APPLICABLE,evening,27,V2_SYNTHETIC_FIXED_SELECTED_FOR_EB
cityrole-0043,electric_water_heater,1,UNKNOWN,D_injected_EB_private_equipment_synthetic_access,普通加热须对准有人需要热水的时段；事件日及额外提前加热按当次许可确认。,days_2_3,6,NOT_APPLICABLE,8,NOT_APPLICABLE,NOT_APPLICABLE,NOT_APPLICABLE,NOT_APPLICABLE,V2_SYNTHETIC_FIXED_SELECTED_FOR_EB
cityrole-0043,washer,1,UNKNOWN,D_injected_EB_private_equipment_synthetic_access,默认时刻须有成员在家并完成装载；轮班或事件日另核，不默认预约或远程启动。,days_2_3,19.8333333333,19,23,1.0,60,NOT_APPLICABLE,NOT_APPLICABLE,V2_SYNTHETIC_FIXED_SELECTED_FOR_EB
cityrole-0044,ac,1,1,D_selected_private_AC_zones,有人在受控房间时使用；轮班或事件日另核，不把空屋冷量算作舒适收益。,days_4_6,custom,NOT_APPLICABLE,NOT_APPLICABLE,NOT_APPLICABLE,NOT_APPLICABLE,custom,24,V2_SYNTHETIC_FIXED_SELECTED_FOR_EB
cityrole-0045,electric_water_heater,1,UNKNOWN,D_injected_EB_private_equipment_synthetic_access,普通加热须对准有人需要热水的时段；事件日及额外提前加热按当次许可确认。,days_7,19.8333333333,NOT_APPLICABLE,22,NOT_APPLICABLE,NOT_APPLICABLE,NOT_APPLICABLE,NOT_APPLICABLE,V2_SYNTHETIC_FIXED_SELECTED_FOR_EB
cityrole-0045,washer,1,UNKNOWN,D_injected_EB_private_equipment_synthetic_access,默认时刻须有成员在家并完成装载；轮班或事件日另核，不默认预约或远程启动。,days_7,19,19,23,1.0,60,NOT_APPLICABLE,NOT_APPLICABLE,V2_SYNTHETIC_FIXED_SELECTED_FOR_EB
cityrole-0046,ac,1,1,D_selected_private_AC_zones,有人在受控房间时使用；18:00–18:30若空屋预冷，须当天确认家户许可及实际预约/远控能力，否则到家后开启；空屋冷量不算舒适收益。,days_2_3,evening,NOT_APPLICABLE,NOT_APPLICABLE,NOT_APPLICABLE,NOT_APPLICABLE,evening,26,V2_SYNTHETIC_FIXED_SELECTED_FOR_EB
cityrole-0046,home_ev,1,UNKNOWN,D_injected_EB_private_equipment_synthetic_access,由m01在典型外出日返家后接入；车辆实际到家、次日离家与充电权限按当天确认。,days_2_3,19,NOT_APPLICABLE,7,NOT_APPLICABLE,NOT_APPLICABLE,NOT_APPLICABLE,NOT_APPLICABLE,V2_SYNTHETIC_FIXED_SELECTED_FOR_EB
cityrole-0046,washer,1,UNKNOWN,D_injected_EB_private_equipment_synthetic_access,默认时刻须有成员在家并完成装载；轮班或事件日另核，不默认预约或远程启动。,days_2_3,19.8333333333,19,23,1.0,60,NOT_APPLICABLE,NOT_APPLICABLE,V2_SYNTHETIC_FIXED_SELECTED_FOR_EB
cityrole-0047,ac,1,1,D_selected_private_AC_zones,有人在受控房间时使用；18:00–18:30若空屋预冷，须当天确认家户许可及实际预约/远控能力，否则到家后开启；空屋冷量不算舒适收益。,days_4_6,evening,NOT_APPLICABLE,NOT_APPLICABLE,NOT_APPLICABLE,NOT_APPLICABLE,evening,27,V2_SYNTHETIC_FIXED_SELECTED_FOR_EB
cityrole-0047,electric_water_heater,1,UNKNOWN,D_injected_EB_private_equipment_synthetic_access,普通加热须对准有人需要热水的时段；事件日及额外提前加热按当次许可确认。,days_4_6,19,NOT_APPLICABLE,22,NOT_APPLICABLE,NOT_APPLICABLE,NOT_APPLICABLE,NOT_APPLICABLE,V2_SYNTHETIC_FIXED_SELECTED_FOR_EB
cityrole-0047,washer,1,UNKNOWN,D_injected_EB_private_equipment_synthetic_access,默认时刻须有成员在家并完成装载；轮班或事件日另核，不默认预约或远程启动。,days_4_6,21,19,24,1.0,60,NOT_APPLICABLE,NOT_APPLICABLE,V2_SYNTHETIC_FIXED_SELECTED_FOR_EB
cityrole-0048,ac,1,1,D_selected_private_AC_zones,有人在受控房间时使用；轮班或事件日另核，不把空屋冷量算作舒适收益。,days_7,custom,NOT_APPLICABLE,NOT_APPLICABLE,NOT_APPLICABLE,NOT_APPLICABLE,custom,24,V2_SYNTHETIC_FIXED_SELECTED_FOR_EB
cityrole-0048,electric_water_heater,1,UNKNOWN,D_injected_EB_private_equipment_synthetic_access,普通加热须对准有人需要热水的时段；事件日及额外提前加热按当次许可确认。,days_7,19.8333333333,NOT_APPLICABLE,22,NOT_APPLICABLE,NOT_APPLICABLE,NOT_APPLICABLE,NOT_APPLICABLE,V2_SYNTHETIC_FIXED_SELECTED_FOR_EB
cityrole-0048,washer,1,UNKNOWN,D_injected_EB_private_equipment_synthetic_access,默认时刻须有成员在家并完成装载；轮班或事件日另核，不默认预约或远程启动。,days_7,19,19,23,1.0,60,NOT_APPLICABLE,NOT_APPLICABLE,V2_SYNTHETIC_FIXED_SELECTED_FOR_EB
cityrole-0049,ac,1,1,D_selected_private_AC_zones,有人在受控房间时使用；轮班或事件日另核，不把空屋冷量算作舒适收益。,days_2_3,afternoon,NOT_APPLICABLE,NOT_APPLICABLE,NOT_APPLICABLE,NOT_APPLICABLE,afternoon,25,V2_SYNTHETIC_FIXED_SELECTED_FOR_EB
cityrole-0050,washer,1,UNKNOWN,D_injected_EB_private_equipment_synthetic_access,默认时刻须有成员在家并完成装载；轮班或事件日另核，不默认预约或远程启动。,days_4_6,21,19,24,1.0,60,NOT_APPLICABLE,NOT_APPLICABLE,V2_SYNTHETIC_FIXED_SELECTED_FOR_EB
cityrole-0051,ac,1,1,D_selected_private_AC_zones,有人在受控房间时使用；18:00–18:30若空屋预冷，须当天确认家户许可及实际预约/远控能力，否则到家后开启；空屋冷量不算舒适收益。,days_7,evening,NOT_APPLICABLE,NOT_APPLICABLE,NOT_APPLICABLE,NOT_APPLICABLE,evening,27,V2_SYNTHETIC_FIXED_SELECTED_FOR_EB
cityrole-0051,electric_water_heater,1,UNKNOWN,D_injected_EB_private_equipment_synthetic_access,普通加热须对准有人需要热水的时段；事件日及额外提前加热按当次许可确认。,days_7,19.8333333333,NOT_APPLICABLE,22,NOT_APPLICABLE,NOT_APPLICABLE,NOT_APPLICABLE,NOT_APPLICABLE,V2_SYNTHETIC_FIXED_SELECTED_FOR_EB
cityrole-0051,washer,1,UNKNOWN,D_injected_EB_private_equipment_synthetic_access,默认时刻须有成员在家并完成装载；轮班或事件日另核，不默认预约或远程启动。,days_7,19,19,23,1.0,60,NOT_APPLICABLE,NOT_APPLICABLE,V2_SYNTHETIC_FIXED_SELECTED_FOR_EB
cityrole-0052,ac,1,1,D_selected_private_AC_zones,有人在受控房间时使用；轮班或事件日另核，不把空屋冷量算作舒适收益。,days_2_3,custom,NOT_APPLICABLE,NOT_APPLICABLE,NOT_APPLICABLE,NOT_APPLICABLE,custom,24,V2_SYNTHETIC_FIXED_SELECTED_FOR_EB
cityrole-0053,ac,1,1,D_selected_private_AC_zones,有人在受控房间时使用；18:00–18:30若空屋预冷，须当天确认家户许可及实际预约/远控能力，否则到家后开启；空屋冷量不算舒适收益。,days_4_6,evening,NOT_APPLICABLE,NOT_APPLICABLE,NOT_APPLICABLE,NOT_APPLICABLE,evening,25,V2_SYNTHETIC_FIXED_SELECTED_FOR_EB
cityrole-0054,ac,1,1,D_selected_private_AC_zones,有人在受控房间时使用；18:00–18:30若空屋预冷，须当天确认家户许可及实际预约/远控能力，否则到家后开启；空屋冷量不算舒适收益。,days_7,evening,NOT_APPLICABLE,NOT_APPLICABLE,NOT_APPLICABLE,NOT_APPLICABLE,evening,26,V2_SYNTHETIC_FIXED_SELECTED_FOR_EB
cityrole-0055,ac,1,1,D_selected_private_AC_zones,有人在受控房间时使用；18:00–18:30若空屋预冷，须当天确认家户许可及实际预约/远控能力，否则到家后开启；空屋冷量不算舒适收益。,days_2_3,evening,NOT_APPLICABLE,NOT_APPLICABLE,NOT_APPLICABLE,NOT_APPLICABLE,evening,27,V2_SYNTHETIC_FIXED_SELECTED_FOR_EB
cityrole-0056,ac,1,1,D_selected_private_AC_zones,有人在受控房间时使用；轮班或事件日另核，不把空屋冷量算作舒适收益。,days_4_6,custom,NOT_APPLICABLE,NOT_APPLICABLE,NOT_APPLICABLE,NOT_APPLICABLE,custom,24,V2_SYNTHETIC_FIXED_SELECTED_FOR_EB
cityrole-0056,dishwasher,1,UNKNOWN,D_injected_EB_private_equipment_synthetic_access,默认时刻须有成员在家并完成装载；轮班或事件日另核，不默认预约或远程启动。,days_4_6,19,19,23,1.0,60,NOT_APPLICABLE,NOT_APPLICABLE,V2_SYNTHETIC_FIXED_SELECTED_FOR_EB
cityrole-0056,electric_water_heater,1,UNKNOWN,D_injected_EB_private_equipment_synthetic_access,普通加热须对准有人需要热水的时段；事件日及额外提前加热按当次许可确认。,days_4_6,19,NOT_APPLICABLE,22,NOT_APPLICABLE,NOT_APPLICABLE,NOT_APPLICABLE,NOT_APPLICABLE,V2_SYNTHETIC_FIXED_SELECTED_FOR_EB
cityrole-0056,washer,1,UNKNOWN,D_injected_EB_private_equipment_synthetic_access,默认时刻须有成员在家并完成装载；轮班或事件日另核，不默认预约或远程启动。,days_4_6,21,19,24,1.0,60,NOT_APPLICABLE,NOT_APPLICABLE,V2_SYNTHETIC_FIXED_SELECTED_FOR_EB
cityrole-0057,electric_water_heater,1,UNKNOWN,D_injected_EB_private_equipment_synthetic_access,普通加热须对准有人需要热水的时段；事件日及额外提前加热按当次许可确认。,days_7,19.8333333333,NOT_APPLICABLE,22,NOT_APPLICABLE,NOT_APPLICABLE,NOT_APPLICABLE,NOT_APPLICABLE,V2_SYNTHETIC_FIXED_SELECTED_FOR_EB
cityrole-0057,home_ev,1,UNKNOWN,D_injected_EB_private_equipment_synthetic_access,由m03在典型外出日返家后接入；车辆实际到家、次日离家与充电权限按当天确认。,days_7,21,NOT_APPLICABLE,7,NOT_APPLICABLE,NOT_APPLICABLE,NOT_APPLICABLE,NOT_APPLICABLE,V2_SYNTHETIC_FIXED_SELECTED_FOR_EB
cityrole-0057,washer,1,UNKNOWN,D_injected_EB_private_equipment_synthetic_access,默认时刻须有成员在家并完成装载；轮班或事件日另核，不默认预约或远程启动。,days_7,19,19,23,1.0,60,NOT_APPLICABLE,NOT_APPLICABLE,V2_SYNTHETIC_FIXED_SELECTED_FOR_EB
cityrole-0058,electric_water_heater,1,UNKNOWN,D_injected_EB_private_equipment_synthetic_access,普通加热须对准有人需要热水的时段；事件日及额外提前加热按当次许可确认。,days_2_3,6,NOT_APPLICABLE,8,NOT_APPLICABLE,NOT_APPLICABLE,NOT_APPLICABLE,NOT_APPLICABLE,V2_SYNTHETIC_FIXED_SELECTED_FOR_EB
cityrole-0058,washer,1,UNKNOWN,D_injected_EB_private_equipment_synthetic_access,默认时刻须有成员在家并完成装载；轮班或事件日另核，不默认预约或远程启动。,days_2_3,19.8333333333,19,23,1.0,60,NOT_APPLICABLE,NOT_APPLICABLE,V2_SYNTHETIC_FIXED_SELECTED_FOR_EB
cityrole-0059,ac,1,1,D_selected_private_AC_zones,有人在受控房间时使用；18:00–18:30若空屋预冷，须当天确认家户许可及实际预约/远控能力，否则到家后开启；空屋冷量不算舒适收益。,days_4_6,evening,NOT_APPLICABLE,NOT_APPLICABLE,NOT_APPLICABLE,NOT_APPLICABLE,evening,27,V2_SYNTHETIC_FIXED_SELECTED_FOR_EB
cityrole-0059,washer,1,UNKNOWN,D_injected_EB_private_equipment_synthetic_access,默认时刻须有成员在家并完成装载；轮班或事件日另核，不默认预约或远程启动。,days_4_6,21,19,24,1.0,60,NOT_APPLICABLE,NOT_APPLICABLE,V2_SYNTHETIC_FIXED_SELECTED_FOR_EB
cityrole-0060,washer,1,UNKNOWN,D_injected_EB_private_equipment_synthetic_access,默认时刻须有成员在家并完成装载；轮班或事件日另核，不默认预约或远程启动。,days_7,19,19,23,1.0,60,NOT_APPLICABLE,NOT_APPLICABLE,V2_SYNTHETIC_FIXED_SELECTED_FOR_EB
cityrole-0061,ac,2,2,D_selected_private_AC_zones,有人在受控房间时使用；18:00–18:30若空屋预冷，须当天确认家户许可及实际预约/远控能力，否则到家后开启；空屋冷量不算舒适收益。,days_2_3,evening,NOT_APPLICABLE,NOT_APPLICABLE,NOT_APPLICABLE,NOT_APPLICABLE,evening,25,V2_SYNTHETIC_FIXED_SELECTED_FOR_EB
cityrole-0061,dishwasher,1,UNKNOWN,D_injected_EB_private_equipment_synthetic_access,默认时刻须有成员在家并完成装载；轮班或事件日另核，不默认预约或远程启动。,days_2_3,21,19,24,1.0,60,NOT_APPLICABLE,NOT_APPLICABLE,V2_SYNTHETIC_FIXED_SELECTED_FOR_EB
cityrole-0061,washer,1,UNKNOWN,D_injected_EB_private_equipment_synthetic_access,默认时刻须有成员在家并完成装载；轮班或事件日另核，不默认预约或远程启动。,days_2_3,19.8333333333,19,23,1.0,60,NOT_APPLICABLE,NOT_APPLICABLE,V2_SYNTHETIC_FIXED_SELECTED_FOR_EB
cityrole-0062,ac,1,1,D_selected_private_AC_zones,有人在受控房间时使用；18:00–18:30若空屋预冷，须当天确认家户许可及实际预约/远控能力，否则到家后开启；空屋冷量不算舒适收益。,days_4_6,evening,NOT_APPLICABLE,NOT_APPLICABLE,NOT_APPLICABLE,NOT_APPLICABLE,evening,26,V2_SYNTHETIC_FIXED_SELECTED_FOR_EB
cityrole-0062,dryer,1,UNKNOWN,D_injected_EB_private_equipment_synthetic_access,默认时刻须有成员在家并完成装载；轮班或事件日另核，不默认预约或远程启动。,days_4_6,19.8333333333,19,23,1.5,90,NOT_APPLICABLE,NOT_APPLICABLE,V2_SYNTHETIC_FIXED_SELECTED_FOR_EB
cityrole-0062,electric_water_heater,1,UNKNOWN,D_injected_EB_private_equipment_synthetic_access,普通加热须对准有人需要热水的时段；事件日及额外提前加热按当次许可确认。,days_4_6,19,NOT_APPLICABLE,22,NOT_APPLICABLE,NOT_APPLICABLE,NOT_APPLICABLE,NOT_APPLICABLE,V2_SYNTHETIC_FIXED_SELECTED_FOR_EB
cityrole-0062,washer,1,UNKNOWN,D_injected_EB_private_equipment_synthetic_access,默认时刻须有成员在家并完成装载；轮班或事件日另核，不默认预约或远程启动。,days_4_6,21,19,24,1.0,60,NOT_APPLICABLE,NOT_APPLICABLE,V2_SYNTHETIC_FIXED_SELECTED_FOR_EB
cityrole-0063,ac,1,1,D_selected_private_AC_zones,有人在受控房间时使用；18:00–18:30若空屋预冷，须当天确认家户许可及实际预约/远控能力，否则到家后开启；空屋冷量不算舒适收益。,days_7,evening,NOT_APPLICABLE,NOT_APPLICABLE,NOT_APPLICABLE,NOT_APPLICABLE,evening,27,V2_SYNTHETIC_FIXED_SELECTED_FOR_EB
cityrole-0064,ac,1,1,D_selected_private_AC_zones,有人在受控房间时使用；轮班或事件日另核，不把空屋冷量算作舒适收益。,days_2_3,custom,NOT_APPLICABLE,NOT_APPLICABLE,NOT_APPLICABLE,NOT_APPLICABLE,custom,24,V2_SYNTHETIC_FIXED_SELECTED_FOR_EB
cityrole-0064,electric_water_heater,1,UNKNOWN,D_injected_EB_private_equipment_synthetic_access,普通加热须对准有人需要热水的时段；事件日及额外提前加热按当次许可确认。,days_2_3,6,NOT_APPLICABLE,8,NOT_APPLICABLE,NOT_APPLICABLE,NOT_APPLICABLE,NOT_APPLICABLE,V2_SYNTHETIC_FIXED_SELECTED_FOR_EB
cityrole-0064,washer,1,UNKNOWN,D_injected_EB_private_equipment_synthetic_access,默认时刻须有成员在家并完成装载；轮班或事件日另核，不默认预约或远程启动。,days_2_3,19.8333333333,19,23,1.0,60,NOT_APPLICABLE,NOT_APPLICABLE,V2_SYNTHETIC_FIXED_SELECTED_FOR_EB
cityrole-0065,ac,2,2,D_selected_private_AC_zones,有人在受控房间时使用；轮班或事件日另核，不把空屋冷量算作舒适收益。,days_4_6,afternoon,NOT_APPLICABLE,NOT_APPLICABLE,NOT_APPLICABLE,NOT_APPLICABLE,afternoon,25,V2_SYNTHETIC_FIXED_SELECTED_FOR_EB
cityrole-0065,dishwasher,1,UNKNOWN,D_injected_EB_private_equipment_synthetic_access,默认时刻须有成员在家并完成装载；轮班或事件日另核，不默认预约或远程启动。,days_4_6,19,19,23,1.0,60,NOT_APPLICABLE,NOT_APPLICABLE,V2_SYNTHETIC_FIXED_SELECTED_FOR_EB
cityrole-0065,electric_water_heater,1,UNKNOWN,D_injected_EB_private_equipment_synthetic_access,普通加热须对准有人需要热水的时段；事件日及额外提前加热按当次许可确认。,days_4_6,19,NOT_APPLICABLE,22,NOT_APPLICABLE,NOT_APPLICABLE,NOT_APPLICABLE,NOT_APPLICABLE,V2_SYNTHETIC_FIXED_SELECTED_FOR_EB
cityrole-0065,washer,1,UNKNOWN,D_injected_EB_private_equipment_synthetic_access,默认时刻须有成员在家并完成装载；轮班或事件日另核，不默认预约或远程启动。,days_4_6,21,19,24,1.0,60,NOT_APPLICABLE,NOT_APPLICABLE,V2_SYNTHETIC_FIXED_SELECTED_FOR_EB
cityrole-0066,ac,1,1,D_selected_private_AC_zones,有人在受控房间时使用；18:00–18:30若空屋预冷，须当天确认家户许可及实际预约/远控能力，否则到家后开启；空屋冷量不算舒适收益。,days_7,evening,NOT_APPLICABLE,NOT_APPLICABLE,NOT_APPLICABLE,NOT_APPLICABLE,evening,26,V2_SYNTHETIC_FIXED_SELECTED_FOR_EB
cityrole-0066,electric_water_heater,1,UNKNOWN,D_injected_EB_private_equipment_synthetic_access,普通加热须对准有人需要热水的时段；事件日及额外提前加热按当次许可确认。,days_7,19.8333333333,NOT_APPLICABLE,22,NOT_APPLICABLE,NOT_APPLICABLE,NOT_APPLICABLE,NOT_APPLICABLE,V2_SYNTHETIC_FIXED_SELECTED_FOR_EB
cityrole-0066,washer,1,UNKNOWN,D_injected_EB_private_equipment_synthetic_access,默认时刻须有成员在家并完成装载；轮班或事件日另核，不默认预约或远程启动。,days_7,19,19,23,1.0,60,NOT_APPLICABLE,NOT_APPLICABLE,V2_SYNTHETIC_FIXED_SELECTED_FOR_EB
cityrole-0067,ac,1,1,D_selected_private_AC_zones,有人在受控房间时使用；18:00–18:30若空屋预冷，须当天确认家户许可及实际预约/远控能力，否则到家后开启；空屋冷量不算舒适收益。,days_2_3,evening,NOT_APPLICABLE,NOT_APPLICABLE,NOT_APPLICABLE,NOT_APPLICABLE,evening,27,V2_SYNTHETIC_FIXED_SELECTED_FOR_EB
cityrole-0067,washer,1,UNKNOWN,D_injected_EB_private_equipment_synthetic_access,默认时刻须有成员在家并完成装载；轮班或事件日另核，不默认预约或远程启动。,days_2_3,19.8333333333,19,23,1.0,60,NOT_APPLICABLE,NOT_APPLICABLE,V2_SYNTHETIC_FIXED_SELECTED_FOR_EB
cityrole-0068,ac,1,1,D_selected_private_AC_zones,有人在受控房间时使用；轮班或事件日另核，不把空屋冷量算作舒适收益。,days_4_6,custom,NOT_APPLICABLE,NOT_APPLICABLE,NOT_APPLICABLE,NOT_APPLICABLE,custom,24,V2_SYNTHETIC_FIXED_SELECTED_FOR_EB
cityrole-0069,ac,2,2,D_selected_private_AC_zones,有人在受控房间时使用；18:00–18:30若空屋预冷，须当天确认家户许可及实际预约/远控能力，否则到家后开启；空屋冷量不算舒适收益。,days_7,evening,NOT_APPLICABLE,NOT_APPLICABLE,NOT_APPLICABLE,NOT_APPLICABLE,evening,25,V2_SYNTHETIC_FIXED_SELECTED_FOR_EB
cityrole-0069,electric_water_heater,1,UNKNOWN,D_injected_EB_private_equipment_synthetic_access,普通加热须对准有人需要热水的时段；事件日及额外提前加热按当次许可确认。,days_7,19.8333333333,NOT_APPLICABLE,22,NOT_APPLICABLE,NOT_APPLICABLE,NOT_APPLICABLE,NOT_APPLICABLE,V2_SYNTHETIC_FIXED_SELECTED_FOR_EB
cityrole-0069,washer,1,UNKNOWN,D_injected_EB_private_equipment_synthetic_access,默认时刻须有成员在家并完成装载；轮班或事件日另核，不默认预约或远程启动。,days_7,19,19,23,1.0,60,NOT_APPLICABLE,NOT_APPLICABLE,V2_SYNTHETIC_FIXED_SELECTED_FOR_EB
cityrole-0070,ac,1,1,D_selected_private_AC_zones,有人在受控房间时使用；18:00–18:30若空屋预冷，须当天确认家户许可及实际预约/远控能力，否则到家后开启；空屋冷量不算舒适收益。,days_2_3,evening,NOT_APPLICABLE,NOT_APPLICABLE,NOT_APPLICABLE,NOT_APPLICABLE,evening,26,V2_SYNTHETIC_FIXED_SELECTED_FOR_EB
cityrole-0070,electric_water_heater,1,UNKNOWN,D_injected_EB_private_equipment_synthetic_access,普通加热须对准有人需要热水的时段；事件日及额外提前加热按当次许可确认。,days_2_3,6,NOT_APPLICABLE,8,NOT_APPLICABLE,NOT_APPLICABLE,NOT_APPLICABLE,NOT_APPLICABLE,V2_SYNTHETIC_FIXED_SELECTED_FOR_EB
cityrole-0070,washer,1,UNKNOWN,D_injected_EB_private_equipment_synthetic_access,默认时刻须有成员在家并完成装载；轮班或事件日另核，不默认预约或远程启动。,days_2_3,19.8333333333,19,23,1.0,60,NOT_APPLICABLE,NOT_APPLICABLE,V2_SYNTHETIC_FIXED_SELECTED_FOR_EB
cityrole-0071,ac,1,1,D_selected_private_AC_zones,有人在受控房间时使用；18:00–18:30若空屋预冷，须当天确认家户许可及实际预约/远控能力，否则到家后开启；空屋冷量不算舒适收益。,days_4_6,evening,NOT_APPLICABLE,NOT_APPLICABLE,NOT_APPLICABLE,NOT_APPLICABLE,evening,27,V2_SYNTHETIC_FIXED_SELECTED_FOR_EB
cityrole-0071,electric_water_heater,1,UNKNOWN,D_injected_EB_private_equipment_synthetic_access,普通加热须对准有人需要热水的时段；事件日及额外提前加热按当次许可确认。,days_4_6,19,NOT_APPLICABLE,22,NOT_APPLICABLE,NOT_APPLICABLE,NOT_APPLICABLE,NOT_APPLICABLE,V2_SYNTHETIC_FIXED_SELECTED_FOR_EB
cityrole-0071,washer,1,UNKNOWN,D_injected_EB_private_equipment_synthetic_access,默认时刻须有成员在家并完成装载；轮班或事件日另核，不默认预约或远程启动。,days_4_6,21,19,24,1.0,60,NOT_APPLICABLE,NOT_APPLICABLE,V2_SYNTHETIC_FIXED_SELECTED_FOR_EB
cityrole-0072,electric_water_heater,1,UNKNOWN,D_injected_EB_private_equipment_synthetic_access,普通加热须对准有人需要热水的时段；事件日及额外提前加热按当次许可确认。,days_7,19.8333333333,NOT_APPLICABLE,22,NOT_APPLICABLE,NOT_APPLICABLE,NOT_APPLICABLE,NOT_APPLICABLE,V2_SYNTHETIC_FIXED_SELECTED_FOR_EB
cityrole-0072,washer,1,UNKNOWN,D_injected_EB_private_equipment_synthetic_access,默认时刻须有成员在家并完成装载；轮班或事件日另核，不默认预约或远程启动。,days_7,19,19,23,1.0,60,NOT_APPLICABLE,NOT_APPLICABLE,V2_SYNTHETIC_FIXED_SELECTED_FOR_EB
cityrole-0073,ac,2,2,D_selected_private_AC_zones,有人在受控房间时使用；轮班或事件日另核，不把空屋冷量算作舒适收益。,days_2_3,afternoon,NOT_APPLICABLE,NOT_APPLICABLE,NOT_APPLICABLE,NOT_APPLICABLE,afternoon,25,V2_SYNTHETIC_FIXED_SELECTED_FOR_EB
cityrole-0073,electric_water_heater,1,UNKNOWN,D_injected_EB_private_equipment_synthetic_access,普通加热须对准有人需要热水的时段；事件日及额外提前加热按当次许可确认。,days_2_3,6,NOT_APPLICABLE,8,NOT_APPLICABLE,NOT_APPLICABLE,NOT_APPLICABLE,NOT_APPLICABLE,V2_SYNTHETIC_FIXED_SELECTED_FOR_EB
cityrole-0073,washer,1,UNKNOWN,D_injected_EB_private_equipment_synthetic_access,默认时刻须有成员在家并完成装载；轮班或事件日另核，不默认预约或远程启动。,days_2_3,19.8333333333,19,23,1.0,60,NOT_APPLICABLE,NOT_APPLICABLE,V2_SYNTHETIC_FIXED_SELECTED_FOR_EB
cityrole-0074,ac,1,1,D_selected_private_AC_zones,有人在受控房间时使用；18:00–18:30若空屋预冷，须当天确认家户许可及实际预约/远控能力，否则到家后开启；空屋冷量不算舒适收益。 本轮紧凑合住仅一台空调进入EB控制及电量代理；其他原合成设备不计入该代理。,days_4_6,evening,NOT_APPLICABLE,NOT_APPLICABLE,NOT_APPLICABLE,NOT_APPLICABLE,evening,26,V2_SYNTHETIC_FIXED_SELECTED_FOR_EB
cityrole-0075,ac,1,1,D_selected_private_AC_zones,有人在受控房间时使用；18:00–18:30若空屋预冷，须当天确认家户许可及实际预约/远控能力，否则到家后开启；空屋冷量不算舒适收益。,days_7,evening,NOT_APPLICABLE,NOT_APPLICABLE,NOT_APPLICABLE,NOT_APPLICABLE,evening,27,V2_SYNTHETIC_FIXED_SELECTED_FOR_EB
cityrole-0075,electric_water_heater,1,UNKNOWN,D_injected_EB_private_equipment_synthetic_access,普通加热须对准有人需要热水的时段；事件日及额外提前加热按当次许可确认。,days_7,19.8333333333,NOT_APPLICABLE,22,NOT_APPLICABLE,NOT_APPLICABLE,NOT_APPLICABLE,NOT_APPLICABLE,V2_SYNTHETIC_FIXED_SELECTED_FOR_EB
cityrole-0075,washer,1,UNKNOWN,D_injected_EB_private_equipment_synthetic_access,默认时刻须有成员在家并完成装载；轮班或事件日另核，不默认预约或远程启动。,days_7,19,19,23,1.0,60,NOT_APPLICABLE,NOT_APPLICABLE,V2_SYNTHETIC_FIXED_SELECTED_FOR_EB
cityrole-0076,ac,1,1,D_selected_private_AC_zones,有人在受控房间时使用；18:00–18:30若空屋预冷，须当天确认家户许可及实际预约/远控能力，否则到家后开启；空屋冷量不算舒适收益。,days_2_3,evening,NOT_APPLICABLE,NOT_APPLICABLE,NOT_APPLICABLE,NOT_APPLICABLE,evening,24,V2_SYNTHETIC_FIXED_SELECTED_FOR_EB
cityrole-0076,electric_water_heater,1,UNKNOWN,D_injected_EB_private_equipment_synthetic_access,普通加热须对准有人需要热水的时段；事件日及额外提前加热按当次许可确认。,days_2_3,6,NOT_APPLICABLE,8,NOT_APPLICABLE,NOT_APPLICABLE,NOT_APPLICABLE,NOT_APPLICABLE,V2_SYNTHETIC_FIXED_SELECTED_FOR_EB
cityrole-0076,washer,1,UNKNOWN,D_injected_EB_private_equipment_synthetic_access,默认时刻须有成员在家并完成装载；轮班或事件日另核，不默认预约或远程启动。,days_2_3,19.8333333333,19,23,1.0,60,NOT_APPLICABLE,NOT_APPLICABLE,V2_SYNTHETIC_FIXED_SELECTED_FOR_EB
cityrole-0077,ac,2,2,D_selected_private_AC_zones,有人在受控房间时使用；轮班或事件日另核，不把空屋冷量算作舒适收益。,days_4_6,afternoon,NOT_APPLICABLE,NOT_APPLICABLE,NOT_APPLICABLE,NOT_APPLICABLE,afternoon,25,V2_SYNTHETIC_FIXED_SELECTED_FOR_EB
cityrole-0077,dryer,1,UNKNOWN,D_injected_EB_private_equipment_synthetic_access,默认时刻须有成员在家并完成装载；轮班或事件日另核，不默认预约或远程启动。,days_4_6,19.8333333333,19,23,1.5,90,NOT_APPLICABLE,NOT_APPLICABLE,V2_SYNTHETIC_FIXED_SELECTED_FOR_EB
cityrole-0077,washer,1,UNKNOWN,D_injected_EB_private_equipment_synthetic_access,默认时刻须有成员在家并完成装载；轮班或事件日另核，不默认预约或远程启动。,days_4_6,21,19,24,1.0,60,NOT_APPLICABLE,NOT_APPLICABLE,V2_SYNTHETIC_FIXED_SELECTED_FOR_EB
cityrole-0078,ac,1,1,D_selected_private_AC_zones,有人在受控房间时使用；18:00–18:30若空屋预冷，须当天确认家户许可及实际预约/远控能力，否则到家后开启；空屋冷量不算舒适收益。,days_7,evening,NOT_APPLICABLE,NOT_APPLICABLE,NOT_APPLICABLE,NOT_APPLICABLE,evening,26,V2_SYNTHETIC_FIXED_SELECTED_FOR_EB
cityrole-0078,electric_water_heater,1,UNKNOWN,D_injected_EB_private_equipment_synthetic_access,普通加热须对准有人需要热水的时段；事件日及额外提前加热按当次许可确认。,days_7,19.8333333333,NOT_APPLICABLE,22,NOT_APPLICABLE,NOT_APPLICABLE,NOT_APPLICABLE,NOT_APPLICABLE,V2_SYNTHETIC_FIXED_SELECTED_FOR_EB
cityrole-0078,washer,1,UNKNOWN,D_injected_EB_private_equipment_synthetic_access,默认时刻须有成员在家并完成装载；轮班或事件日另核，不默认预约或远程启动。,days_7,19,19,23,1.0,60,NOT_APPLICABLE,NOT_APPLICABLE,V2_SYNTHETIC_FIXED_SELECTED_FOR_EB
cityrole-0079,electric_water_heater,1,UNKNOWN,D_injected_EB_private_equipment_synthetic_access,普通加热须对准有人需要热水的时段；事件日及额外提前加热按当次许可确认。,days_2_3,6,NOT_APPLICABLE,8,NOT_APPLICABLE,NOT_APPLICABLE,NOT_APPLICABLE,NOT_APPLICABLE,V2_SYNTHETIC_FIXED_SELECTED_FOR_EB
cityrole-0079,home_ev,1,UNKNOWN,D_injected_EB_private_equipment_synthetic_access,由m02在典型外出日返家后接入；车辆实际到家、次日离家与充电权限按当天确认。,days_2_3,19,NOT_APPLICABLE,7,NOT_APPLICABLE,NOT_APPLICABLE,NOT_APPLICABLE,NOT_APPLICABLE,V2_SYNTHETIC_FIXED_SELECTED_FOR_EB
cityrole-0079,washer,1,UNKNOWN,D_injected_EB_private_equipment_synthetic_access,默认时刻须有成员在家并完成装载；轮班或事件日另核，不默认预约或远程启动。,days_2_3,19.8333333333,19,23,1.0,60,NOT_APPLICABLE,NOT_APPLICABLE,V2_SYNTHETIC_FIXED_SELECTED_FOR_EB
cityrole-0080,ac,1,1,D_selected_private_AC_zones,有人在受控房间时使用；轮班或事件日另核，不把空屋冷量算作舒适收益。,days_4_6,custom,NOT_APPLICABLE,NOT_APPLICABLE,NOT_APPLICABLE,NOT_APPLICABLE,custom,24,V2_SYNTHETIC_FIXED_SELECTED_FOR_EB
cityrole-0081,electric_water_heater,1,UNKNOWN,D_injected_EB_private_equipment_synthetic_access,普通加热须对准有人需要热水的时段；事件日及额外提前加热按当次许可确认。,days_7,19.8333333333,NOT_APPLICABLE,22,NOT_APPLICABLE,NOT_APPLICABLE,NOT_APPLICABLE,NOT_APPLICABLE,V2_SYNTHETIC_FIXED_SELECTED_FOR_EB
cityrole-0081,washer,1,UNKNOWN,D_injected_EB_private_equipment_synthetic_access,默认时刻须有成员在家并完成装载；轮班或事件日另核，不默认预约或远程启动。,days_7,19,19,23,1.0,60,NOT_APPLICABLE,NOT_APPLICABLE,V2_SYNTHETIC_FIXED_SELECTED_FOR_EB
cityrole-0082,ac,1,1,D_selected_private_AC_zones,有人在受控房间时使用；18:00–18:30若空屋预冷，须当天确认家户许可及实际预约/远控能力，否则到家后开启；空屋冷量不算舒适收益。,days_2_3,evening,NOT_APPLICABLE,NOT_APPLICABLE,NOT_APPLICABLE,NOT_APPLICABLE,evening,26,V2_SYNTHETIC_FIXED_SELECTED_FOR_EB
cityrole-0082,dryer,1,UNKNOWN,D_injected_EB_private_equipment_synthetic_access,默认时刻须有成员在家并完成装载；轮班或事件日另核，不默认预约或远程启动。,days_2_3,19,19,23,1.5,90,NOT_APPLICABLE,NOT_APPLICABLE,V2_SYNTHETIC_FIXED_SELECTED_FOR_EB
cityrole-0082,electric_water_heater,1,UNKNOWN,D_injected_EB_private_equipment_synthetic_access,普通加热须对准有人需要热水的时段；事件日及额外提前加热按当次许可确认。,days_2_3,6,NOT_APPLICABLE,8,NOT_APPLICABLE,NOT_APPLICABLE,NOT_APPLICABLE,NOT_APPLICABLE,V2_SYNTHETIC_FIXED_SELECTED_FOR_EB
cityrole-0082,home_ev,1,UNKNOWN,D_injected_EB_private_equipment_synthetic_access,由m03在典型外出日返家后接入；车辆实际到家、次日离家与充电权限按当天确认。,days_2_3,19,NOT_APPLICABLE,7,NOT_APPLICABLE,NOT_APPLICABLE,NOT_APPLICABLE,NOT_APPLICABLE,V2_SYNTHETIC_FIXED_SELECTED_FOR_EB
cityrole-0082,washer,1,UNKNOWN,D_injected_EB_private_equipment_synthetic_access,默认时刻须有成员在家并完成装载；轮班或事件日另核，不默认预约或远程启动。,days_2_3,19.8333333333,19,23,1.0,60,NOT_APPLICABLE,NOT_APPLICABLE,V2_SYNTHETIC_FIXED_SELECTED_FOR_EB
cityrole-0083,electric_water_heater,1,UNKNOWN,D_injected_EB_private_equipment_synthetic_access,普通加热须对准有人需要热水的时段；事件日及额外提前加热按当次许可确认。,days_4_6,19,NOT_APPLICABLE,22,NOT_APPLICABLE,NOT_APPLICABLE,NOT_APPLICABLE,NOT_APPLICABLE,V2_SYNTHETIC_FIXED_SELECTED_FOR_EB
cityrole-0083,home_ev,1,UNKNOWN,D_injected_EB_private_equipment_synthetic_access,由m02在典型外出日返家后接入；车辆实际到家、次日离家与充电权限按当天确认。,days_4_6,19.8333333333,NOT_APPLICABLE,8.5,NOT_APPLICABLE,NOT_APPLICABLE,NOT_APPLICABLE,NOT_APPLICABLE,V2_SYNTHETIC_FIXED_SELECTED_FOR_EB
cityrole-0083,washer,1,UNKNOWN,D_injected_EB_private_equipment_synthetic_access,默认时刻须有成员在家并完成装载；轮班或事件日另核，不默认预约或远程启动。,days_4_6,21,19,24,1.0,60,NOT_APPLICABLE,NOT_APPLICABLE,V2_SYNTHETIC_FIXED_SELECTED_FOR_EB
cityrole-0084,ac,1,1,D_selected_private_AC_zones,有人在受控房间时使用；轮班或事件日另核，不把空屋冷量算作舒适收益。,days_7,custom,NOT_APPLICABLE,NOT_APPLICABLE,NOT_APPLICABLE,NOT_APPLICABLE,custom,24,V2_SYNTHETIC_FIXED_SELECTED_FOR_EB
cityrole-0084,washer,1,UNKNOWN,D_injected_EB_private_equipment_synthetic_access,默认时刻须有成员在家并完成装载；轮班或事件日另核，不默认预约或远程启动。,days_7,19,19,23,1.0,60,NOT_APPLICABLE,NOT_APPLICABLE,V2_SYNTHETIC_FIXED_SELECTED_FOR_EB
cityrole-0085,electric_water_heater,1,UNKNOWN,D_injected_EB_private_equipment_synthetic_access,普通加热须对准有人需要热水的时段；事件日及额外提前加热按当次许可确认。,days_2_3,6,NOT_APPLICABLE,8,NOT_APPLICABLE,NOT_APPLICABLE,NOT_APPLICABLE,NOT_APPLICABLE,V2_SYNTHETIC_FIXED_SELECTED_FOR_EB
cityrole-0086,ac,1,1,D_selected_private_AC_zones,有人在受控房间时使用；18:00–18:30若空屋预冷，须当天确认家户许可及实际预约/远控能力，否则到家后开启；空屋冷量不算舒适收益。,days_4_6,evening,NOT_APPLICABLE,NOT_APPLICABLE,NOT_APPLICABLE,NOT_APPLICABLE,evening,26,V2_SYNTHETIC_FIXED_SELECTED_FOR_EB
cityrole-0086,electric_water_heater,1,UNKNOWN,D_injected_EB_private_equipment_synthetic_access,普通加热须对准有人需要热水的时段；事件日及额外提前加热按当次许可确认。,days_4_6,19,NOT_APPLICABLE,22,NOT_APPLICABLE,NOT_APPLICABLE,NOT_APPLICABLE,NOT_APPLICABLE,V2_SYNTHETIC_FIXED_SELECTED_FOR_EB
cityrole-0086,washer,1,UNKNOWN,D_injected_EB_private_equipment_synthetic_access,默认时刻须有成员在家并完成装载；轮班或事件日另核，不默认预约或远程启动。,days_4_6,21,19,24,1.0,60,NOT_APPLICABLE,NOT_APPLICABLE,V2_SYNTHETIC_FIXED_SELECTED_FOR_EB
cityrole-0087,ac,1,1,D_selected_private_AC_zones,有人在受控房间时使用；18:00–18:30若空屋预冷，须当天确认家户许可及实际预约/远控能力，否则到家后开启；空屋冷量不算舒适收益。,days_7,evening,NOT_APPLICABLE,NOT_APPLICABLE,NOT_APPLICABLE,NOT_APPLICABLE,evening,27,V2_SYNTHETIC_FIXED_SELECTED_FOR_EB
cityrole-0088,electric_water_heater,1,UNKNOWN,D_injected_EB_private_equipment_synthetic_access,普通加热须对准有人需要热水的时段；事件日及额外提前加热按当次许可确认。,days_2_3,6,NOT_APPLICABLE,8,NOT_APPLICABLE,NOT_APPLICABLE,NOT_APPLICABLE,NOT_APPLICABLE,V2_SYNTHETIC_FIXED_SELECTED_FOR_EB
cityrole-0088,washer,1,UNKNOWN,D_injected_EB_private_equipment_synthetic_access,默认时刻须有成员在家并完成装载；轮班或事件日另核，不默认预约或远程启动。,days_2_3,19.8333333333,19,23,1.0,60,NOT_APPLICABLE,NOT_APPLICABLE,V2_SYNTHETIC_FIXED_SELECTED_FOR_EB
cityrole-0089,ac,2,2,D_selected_private_AC_zones,有人在受控房间时使用；18:00–18:30若空屋预冷，须当天确认家户许可及实际预约/远控能力，否则到家后开启；空屋冷量不算舒适收益。,days_4_6,evening,NOT_APPLICABLE,NOT_APPLICABLE,NOT_APPLICABLE,NOT_APPLICABLE,evening,25,V2_SYNTHETIC_FIXED_SELECTED_FOR_EB
cityrole-0089,electric_water_heater,1,UNKNOWN,D_injected_EB_private_equipment_synthetic_access,普通加热须对准有人需要热水的时段；事件日及额外提前加热按当次许可确认。,days_4_6,19,NOT_APPLICABLE,22,NOT_APPLICABLE,NOT_APPLICABLE,NOT_APPLICABLE,NOT_APPLICABLE,V2_SYNTHETIC_FIXED_SELECTED_FOR_EB
cityrole-0089,washer,1,UNKNOWN,D_injected_EB_private_equipment_synthetic_access,默认时刻须有成员在家并完成装载；轮班或事件日另核，不默认预约或远程启动。,days_4_6,21,19,24,1.0,60,NOT_APPLICABLE,NOT_APPLICABLE,V2_SYNTHETIC_FIXED_SELECTED_FOR_EB
cityrole-0090,electric_water_heater,1,UNKNOWN,D_injected_EB_private_equipment_synthetic_access,普通加热须对准有人需要热水的时段；事件日及额外提前加热按当次许可确认。,days_7,19.8333333333,NOT_APPLICABLE,22,NOT_APPLICABLE,NOT_APPLICABLE,NOT_APPLICABLE,NOT_APPLICABLE,V2_SYNTHETIC_FIXED_SELECTED_FOR_EB
cityrole-0091,dishwasher,1,UNKNOWN,D_injected_EB_private_equipment_synthetic_access,默认时刻须有成员在家并完成装载；轮班或事件日另核，不默认预约或远程启动。,days_2_3,21,19,24,1.0,60,NOT_APPLICABLE,NOT_APPLICABLE,V2_SYNTHETIC_FIXED_SELECTED_FOR_EB
cityrole-0091,washer,1,UNKNOWN,D_injected_EB_private_equipment_synthetic_access,默认时刻须有成员在家并完成装载；轮班或事件日另核，不默认预约或远程启动。,days_2_3,19.8333333333,19,23,1.0,60,NOT_APPLICABLE,NOT_APPLICABLE,V2_SYNTHETIC_FIXED_SELECTED_FOR_EB
cityrole-0092,ac,1,1,D_selected_private_AC_zones,有人在受控房间时使用；轮班或事件日另核，不把空屋冷量算作舒适收益。,days_4_6,custom,NOT_APPLICABLE,NOT_APPLICABLE,NOT_APPLICABLE,NOT_APPLICABLE,custom,24,V2_SYNTHETIC_FIXED_SELECTED_FOR_EB
cityrole-0092,washer,1,UNKNOWN,D_injected_EB_private_equipment_synthetic_access,默认时刻须有成员在家并完成装载；轮班或事件日另核，不默认预约或远程启动。,days_4_6,21,19,24,1.0,60,NOT_APPLICABLE,NOT_APPLICABLE,V2_SYNTHETIC_FIXED_SELECTED_FOR_EB
cityrole-0093,ac,2,2,D_selected_private_AC_zones,有人在受控房间时使用；18:00–18:30若空屋预冷，须当天确认家户许可及实际预约/远控能力，否则到家后开启；空屋冷量不算舒适收益。,days_7,evening,NOT_APPLICABLE,NOT_APPLICABLE,NOT_APPLICABLE,NOT_APPLICABLE,evening,25,V2_SYNTHETIC_FIXED_SELECTED_FOR_EB
cityrole-0093,electric_water_heater,1,UNKNOWN,D_injected_EB_private_equipment_synthetic_access,普通加热须对准有人需要热水的时段；事件日及额外提前加热按当次许可确认。,days_7,19.8333333333,NOT_APPLICABLE,22,NOT_APPLICABLE,NOT_APPLICABLE,NOT_APPLICABLE,NOT_APPLICABLE,V2_SYNTHETIC_FIXED_SELECTED_FOR_EB
cityrole-0093,washer,1,UNKNOWN,D_injected_EB_private_equipment_synthetic_access,默认时刻须有成员在家并完成装载；轮班或事件日另核，不默认预约或远程启动。,days_7,19,19,23,1.0,60,NOT_APPLICABLE,NOT_APPLICABLE,V2_SYNTHETIC_FIXED_SELECTED_FOR_EB
cityrole-0094,electric_water_heater,1,UNKNOWN,D_injected_EB_private_equipment_synthetic_access,普通加热须对准有人需要热水的时段；事件日及额外提前加热按当次许可确认。,days_2_3,6,NOT_APPLICABLE,8,NOT_APPLICABLE,NOT_APPLICABLE,NOT_APPLICABLE,NOT_APPLICABLE,V2_SYNTHETIC_FIXED_SELECTED_FOR_EB
cityrole-0095,electric_water_heater,1,UNKNOWN,D_injected_EB_private_equipment_synthetic_access,普通加热须对准有人需要热水的时段；事件日及额外提前加热按当次许可确认。,days_4_6,19,NOT_APPLICABLE,22,NOT_APPLICABLE,NOT_APPLICABLE,NOT_APPLICABLE,NOT_APPLICABLE,V2_SYNTHETIC_FIXED_SELECTED_FOR_EB
cityrole-0095,washer,1,UNKNOWN,D_injected_EB_private_equipment_synthetic_access,默认时刻须有成员在家并完成装载；轮班或事件日另核，不默认预约或远程启动。,days_4_6,21,19,24,1.0,60,NOT_APPLICABLE,NOT_APPLICABLE,V2_SYNTHETIC_FIXED_SELECTED_FOR_EB
cityrole-0096,ac,1,1,D_selected_private_AC_zones,有人在受控房间时使用；轮班或事件日另核，不把空屋冷量算作舒适收益。,days_7,custom,NOT_APPLICABLE,NOT_APPLICABLE,NOT_APPLICABLE,NOT_APPLICABLE,custom,24,V2_SYNTHETIC_FIXED_SELECTED_FOR_EB
cityrole-0096,electric_water_heater,1,UNKNOWN,D_injected_EB_private_equipment_synthetic_access,普通加热须对准有人需要热水的时段；事件日及额外提前加热按当次许可确认。,days_7,19.8333333333,NOT_APPLICABLE,22,NOT_APPLICABLE,NOT_APPLICABLE,NOT_APPLICABLE,NOT_APPLICABLE,V2_SYNTHETIC_FIXED_SELECTED_FOR_EB
cityrole-0096,washer,1,UNKNOWN,D_injected_EB_private_equipment_synthetic_access,默认时刻须有成员在家并完成装载；轮班或事件日另核，不默认预约或远程启动。,days_7,19,19,23,1.0,60,NOT_APPLICABLE,NOT_APPLICABLE,V2_SYNTHETIC_FIXED_SELECTED_FOR_EB
cityrole-0097,ac,2,2,D_selected_private_AC_zones,有人在受控房间时使用；轮班或事件日另核，不把空屋冷量算作舒适收益。,days_2_3,afternoon,NOT_APPLICABLE,NOT_APPLICABLE,NOT_APPLICABLE,NOT_APPLICABLE,afternoon,25,V2_SYNTHETIC_FIXED_SELECTED_FOR_EB
cityrole-0097,washer,1,UNKNOWN,D_injected_EB_private_equipment_synthetic_access,默认时刻须有成员在家并完成装载；轮班或事件日另核，不默认预约或远程启动。,days_2_3,19.8333333333,19,23,1.0,60,NOT_APPLICABLE,NOT_APPLICABLE,V2_SYNTHETIC_FIXED_SELECTED_FOR_EB
cityrole-0098,ac,1,1,D_selected_private_AC_zones,有人在受控房间时使用；18:00–18:30若空屋预冷，须当天确认家户许可及实际预约/远控能力，否则到家后开启；空屋冷量不算舒适收益。,days_4_6,evening,NOT_APPLICABLE,NOT_APPLICABLE,NOT_APPLICABLE,NOT_APPLICABLE,evening,26,V2_SYNTHETIC_FIXED_SELECTED_FOR_EB
cityrole-0099,dryer,1,UNKNOWN,D_injected_EB_private_equipment_synthetic_access,默认时刻须有成员在家并完成装载；轮班或事件日另核，不默认预约或远程启动。,days_7,21,19,24,1.5,90,NOT_APPLICABLE,NOT_APPLICABLE,V2_SYNTHETIC_FIXED_SELECTED_FOR_EB
cityrole-0099,electric_water_heater,1,UNKNOWN,D_injected_EB_private_equipment_synthetic_access,普通加热须对准有人需要热水的时段；事件日及额外提前加热按当次许可确认。,days_7,19.8333333333,NOT_APPLICABLE,22,NOT_APPLICABLE,NOT_APPLICABLE,NOT_APPLICABLE,NOT_APPLICABLE,V2_SYNTHETIC_FIXED_SELECTED_FOR_EB
cityrole-0099,washer,1,UNKNOWN,D_injected_EB_private_equipment_synthetic_access,默认时刻须有成员在家并完成装载；轮班或事件日另核，不默认预约或远程启动。,days_7,19,19,23,1.0,60,NOT_APPLICABLE,NOT_APPLICABLE,V2_SYNTHETIC_FIXED_SELECTED_FOR_EB
cityrole-0100,electric_water_heater,1,UNKNOWN,D_injected_EB_private_equipment_synthetic_access,普通加热须对准有人需要热水的时段；事件日及额外提前加热按当次许可确认。,days_2_3,6,NOT_APPLICABLE,8,NOT_APPLICABLE,NOT_APPLICABLE,NOT_APPLICABLE,NOT_APPLICABLE,V2_SYNTHETIC_FIXED_SELECTED_FOR_EB
cityrole-0100,washer,1,UNKNOWN,D_injected_EB_private_equipment_synthetic_access,默认时刻须有成员在家并完成装载；轮班或事件日另核，不默认预约或远程启动。,days_2_3,19.8333333333,19,23,1.0,60,NOT_APPLICABLE,NOT_APPLICABLE,V2_SYNTHETIC_FIXED_SELECTED_FOR_EB
cityrole-0101,electric_water_heater,1,UNKNOWN,D_injected_EB_private_equipment_synthetic_access,普通加热须对准有人需要热水的时段；事件日及额外提前加热按当次许可确认。,days_4_6,19,NOT_APPLICABLE,22,NOT_APPLICABLE,NOT_APPLICABLE,NOT_APPLICABLE,NOT_APPLICABLE,V2_SYNTHETIC_FIXED_SELECTED_FOR_EB
cityrole-0101,washer,1,UNKNOWN,D_injected_EB_private_equipment_synthetic_access,默认时刻须有成员在家并完成装载；轮班或事件日另核，不默认预约或远程启动。,days_4_6,21,19,24,1.0,60,NOT_APPLICABLE,NOT_APPLICABLE,V2_SYNTHETIC_FIXED_SELECTED_FOR_EB
cityrole-0102,electric_water_heater,1,UNKNOWN,D_injected_EB_private_equipment_synthetic_access,普通加热须对准有人需要热水的时段；事件日及额外提前加热按当次许可确认。,days_7,19.8333333333,NOT_APPLICABLE,22,NOT_APPLICABLE,NOT_APPLICABLE,NOT_APPLICABLE,NOT_APPLICABLE,V2_SYNTHETIC_FIXED_SELECTED_FOR_EB
cityrole-0103,ac,1,1,D_selected_private_AC_zones,有人在受控房间时使用；18:00–18:30若空屋预冷，须当天确认家户许可及实际预约/远控能力，否则到家后开启；空屋冷量不算舒适收益。,days_2_3,evening,NOT_APPLICABLE,NOT_APPLICABLE,NOT_APPLICABLE,NOT_APPLICABLE,evening,27,V2_SYNTHETIC_FIXED_SELECTED_FOR_EB
cityrole-0104,ac,1,1,D_selected_private_AC_zones,有人在受控房间时使用；轮班或事件日另核，不把空屋冷量算作舒适收益。,days_4_6,custom,NOT_APPLICABLE,NOT_APPLICABLE,NOT_APPLICABLE,NOT_APPLICABLE,custom,24,V2_SYNTHETIC_FIXED_SELECTED_FOR_EB
cityrole-0104,washer,1,UNKNOWN,D_injected_EB_private_equipment_synthetic_access,默认时刻须有成员在家并完成装载；轮班或事件日另核，不默认预约或远程启动。,days_4_6,21,19,24,1.0,60,NOT_APPLICABLE,NOT_APPLICABLE,V2_SYNTHETIC_FIXED_SELECTED_FOR_EB
cityrole-0105,ac,2,2,D_selected_private_AC_zones,有人在受控房间时使用；18:00–18:30若空屋预冷，须当天确认家户许可及实际预约/远控能力，否则到家后开启；空屋冷量不算舒适收益。,days_7,evening,NOT_APPLICABLE,NOT_APPLICABLE,NOT_APPLICABLE,NOT_APPLICABLE,evening,25,V2_SYNTHETIC_FIXED_SELECTED_FOR_EB
cityrole-0105,washer,1,UNKNOWN,D_injected_EB_private_equipment_synthetic_access,默认时刻须有成员在家并完成装载；轮班或事件日另核，不默认预约或远程启动。,days_7,19,19,23,1.0,60,NOT_APPLICABLE,NOT_APPLICABLE,V2_SYNTHETIC_FIXED_SELECTED_FOR_EB
cityrole-0106,ac,1,1,D_selected_private_AC_zones,有人在受控房间时使用；18:00–18:30若空屋预冷，须当天确认家户许可及实际预约/远控能力，否则到家后开启；空屋冷量不算舒适收益。,days_2_3,evening,NOT_APPLICABLE,NOT_APPLICABLE,NOT_APPLICABLE,NOT_APPLICABLE,evening,26,V2_SYNTHETIC_FIXED_SELECTED_FOR_EB
cityrole-0106,electric_water_heater,1,UNKNOWN,D_injected_EB_private_equipment_synthetic_access,普通加热须对准有人需要热水的时段；事件日及额外提前加热按当次许可确认。,days_2_3,6,NOT_APPLICABLE,8,NOT_APPLICABLE,NOT_APPLICABLE,NOT_APPLICABLE,NOT_APPLICABLE,V2_SYNTHETIC_FIXED_SELECTED_FOR_EB
cityrole-0106,washer,1,UNKNOWN,D_injected_EB_private_equipment_synthetic_access,默认时刻须有成员在家并完成装载；轮班或事件日另核，不默认预约或远程启动。,days_2_3,19.8333333333,19,23,1.0,60,NOT_APPLICABLE,NOT_APPLICABLE,V2_SYNTHETIC_FIXED_SELECTED_FOR_EB
cityrole-0107,ac,1,1,D_selected_private_AC_zones,有人在受控房间时使用；18:00–18:30若空屋预冷，须当天确认家户许可及实际预约/远控能力，否则到家后开启；空屋冷量不算舒适收益。,days_4_6,evening,NOT_APPLICABLE,NOT_APPLICABLE,NOT_APPLICABLE,NOT_APPLICABLE,evening,27,V2_SYNTHETIC_FIXED_SELECTED_FOR_EB
cityrole-0107,electric_water_heater,1,UNKNOWN,D_injected_EB_private_equipment_synthetic_access,普通加热须对准有人需要热水的时段；事件日及额外提前加热按当次许可确认。,days_4_6,19,NOT_APPLICABLE,22,NOT_APPLICABLE,NOT_APPLICABLE,NOT_APPLICABLE,NOT_APPLICABLE,V2_SYNTHETIC_FIXED_SELECTED_FOR_EB
cityrole-0107,washer,1,UNKNOWN,D_injected_EB_private_equipment_synthetic_access,默认时刻须有成员在家并完成装载；轮班或事件日另核，不默认预约或远程启动。,days_4_6,21,19,24,1.0,60,NOT_APPLICABLE,NOT_APPLICABLE,V2_SYNTHETIC_FIXED_SELECTED_FOR_EB
cityrole-0108,ac,1,1,D_selected_private_AC_zones,有人在受控房间时使用；轮班或事件日另核，不把空屋冷量算作舒适收益。,days_7,custom,NOT_APPLICABLE,NOT_APPLICABLE,NOT_APPLICABLE,NOT_APPLICABLE,custom,24,V2_SYNTHETIC_FIXED_SELECTED_FOR_EB
cityrole-0108,electric_water_heater,1,UNKNOWN,D_injected_EB_private_equipment_synthetic_access,普通加热须对准有人需要热水的时段；事件日及额外提前加热按当次许可确认。,days_7,19.8333333333,NOT_APPLICABLE,22,NOT_APPLICABLE,NOT_APPLICABLE,NOT_APPLICABLE,NOT_APPLICABLE,V2_SYNTHETIC_FIXED_SELECTED_FOR_EB
cityrole-0108,washer,1,UNKNOWN,D_injected_EB_private_equipment_synthetic_access,默认时刻须有成员在家并完成装载；轮班或事件日另核，不默认预约或远程启动。,days_7,19,19,23,1.0,60,NOT_APPLICABLE,NOT_APPLICABLE,V2_SYNTHETIC_FIXED_SELECTED_FOR_EB
cityrole-0109,ac,2,2,D_selected_private_AC_zones,有人在受控房间时使用；18:00–18:30若空屋预冷，须当天确认家户许可及实际预约/远控能力，否则到家后开启；空屋冷量不算舒适收益。,days_2_3,evening,NOT_APPLICABLE,NOT_APPLICABLE,NOT_APPLICABLE,NOT_APPLICABLE,evening,25,V2_SYNTHETIC_FIXED_SELECTED_FOR_EB
cityrole-0109,dishwasher,1,UNKNOWN,D_injected_EB_private_equipment_synthetic_access,默认时刻须有成员在家并完成装载；轮班或事件日另核，不默认预约或远程启动。,days_2_3,21,19,24,1.0,60,NOT_APPLICABLE,NOT_APPLICABLE,V2_SYNTHETIC_FIXED_SELECTED_FOR_EB
cityrole-0109,electric_water_heater,1,UNKNOWN,D_injected_EB_private_equipment_synthetic_access,普通加热须对准有人需要热水的时段；事件日及额外提前加热按当次许可确认。,days_2_3,6,NOT_APPLICABLE,8,NOT_APPLICABLE,NOT_APPLICABLE,NOT_APPLICABLE,NOT_APPLICABLE,V2_SYNTHETIC_FIXED_SELECTED_FOR_EB
cityrole-0109,washer,1,UNKNOWN,D_injected_EB_private_equipment_synthetic_access,默认时刻须有成员在家并完成装载；轮班或事件日另核，不默认预约或远程启动。,days_2_3,19.8333333333,19,23,1.0,60,NOT_APPLICABLE,NOT_APPLICABLE,V2_SYNTHETIC_FIXED_SELECTED_FOR_EB
cityrole-0110,ac,1,1,D_selected_private_AC_zones,有人在受控房间时使用；18:00–18:30若空屋预冷，须当天确认家户许可及实际预约/远控能力，否则到家后开启；空屋冷量不算舒适收益。,days_4_6,evening,NOT_APPLICABLE,NOT_APPLICABLE,NOT_APPLICABLE,NOT_APPLICABLE,evening,26,V2_SYNTHETIC_FIXED_SELECTED_FOR_EB
cityrole-0110,electric_water_heater,1,UNKNOWN,D_injected_EB_private_equipment_synthetic_access,普通加热须对准有人需要热水的时段；事件日及额外提前加热按当次许可确认。,days_4_6,19,NOT_APPLICABLE,22,NOT_APPLICABLE,NOT_APPLICABLE,NOT_APPLICABLE,NOT_APPLICABLE,V2_SYNTHETIC_FIXED_SELECTED_FOR_EB
cityrole-0110,washer,1,UNKNOWN,D_injected_EB_private_equipment_synthetic_access,默认时刻须有成员在家并完成装载；轮班或事件日另核，不默认预约或远程启动。,days_4_6,21,19,24,1.0,60,NOT_APPLICABLE,NOT_APPLICABLE,V2_SYNTHETIC_FIXED_SELECTED_FOR_EB
cityrole-0111,washer,1,UNKNOWN,D_injected_EB_private_equipment_synthetic_access,默认时刻须有成员在家并完成装载；轮班或事件日另核，不默认预约或远程启动。,days_7,19,19,23,1.0,60,NOT_APPLICABLE,NOT_APPLICABLE,V2_SYNTHETIC_FIXED_SELECTED_FOR_EB
cityrole-0112,ac,1,1,D_selected_private_AC_zones,有人在受控房间时使用；轮班或事件日另核，不把空屋冷量算作舒适收益。,days_2_3,custom,NOT_APPLICABLE,NOT_APPLICABLE,NOT_APPLICABLE,NOT_APPLICABLE,custom,24,V2_SYNTHETIC_FIXED_SELECTED_FOR_EB
cityrole-0112,electric_water_heater,1,UNKNOWN,D_injected_EB_private_equipment_synthetic_access,普通加热须对准有人需要热水的时段；事件日及额外提前加热按当次许可确认。,days_2_3,6,NOT_APPLICABLE,8,NOT_APPLICABLE,NOT_APPLICABLE,NOT_APPLICABLE,NOT_APPLICABLE,V2_SYNTHETIC_FIXED_SELECTED_FOR_EB
cityrole-0112,home_ev,1,UNKNOWN,D_injected_EB_private_equipment_synthetic_access,由m03在典型外出日返家后接入；车辆实际到家、次日离家与充电权限按当天确认。,days_2_3,19,NOT_APPLICABLE,7,NOT_APPLICABLE,NOT_APPLICABLE,NOT_APPLICABLE,NOT_APPLICABLE,V2_SYNTHETIC_FIXED_SELECTED_FOR_EB
cityrole-0112,washer,1,UNKNOWN,D_injected_EB_private_equipment_synthetic_access,默认时刻须有成员在家并完成装载；轮班或事件日另核，不默认预约或远程启动。,days_2_3,19.8333333333,19,23,1.0,60,NOT_APPLICABLE,NOT_APPLICABLE,V2_SYNTHETIC_FIXED_SELECTED_FOR_EB
cityrole-0113,ac,1,1,D_selected_private_AC_zones,有人在受控房间时使用；18:00–18:30若空屋预冷，须当天确认家户许可及实际预约/远控能力，否则到家后开启；空屋冷量不算舒适收益。,days_4_6,evening,NOT_APPLICABLE,NOT_APPLICABLE,NOT_APPLICABLE,NOT_APPLICABLE,evening,25,V2_SYNTHETIC_FIXED_SELECTED_FOR_EB
cityrole-0114,ac,1,1,D_selected_private_AC_zones,有人在受控房间时使用；18:00–18:30若空屋预冷，须当天确认家户许可及实际预约/远控能力，否则到家后开启；空屋冷量不算舒适收益。,days_7,evening,NOT_APPLICABLE,NOT_APPLICABLE,NOT_APPLICABLE,NOT_APPLICABLE,evening,26,V2_SYNTHETIC_FIXED_SELECTED_FOR_EB
cityrole-0114,dryer,1,UNKNOWN,D_injected_EB_private_equipment_synthetic_access,默认时刻须有成员在家并完成装载；轮班或事件日另核，不默认预约或远程启动。,days_7,21,19,24,1.5,90,NOT_APPLICABLE,NOT_APPLICABLE,V2_SYNTHETIC_FIXED_SELECTED_FOR_EB
cityrole-0114,washer,1,UNKNOWN,D_injected_EB_private_equipment_synthetic_access,默认时刻须有成员在家并完成装载；轮班或事件日另核，不默认预约或远程启动。,days_7,19,19,23,1.0,60,NOT_APPLICABLE,NOT_APPLICABLE,V2_SYNTHETIC_FIXED_SELECTED_FOR_EB
cityrole-0115,ac,1,1,D_selected_private_AC_zones,有人在受控房间时使用；18:00–18:30若空屋预冷，须当天确认家户许可及实际预约/远控能力，否则到家后开启；空屋冷量不算舒适收益。,days_2_3,evening,NOT_APPLICABLE,NOT_APPLICABLE,NOT_APPLICABLE,NOT_APPLICABLE,evening,27,V2_SYNTHETIC_FIXED_SELECTED_FOR_EB
cityrole-0115,dishwasher,1,UNKNOWN,D_injected_EB_private_equipment_synthetic_access,默认时刻须有成员在家并完成装载；轮班或事件日另核，不默认预约或远程启动。,days_2_3,21,19,24,1.0,60,NOT_APPLICABLE,NOT_APPLICABLE,V2_SYNTHETIC_FIXED_SELECTED_FOR_EB
cityrole-0115,electric_water_heater,1,UNKNOWN,D_injected_EB_private_equipment_synthetic_access,普通加热须对准有人需要热水的时段；事件日及额外提前加热按当次许可确认。,days_2_3,6,NOT_APPLICABLE,8,NOT_APPLICABLE,NOT_APPLICABLE,NOT_APPLICABLE,NOT_APPLICABLE,V2_SYNTHETIC_FIXED_SELECTED_FOR_EB
cityrole-0115,washer,1,UNKNOWN,D_injected_EB_private_equipment_synthetic_access,默认时刻须有成员在家并完成装载；轮班或事件日另核，不默认预约或远程启动。,days_2_3,19.8333333333,19,23,1.0,60,NOT_APPLICABLE,NOT_APPLICABLE,V2_SYNTHETIC_FIXED_SELECTED_FOR_EB
cityrole-0116,washer,1,UNKNOWN,D_injected_EB_private_equipment_synthetic_access,默认时刻须有成员在家并完成装载；轮班或事件日另核，不默认预约或远程启动。,days_4_6,21,19,24,1.0,60,NOT_APPLICABLE,NOT_APPLICABLE,V2_SYNTHETIC_FIXED_SELECTED_FOR_EB
cityrole-0117,home_ev,1,UNKNOWN,D_injected_EB_private_equipment_synthetic_access,由m02在典型外出日返家后接入；车辆实际到家、次日离家与充电权限按当天确认。,days_7,21,NOT_APPLICABLE,8.5,NOT_APPLICABLE,NOT_APPLICABLE,NOT_APPLICABLE,NOT_APPLICABLE,V2_SYNTHETIC_FIXED_SELECTED_FOR_EB
cityrole-0117,washer,1,UNKNOWN,D_injected_EB_private_equipment_synthetic_access,默认时刻须有成员在家并完成装载；轮班或事件日另核，不默认预约或远程启动。,days_7,19,19,23,1.0,60,NOT_APPLICABLE,NOT_APPLICABLE,V2_SYNTHETIC_FIXED_SELECTED_FOR_EB
cityrole-0118,ac,1,1,D_selected_private_AC_zones,有人在受控房间时使用；18:00–18:30若空屋预冷，须当天确认家户许可及实际预约/远控能力，否则到家后开启；空屋冷量不算舒适收益。,days_2_3,evening,NOT_APPLICABLE,NOT_APPLICABLE,NOT_APPLICABLE,NOT_APPLICABLE,evening,26,V2_SYNTHETIC_FIXED_SELECTED_FOR_EB
cityrole-0118,electric_water_heater,1,UNKNOWN,D_injected_EB_private_equipment_synthetic_access,普通加热须对准有人需要热水的时段；事件日及额外提前加热按当次许可确认。,days_2_3,6,NOT_APPLICABLE,8,NOT_APPLICABLE,NOT_APPLICABLE,NOT_APPLICABLE,NOT_APPLICABLE,V2_SYNTHETIC_FIXED_SELECTED_FOR_EB
cityrole-0118,washer,1,UNKNOWN,D_injected_EB_private_equipment_synthetic_access,默认时刻须有成员在家并完成装载；轮班或事件日另核，不默认预约或远程启动。,days_2_3,19.8333333333,19,23,1.0,60,NOT_APPLICABLE,NOT_APPLICABLE,V2_SYNTHETIC_FIXED_SELECTED_FOR_EB
cityrole-0119,washer,1,UNKNOWN,D_injected_EB_private_equipment_synthetic_access,默认时刻须有成员在家并完成装载；轮班或事件日另核，不默认预约或远程启动。,days_4_6,21,19,24,1.0,60,NOT_APPLICABLE,NOT_APPLICABLE,V2_SYNTHETIC_FIXED_SELECTED_FOR_EB
cityrole-0120,ac,1,1,D_selected_private_AC_zones,有人在受控房间时使用；轮班或事件日另核，不把空屋冷量算作舒适收益。,days_7,custom,NOT_APPLICABLE,NOT_APPLICABLE,NOT_APPLICABLE,NOT_APPLICABLE,custom,24,V2_SYNTHETIC_FIXED_SELECTED_FOR_EB
cityrole-0120,dryer,1,UNKNOWN,D_injected_EB_private_equipment_synthetic_access,默认时刻须有成员在家并完成装载；轮班或事件日另核，不默认预约或远程启动。,days_7,21,19,24,1.5,90,NOT_APPLICABLE,NOT_APPLICABLE,V2_SYNTHETIC_FIXED_SELECTED_FOR_EB
cityrole-0120,electric_water_heater,1,UNKNOWN,D_injected_EB_private_equipment_synthetic_access,普通加热须对准有人需要热水的时段；事件日及额外提前加热按当次许可确认。,days_7,19.8333333333,NOT_APPLICABLE,22,NOT_APPLICABLE,NOT_APPLICABLE,NOT_APPLICABLE,NOT_APPLICABLE,V2_SYNTHETIC_FIXED_SELECTED_FOR_EB
cityrole-0120,washer,1,UNKNOWN,D_injected_EB_private_equipment_synthetic_access,默认时刻须有成员在家并完成装载；轮班或事件日另核，不默认预约或远程启动。,days_7,19,19,23,1.0,60,NOT_APPLICABLE,NOT_APPLICABLE,V2_SYNTHETIC_FIXED_SELECTED_FOR_EB
cityrole-0121,electric_water_heater,1,UNKNOWN,D_injected_EB_private_equipment_synthetic_access,普通加热须对准有人需要热水的时段；事件日及额外提前加热按当次许可确认。,days_2_3,6,NOT_APPLICABLE,8,NOT_APPLICABLE,NOT_APPLICABLE,NOT_APPLICABLE,NOT_APPLICABLE,V2_SYNTHETIC_FIXED_SELECTED_FOR_EB
cityrole-0121,washer,1,UNKNOWN,D_injected_EB_private_equipment_synthetic_access,默认时刻须有成员在家并完成装载；轮班或事件日另核，不默认预约或远程启动。,days_2_3,19.8333333333,19,23,1.0,60,NOT_APPLICABLE,NOT_APPLICABLE,V2_SYNTHETIC_FIXED_SELECTED_FOR_EB
cityrole-0122,ac,1,1,D_selected_private_AC_zones,有人在受控房间时使用；18:00–18:30若空屋预冷，须当天确认家户许可及实际预约/远控能力，否则到家后开启；空屋冷量不算舒适收益。,days_4_6,evening,NOT_APPLICABLE,NOT_APPLICABLE,NOT_APPLICABLE,NOT_APPLICABLE,evening,26,V2_SYNTHETIC_FIXED_SELECTED_FOR_EB
cityrole-0122,dryer,1,UNKNOWN,D_injected_EB_private_equipment_synthetic_access,默认时刻须有成员在家并完成装载；轮班或事件日另核，不默认预约或远程启动。,days_4_6,19.8333333333,19,23,1.5,90,NOT_APPLICABLE,NOT_APPLICABLE,V2_SYNTHETIC_FIXED_SELECTED_FOR_EB
cityrole-0122,electric_water_heater,1,UNKNOWN,D_injected_EB_private_equipment_synthetic_access,普通加热须对准有人需要热水的时段；事件日及额外提前加热按当次许可确认。,days_4_6,19,NOT_APPLICABLE,22,NOT_APPLICABLE,NOT_APPLICABLE,NOT_APPLICABLE,NOT_APPLICABLE,V2_SYNTHETIC_FIXED_SELECTED_FOR_EB
cityrole-0122,washer,1,UNKNOWN,D_injected_EB_private_equipment_synthetic_access,默认时刻须有成员在家并完成装载；轮班或事件日另核，不默认预约或远程启动。,days_4_6,21,19,24,1.0,60,NOT_APPLICABLE,NOT_APPLICABLE,V2_SYNTHETIC_FIXED_SELECTED_FOR_EB
cityrole-0123,ac,1,1,D_selected_private_AC_zones,有人在受控房间时使用；18:00–18:30若空屋预冷，须当天确认家户许可及实际预约/远控能力，否则到家后开启；空屋冷量不算舒适收益。,days_7,evening,NOT_APPLICABLE,NOT_APPLICABLE,NOT_APPLICABLE,NOT_APPLICABLE,evening,27,V2_SYNTHETIC_FIXED_SELECTED_FOR_EB
cityrole-0123,washer,1,UNKNOWN,D_injected_EB_private_equipment_synthetic_access,默认时刻须有成员在家并完成装载；轮班或事件日另核，不默认预约或远程启动。,days_7,19,19,23,1.0,60,NOT_APPLICABLE,NOT_APPLICABLE,V2_SYNTHETIC_FIXED_SELECTED_FOR_EB
cityrole-0124,dishwasher,1,UNKNOWN,D_injected_EB_private_equipment_synthetic_access,默认时刻须有成员在家并完成装载；轮班或事件日另核，不默认预约或远程启动。,days_2_3,21,19,24,1.0,60,NOT_APPLICABLE,NOT_APPLICABLE,V2_SYNTHETIC_FIXED_SELECTED_FOR_EB
cityrole-0124,electric_water_heater,1,UNKNOWN,D_injected_EB_private_equipment_synthetic_access,普通加热须对准有人需要热水的时段；事件日及额外提前加热按当次许可确认。,days_2_3,6,NOT_APPLICABLE,8,NOT_APPLICABLE,NOT_APPLICABLE,NOT_APPLICABLE,NOT_APPLICABLE,V2_SYNTHETIC_FIXED_SELECTED_FOR_EB
cityrole-0124,washer,1,UNKNOWN,D_injected_EB_private_equipment_synthetic_access,默认时刻须有成员在家并完成装载；轮班或事件日另核，不默认预约或远程启动。,days_2_3,19.8333333333,19,23,1.0,60,NOT_APPLICABLE,NOT_APPLICABLE,V2_SYNTHETIC_FIXED_SELECTED_FOR_EB
cityrole-0125,ac,2,2,D_selected_private_AC_zones,有人在受控房间时使用；轮班或事件日另核，不把空屋冷量算作舒适收益。,days_4_6,afternoon,NOT_APPLICABLE,NOT_APPLICABLE,NOT_APPLICABLE,NOT_APPLICABLE,afternoon,25,V2_SYNTHETIC_FIXED_SELECTED_FOR_EB
cityrole-0125,electric_water_heater,1,UNKNOWN,D_injected_EB_private_equipment_synthetic_access,普通加热须对准有人需要热水的时段；事件日及额外提前加热按当次许可确认。,days_4_6,19,NOT_APPLICABLE,22,NOT_APPLICABLE,NOT_APPLICABLE,NOT_APPLICABLE,NOT_APPLICABLE,V2_SYNTHETIC_FIXED_SELECTED_FOR_EB
cityrole-0125,washer,1,UNKNOWN,D_injected_EB_private_equipment_synthetic_access,默认时刻须有成员在家并完成装载；轮班或事件日另核，不默认预约或远程启动。,days_4_6,21,19,24,1.0,60,NOT_APPLICABLE,NOT_APPLICABLE,V2_SYNTHETIC_FIXED_SELECTED_FOR_EB
cityrole-0126,ac,1,1,D_selected_private_AC_zones,有人在受控房间时使用；18:00–18:30若空屋预冷，须当天确认家户许可及实际预约/远控能力，否则到家后开启；空屋冷量不算舒适收益。,days_7,evening,NOT_APPLICABLE,NOT_APPLICABLE,NOT_APPLICABLE,NOT_APPLICABLE,evening,26,V2_SYNTHETIC_FIXED_SELECTED_FOR_EB
cityrole-0126,electric_water_heater,1,UNKNOWN,D_injected_EB_private_equipment_synthetic_access,普通加热须对准有人需要热水的时段；事件日及额外提前加热按当次许可确认。,days_7,19.8333333333,NOT_APPLICABLE,22,NOT_APPLICABLE,NOT_APPLICABLE,NOT_APPLICABLE,NOT_APPLICABLE,V2_SYNTHETIC_FIXED_SELECTED_FOR_EB
cityrole-0126,home_ev,1,UNKNOWN,D_injected_EB_private_equipment_synthetic_access,由m01在典型外出日返家后接入；车辆实际到家、次日离家与充电权限按当天确认。,days_7,21,NOT_APPLICABLE,7,NOT_APPLICABLE,NOT_APPLICABLE,NOT_APPLICABLE,NOT_APPLICABLE,V2_SYNTHETIC_FIXED_SELECTED_FOR_EB
cityrole-0126,washer,1,UNKNOWN,D_injected_EB_private_equipment_synthetic_access,默认时刻须有成员在家并完成装载；轮班或事件日另核，不默认预约或远程启动。,days_7,19,19,23,1.0,60,NOT_APPLICABLE,NOT_APPLICABLE,V2_SYNTHETIC_FIXED_SELECTED_FOR_EB
cityrole-0127,electric_water_heater,1,UNKNOWN,D_injected_EB_private_equipment_synthetic_access,普通加热须对准有人需要热水的时段；事件日及额外提前加热按当次许可确认。,days_2_3,6,NOT_APPLICABLE,8,NOT_APPLICABLE,NOT_APPLICABLE,NOT_APPLICABLE,NOT_APPLICABLE,V2_SYNTHETIC_FIXED_SELECTED_FOR_EB
cityrole-0127,washer,1,UNKNOWN,D_injected_EB_private_equipment_synthetic_access,默认时刻须有成员在家并完成装载；轮班或事件日另核，不默认预约或远程启动。,days_2_3,19.8333333333,19,23,1.0,60,NOT_APPLICABLE,NOT_APPLICABLE,V2_SYNTHETIC_FIXED_SELECTED_FOR_EB
cityrole-0128,ac,1,1,D_selected_private_AC_zones,有人在受控房间时使用；轮班或事件日另核，不把空屋冷量算作舒适收益。,days_4_6,custom,NOT_APPLICABLE,NOT_APPLICABLE,NOT_APPLICABLE,NOT_APPLICABLE,custom,24,V2_SYNTHETIC_FIXED_SELECTED_FOR_EB
cityrole-0129,ac,2,2,D_selected_private_AC_zones,有人在受控房间时使用；18:00–18:30若空屋预冷，须当天确认家户许可及实际预约/远控能力，否则到家后开启；空屋冷量不算舒适收益。,days_7,evening,NOT_APPLICABLE,NOT_APPLICABLE,NOT_APPLICABLE,NOT_APPLICABLE,evening,25,V2_SYNTHETIC_FIXED_SELECTED_FOR_EB
cityrole-0129,washer,1,UNKNOWN,D_injected_EB_private_equipment_synthetic_access,默认时刻须有成员在家并完成装载；轮班或事件日另核，不默认预约或远程启动。,days_7,19,19,23,1.0,60,NOT_APPLICABLE,NOT_APPLICABLE,V2_SYNTHETIC_FIXED_SELECTED_FOR_EB
cityrole-0130,dryer,1,UNKNOWN,D_injected_EB_private_equipment_synthetic_access,默认时刻须有成员在家并完成装载；轮班或事件日另核，不默认预约或远程启动。,days_2_3,19,19,23,1.5,90,NOT_APPLICABLE,NOT_APPLICABLE,V2_SYNTHETIC_FIXED_SELECTED_FOR_EB
cityrole-0130,washer,1,UNKNOWN,D_injected_EB_private_equipment_synthetic_access,默认时刻须有成员在家并完成装载；轮班或事件日另核，不默认预约或远程启动。,days_2_3,19.8333333333,19,23,1.0,60,NOT_APPLICABLE,NOT_APPLICABLE,V2_SYNTHETIC_FIXED_SELECTED_FOR_EB
cityrole-0131,ac,1,1,D_selected_private_AC_zones,有人在受控房间时使用；18:00–18:30若空屋预冷，须当天确认家户许可及实际预约/远控能力，否则到家后开启；空屋冷量不算舒适收益。,days_4_6,evening,NOT_APPLICABLE,NOT_APPLICABLE,NOT_APPLICABLE,NOT_APPLICABLE,evening,27,V2_SYNTHETIC_FIXED_SELECTED_FOR_EB
cityrole-0131,dryer,1,UNKNOWN,D_injected_EB_private_equipment_synthetic_access,默认时刻须有成员在家并完成装载；轮班或事件日另核，不默认预约或远程启动。,days_4_6,19.8333333333,19,23,1.5,90,NOT_APPLICABLE,NOT_APPLICABLE,V2_SYNTHETIC_FIXED_SELECTED_FOR_EB
cityrole-0131,electric_water_heater,1,UNKNOWN,D_injected_EB_private_equipment_synthetic_access,普通加热须对准有人需要热水的时段；事件日及额外提前加热按当次许可确认。,days_4_6,19,NOT_APPLICABLE,22,NOT_APPLICABLE,NOT_APPLICABLE,NOT_APPLICABLE,NOT_APPLICABLE,V2_SYNTHETIC_FIXED_SELECTED_FOR_EB
cityrole-0131,washer,1,UNKNOWN,D_injected_EB_private_equipment_synthetic_access,默认时刻须有成员在家并完成装载；轮班或事件日另核，不默认预约或远程启动。,days_4_6,21,19,24,1.0,60,NOT_APPLICABLE,NOT_APPLICABLE,V2_SYNTHETIC_FIXED_SELECTED_FOR_EB
cityrole-0132,ac,1,1,D_selected_private_AC_zones,有人在受控房间时使用；轮班或事件日另核，不把空屋冷量算作舒适收益。,days_7,custom,NOT_APPLICABLE,NOT_APPLICABLE,NOT_APPLICABLE,NOT_APPLICABLE,custom,24,V2_SYNTHETIC_FIXED_SELECTED_FOR_EB
cityrole-0132,electric_water_heater,1,UNKNOWN,D_injected_EB_private_equipment_synthetic_access,普通加热须对准有人需要热水的时段；事件日及额外提前加热按当次许可确认。,days_7,19.8333333333,NOT_APPLICABLE,22,NOT_APPLICABLE,NOT_APPLICABLE,NOT_APPLICABLE,NOT_APPLICABLE,V2_SYNTHETIC_FIXED_SELECTED_FOR_EB
cityrole-0132,washer,1,UNKNOWN,D_injected_EB_private_equipment_synthetic_access,默认时刻须有成员在家并完成装载；轮班或事件日另核，不默认预约或远程启动。,days_7,19,19,23,1.0,60,NOT_APPLICABLE,NOT_APPLICABLE,V2_SYNTHETIC_FIXED_SELECTED_FOR_EB
cityrole-0133,ac,2,2,D_selected_private_AC_zones,有人在受控房间时使用；18:00–18:30若空屋预冷，须当天确认家户许可及实际预约/远控能力，否则到家后开启；空屋冷量不算舒适收益。,days_2_3,evening,NOT_APPLICABLE,NOT_APPLICABLE,NOT_APPLICABLE,NOT_APPLICABLE,evening,25,V2_SYNTHETIC_FIXED_SELECTED_FOR_EB
cityrole-0133,dryer,1,UNKNOWN,D_injected_EB_private_equipment_synthetic_access,默认时刻须有成员在家并完成装载；轮班或事件日另核，不默认预约或远程启动。,days_2_3,19,19,23,1.5,90,NOT_APPLICABLE,NOT_APPLICABLE,V2_SYNTHETIC_FIXED_SELECTED_FOR_EB
cityrole-0133,electric_water_heater,1,UNKNOWN,D_injected_EB_private_equipment_synthetic_access,普通加热须对准有人需要热水的时段；事件日及额外提前加热按当次许可确认。,days_2_3,6,NOT_APPLICABLE,8,NOT_APPLICABLE,NOT_APPLICABLE,NOT_APPLICABLE,NOT_APPLICABLE,V2_SYNTHETIC_FIXED_SELECTED_FOR_EB
cityrole-0133,washer,1,UNKNOWN,D_injected_EB_private_equipment_synthetic_access,默认时刻须有成员在家并完成装载；轮班或事件日另核，不默认预约或远程启动。,days_2_3,19.8333333333,19,23,1.0,60,NOT_APPLICABLE,NOT_APPLICABLE,V2_SYNTHETIC_FIXED_SELECTED_FOR_EB
cityrole-0134,ac,1,1,D_selected_private_AC_zones,有人在受控房间时使用；18:00–18:30若空屋预冷，须当天确认家户许可及实际预约/远控能力，否则到家后开启；空屋冷量不算舒适收益。 本轮紧凑合住仅一台空调进入EB控制及电量代理；其他原合成设备不计入该代理。,days_4_6,evening,NOT_APPLICABLE,NOT_APPLICABLE,NOT_APPLICABLE,NOT_APPLICABLE,evening,26,V2_SYNTHETIC_FIXED_SELECTED_FOR_EB
cityrole-0135,ac,1,1,D_selected_private_AC_zones,有人在受控房间时使用；18:00–18:30若空屋预冷，须当天确认家户许可及实际预约/远控能力，否则到家后开启；空屋冷量不算舒适收益。,days_7,evening,NOT_APPLICABLE,NOT_APPLICABLE,NOT_APPLICABLE,NOT_APPLICABLE,evening,27,V2_SYNTHETIC_FIXED_SELECTED_FOR_EB
cityrole-0135,electric_water_heater,1,UNKNOWN,D_injected_EB_private_equipment_synthetic_access,普通加热须对准有人需要热水的时段；事件日及额外提前加热按当次许可确认。,days_7,19.8333333333,NOT_APPLICABLE,22,NOT_APPLICABLE,NOT_APPLICABLE,NOT_APPLICABLE,NOT_APPLICABLE,V2_SYNTHETIC_FIXED_SELECTED_FOR_EB
cityrole-0135,washer,1,UNKNOWN,D_injected_EB_private_equipment_synthetic_access,默认时刻须有成员在家并完成装载；轮班或事件日另核，不默认预约或远程启动。,days_7,19,19,23,1.0,60,NOT_APPLICABLE,NOT_APPLICABLE,V2_SYNTHETIC_FIXED_SELECTED_FOR_EB
cityrole-0136,ac,1,1,D_selected_private_AC_zones,有人在受控房间时使用；轮班或事件日另核，不把空屋冷量算作舒适收益。,days_2_3,custom,NOT_APPLICABLE,NOT_APPLICABLE,NOT_APPLICABLE,NOT_APPLICABLE,custom,24,V2_SYNTHETIC_FIXED_SELECTED_FOR_EB
cityrole-0137,ac,2,2,D_selected_private_AC_zones,有人在受控房间时使用；轮班或事件日另核，不把空屋冷量算作舒适收益。,days_4_6,afternoon,NOT_APPLICABLE,NOT_APPLICABLE,NOT_APPLICABLE,NOT_APPLICABLE,afternoon,25,V2_SYNTHETIC_FIXED_SELECTED_FOR_EB
cityrole-0137,dishwasher,1,UNKNOWN,D_injected_EB_private_equipment_synthetic_access,默认时刻须有成员在家并完成装载；轮班或事件日另核，不默认预约或远程启动。,days_4_6,19,19,23,1.0,60,NOT_APPLICABLE,NOT_APPLICABLE,V2_SYNTHETIC_FIXED_SELECTED_FOR_EB
cityrole-0137,electric_water_heater,1,UNKNOWN,D_injected_EB_private_equipment_synthetic_access,普通加热须对准有人需要热水的时段；事件日及额外提前加热按当次许可确认。,days_4_6,19,NOT_APPLICABLE,22,NOT_APPLICABLE,NOT_APPLICABLE,NOT_APPLICABLE,NOT_APPLICABLE,V2_SYNTHETIC_FIXED_SELECTED_FOR_EB
cityrole-0137,washer,1,UNKNOWN,D_injected_EB_private_equipment_synthetic_access,默认时刻须有成员在家并完成装载；轮班或事件日另核，不默认预约或远程启动。,days_4_6,21,19,24,1.0,60,NOT_APPLICABLE,NOT_APPLICABLE,V2_SYNTHETIC_FIXED_SELECTED_FOR_EB
cityrole-0138,ac,1,1,D_selected_private_AC_zones,有人在受控房间时使用；18:00–18:30若空屋预冷，须当天确认家户许可及实际预约/远控能力，否则到家后开启；空屋冷量不算舒适收益。,days_7,evening,NOT_APPLICABLE,NOT_APPLICABLE,NOT_APPLICABLE,NOT_APPLICABLE,evening,26,V2_SYNTHETIC_FIXED_SELECTED_FOR_EB
cityrole-0138,electric_water_heater,1,UNKNOWN,D_injected_EB_private_equipment_synthetic_access,普通加热须对准有人需要热水的时段；事件日及额外提前加热按当次许可确认。,days_7,19.8333333333,NOT_APPLICABLE,22,NOT_APPLICABLE,NOT_APPLICABLE,NOT_APPLICABLE,NOT_APPLICABLE,V2_SYNTHETIC_FIXED_SELECTED_FOR_EB
cityrole-0138,washer,1,UNKNOWN,D_injected_EB_private_equipment_synthetic_access,默认时刻须有成员在家并完成装载；轮班或事件日另核，不默认预约或远程启动。,days_7,19,19,23,1.0,60,NOT_APPLICABLE,NOT_APPLICABLE,V2_SYNTHETIC_FIXED_SELECTED_FOR_EB
cityrole-0139,dryer,1,UNKNOWN,D_injected_EB_private_equipment_synthetic_access,默认时刻须有成员在家并完成装载；轮班或事件日另核，不默认预约或远程启动。,days_2_3,19,19,23,1.5,90,NOT_APPLICABLE,NOT_APPLICABLE,V2_SYNTHETIC_FIXED_SELECTED_FOR_EB
cityrole-0139,electric_water_heater,1,UNKNOWN,D_injected_EB_private_equipment_synthetic_access,普通加热须对准有人需要热水的时段；事件日及额外提前加热按当次许可确认。,days_2_3,6,NOT_APPLICABLE,8,NOT_APPLICABLE,NOT_APPLICABLE,NOT_APPLICABLE,NOT_APPLICABLE,V2_SYNTHETIC_FIXED_SELECTED_FOR_EB
cityrole-0140,washer,1,UNKNOWN,D_injected_EB_private_equipment_synthetic_access,默认时刻须有成员在家并完成装载；轮班或事件日另核，不默认预约或远程启动。,days_4_6,21,19,24,1.0,60,NOT_APPLICABLE,NOT_APPLICABLE,V2_SYNTHETIC_FIXED_SELECTED_FOR_EB
cityrole-0141,ac,2,2,D_selected_private_AC_zones,有人在受控房间时使用；18:00–18:30若空屋预冷，须当天确认家户许可及实际预约/远控能力，否则到家后开启；空屋冷量不算舒适收益。,days_7,evening,NOT_APPLICABLE,NOT_APPLICABLE,NOT_APPLICABLE,NOT_APPLICABLE,evening,25,V2_SYNTHETIC_FIXED_SELECTED_FOR_EB
cityrole-0141,washer,1,UNKNOWN,D_injected_EB_private_equipment_synthetic_access,默认时刻须有成员在家并完成装载；轮班或事件日另核，不默认预约或远程启动。,days_7,19,19,23,1.0,60,NOT_APPLICABLE,NOT_APPLICABLE,V2_SYNTHETIC_FIXED_SELECTED_FOR_EB
cityrole-0142,ac,1,1,D_selected_private_AC_zones,有人在受控房间时使用；18:00–18:30若空屋预冷，须当天确认家户许可及实际预约/远控能力，否则到家后开启；空屋冷量不算舒适收益。,days_2_3,evening,NOT_APPLICABLE,NOT_APPLICABLE,NOT_APPLICABLE,NOT_APPLICABLE,evening,26,V2_SYNTHETIC_FIXED_SELECTED_FOR_EB
cityrole-0142,washer,1,UNKNOWN,D_injected_EB_private_equipment_synthetic_access,默认时刻须有成员在家并完成装载；轮班或事件日另核，不默认预约或远程启动。,days_2_3,19.8333333333,19,23,1.0,60,NOT_APPLICABLE,NOT_APPLICABLE,V2_SYNTHETIC_FIXED_SELECTED_FOR_EB
cityrole-0143,ac,1,1,D_selected_private_AC_zones,有人在受控房间时使用；18:00–18:30若空屋预冷，须当天确认家户许可及实际预约/远控能力，否则到家后开启；空屋冷量不算舒适收益。,days_4_6,evening,NOT_APPLICABLE,NOT_APPLICABLE,NOT_APPLICABLE,NOT_APPLICABLE,evening,27,V2_SYNTHETIC_FIXED_SELECTED_FOR_EB
cityrole-0143,electric_water_heater,1,UNKNOWN,D_injected_EB_private_equipment_synthetic_access,普通加热须对准有人需要热水的时段；事件日及额外提前加热按当次许可确认。,days_4_6,19,NOT_APPLICABLE,22,NOT_APPLICABLE,NOT_APPLICABLE,NOT_APPLICABLE,NOT_APPLICABLE,V2_SYNTHETIC_FIXED_SELECTED_FOR_EB
cityrole-0143,washer,1,UNKNOWN,D_injected_EB_private_equipment_synthetic_access,默认时刻须有成员在家并完成装载；轮班或事件日另核，不默认预约或远程启动。,days_4_6,21,19,24,1.0,60,NOT_APPLICABLE,NOT_APPLICABLE,V2_SYNTHETIC_FIXED_SELECTED_FOR_EB
cityrole-0144,ac,1,1,D_selected_private_AC_zones,有人在受控房间时使用；轮班或事件日另核，不把空屋冷量算作舒适收益。,days_7,custom,NOT_APPLICABLE,NOT_APPLICABLE,NOT_APPLICABLE,NOT_APPLICABLE,custom,24,V2_SYNTHETIC_FIXED_SELECTED_FOR_EB
cityrole-0144,electric_water_heater,1,UNKNOWN,D_injected_EB_private_equipment_synthetic_access,普通加热须对准有人需要热水的时段；事件日及额外提前加热按当次许可确认。,days_7,19.8333333333,NOT_APPLICABLE,22,NOT_APPLICABLE,NOT_APPLICABLE,NOT_APPLICABLE,NOT_APPLICABLE,V2_SYNTHETIC_FIXED_SELECTED_FOR_EB
cityrole-0144,washer,1,UNKNOWN,D_injected_EB_private_equipment_synthetic_access,默认时刻须有成员在家并完成装载；轮班或事件日另核，不默认预约或远程启动。,days_7,19,19,23,1.0,60,NOT_APPLICABLE,NOT_APPLICABLE,V2_SYNTHETIC_FIXED_SELECTED_FOR_EB
cityrole-0145,ac,2,2,D_selected_private_AC_zones,有人在受控房间时使用；18:00–18:30若空屋预冷，须当天确认家户许可及实际预约/远控能力，否则到家后开启；空屋冷量不算舒适收益。,days_2_3,evening,NOT_APPLICABLE,NOT_APPLICABLE,NOT_APPLICABLE,NOT_APPLICABLE,evening,25,V2_SYNTHETIC_FIXED_SELECTED_FOR_EB
cityrole-0145,dishwasher,1,UNKNOWN,D_injected_EB_private_equipment_synthetic_access,默认时刻须有成员在家并完成装载；轮班或事件日另核，不默认预约或远程启动。,days_2_3,21,19,24,1.0,60,NOT_APPLICABLE,NOT_APPLICABLE,V2_SYNTHETIC_FIXED_SELECTED_FOR_EB
cityrole-0145,electric_water_heater,1,UNKNOWN,D_injected_EB_private_equipment_synthetic_access,普通加热须对准有人需要热水的时段；事件日及额外提前加热按当次许可确认。,days_2_3,6,NOT_APPLICABLE,8,NOT_APPLICABLE,NOT_APPLICABLE,NOT_APPLICABLE,NOT_APPLICABLE,V2_SYNTHETIC_FIXED_SELECTED_FOR_EB
cityrole-0145,washer,1,UNKNOWN,D_injected_EB_private_equipment_synthetic_access,默认时刻须有成员在家并完成装载；轮班或事件日另核，不默认预约或远程启动。,days_2_3,19.8333333333,19,23,1.0,60,NOT_APPLICABLE,NOT_APPLICABLE,V2_SYNTHETIC_FIXED_SELECTED_FOR_EB
cityrole-0146,dryer,1,UNKNOWN,D_injected_EB_private_equipment_synthetic_access,默认时刻须有成员在家并完成装载；轮班或事件日另核，不默认预约或远程启动。,days_4_6,19.8333333333,19,23,1.5,90,NOT_APPLICABLE,NOT_APPLICABLE,V2_SYNTHETIC_FIXED_SELECTED_FOR_EB
cityrole-0146,electric_water_heater,1,UNKNOWN,D_injected_EB_private_equipment_synthetic_access,普通加热须对准有人需要热水的时段；事件日及额外提前加热按当次许可确认。,days_4_6,19,NOT_APPLICABLE,22,NOT_APPLICABLE,NOT_APPLICABLE,NOT_APPLICABLE,NOT_APPLICABLE,V2_SYNTHETIC_FIXED_SELECTED_FOR_EB
cityrole-0146,washer,1,UNKNOWN,D_injected_EB_private_equipment_synthetic_access,默认时刻须有成员在家并完成装载；轮班或事件日另核，不默认预约或远程启动。,days_4_6,21,19,24,1.0,60,NOT_APPLICABLE,NOT_APPLICABLE,V2_SYNTHETIC_FIXED_SELECTED_FOR_EB
cityrole-0147,ac,1,1,D_selected_private_AC_zones,有人在受控房间时使用；18:00–18:30若空屋预冷，须当天确认家户许可及实际预约/远控能力，否则到家后开启；空屋冷量不算舒适收益。,days_7,evening,NOT_APPLICABLE,NOT_APPLICABLE,NOT_APPLICABLE,NOT_APPLICABLE,evening,27,V2_SYNTHETIC_FIXED_SELECTED_FOR_EB
cityrole-0148,ac,1,1,D_selected_private_AC_zones,有人在受控房间时使用；轮班或事件日另核，不把空屋冷量算作舒适收益。,days_2_3,custom,NOT_APPLICABLE,NOT_APPLICABLE,NOT_APPLICABLE,NOT_APPLICABLE,custom,24,V2_SYNTHETIC_FIXED_SELECTED_FOR_EB
cityrole-0148,washer,1,UNKNOWN,D_injected_EB_private_equipment_synthetic_access,默认时刻须有成员在家并完成装载；轮班或事件日另核，不默认预约或远程启动。,days_2_3,19.8333333333,19,23,1.0,60,NOT_APPLICABLE,NOT_APPLICABLE,V2_SYNTHETIC_FIXED_SELECTED_FOR_EB
cityrole-0149,ac,2,2,D_selected_private_AC_zones,有人在受控房间时使用；18:00–18:30若空屋预冷，须当天确认家户许可及实际预约/远控能力，否则到家后开启；空屋冷量不算舒适收益。,days_4_6,evening,NOT_APPLICABLE,NOT_APPLICABLE,NOT_APPLICABLE,NOT_APPLICABLE,evening,25,V2_SYNTHETIC_FIXED_SELECTED_FOR_EB
cityrole-0149,washer,1,UNKNOWN,D_injected_EB_private_equipment_synthetic_access,默认时刻须有成员在家并完成装载；轮班或事件日另核，不默认预约或远程启动。,days_4_6,21,19,24,1.0,60,NOT_APPLICABLE,NOT_APPLICABLE,V2_SYNTHETIC_FIXED_SELECTED_FOR_EB
cityrole-0150,electric_water_heater,1,UNKNOWN,D_injected_EB_private_equipment_synthetic_access,普通加热须对准有人需要热水的时段；事件日及额外提前加热按当次许可确认。,days_7,19.8333333333,NOT_APPLICABLE,22,NOT_APPLICABLE,NOT_APPLICABLE,NOT_APPLICABLE,NOT_APPLICABLE,V2_SYNTHETIC_FIXED_SELECTED_FOR_EB
cityrole-0150,washer,1,UNKNOWN,D_injected_EB_private_equipment_synthetic_access,默认时刻须有成员在家并完成装载；轮班或事件日另核，不默认预约或远程启动。,days_7,19,19,23,1.0,60,NOT_APPLICABLE,NOT_APPLICABLE,V2_SYNTHETIC_FIXED_SELECTED_FOR_EB
cityrole-0151,ac,1,1,D_selected_private_AC_zones,有人在受控房间时使用；18:00–18:30若空屋预冷，须当天确认家户许可及实际预约/远控能力，否则到家后开启；空屋冷量不算舒适收益。,days_2_3,evening,NOT_APPLICABLE,NOT_APPLICABLE,NOT_APPLICABLE,NOT_APPLICABLE,evening,27,V2_SYNTHETIC_FIXED_SELECTED_FOR_EB
cityrole-0151,washer,1,UNKNOWN,D_injected_EB_private_equipment_synthetic_access,默认时刻须有成员在家并完成装载；轮班或事件日另核，不默认预约或远程启动。,days_2_3,19.8333333333,19,23,1.0,60,NOT_APPLICABLE,NOT_APPLICABLE,V2_SYNTHETIC_FIXED_SELECTED_FOR_EB
cityrole-0152,ac,1,1,D_selected_private_AC_zones,有人在受控房间时使用；轮班或事件日另核，不把空屋冷量算作舒适收益。,days_4_6,custom,NOT_APPLICABLE,NOT_APPLICABLE,NOT_APPLICABLE,NOT_APPLICABLE,custom,24,V2_SYNTHETIC_FIXED_SELECTED_FOR_EB
cityrole-0152,electric_water_heater,1,UNKNOWN,D_injected_EB_private_equipment_synthetic_access,普通加热须对准有人需要热水的时段；事件日及额外提前加热按当次许可确认。,days_4_6,19,NOT_APPLICABLE,22,NOT_APPLICABLE,NOT_APPLICABLE,NOT_APPLICABLE,NOT_APPLICABLE,V2_SYNTHETIC_FIXED_SELECTED_FOR_EB
cityrole-0152,washer,1,UNKNOWN,D_injected_EB_private_equipment_synthetic_access,默认时刻须有成员在家并完成装载；轮班或事件日另核，不默认预约或远程启动。,days_4_6,21,19,24,1.0,60,NOT_APPLICABLE,NOT_APPLICABLE,V2_SYNTHETIC_FIXED_SELECTED_FOR_EB
cityrole-0153,ac,2,2,D_selected_private_AC_zones,有人在受控房间时使用；18:00–18:30若空屋预冷，须当天确认家户许可及实际预约/远控能力，否则到家后开启；空屋冷量不算舒适收益。,days_7,evening,NOT_APPLICABLE,NOT_APPLICABLE,NOT_APPLICABLE,NOT_APPLICABLE,evening,25,V2_SYNTHETIC_FIXED_SELECTED_FOR_EB
cityrole-0153,electric_water_heater,1,UNKNOWN,D_injected_EB_private_equipment_synthetic_access,普通加热须对准有人需要热水的时段；事件日及额外提前加热按当次许可确认。,days_7,19.8333333333,NOT_APPLICABLE,22,NOT_APPLICABLE,NOT_APPLICABLE,NOT_APPLICABLE,NOT_APPLICABLE,V2_SYNTHETIC_FIXED_SELECTED_FOR_EB
cityrole-0153,washer,1,UNKNOWN,D_injected_EB_private_equipment_synthetic_access,默认时刻须有成员在家并完成装载；轮班或事件日另核，不默认预约或远程启动。,days_7,19,19,23,1.0,60,NOT_APPLICABLE,NOT_APPLICABLE,V2_SYNTHETIC_FIXED_SELECTED_FOR_EB
cityrole-0154,electric_water_heater,1,UNKNOWN,D_injected_EB_private_equipment_synthetic_access,普通加热须对准有人需要热水的时段；事件日及额外提前加热按当次许可确认。,days_2_3,6,NOT_APPLICABLE,8,NOT_APPLICABLE,NOT_APPLICABLE,NOT_APPLICABLE,NOT_APPLICABLE,V2_SYNTHETIC_FIXED_SELECTED_FOR_EB
cityrole-0155,washer,1,UNKNOWN,D_injected_EB_private_equipment_synthetic_access,默认时刻须有成员在家并完成装载；轮班或事件日另核，不默认预约或远程启动。,days_4_6,21,19,24,1.0,60,NOT_APPLICABLE,NOT_APPLICABLE,V2_SYNTHETIC_FIXED_SELECTED_FOR_EB
cityrole-0156,ac,1,1,D_selected_private_AC_zones,有人在受控房间时使用；18:00–18:30若空屋预冷，须当天确认家户许可及实际预约/远控能力，否则到家后开启；空屋冷量不算舒适收益。,days_7,evening,NOT_APPLICABLE,NOT_APPLICABLE,NOT_APPLICABLE,NOT_APPLICABLE,evening,24,V2_SYNTHETIC_FIXED_SELECTED_FOR_EB
cityrole-0156,electric_water_heater,1,UNKNOWN,D_injected_EB_private_equipment_synthetic_access,普通加热须对准有人需要热水的时段；事件日及额外提前加热按当次许可确认。,days_7,19.8333333333,NOT_APPLICABLE,22,NOT_APPLICABLE,NOT_APPLICABLE,NOT_APPLICABLE,NOT_APPLICABLE,V2_SYNTHETIC_FIXED_SELECTED_FOR_EB
cityrole-0156,washer,1,UNKNOWN,D_injected_EB_private_equipment_synthetic_access,默认时刻须有成员在家并完成装载；轮班或事件日另核，不默认预约或远程启动。,days_7,19,19,23,1.0,60,NOT_APPLICABLE,NOT_APPLICABLE,V2_SYNTHETIC_FIXED_SELECTED_FOR_EB
cityrole-0157,ac,2,2,D_selected_private_AC_zones,有人在受控房间时使用；轮班或事件日另核，不把空屋冷量算作舒适收益。,days_2_3,afternoon,NOT_APPLICABLE,NOT_APPLICABLE,NOT_APPLICABLE,NOT_APPLICABLE,afternoon,25,V2_SYNTHETIC_FIXED_SELECTED_FOR_EB
cityrole-0157,dishwasher,1,UNKNOWN,D_injected_EB_private_equipment_synthetic_access,默认时刻须有成员在家并完成装载；轮班或事件日另核，不默认预约或远程启动。,days_2_3,21,19,24,1.0,60,NOT_APPLICABLE,NOT_APPLICABLE,V2_SYNTHETIC_FIXED_SELECTED_FOR_EB
cityrole-0157,electric_water_heater,1,UNKNOWN,D_injected_EB_private_equipment_synthetic_access,普通加热须对准有人需要热水的时段；事件日及额外提前加热按当次许可确认。,days_2_3,6,NOT_APPLICABLE,8,NOT_APPLICABLE,NOT_APPLICABLE,NOT_APPLICABLE,NOT_APPLICABLE,V2_SYNTHETIC_FIXED_SELECTED_FOR_EB
cityrole-0157,washer,1,UNKNOWN,D_injected_EB_private_equipment_synthetic_access,默认时刻须有成员在家并完成装载；轮班或事件日另核，不默认预约或远程启动。,days_2_3,19.8333333333,19,23,1.0,60,NOT_APPLICABLE,NOT_APPLICABLE,V2_SYNTHETIC_FIXED_SELECTED_FOR_EB
cityrole-0158,washer,1,UNKNOWN,D_injected_EB_private_equipment_synthetic_access,默认时刻须有成员在家并完成装载；轮班或事件日另核，不默认预约或远程启动。,days_4_6,21,19,24,1.0,60,NOT_APPLICABLE,NOT_APPLICABLE,V2_SYNTHETIC_FIXED_SELECTED_FOR_EB
cityrole-0159,ac,1,1,D_selected_private_AC_zones,有人在受控房间时使用；18:00–18:30若空屋预冷，须当天确认家户许可及实际预约/远控能力，否则到家后开启；空屋冷量不算舒适收益。,days_7,evening,NOT_APPLICABLE,NOT_APPLICABLE,NOT_APPLICABLE,NOT_APPLICABLE,evening,27,V2_SYNTHETIC_FIXED_SELECTED_FOR_EB
cityrole-0159,washer,1,UNKNOWN,D_injected_EB_private_equipment_synthetic_access,默认时刻须有成员在家并完成装载；轮班或事件日另核，不默认预约或远程启动。,days_7,19,19,23,1.0,60,NOT_APPLICABLE,NOT_APPLICABLE,V2_SYNTHETIC_FIXED_SELECTED_FOR_EB
cityrole-0160,ac,1,1,D_selected_private_AC_zones,有人在受控房间时使用；轮班或事件日另核，不把空屋冷量算作舒适收益。,days_2_3,custom,NOT_APPLICABLE,NOT_APPLICABLE,NOT_APPLICABLE,NOT_APPLICABLE,custom,24,V2_SYNTHETIC_FIXED_SELECTED_FOR_EB
cityrole-0160,electric_water_heater,1,UNKNOWN,D_injected_EB_private_equipment_synthetic_access,普通加热须对准有人需要热水的时段；事件日及额外提前加热按当次许可确认。,days_2_3,6,NOT_APPLICABLE,8,NOT_APPLICABLE,NOT_APPLICABLE,NOT_APPLICABLE,NOT_APPLICABLE,V2_SYNTHETIC_FIXED_SELECTED_FOR_EB
cityrole-0160,washer,1,UNKNOWN,D_injected_EB_private_equipment_synthetic_access,默认时刻须有成员在家并完成装载；轮班或事件日另核，不默认预约或远程启动。,days_2_3,19.8333333333,19,23,1.0,60,NOT_APPLICABLE,NOT_APPLICABLE,V2_SYNTHETIC_FIXED_SELECTED_FOR_EB
cityrole-0161,ac,2,2,D_selected_private_AC_zones,有人在受控房间时使用；18:00–18:30若空屋预冷，须当天确认家户许可及实际预约/远控能力，否则到家后开启；空屋冷量不算舒适收益。,days_4_6,evening,NOT_APPLICABLE,NOT_APPLICABLE,NOT_APPLICABLE,NOT_APPLICABLE,evening,25,V2_SYNTHETIC_FIXED_SELECTED_FOR_EB
cityrole-0161,electric_water_heater,1,UNKNOWN,D_injected_EB_private_equipment_synthetic_access,普通加热须对准有人需要热水的时段；事件日及额外提前加热按当次许可确认。,days_4_6,19,NOT_APPLICABLE,22,NOT_APPLICABLE,NOT_APPLICABLE,NOT_APPLICABLE,NOT_APPLICABLE,V2_SYNTHETIC_FIXED_SELECTED_FOR_EB
cityrole-0161,washer,1,UNKNOWN,D_injected_EB_private_equipment_synthetic_access,默认时刻须有成员在家并完成装载；轮班或事件日另核，不默认预约或远程启动。,days_4_6,21,19,24,1.0,60,NOT_APPLICABLE,NOT_APPLICABLE,V2_SYNTHETIC_FIXED_SELECTED_FOR_EB
cityrole-0162,ac,1,1,D_selected_private_AC_zones,有人在受控房间时使用；18:00–18:30若空屋预冷，须当天确认家户许可及实际预约/远控能力，否则到家后开启；空屋冷量不算舒适收益。,days_7,evening,NOT_APPLICABLE,NOT_APPLICABLE,NOT_APPLICABLE,NOT_APPLICABLE,evening,26,V2_SYNTHETIC_FIXED_SELECTED_FOR_EB
cityrole-0162,washer,1,UNKNOWN,D_injected_EB_private_equipment_synthetic_access,默认时刻须有成员在家并完成装载；轮班或事件日另核，不默认预约或远程启动。,days_7,19,19,23,1.0,60,NOT_APPLICABLE,NOT_APPLICABLE,V2_SYNTHETIC_FIXED_SELECTED_FOR_EB
cityrole-0163,ac,1,1,D_selected_private_AC_zones,有人在受控房间时使用；18:00–18:30若空屋预冷，须当天确认家户许可及实际预约/远控能力，否则到家后开启；空屋冷量不算舒适收益。,days_2_3,evening,NOT_APPLICABLE,NOT_APPLICABLE,NOT_APPLICABLE,NOT_APPLICABLE,evening,27,V2_SYNTHETIC_FIXED_SELECTED_FOR_EB
cityrole-0163,dishwasher,1,UNKNOWN,D_injected_EB_private_equipment_synthetic_access,默认时刻须有成员在家并完成装载；轮班或事件日另核，不默认预约或远程启动。,days_2_3,21,19,24,1.0,60,NOT_APPLICABLE,NOT_APPLICABLE,V2_SYNTHETIC_FIXED_SELECTED_FOR_EB
cityrole-0163,washer,1,UNKNOWN,D_injected_EB_private_equipment_synthetic_access,默认时刻须有成员在家并完成装载；轮班或事件日另核，不默认预约或远程启动。,days_2_3,19.8333333333,19,23,1.0,60,NOT_APPLICABLE,NOT_APPLICABLE,V2_SYNTHETIC_FIXED_SELECTED_FOR_EB
cityrole-0164,ac,1,1,D_selected_private_AC_zones,有人在受控房间时使用；轮班或事件日另核，不把空屋冷量算作舒适收益。,days_4_6,custom,NOT_APPLICABLE,NOT_APPLICABLE,NOT_APPLICABLE,NOT_APPLICABLE,custom,24,V2_SYNTHETIC_FIXED_SELECTED_FOR_EB
cityrole-0164,electric_water_heater,1,UNKNOWN,D_injected_EB_private_equipment_synthetic_access,普通加热须对准有人需要热水的时段；事件日及额外提前加热按当次许可确认。,days_4_6,19,NOT_APPLICABLE,22,NOT_APPLICABLE,NOT_APPLICABLE,NOT_APPLICABLE,NOT_APPLICABLE,V2_SYNTHETIC_FIXED_SELECTED_FOR_EB
cityrole-0164,home_ev,1,UNKNOWN,D_injected_EB_private_equipment_synthetic_access,由m02在典型外出日返家后接入；车辆实际到家、次日离家与充电权限按当天确认。,days_4_6,19.8333333333,NOT_APPLICABLE,7,NOT_APPLICABLE,NOT_APPLICABLE,NOT_APPLICABLE,NOT_APPLICABLE,V2_SYNTHETIC_FIXED_SELECTED_FOR_EB
cityrole-0164,washer,1,UNKNOWN,D_injected_EB_private_equipment_synthetic_access,默认时刻须有成员在家并完成装载；轮班或事件日另核，不默认预约或远程启动。,days_4_6,21,19,24,1.0,60,NOT_APPLICABLE,NOT_APPLICABLE,V2_SYNTHETIC_FIXED_SELECTED_FOR_EB
cityrole-0165,electric_water_heater,1,UNKNOWN,D_injected_EB_private_equipment_synthetic_access,普通加热须对准有人需要热水的时段；事件日及额外提前加热按当次许可确认。,days_7,19.8333333333,NOT_APPLICABLE,22,NOT_APPLICABLE,NOT_APPLICABLE,NOT_APPLICABLE,NOT_APPLICABLE,V2_SYNTHETIC_FIXED_SELECTED_FOR_EB
cityrole-0165,washer,1,UNKNOWN,D_injected_EB_private_equipment_synthetic_access,默认时刻须有成员在家并完成装载；轮班或事件日另核，不默认预约或远程启动。,days_7,19,19,23,1.0,60,NOT_APPLICABLE,NOT_APPLICABLE,V2_SYNTHETIC_FIXED_SELECTED_FOR_EB
cityrole-0166,electric_water_heater,1,UNKNOWN,D_injected_EB_private_equipment_synthetic_access,普通加热须对准有人需要热水的时段；事件日及额外提前加热按当次许可确认。,days_2_3,6,NOT_APPLICABLE,8,NOT_APPLICABLE,NOT_APPLICABLE,NOT_APPLICABLE,NOT_APPLICABLE,V2_SYNTHETIC_FIXED_SELECTED_FOR_EB
cityrole-0167,electric_water_heater,1,UNKNOWN,D_injected_EB_private_equipment_synthetic_access,普通加热须对准有人需要热水的时段；事件日及额外提前加热按当次许可确认。,days_4_6,19,NOT_APPLICABLE,22,NOT_APPLICABLE,NOT_APPLICABLE,NOT_APPLICABLE,NOT_APPLICABLE,V2_SYNTHETIC_FIXED_SELECTED_FOR_EB
cityrole-0167,home_ev,1,UNKNOWN,D_injected_EB_private_equipment_synthetic_access,由m03在典型外出日返家后接入；车辆实际到家、次日离家与充电权限按当天确认。,days_4_6,19.8333333333,NOT_APPLICABLE,7,NOT_APPLICABLE,NOT_APPLICABLE,NOT_APPLICABLE,NOT_APPLICABLE,V2_SYNTHETIC_FIXED_SELECTED_FOR_EB
cityrole-0167,washer,1,UNKNOWN,D_injected_EB_private_equipment_synthetic_access,默认时刻须有成员在家并完成装载；轮班或事件日另核，不默认预约或远程启动。,days_4_6,21,19,24,1.0,60,NOT_APPLICABLE,NOT_APPLICABLE,V2_SYNTHETIC_FIXED_SELECTED_FOR_EB
cityrole-0168,electric_water_heater,1,UNKNOWN,D_injected_EB_private_equipment_synthetic_access,普通加热须对准有人需要热水的时段；事件日及额外提前加热按当次许可确认。,days_7,19.8333333333,NOT_APPLICABLE,22,NOT_APPLICABLE,NOT_APPLICABLE,NOT_APPLICABLE,NOT_APPLICABLE,V2_SYNTHETIC_FIXED_SELECTED_FOR_EB
cityrole-0168,washer,1,UNKNOWN,D_injected_EB_private_equipment_synthetic_access,默认时刻须有成员在家并完成装载；轮班或事件日另核，不默认预约或远程启动。,days_7,19,19,23,1.0,60,NOT_APPLICABLE,NOT_APPLICABLE,V2_SYNTHETIC_FIXED_SELECTED_FOR_EB
cityrole-0169,ac,2,2,D_selected_private_AC_zones,有人在受控房间时使用；18:00–18:30若空屋预冷，须当天确认家户许可及实际预约/远控能力，否则到家后开启；空屋冷量不算舒适收益。,days_2_3,evening,NOT_APPLICABLE,NOT_APPLICABLE,NOT_APPLICABLE,NOT_APPLICABLE,evening,25,V2_SYNTHETIC_FIXED_SELECTED_FOR_EB
cityrole-0169,electric_water_heater,1,UNKNOWN,D_injected_EB_private_equipment_synthetic_access,普通加热须对准有人需要热水的时段；事件日及额外提前加热按当次许可确认。,days_2_3,6,NOT_APPLICABLE,8,NOT_APPLICABLE,NOT_APPLICABLE,NOT_APPLICABLE,NOT_APPLICABLE,V2_SYNTHETIC_FIXED_SELECTED_FOR_EB
cityrole-0169,washer,1,UNKNOWN,D_injected_EB_private_equipment_synthetic_access,默认时刻须有成员在家并完成装载；轮班或事件日另核，不默认预约或远程启动。,days_2_3,19.8333333333,19,23,1.0,60,NOT_APPLICABLE,NOT_APPLICABLE,V2_SYNTHETIC_FIXED_SELECTED_FOR_EB
cityrole-0170,ac,1,1,D_selected_private_AC_zones,有人在受控房间时使用；18:00–18:30若空屋预冷，须当天确认家户许可及实际预约/远控能力，否则到家后开启；空屋冷量不算舒适收益。,days_4_6,evening,NOT_APPLICABLE,NOT_APPLICABLE,NOT_APPLICABLE,NOT_APPLICABLE,evening,26,V2_SYNTHETIC_FIXED_SELECTED_FOR_EB
cityrole-0170,electric_water_heater,1,UNKNOWN,D_injected_EB_private_equipment_synthetic_access,普通加热须对准有人需要热水的时段；事件日及额外提前加热按当次许可确认。,days_4_6,19,NOT_APPLICABLE,22,NOT_APPLICABLE,NOT_APPLICABLE,NOT_APPLICABLE,NOT_APPLICABLE,V2_SYNTHETIC_FIXED_SELECTED_FOR_EB
cityrole-0170,washer,1,UNKNOWN,D_injected_EB_private_equipment_synthetic_access,默认时刻须有成员在家并完成装载；轮班或事件日另核，不默认预约或远程启动。,days_4_6,21,19,24,1.0,60,NOT_APPLICABLE,NOT_APPLICABLE,V2_SYNTHETIC_FIXED_SELECTED_FOR_EB
cityrole-0171,ac,1,1,D_selected_private_AC_zones,有人在受控房间时使用；18:00–18:30若空屋预冷，须当天确认家户许可及实际预约/远控能力，否则到家后开启；空屋冷量不算舒适收益。,days_7,evening,NOT_APPLICABLE,NOT_APPLICABLE,NOT_APPLICABLE,NOT_APPLICABLE,evening,27,V2_SYNTHETIC_FIXED_SELECTED_FOR_EB
cityrole-0171,electric_water_heater,1,UNKNOWN,D_injected_EB_private_equipment_synthetic_access,普通加热须对准有人需要热水的时段；事件日及额外提前加热按当次许可确认。,days_7,19.8333333333,NOT_APPLICABLE,22,NOT_APPLICABLE,NOT_APPLICABLE,NOT_APPLICABLE,NOT_APPLICABLE,V2_SYNTHETIC_FIXED_SELECTED_FOR_EB
cityrole-0171,washer,1,UNKNOWN,D_injected_EB_private_equipment_synthetic_access,默认时刻须有成员在家并完成装载；轮班或事件日另核，不默认预约或远程启动。,days_7,19,19,23,1.0,60,NOT_APPLICABLE,NOT_APPLICABLE,V2_SYNTHETIC_FIXED_SELECTED_FOR_EB
cityrole-0172,dryer,1,UNKNOWN,D_injected_EB_private_equipment_synthetic_access,默认时刻须有成员在家并完成装载；轮班或事件日另核，不默认预约或远程启动。,days_2_3,19,19,23,1.5,90,NOT_APPLICABLE,NOT_APPLICABLE,V2_SYNTHETIC_FIXED_SELECTED_FOR_EB
cityrole-0172,electric_water_heater,1,UNKNOWN,D_injected_EB_private_equipment_synthetic_access,普通加热须对准有人需要热水的时段；事件日及额外提前加热按当次许可确认。,days_2_3,6,NOT_APPLICABLE,8,NOT_APPLICABLE,NOT_APPLICABLE,NOT_APPLICABLE,NOT_APPLICABLE,V2_SYNTHETIC_FIXED_SELECTED_FOR_EB
cityrole-0173,ac,2,2,D_selected_private_AC_zones,有人在受控房间时使用；轮班或事件日另核，不把空屋冷量算作舒适收益。,days_4_6,afternoon,NOT_APPLICABLE,NOT_APPLICABLE,NOT_APPLICABLE,NOT_APPLICABLE,afternoon,25,V2_SYNTHETIC_FIXED_SELECTED_FOR_EB
cityrole-0173,washer,1,UNKNOWN,D_injected_EB_private_equipment_synthetic_access,默认时刻须有成员在家并完成装载；轮班或事件日另核，不默认预约或远程启动。,days_4_6,21,19,24,1.0,60,NOT_APPLICABLE,NOT_APPLICABLE,V2_SYNTHETIC_FIXED_SELECTED_FOR_EB
cityrole-0174,ac,1,1,D_selected_private_AC_zones,有人在受控房间时使用；18:00–18:30若空屋预冷，须当天确认家户许可及实际预约/远控能力，否则到家后开启；空屋冷量不算舒适收益。,days_7,evening,NOT_APPLICABLE,NOT_APPLICABLE,NOT_APPLICABLE,NOT_APPLICABLE,evening,26,V2_SYNTHETIC_FIXED_SELECTED_FOR_EB
cityrole-0175,washer,1,UNKNOWN,D_injected_EB_private_equipment_synthetic_access,默认时刻须有成员在家并完成装载；轮班或事件日另核，不默认预约或远程启动。,days_2_3,19.8333333333,19,23,1.0,60,NOT_APPLICABLE,NOT_APPLICABLE,V2_SYNTHETIC_FIXED_SELECTED_FOR_EB
cityrole-0176,washer,1,UNKNOWN,D_injected_EB_private_equipment_synthetic_access,默认时刻须有成员在家并完成装载；轮班或事件日另核，不默认预约或远程启动。,days_4_6,21,19,24,1.0,60,NOT_APPLICABLE,NOT_APPLICABLE,V2_SYNTHETIC_FIXED_SELECTED_FOR_EB
cityrole-0177,ac,2,2,D_selected_private_AC_zones,有人在受控房间时使用；轮班或事件日另核，不把空屋冷量算作舒适收益。,days_7,afternoon,NOT_APPLICABLE,NOT_APPLICABLE,NOT_APPLICABLE,NOT_APPLICABLE,afternoon,25,V2_SYNTHETIC_FIXED_SELECTED_FOR_EB
cityrole-0177,electric_water_heater,1,UNKNOWN,D_injected_EB_private_equipment_synthetic_access,普通加热须对准有人需要热水的时段；事件日及额外提前加热按当次许可确认。,days_7,19.8333333333,NOT_APPLICABLE,22,NOT_APPLICABLE,NOT_APPLICABLE,NOT_APPLICABLE,NOT_APPLICABLE,V2_SYNTHETIC_FIXED_SELECTED_FOR_EB
cityrole-0177,washer,1,UNKNOWN,D_injected_EB_private_equipment_synthetic_access,默认时刻须有成员在家并完成装载；轮班或事件日另核，不默认预约或远程启动。,days_7,19,19,23,1.0,60,NOT_APPLICABLE,NOT_APPLICABLE,V2_SYNTHETIC_FIXED_SELECTED_FOR_EB
cityrole-0178,ac,1,1,D_selected_private_AC_zones,有人在受控房间时使用；18:00–18:30若空屋预冷，须当天确认家户许可及实际预约/远控能力，否则到家后开启；空屋冷量不算舒适收益。,days_2_3,evening,NOT_APPLICABLE,NOT_APPLICABLE,NOT_APPLICABLE,NOT_APPLICABLE,evening,26,V2_SYNTHETIC_FIXED_SELECTED_FOR_EB
cityrole-0178,electric_water_heater,1,UNKNOWN,D_injected_EB_private_equipment_synthetic_access,普通加热须对准有人需要热水的时段；事件日及额外提前加热按当次许可确认。,days_2_3,6,NOT_APPLICABLE,8,NOT_APPLICABLE,NOT_APPLICABLE,NOT_APPLICABLE,NOT_APPLICABLE,V2_SYNTHETIC_FIXED_SELECTED_FOR_EB
cityrole-0178,washer,1,UNKNOWN,D_injected_EB_private_equipment_synthetic_access,默认时刻须有成员在家并完成装载；轮班或事件日另核，不默认预约或远程启动。,days_2_3,19.8333333333,19,23,1.0,60,NOT_APPLICABLE,NOT_APPLICABLE,V2_SYNTHETIC_FIXED_SELECTED_FOR_EB
cityrole-0179,electric_water_heater,1,UNKNOWN,D_injected_EB_private_equipment_synthetic_access,普通加热须对准有人需要热水的时段；事件日及额外提前加热按当次许可确认。,days_4_6,19,NOT_APPLICABLE,22,NOT_APPLICABLE,NOT_APPLICABLE,NOT_APPLICABLE,NOT_APPLICABLE,V2_SYNTHETIC_FIXED_SELECTED_FOR_EB
cityrole-0179,washer,1,UNKNOWN,D_injected_EB_private_equipment_synthetic_access,默认时刻须有成员在家并完成装载；轮班或事件日另核，不默认预约或远程启动。,days_4_6,21,19,24,1.0,60,NOT_APPLICABLE,NOT_APPLICABLE,V2_SYNTHETIC_FIXED_SELECTED_FOR_EB
cityrole-0180,ac,1,1,D_selected_private_AC_zones,有人在受控房间时使用；轮班或事件日另核，不把空屋冷量算作舒适收益。,days_7,custom,NOT_APPLICABLE,NOT_APPLICABLE,NOT_APPLICABLE,NOT_APPLICABLE,custom,24,V2_SYNTHETIC_FIXED_SELECTED_FOR_EB
cityrole-0180,home_ev,1,UNKNOWN,D_injected_EB_private_equipment_synthetic_access,由m01在典型外出日返家后接入；车辆实际到家、次日离家与充电权限按当天确认。,days_7,21,NOT_APPLICABLE,8.5,NOT_APPLICABLE,NOT_APPLICABLE,NOT_APPLICABLE,NOT_APPLICABLE,V2_SYNTHETIC_FIXED_SELECTED_FOR_EB
cityrole-0180,washer,1,UNKNOWN,D_injected_EB_private_equipment_synthetic_access,默认时刻须有成员在家并完成装载；轮班或事件日另核，不默认预约或远程启动。,days_7,19,19,23,1.0,60,NOT_APPLICABLE,NOT_APPLICABLE,V2_SYNTHETIC_FIXED_SELECTED_FOR_EB
cityrole-0181,electric_water_heater,1,UNKNOWN,D_injected_EB_private_equipment_synthetic_access,普通加热须对准有人需要热水的时段；事件日及额外提前加热按当次许可确认。,days_2_3,6,NOT_APPLICABLE,8,NOT_APPLICABLE,NOT_APPLICABLE,NOT_APPLICABLE,NOT_APPLICABLE,V2_SYNTHETIC_FIXED_SELECTED_FOR_EB
cityrole-0181,washer,1,UNKNOWN,D_injected_EB_private_equipment_synthetic_access,默认时刻须有成员在家并完成装载；轮班或事件日另核，不默认预约或远程启动。,days_2_3,19.8333333333,19,23,1.0,60,NOT_APPLICABLE,NOT_APPLICABLE,V2_SYNTHETIC_FIXED_SELECTED_FOR_EB
cityrole-0182,ac,1,1,D_selected_private_AC_zones,有人在受控房间时使用；18:00–18:30若空屋预冷，须当天确认家户许可及实际预约/远控能力，否则到家后开启；空屋冷量不算舒适收益。,days_4_6,evening,NOT_APPLICABLE,NOT_APPLICABLE,NOT_APPLICABLE,NOT_APPLICABLE,evening,26,V2_SYNTHETIC_FIXED_SELECTED_FOR_EB
cityrole-0183,ac,1,1,D_selected_private_AC_zones,有人在受控房间时使用；18:00–18:30若空屋预冷，须当天确认家户许可及实际预约/远控能力，否则到家后开启；空屋冷量不算舒适收益。,days_7,evening,NOT_APPLICABLE,NOT_APPLICABLE,NOT_APPLICABLE,NOT_APPLICABLE,evening,27,V2_SYNTHETIC_FIXED_SELECTED_FOR_EB
cityrole-0183,electric_water_heater,1,UNKNOWN,D_injected_EB_private_equipment_synthetic_access,普通加热须对准有人需要热水的时段；事件日及额外提前加热按当次许可确认。,days_7,19.8333333333,NOT_APPLICABLE,22,NOT_APPLICABLE,NOT_APPLICABLE,NOT_APPLICABLE,NOT_APPLICABLE,V2_SYNTHETIC_FIXED_SELECTED_FOR_EB
cityrole-0183,washer,1,UNKNOWN,D_injected_EB_private_equipment_synthetic_access,默认时刻须有成员在家并完成装载；轮班或事件日另核，不默认预约或远程启动。,days_7,19,19,23,1.0,60,NOT_APPLICABLE,NOT_APPLICABLE,V2_SYNTHETIC_FIXED_SELECTED_FOR_EB
cityrole-0184,electric_water_heater,1,UNKNOWN,D_injected_EB_private_equipment_synthetic_access,普通加热须对准有人需要热水的时段；事件日及额外提前加热按当次许可确认。,days_2_3,6,NOT_APPLICABLE,8,NOT_APPLICABLE,NOT_APPLICABLE,NOT_APPLICABLE,NOT_APPLICABLE,V2_SYNTHETIC_FIXED_SELECTED_FOR_EB
cityrole-0184,washer,1,UNKNOWN,D_injected_EB_private_equipment_synthetic_access,默认时刻须有成员在家并完成装载；轮班或事件日另核，不默认预约或远程启动。,days_2_3,19.8333333333,19,23,1.0,60,NOT_APPLICABLE,NOT_APPLICABLE,V2_SYNTHETIC_FIXED_SELECTED_FOR_EB
cityrole-0185,ac,2,2,D_selected_private_AC_zones,有人在受控房间时使用；轮班或事件日另核，不把空屋冷量算作舒适收益。,days_4_6,afternoon,NOT_APPLICABLE,NOT_APPLICABLE,NOT_APPLICABLE,NOT_APPLICABLE,afternoon,25,V2_SYNTHETIC_FIXED_SELECTED_FOR_EB
cityrole-0185,dishwasher,1,UNKNOWN,D_injected_EB_private_equipment_synthetic_access,默认时刻须有成员在家并完成装载；轮班或事件日另核，不默认预约或远程启动。,days_4_6,19,19,23,1.0,60,NOT_APPLICABLE,NOT_APPLICABLE,V2_SYNTHETIC_FIXED_SELECTED_FOR_EB
cityrole-0185,electric_water_heater,1,UNKNOWN,D_injected_EB_private_equipment_synthetic_access,普通加热须对准有人需要热水的时段；事件日及额外提前加热按当次许可确认。,days_4_6,19,NOT_APPLICABLE,22,NOT_APPLICABLE,NOT_APPLICABLE,NOT_APPLICABLE,NOT_APPLICABLE,V2_SYNTHETIC_FIXED_SELECTED_FOR_EB
cityrole-0185,washer,1,UNKNOWN,D_injected_EB_private_equipment_synthetic_access,默认时刻须有成员在家并完成装载；轮班或事件日另核，不默认预约或远程启动。,days_4_6,21,19,24,1.0,60,NOT_APPLICABLE,NOT_APPLICABLE,V2_SYNTHETIC_FIXED_SELECTED_FOR_EB
cityrole-0186,ac,1,1,D_selected_private_AC_zones,有人在受控房间时使用；18:00–18:30若空屋预冷，须当天确认家户许可及实际预约/远控能力，否则到家后开启；空屋冷量不算舒适收益。,days_7,evening,NOT_APPLICABLE,NOT_APPLICABLE,NOT_APPLICABLE,NOT_APPLICABLE,evening,26,V2_SYNTHETIC_FIXED_SELECTED_FOR_EB
cityrole-0186,electric_water_heater,1,UNKNOWN,D_injected_EB_private_equipment_synthetic_access,普通加热须对准有人需要热水的时段；事件日及额外提前加热按当次许可确认。,days_7,19.8333333333,NOT_APPLICABLE,22,NOT_APPLICABLE,NOT_APPLICABLE,NOT_APPLICABLE,NOT_APPLICABLE,V2_SYNTHETIC_FIXED_SELECTED_FOR_EB
cityrole-0186,washer,1,UNKNOWN,D_injected_EB_private_equipment_synthetic_access,默认时刻须有成员在家并完成装载；轮班或事件日另核，不默认预约或远程启动。,days_7,19,19,23,1.0,60,NOT_APPLICABLE,NOT_APPLICABLE,V2_SYNTHETIC_FIXED_SELECTED_FOR_EB
cityrole-0187,ac,1,1,D_selected_private_AC_zones,有人在受控房间时使用；18:00–18:30若空屋预冷，须当天确认家户许可及实际预约/远控能力，否则到家后开启；空屋冷量不算舒适收益。,days_2_3,evening,NOT_APPLICABLE,NOT_APPLICABLE,NOT_APPLICABLE,NOT_APPLICABLE,evening,27,V2_SYNTHETIC_FIXED_SELECTED_FOR_EB
cityrole-0187,washer,1,UNKNOWN,D_injected_EB_private_equipment_synthetic_access,默认时刻须有成员在家并完成装载；轮班或事件日另核，不默认预约或远程启动。,days_2_3,19.8333333333,19,23,1.0,60,NOT_APPLICABLE,NOT_APPLICABLE,V2_SYNTHETIC_FIXED_SELECTED_FOR_EB
cityrole-0188,ac,1,1,D_selected_private_AC_zones,有人在受控房间时使用；轮班或事件日另核，不把空屋冷量算作舒适收益。,days_4_6,custom,NOT_APPLICABLE,NOT_APPLICABLE,NOT_APPLICABLE,NOT_APPLICABLE,custom,24,V2_SYNTHETIC_FIXED_SELECTED_FOR_EB
cityrole-0188,washer,1,UNKNOWN,D_injected_EB_private_equipment_synthetic_access,默认时刻须有成员在家并完成装载；轮班或事件日另核，不默认预约或远程启动。,days_4_6,21,19,24,1.0,60,NOT_APPLICABLE,NOT_APPLICABLE,V2_SYNTHETIC_FIXED_SELECTED_FOR_EB
cityrole-0189,washer,1,UNKNOWN,D_injected_EB_private_equipment_synthetic_access,默认时刻须有成员在家并完成装载；轮班或事件日另核，不默认预约或远程启动。,days_7,19,19,23,1.0,60,NOT_APPLICABLE,NOT_APPLICABLE,V2_SYNTHETIC_FIXED_SELECTED_FOR_EB
cityrole-0190,ac,1,1,D_selected_private_AC_zones,有人在受控房间时使用；18:00–18:30若空屋预冷，须当天确认家户许可及实际预约/远控能力，否则到家后开启；空屋冷量不算舒适收益。,days_2_3,evening,NOT_APPLICABLE,NOT_APPLICABLE,NOT_APPLICABLE,NOT_APPLICABLE,evening,26,V2_SYNTHETIC_FIXED_SELECTED_FOR_EB
cityrole-0190,dishwasher,1,UNKNOWN,D_injected_EB_private_equipment_synthetic_access,默认时刻须有成员在家并完成装载；轮班或事件日另核，不默认预约或远程启动。,days_2_3,21,19,24,1.0,60,NOT_APPLICABLE,NOT_APPLICABLE,V2_SYNTHETIC_FIXED_SELECTED_FOR_EB
cityrole-0190,washer,1,UNKNOWN,D_injected_EB_private_equipment_synthetic_access,默认时刻须有成员在家并完成装载；轮班或事件日另核，不默认预约或远程启动。,days_2_3,19.8333333333,19,23,1.0,60,NOT_APPLICABLE,NOT_APPLICABLE,V2_SYNTHETIC_FIXED_SELECTED_FOR_EB
cityrole-0191,ac,1,1,D_selected_private_AC_zones,有人在受控房间时使用；18:00–18:30若空屋预冷，须当天确认家户许可及实际预约/远控能力，否则到家后开启；空屋冷量不算舒适收益。,days_4_6,evening,NOT_APPLICABLE,NOT_APPLICABLE,NOT_APPLICABLE,NOT_APPLICABLE,evening,27,V2_SYNTHETIC_FIXED_SELECTED_FOR_EB
cityrole-0191,washer,1,UNKNOWN,D_injected_EB_private_equipment_synthetic_access,默认时刻须有成员在家并完成装载；轮班或事件日另核，不默认预约或远程启动。,days_4_6,21,19,24,1.0,60,NOT_APPLICABLE,NOT_APPLICABLE,V2_SYNTHETIC_FIXED_SELECTED_FOR_EB
cityrole-0192,ac,1,1,D_selected_private_AC_zones,有人在受控房间时使用；轮班或事件日另核，不把空屋冷量算作舒适收益。,days_7,custom,NOT_APPLICABLE,NOT_APPLICABLE,NOT_APPLICABLE,NOT_APPLICABLE,custom,24,V2_SYNTHETIC_FIXED_SELECTED_FOR_EB
cityrole-0192,washer,1,UNKNOWN,D_injected_EB_private_equipment_synthetic_access,默认时刻须有成员在家并完成装载；轮班或事件日另核，不默认预约或远程启动。,days_7,19,19,23,1.0,60,NOT_APPLICABLE,NOT_APPLICABLE,V2_SYNTHETIC_FIXED_SELECTED_FOR_EB
cityrole-0193,ac,2,2,D_selected_private_AC_zones,有人在受控房间时使用；18:00–18:30若空屋预冷，须当天确认家户许可及实际预约/远控能力，否则到家后开启；空屋冷量不算舒适收益。,days_2_3,evening,NOT_APPLICABLE,NOT_APPLICABLE,NOT_APPLICABLE,NOT_APPLICABLE,evening,25,V2_SYNTHETIC_FIXED_SELECTED_FOR_EB
cityrole-0193,washer,1,UNKNOWN,D_injected_EB_private_equipment_synthetic_access,默认时刻须有成员在家并完成装载；轮班或事件日另核，不默认预约或远程启动。,days_2_3,19.8333333333,19,23,1.0,60,NOT_APPLICABLE,NOT_APPLICABLE,V2_SYNTHETIC_FIXED_SELECTED_FOR_EB
cityrole-0194,washer,1,UNKNOWN,D_injected_EB_private_equipment_synthetic_access,默认时刻须有成员在家并完成装载；轮班或事件日另核，不默认预约或远程启动。,days_4_6,21,19,24,1.0,60,NOT_APPLICABLE,NOT_APPLICABLE,V2_SYNTHETIC_FIXED_SELECTED_FOR_EB
cityrole-0195,ac,1,1,D_selected_private_AC_zones,有人在受控房间时使用；18:00–18:30若空屋预冷，须当天确认家户许可及实际预约/远控能力，否则到家后开启；空屋冷量不算舒适收益。,days_7,evening,NOT_APPLICABLE,NOT_APPLICABLE,NOT_APPLICABLE,NOT_APPLICABLE,evening,27,V2_SYNTHETIC_FIXED_SELECTED_FOR_EB
cityrole-0195,dryer,1,UNKNOWN,D_injected_EB_private_equipment_synthetic_access,默认时刻须有成员在家并完成装载；轮班或事件日另核，不默认预约或远程启动。,days_7,21,19,24,1.5,90,NOT_APPLICABLE,NOT_APPLICABLE,V2_SYNTHETIC_FIXED_SELECTED_FOR_EB
cityrole-0195,electric_water_heater,1,UNKNOWN,D_injected_EB_private_equipment_synthetic_access,普通加热须对准有人需要热水的时段；事件日及额外提前加热按当次许可确认。,days_7,19.8333333333,NOT_APPLICABLE,22,NOT_APPLICABLE,NOT_APPLICABLE,NOT_APPLICABLE,NOT_APPLICABLE,V2_SYNTHETIC_FIXED_SELECTED_FOR_EB
cityrole-0195,washer,1,UNKNOWN,D_injected_EB_private_equipment_synthetic_access,默认时刻须有成员在家并完成装载；轮班或事件日另核，不默认预约或远程启动。,days_7,19,19,23,1.0,60,NOT_APPLICABLE,NOT_APPLICABLE,V2_SYNTHETIC_FIXED_SELECTED_FOR_EB
cityrole-0196,ac,1,1,D_selected_private_AC_zones,有人在受控房间时使用；轮班或事件日另核，不把空屋冷量算作舒适收益。,days_2_3,custom,NOT_APPLICABLE,NOT_APPLICABLE,NOT_APPLICABLE,NOT_APPLICABLE,custom,24,V2_SYNTHETIC_FIXED_SELECTED_FOR_EB
cityrole-0196,dishwasher,1,UNKNOWN,D_injected_EB_private_equipment_synthetic_access,默认时刻须有成员在家并完成装载；轮班或事件日另核，不默认预约或远程启动。,days_2_3,21,19,24,1.0,60,NOT_APPLICABLE,NOT_APPLICABLE,V2_SYNTHETIC_FIXED_SELECTED_FOR_EB
cityrole-0196,home_ev,1,UNKNOWN,D_injected_EB_private_equipment_synthetic_access,由m01在典型外出日返家后接入；车辆实际到家、次日离家与充电权限按当天确认。,days_2_3,19,NOT_APPLICABLE,7,NOT_APPLICABLE,NOT_APPLICABLE,NOT_APPLICABLE,NOT_APPLICABLE,V2_SYNTHETIC_FIXED_SELECTED_FOR_EB
cityrole-0196,washer,1,UNKNOWN,D_injected_EB_private_equipment_synthetic_access,默认时刻须有成员在家并完成装载；轮班或事件日另核，不默认预约或远程启动。,days_2_3,19.8333333333,19,23,1.0,60,NOT_APPLICABLE,NOT_APPLICABLE,V2_SYNTHETIC_FIXED_SELECTED_FOR_EB
cityrole-0197,electric_water_heater,1,UNKNOWN,D_injected_EB_private_equipment_synthetic_access,普通加热须对准有人需要热水的时段；事件日及额外提前加热按当次许可确认。,days_4_6,19,NOT_APPLICABLE,22,NOT_APPLICABLE,NOT_APPLICABLE,NOT_APPLICABLE,NOT_APPLICABLE,V2_SYNTHETIC_FIXED_SELECTED_FOR_EB
cityrole-0197,washer,1,UNKNOWN,D_injected_EB_private_equipment_synthetic_access,默认时刻须有成员在家并完成装载；轮班或事件日另核，不默认预约或远程启动。,days_4_6,21,19,24,1.0,60,NOT_APPLICABLE,NOT_APPLICABLE,V2_SYNTHETIC_FIXED_SELECTED_FOR_EB
cityrole-0198,ac,1,1,D_selected_private_AC_zones,有人在受控房间时使用；18:00–18:30若空屋预冷，须当天确认家户许可及实际预约/远控能力，否则到家后开启；空屋冷量不算舒适收益。,days_7,evening,NOT_APPLICABLE,NOT_APPLICABLE,NOT_APPLICABLE,NOT_APPLICABLE,evening,26,V2_SYNTHETIC_FIXED_SELECTED_FOR_EB
cityrole-0198,electric_water_heater,1,UNKNOWN,D_injected_EB_private_equipment_synthetic_access,普通加热须对准有人需要热水的时段；事件日及额外提前加热按当次许可确认。,days_7,19.8333333333,NOT_APPLICABLE,22,NOT_APPLICABLE,NOT_APPLICABLE,NOT_APPLICABLE,NOT_APPLICABLE,V2_SYNTHETIC_FIXED_SELECTED_FOR_EB
cityrole-0198,washer,1,UNKNOWN,D_injected_EB_private_equipment_synthetic_access,默认时刻须有成员在家并完成装载；轮班或事件日另核，不默认预约或远程启动。,days_7,19,19,23,1.0,60,NOT_APPLICABLE,NOT_APPLICABLE,V2_SYNTHETIC_FIXED_SELECTED_FOR_EB
cityrole-0199,electric_water_heater,1,UNKNOWN,D_injected_EB_private_equipment_synthetic_access,普通加热须对准有人需要热水的时段；事件日及额外提前加热按当次许可确认。,days_2_3,6,NOT_APPLICABLE,8,NOT_APPLICABLE,NOT_APPLICABLE,NOT_APPLICABLE,NOT_APPLICABLE,V2_SYNTHETIC_FIXED_SELECTED_FOR_EB
cityrole-0199,washer,1,UNKNOWN,D_injected_EB_private_equipment_synthetic_access,默认时刻须有成员在家并完成装载；轮班或事件日另核，不默认预约或远程启动。,days_2_3,19.8333333333,19,23,1.0,60,NOT_APPLICABLE,NOT_APPLICABLE,V2_SYNTHETIC_FIXED_SELECTED_FOR_EB
cityrole-0200,electric_water_heater,1,UNKNOWN,D_injected_EB_private_equipment_synthetic_access,普通加热须对准有人需要热水的时段；事件日及额外提前加热按当次许可确认。,days_4_6,19,NOT_APPLICABLE,22,NOT_APPLICABLE,NOT_APPLICABLE,NOT_APPLICABLE,NOT_APPLICABLE,V2_SYNTHETIC_FIXED_SELECTED_FOR_EB
cityrole-0200,washer,1,UNKNOWN,D_injected_EB_private_equipment_synthetic_access,默认时刻须有成员在家并完成装载；轮班或事件日另核，不默认预约或远程启动。,days_4_6,21,19,24,1.0,60,NOT_APPLICABLE,NOT_APPLICABLE,V2_SYNTHETIC_FIXED_SELECTED_FOR_EB
cityrole-0201,ac,2,2,D_selected_private_AC_zones,有人在受控房间时使用；18:00–18:30若空屋预冷，须当天确认家户许可及实际预约/远控能力，否则到家后开启；空屋冷量不算舒适收益。,days_7,evening,NOT_APPLICABLE,NOT_APPLICABLE,NOT_APPLICABLE,NOT_APPLICABLE,evening,25,V2_SYNTHETIC_FIXED_SELECTED_FOR_EB
cityrole-0201,washer,1,UNKNOWN,D_injected_EB_private_equipment_synthetic_access,默认时刻须有成员在家并完成装载；轮班或事件日另核，不默认预约或远程启动。,days_7,19,19,23,1.0,60,NOT_APPLICABLE,NOT_APPLICABLE,V2_SYNTHETIC_FIXED_SELECTED_FOR_EB
cityrole-0202,ac,1,1,D_selected_private_AC_zones,有人在受控房间时使用；18:00–18:30若空屋预冷，须当天确认家户许可及实际预约/远控能力，否则到家后开启；空屋冷量不算舒适收益。,days_2_3,evening,NOT_APPLICABLE,NOT_APPLICABLE,NOT_APPLICABLE,NOT_APPLICABLE,evening,26,V2_SYNTHETIC_FIXED_SELECTED_FOR_EB
cityrole-0202,dryer,1,UNKNOWN,D_injected_EB_private_equipment_synthetic_access,默认时刻须有成员在家并完成装载；轮班或事件日另核，不默认预约或远程启动。,days_2_3,19,19,23,1.5,90,NOT_APPLICABLE,NOT_APPLICABLE,V2_SYNTHETIC_FIXED_SELECTED_FOR_EB
cityrole-0202,electric_water_heater,1,UNKNOWN,D_injected_EB_private_equipment_synthetic_access,普通加热须对准有人需要热水的时段；事件日及额外提前加热按当次许可确认。,days_2_3,6,NOT_APPLICABLE,8,NOT_APPLICABLE,NOT_APPLICABLE,NOT_APPLICABLE,NOT_APPLICABLE,V2_SYNTHETIC_FIXED_SELECTED_FOR_EB
cityrole-0202,washer,1,UNKNOWN,D_injected_EB_private_equipment_synthetic_access,默认时刻须有成员在家并完成装载；轮班或事件日另核，不默认预约或远程启动。,days_2_3,19.8333333333,19,23,1.0,60,NOT_APPLICABLE,NOT_APPLICABLE,V2_SYNTHETIC_FIXED_SELECTED_FOR_EB
cityrole-0203,dryer,1,UNKNOWN,D_injected_EB_private_equipment_synthetic_access,默认时刻须有成员在家并完成装载；轮班或事件日另核，不默认预约或远程启动。,days_4_6,19.8333333333,19,23,1.5,90,NOT_APPLICABLE,NOT_APPLICABLE,V2_SYNTHETIC_FIXED_SELECTED_FOR_EB
cityrole-0203,washer,1,UNKNOWN,D_injected_EB_private_equipment_synthetic_access,默认时刻须有成员在家并完成装载；轮班或事件日另核，不默认预约或远程启动。,days_4_6,21,19,24,1.0,60,NOT_APPLICABLE,NOT_APPLICABLE,V2_SYNTHETIC_FIXED_SELECTED_FOR_EB
cityrole-0204,ac,1,1,D_selected_private_AC_zones,有人在受控房间时使用；轮班或事件日另核，不把空屋冷量算作舒适收益。,days_7,custom,NOT_APPLICABLE,NOT_APPLICABLE,NOT_APPLICABLE,NOT_APPLICABLE,custom,24,V2_SYNTHETIC_FIXED_SELECTED_FOR_EB
cityrole-0204,washer,1,UNKNOWN,D_injected_EB_private_equipment_synthetic_access,默认时刻须有成员在家并完成装载；轮班或事件日另核，不默认预约或远程启动。,days_7,19,19,23,1.0,60,NOT_APPLICABLE,NOT_APPLICABLE,V2_SYNTHETIC_FIXED_SELECTED_FOR_EB
cityrole-0205,ac,2,2,D_selected_private_AC_zones,有人在受控房间时使用；18:00–18:30若空屋预冷，须当天确认家户许可及实际预约/远控能力，否则到家后开启；空屋冷量不算舒适收益。,days_2_3,evening,NOT_APPLICABLE,NOT_APPLICABLE,NOT_APPLICABLE,NOT_APPLICABLE,evening,25,V2_SYNTHETIC_FIXED_SELECTED_FOR_EB
cityrole-0205,dishwasher,1,UNKNOWN,D_injected_EB_private_equipment_synthetic_access,默认时刻须有成员在家并完成装载；轮班或事件日另核，不默认预约或远程启动。,days_2_3,21,19,24,1.0,60,NOT_APPLICABLE,NOT_APPLICABLE,V2_SYNTHETIC_FIXED_SELECTED_FOR_EB
cityrole-0205,washer,1,UNKNOWN,D_injected_EB_private_equipment_synthetic_access,默认时刻须有成员在家并完成装载；轮班或事件日另核，不默认预约或远程启动。,days_2_3,19.8333333333,19,23,1.0,60,NOT_APPLICABLE,NOT_APPLICABLE,V2_SYNTHETIC_FIXED_SELECTED_FOR_EB
cityrole-0206,ac,1,1,D_selected_private_AC_zones,有人在受控房间时使用；18:00–18:30若空屋预冷，须当天确认家户许可及实际预约/远控能力，否则到家后开启；空屋冷量不算舒适收益。,days_4_6,evening,NOT_APPLICABLE,NOT_APPLICABLE,NOT_APPLICABLE,NOT_APPLICABLE,evening,26,V2_SYNTHETIC_FIXED_SELECTED_FOR_EB
cityrole-0206,washer,1,UNKNOWN,D_injected_EB_private_equipment_synthetic_access,默认时刻须有成员在家并完成装载；轮班或事件日另核，不默认预约或远程启动。,days_4_6,21,19,24,1.0,60,NOT_APPLICABLE,NOT_APPLICABLE,V2_SYNTHETIC_FIXED_SELECTED_FOR_EB
cityrole-0207,ac,1,1,D_selected_private_AC_zones,有人在受控房间时使用；18:00–18:30若空屋预冷，须当天确认家户许可及实际预约/远控能力，否则到家后开启；空屋冷量不算舒适收益。,days_7,evening,NOT_APPLICABLE,NOT_APPLICABLE,NOT_APPLICABLE,NOT_APPLICABLE,evening,27,V2_SYNTHETIC_FIXED_SELECTED_FOR_EB
cityrole-0207,washer,1,UNKNOWN,D_injected_EB_private_equipment_synthetic_access,默认时刻须有成员在家并完成装载；轮班或事件日另核，不默认预约或远程启动。,days_7,19,19,23,1.0,60,NOT_APPLICABLE,NOT_APPLICABLE,V2_SYNTHETIC_FIXED_SELECTED_FOR_EB
cityrole-0208,ac,1,1,D_selected_private_AC_zones,有人在受控房间时使用；轮班或事件日另核，不把空屋冷量算作舒适收益。,days_2_3,custom,NOT_APPLICABLE,NOT_APPLICABLE,NOT_APPLICABLE,NOT_APPLICABLE,custom,24,V2_SYNTHETIC_FIXED_SELECTED_FOR_EB
cityrole-0208,home_ev,1,UNKNOWN,D_injected_EB_private_equipment_synthetic_access,由m02在典型外出日返家后接入；车辆实际到家、次日离家与充电权限按当天确认。,days_2_3,19,NOT_APPLICABLE,8.5,NOT_APPLICABLE,NOT_APPLICABLE,NOT_APPLICABLE,NOT_APPLICABLE,V2_SYNTHETIC_FIXED_SELECTED_FOR_EB
cityrole-0208,washer,1,UNKNOWN,D_injected_EB_private_equipment_synthetic_access,默认时刻须有成员在家并完成装载；轮班或事件日另核，不默认预约或远程启动。,days_2_3,19.8333333333,19,23,1.0,60,NOT_APPLICABLE,NOT_APPLICABLE,V2_SYNTHETIC_FIXED_SELECTED_FOR_EB
cityrole-0209,ac,2,2,D_selected_private_AC_zones,有人在受控房间时使用；18:00–18:30若空屋预冷，须当天确认家户许可及实际预约/远控能力，否则到家后开启；空屋冷量不算舒适收益。,days_4_6,evening,NOT_APPLICABLE,NOT_APPLICABLE,NOT_APPLICABLE,NOT_APPLICABLE,evening,25,V2_SYNTHETIC_FIXED_SELECTED_FOR_EB
cityrole-0209,electric_water_heater,1,UNKNOWN,D_injected_EB_private_equipment_synthetic_access,普通加热须对准有人需要热水的时段；事件日及额外提前加热按当次许可确认。,days_4_6,19,NOT_APPLICABLE,22,NOT_APPLICABLE,NOT_APPLICABLE,NOT_APPLICABLE,NOT_APPLICABLE,V2_SYNTHETIC_FIXED_SELECTED_FOR_EB
cityrole-0209,washer,1,UNKNOWN,D_injected_EB_private_equipment_synthetic_access,默认时刻须有成员在家并完成装载；轮班或事件日另核，不默认预约或远程启动。,days_4_6,21,19,24,1.0,60,NOT_APPLICABLE,NOT_APPLICABLE,V2_SYNTHETIC_FIXED_SELECTED_FOR_EB
cityrole-0210,ac,1,1,D_selected_private_AC_zones,有人在受控房间时使用；18:00–18:30若空屋预冷，须当天确认家户许可及实际预约/远控能力，否则到家后开启；空屋冷量不算舒适收益。,days_7,evening,NOT_APPLICABLE,NOT_APPLICABLE,NOT_APPLICABLE,NOT_APPLICABLE,evening,26,V2_SYNTHETIC_FIXED_SELECTED_FOR_EB
cityrole-0210,dryer,1,UNKNOWN,D_injected_EB_private_equipment_synthetic_access,默认时刻须有成员在家并完成装载；轮班或事件日另核，不默认预约或远程启动。,days_7,21,19,24,1.5,90,NOT_APPLICABLE,NOT_APPLICABLE,V2_SYNTHETIC_FIXED_SELECTED_FOR_EB
cityrole-0210,washer,1,UNKNOWN,D_injected_EB_private_equipment_synthetic_access,默认时刻须有成员在家并完成装载；轮班或事件日另核，不默认预约或远程启动。,days_7,19,19,23,1.0,60,NOT_APPLICABLE,NOT_APPLICABLE,V2_SYNTHETIC_FIXED_SELECTED_FOR_EB
cityrole-0211,washer,1,UNKNOWN,D_injected_EB_private_equipment_synthetic_access,默认时刻须有成员在家并完成装载；轮班或事件日另核，不默认预约或远程启动。,days_2_3,19.8333333333,19,23,1.0,60,NOT_APPLICABLE,NOT_APPLICABLE,V2_SYNTHETIC_FIXED_SELECTED_FOR_EB
cityrole-0212,ac,1,1,D_selected_private_AC_zones,有人在受控房间时使用；轮班或事件日另核，不把空屋冷量算作舒适收益。,days_4_6,custom,NOT_APPLICABLE,NOT_APPLICABLE,NOT_APPLICABLE,NOT_APPLICABLE,custom,24,V2_SYNTHETIC_FIXED_SELECTED_FOR_EB
cityrole-0212,washer,1,UNKNOWN,D_injected_EB_private_equipment_synthetic_access,默认时刻须有成员在家并完成装载；轮班或事件日另核，不默认预约或远程启动。,days_4_6,21,19,24,1.0,60,NOT_APPLICABLE,NOT_APPLICABLE,V2_SYNTHETIC_FIXED_SELECTED_FOR_EB
cityrole-0213,ac,2,2,D_selected_private_AC_zones,有人在受控房间时使用；轮班或事件日另核，不把空屋冷量算作舒适收益。,days_7,afternoon,NOT_APPLICABLE,NOT_APPLICABLE,NOT_APPLICABLE,NOT_APPLICABLE,afternoon,25,V2_SYNTHETIC_FIXED_SELECTED_FOR_EB
cityrole-0213,dryer,1,UNKNOWN,D_injected_EB_private_equipment_synthetic_access,默认时刻须有成员在家并完成装载；轮班或事件日另核，不默认预约或远程启动。,days_7,21,19,24,1.5,90,NOT_APPLICABLE,NOT_APPLICABLE,V2_SYNTHETIC_FIXED_SELECTED_FOR_EB
cityrole-0213,electric_water_heater,1,UNKNOWN,D_injected_EB_private_equipment_synthetic_access,普通加热须对准有人需要热水的时段；事件日及额外提前加热按当次许可确认。,days_7,19.8333333333,NOT_APPLICABLE,22,NOT_APPLICABLE,NOT_APPLICABLE,NOT_APPLICABLE,NOT_APPLICABLE,V2_SYNTHETIC_FIXED_SELECTED_FOR_EB
cityrole-0213,washer,1,UNKNOWN,D_injected_EB_private_equipment_synthetic_access,默认时刻须有成员在家并完成装载；轮班或事件日另核，不默认预约或远程启动。,days_7,19,19,23,1.0,60,NOT_APPLICABLE,NOT_APPLICABLE,V2_SYNTHETIC_FIXED_SELECTED_FOR_EB
cityrole-0214,ac,1,1,D_selected_private_AC_zones,有人在受控房间时使用；18:00–18:30若空屋预冷，须当天确认家户许可及实际预约/远控能力，否则到家后开启；空屋冷量不算舒适收益。,days_2_3,evening,NOT_APPLICABLE,NOT_APPLICABLE,NOT_APPLICABLE,NOT_APPLICABLE,evening,26,V2_SYNTHETIC_FIXED_SELECTED_FOR_EB
cityrole-0214,electric_water_heater,1,UNKNOWN,D_injected_EB_private_equipment_synthetic_access,普通加热须对准有人需要热水的时段；事件日及额外提前加热按当次许可确认。,days_2_3,6,NOT_APPLICABLE,8,NOT_APPLICABLE,NOT_APPLICABLE,NOT_APPLICABLE,NOT_APPLICABLE,V2_SYNTHETIC_FIXED_SELECTED_FOR_EB
cityrole-0214,washer,1,UNKNOWN,D_injected_EB_private_equipment_synthetic_access,默认时刻须有成员在家并完成装载；轮班或事件日另核，不默认预约或远程启动。,days_2_3,19.8333333333,19,23,1.0,60,NOT_APPLICABLE,NOT_APPLICABLE,V2_SYNTHETIC_FIXED_SELECTED_FOR_EB
cityrole-0215,ac,1,1,D_selected_private_AC_zones,有人在受控房间时使用；18:00–18:30若空屋预冷，须当天确认家户许可及实际预约/远控能力，否则到家后开启；空屋冷量不算舒适收益。,days_4_6,evening,NOT_APPLICABLE,NOT_APPLICABLE,NOT_APPLICABLE,NOT_APPLICABLE,evening,27,V2_SYNTHETIC_FIXED_SELECTED_FOR_EB
cityrole-0215,electric_water_heater,1,UNKNOWN,D_injected_EB_private_equipment_synthetic_access,普通加热须对准有人需要热水的时段；事件日及额外提前加热按当次许可确认。,days_4_6,19,NOT_APPLICABLE,22,NOT_APPLICABLE,NOT_APPLICABLE,NOT_APPLICABLE,NOT_APPLICABLE,V2_SYNTHETIC_FIXED_SELECTED_FOR_EB
cityrole-0215,washer,1,UNKNOWN,D_injected_EB_private_equipment_synthetic_access,默认时刻须有成员在家并完成装载；轮班或事件日另核，不默认预约或远程启动。,days_4_6,21,19,24,1.0,60,NOT_APPLICABLE,NOT_APPLICABLE,V2_SYNTHETIC_FIXED_SELECTED_FOR_EB
cityrole-0216,ac,1,1,D_selected_private_AC_zones,有人在受控房间时使用；18:00–18:30若空屋预冷，须当天确认家户许可及实际预约/远控能力，否则到家后开启；空屋冷量不算舒适收益。,days_7,evening,NOT_APPLICABLE,NOT_APPLICABLE,NOT_APPLICABLE,NOT_APPLICABLE,evening,24,V2_SYNTHETIC_FIXED_SELECTED_FOR_EB
cityrole-0216,washer,1,UNKNOWN,D_injected_EB_private_equipment_synthetic_access,默认时刻须有成员在家并完成装载；轮班或事件日另核，不默认预约或远程启动。,days_7,19,19,23,1.0,60,NOT_APPLICABLE,NOT_APPLICABLE,V2_SYNTHETIC_FIXED_SELECTED_FOR_EB
cityrole-0217,ac,1,1,D_selected_private_AC_zones,有人在受控房间时使用；轮班或事件日另核，不把空屋冷量算作舒适收益。,days_2_3,afternoon,NOT_APPLICABLE,NOT_APPLICABLE,NOT_APPLICABLE,NOT_APPLICABLE,afternoon,25,V2_SYNTHETIC_FIXED_SELECTED_FOR_EB
cityrole-0218,ac,1,1,D_selected_private_AC_zones,有人在受控房间时使用；18:00–18:30若空屋预冷，须当天确认家户许可及实际预约/远控能力，否则到家后开启；空屋冷量不算舒适收益。,days_4_6,evening,NOT_APPLICABLE,NOT_APPLICABLE,NOT_APPLICABLE,NOT_APPLICABLE,evening,26,V2_SYNTHETIC_FIXED_SELECTED_FOR_EB
cityrole-0218,electric_water_heater,1,UNKNOWN,D_injected_EB_private_equipment_synthetic_access,普通加热须对准有人需要热水的时段；事件日及额外提前加热按当次许可确认。,days_4_6,19,NOT_APPLICABLE,22,NOT_APPLICABLE,NOT_APPLICABLE,NOT_APPLICABLE,NOT_APPLICABLE,V2_SYNTHETIC_FIXED_SELECTED_FOR_EB
cityrole-0218,washer,1,UNKNOWN,D_injected_EB_private_equipment_synthetic_access,默认时刻须有成员在家并完成装载；轮班或事件日另核，不默认预约或远程启动。,days_4_6,21,19,24,1.0,60,NOT_APPLICABLE,NOT_APPLICABLE,V2_SYNTHETIC_FIXED_SELECTED_FOR_EB
cityrole-0219,home_ev,1,UNKNOWN,D_injected_EB_private_equipment_synthetic_access,由m01在典型外出日返家后接入；车辆实际到家、次日离家与充电权限按当天确认。,days_7,21,NOT_APPLICABLE,7,NOT_APPLICABLE,NOT_APPLICABLE,NOT_APPLICABLE,NOT_APPLICABLE,V2_SYNTHETIC_FIXED_SELECTED_FOR_EB
cityrole-0219,washer,1,UNKNOWN,D_injected_EB_private_equipment_synthetic_access,默认时刻须有成员在家并完成装载；轮班或事件日另核，不默认预约或远程启动。,days_7,19,19,23,1.0,60,NOT_APPLICABLE,NOT_APPLICABLE,V2_SYNTHETIC_FIXED_SELECTED_FOR_EB
cityrole-0220,ac,1,1,D_selected_private_AC_zones,有人在受控房间时使用；轮班或事件日另核，不把空屋冷量算作舒适收益。,days_2_3,custom,NOT_APPLICABLE,NOT_APPLICABLE,NOT_APPLICABLE,NOT_APPLICABLE,custom,24,V2_SYNTHETIC_FIXED_SELECTED_FOR_EB
cityrole-0220,electric_water_heater,1,UNKNOWN,D_injected_EB_private_equipment_synthetic_access,普通加热须对准有人需要热水的时段；事件日及额外提前加热按当次许可确认。,days_2_3,6,NOT_APPLICABLE,8,NOT_APPLICABLE,NOT_APPLICABLE,NOT_APPLICABLE,NOT_APPLICABLE,V2_SYNTHETIC_FIXED_SELECTED_FOR_EB
cityrole-0220,washer,1,UNKNOWN,D_injected_EB_private_equipment_synthetic_access,默认时刻须有成员在家并完成装载；轮班或事件日另核，不默认预约或远程启动。,days_2_3,19.8333333333,19,23,1.0,60,NOT_APPLICABLE,NOT_APPLICABLE,V2_SYNTHETIC_FIXED_SELECTED_FOR_EB
cityrole-0221,ac,2,2,D_selected_private_AC_zones,有人在受控房间时使用；18:00–18:30若空屋预冷，须当天确认家户许可及实际预约/远控能力，否则到家后开启；空屋冷量不算舒适收益。,days_4_6,evening,NOT_APPLICABLE,NOT_APPLICABLE,NOT_APPLICABLE,NOT_APPLICABLE,evening,25,V2_SYNTHETIC_FIXED_SELECTED_FOR_EB
cityrole-0221,electric_water_heater,1,UNKNOWN,D_injected_EB_private_equipment_synthetic_access,普通加热须对准有人需要热水的时段；事件日及额外提前加热按当次许可确认。,days_4_6,19,NOT_APPLICABLE,22,NOT_APPLICABLE,NOT_APPLICABLE,NOT_APPLICABLE,NOT_APPLICABLE,V2_SYNTHETIC_FIXED_SELECTED_FOR_EB
cityrole-0221,washer,1,UNKNOWN,D_injected_EB_private_equipment_synthetic_access,默认时刻须有成员在家并完成装载；轮班或事件日另核，不默认预约或远程启动。,days_4_6,21,19,24,1.0,60,NOT_APPLICABLE,NOT_APPLICABLE,V2_SYNTHETIC_FIXED_SELECTED_FOR_EB
cityrole-0222,ac,1,1,D_selected_private_AC_zones,有人在受控房间时使用；18:00–18:30若空屋预冷，须当天确认家户许可及实际预约/远控能力，否则到家后开启；空屋冷量不算舒适收益。,days_7,evening,NOT_APPLICABLE,NOT_APPLICABLE,NOT_APPLICABLE,NOT_APPLICABLE,evening,26,V2_SYNTHETIC_FIXED_SELECTED_FOR_EB
cityrole-0222,electric_water_heater,1,UNKNOWN,D_injected_EB_private_equipment_synthetic_access,普通加热须对准有人需要热水的时段；事件日及额外提前加热按当次许可确认。,days_7,19.8333333333,NOT_APPLICABLE,22,NOT_APPLICABLE,NOT_APPLICABLE,NOT_APPLICABLE,NOT_APPLICABLE,V2_SYNTHETIC_FIXED_SELECTED_FOR_EB
cityrole-0222,washer,1,UNKNOWN,D_injected_EB_private_equipment_synthetic_access,默认时刻须有成员在家并完成装载；轮班或事件日另核，不默认预约或远程启动。,days_7,19,19,23,1.0,60,NOT_APPLICABLE,NOT_APPLICABLE,V2_SYNTHETIC_FIXED_SELECTED_FOR_EB
cityrole-0223,ac,1,1,D_selected_private_AC_zones,有人在受控房间时使用；18:00–18:30若空屋预冷，须当天确认家户许可及实际预约/远控能力，否则到家后开启；空屋冷量不算舒适收益。,days_2_3,evening,NOT_APPLICABLE,NOT_APPLICABLE,NOT_APPLICABLE,NOT_APPLICABLE,evening,27,V2_SYNTHETIC_FIXED_SELECTED_FOR_EB
cityrole-0223,dryer,1,UNKNOWN,D_injected_EB_private_equipment_synthetic_access,默认时刻须有成员在家并完成装载；轮班或事件日另核，不默认预约或远程启动。,days_2_3,19,19,23,1.5,90,NOT_APPLICABLE,NOT_APPLICABLE,V2_SYNTHETIC_FIXED_SELECTED_FOR_EB
cityrole-0223,electric_water_heater,1,UNKNOWN,D_injected_EB_private_equipment_synthetic_access,普通加热须对准有人需要热水的时段；事件日及额外提前加热按当次许可确认。,days_2_3,6,NOT_APPLICABLE,8,NOT_APPLICABLE,NOT_APPLICABLE,NOT_APPLICABLE,NOT_APPLICABLE,V2_SYNTHETIC_FIXED_SELECTED_FOR_EB
cityrole-0223,washer,1,UNKNOWN,D_injected_EB_private_equipment_synthetic_access,默认时刻须有成员在家并完成装载；轮班或事件日另核，不默认预约或远程启动。,days_2_3,19.8333333333,19,23,1.0,60,NOT_APPLICABLE,NOT_APPLICABLE,V2_SYNTHETIC_FIXED_SELECTED_FOR_EB
cityrole-0224,ac,1,1,D_selected_private_AC_zones,有人在受控房间时使用；轮班或事件日另核，不把空屋冷量算作舒适收益。,days_4_6,custom,NOT_APPLICABLE,NOT_APPLICABLE,NOT_APPLICABLE,NOT_APPLICABLE,custom,24,V2_SYNTHETIC_FIXED_SELECTED_FOR_EB
cityrole-0224,dryer,1,UNKNOWN,D_injected_EB_private_equipment_synthetic_access,默认时刻须有成员在家并完成装载；轮班或事件日另核，不默认预约或远程启动。,days_4_6,19.8333333333,19,23,1.5,90,NOT_APPLICABLE,NOT_APPLICABLE,V2_SYNTHETIC_FIXED_SELECTED_FOR_EB
cityrole-0224,electric_water_heater,1,UNKNOWN,D_injected_EB_private_equipment_synthetic_access,普通加热须对准有人需要热水的时段；事件日及额外提前加热按当次许可确认。,days_4_6,19,NOT_APPLICABLE,22,NOT_APPLICABLE,NOT_APPLICABLE,NOT_APPLICABLE,NOT_APPLICABLE,V2_SYNTHETIC_FIXED_SELECTED_FOR_EB
cityrole-0224,washer,1,UNKNOWN,D_injected_EB_private_equipment_synthetic_access,默认时刻须有成员在家并完成装载；轮班或事件日另核，不默认预约或远程启动。,days_4_6,21,19,24,1.0,60,NOT_APPLICABLE,NOT_APPLICABLE,V2_SYNTHETIC_FIXED_SELECTED_FOR_EB
cityrole-0225,ac,1,1,D_selected_private_AC_zones,有人在受控房间时使用；轮班或事件日另核，不把空屋冷量算作舒适收益。,days_7,afternoon,NOT_APPLICABLE,NOT_APPLICABLE,NOT_APPLICABLE,NOT_APPLICABLE,afternoon,25,V2_SYNTHETIC_FIXED_SELECTED_FOR_EB
cityrole-0226,ac,1,1,D_selected_private_AC_zones,有人在受控房间时使用；18:00–18:30若空屋预冷，须当天确认家户许可及实际预约/远控能力，否则到家后开启；空屋冷量不算舒适收益。,days_2_3,evening,NOT_APPLICABLE,NOT_APPLICABLE,NOT_APPLICABLE,NOT_APPLICABLE,evening,26,V2_SYNTHETIC_FIXED_SELECTED_FOR_EB
cityrole-0226,dryer,1,UNKNOWN,D_injected_EB_private_equipment_synthetic_access,默认时刻须有成员在家并完成装载；轮班或事件日另核，不默认预约或远程启动。,days_2_3,19,19,23,1.5,90,NOT_APPLICABLE,NOT_APPLICABLE,V2_SYNTHETIC_FIXED_SELECTED_FOR_EB
cityrole-0226,home_ev,1,UNKNOWN,D_injected_EB_private_equipment_synthetic_access,由m01在典型外出日返家后接入；车辆实际到家、次日离家与充电权限按当天确认。,days_2_3,19,NOT_APPLICABLE,7,NOT_APPLICABLE,NOT_APPLICABLE,NOT_APPLICABLE,NOT_APPLICABLE,V2_SYNTHETIC_FIXED_SELECTED_FOR_EB
cityrole-0226,washer,1,UNKNOWN,D_injected_EB_private_equipment_synthetic_access,默认时刻须有成员在家并完成装载；轮班或事件日另核，不默认预约或远程启动。,days_2_3,19.8333333333,19,23,1.0,60,NOT_APPLICABLE,NOT_APPLICABLE,V2_SYNTHETIC_FIXED_SELECTED_FOR_EB
cityrole-0227,ac,1,1,D_selected_private_AC_zones,有人在受控房间时使用；18:00–18:30若空屋预冷，须当天确认家户许可及实际预约/远控能力，否则到家后开启；空屋冷量不算舒适收益。,days_4_6,evening,NOT_APPLICABLE,NOT_APPLICABLE,NOT_APPLICABLE,NOT_APPLICABLE,evening,27,V2_SYNTHETIC_FIXED_SELECTED_FOR_EB
cityrole-0227,washer,1,UNKNOWN,D_injected_EB_private_equipment_synthetic_access,默认时刻须有成员在家并完成装载；轮班或事件日另核，不默认预约或远程启动。,days_4_6,21,19,24,1.0,60,NOT_APPLICABLE,NOT_APPLICABLE,V2_SYNTHETIC_FIXED_SELECTED_FOR_EB
cityrole-0228,ac,1,1,D_selected_private_AC_zones,有人在受控房间时使用；轮班或事件日另核，不把空屋冷量算作舒适收益。,days_7,custom,NOT_APPLICABLE,NOT_APPLICABLE,NOT_APPLICABLE,NOT_APPLICABLE,custom,24,V2_SYNTHETIC_FIXED_SELECTED_FOR_EB
cityrole-0228,electric_water_heater,1,UNKNOWN,D_injected_EB_private_equipment_synthetic_access,普通加热须对准有人需要热水的时段；事件日及额外提前加热按当次许可确认。,days_7,19.8333333333,NOT_APPLICABLE,22,NOT_APPLICABLE,NOT_APPLICABLE,NOT_APPLICABLE,NOT_APPLICABLE,V2_SYNTHETIC_FIXED_SELECTED_FOR_EB
cityrole-0228,washer,1,UNKNOWN,D_injected_EB_private_equipment_synthetic_access,默认时刻须有成员在家并完成装载；轮班或事件日另核，不默认预约或远程启动。,days_7,19,19,23,1.0,60,NOT_APPLICABLE,NOT_APPLICABLE,V2_SYNTHETIC_FIXED_SELECTED_FOR_EB
cityrole-0229,ac,1,1,D_selected_private_AC_zones,有人在受控房间时使用；18:00–18:30若空屋预冷，须当天确认家户许可及实际预约/远控能力，否则到家后开启；空屋冷量不算舒适收益。,days_2_3,evening,NOT_APPLICABLE,NOT_APPLICABLE,NOT_APPLICABLE,NOT_APPLICABLE,evening,25,V2_SYNTHETIC_FIXED_SELECTED_FOR_EB
cityrole-0230,ac,1,1,D_selected_private_AC_zones,有人在受控房间时使用；18:00–18:30若空屋预冷，须当天确认家户许可及实际预约/远控能力，否则到家后开启；空屋冷量不算舒适收益。,days_4_6,evening,NOT_APPLICABLE,NOT_APPLICABLE,NOT_APPLICABLE,NOT_APPLICABLE,evening,26,V2_SYNTHETIC_FIXED_SELECTED_FOR_EB
cityrole-0230,dryer,1,UNKNOWN,D_injected_EB_private_equipment_synthetic_access,默认时刻须有成员在家并完成装载；轮班或事件日另核，不默认预约或远程启动。,days_4_6,19.8333333333,19,23,1.5,90,NOT_APPLICABLE,NOT_APPLICABLE,V2_SYNTHETIC_FIXED_SELECTED_FOR_EB
cityrole-0230,washer,1,UNKNOWN,D_injected_EB_private_equipment_synthetic_access,默认时刻须有成员在家并完成装载；轮班或事件日另核，不默认预约或远程启动。,days_4_6,21,19,24,1.0,60,NOT_APPLICABLE,NOT_APPLICABLE,V2_SYNTHETIC_FIXED_SELECTED_FOR_EB
cityrole-0231,electric_water_heater,1,UNKNOWN,D_injected_EB_private_equipment_synthetic_access,普通加热须对准有人需要热水的时段；事件日及额外提前加热按当次许可确认。,days_7,19.8333333333,NOT_APPLICABLE,22,NOT_APPLICABLE,NOT_APPLICABLE,NOT_APPLICABLE,NOT_APPLICABLE,V2_SYNTHETIC_FIXED_SELECTED_FOR_EB
cityrole-0231,washer,1,UNKNOWN,D_injected_EB_private_equipment_synthetic_access,默认时刻须有成员在家并完成装载；轮班或事件日另核，不默认预约或远程启动。,days_7,19,19,23,1.0,60,NOT_APPLICABLE,NOT_APPLICABLE,V2_SYNTHETIC_FIXED_SELECTED_FOR_EB
cityrole-0232,ac,1,1,D_selected_private_AC_zones,有人在受控房间时使用；轮班或事件日另核，不把空屋冷量算作舒适收益。 本轮紧凑合住仅一台空调进入EB控制及电量代理；其他原合成设备不计入该代理。,days_2_3,custom,NOT_APPLICABLE,NOT_APPLICABLE,NOT_APPLICABLE,NOT_APPLICABLE,custom,24,V2_SYNTHETIC_FIXED_SELECTED_FOR_EB
cityrole-0233,ac,2,2,D_selected_private_AC_zones,有人在受控房间时使用；18:00–18:30若空屋预冷，须当天确认家户许可及实际预约/远控能力，否则到家后开启；空屋冷量不算舒适收益。,days_4_6,evening,NOT_APPLICABLE,NOT_APPLICABLE,NOT_APPLICABLE,NOT_APPLICABLE,evening,25,V2_SYNTHETIC_FIXED_SELECTED_FOR_EB
cityrole-0233,electric_water_heater,1,UNKNOWN,D_injected_EB_private_equipment_synthetic_access,普通加热须对准有人需要热水的时段；事件日及额外提前加热按当次许可确认。,days_4_6,19,NOT_APPLICABLE,22,NOT_APPLICABLE,NOT_APPLICABLE,NOT_APPLICABLE,NOT_APPLICABLE,V2_SYNTHETIC_FIXED_SELECTED_FOR_EB
cityrole-0233,washer,1,UNKNOWN,D_injected_EB_private_equipment_synthetic_access,默认时刻须有成员在家并完成装载；轮班或事件日另核，不默认预约或远程启动。,days_4_6,21,19,24,1.0,60,NOT_APPLICABLE,NOT_APPLICABLE,V2_SYNTHETIC_FIXED_SELECTED_FOR_EB
cityrole-0234,ac,1,1,D_selected_private_AC_zones,有人在受控房间时使用；18:00–18:30若空屋预冷，须当天确认家户许可及实际预约/远控能力，否则到家后开启；空屋冷量不算舒适收益。,days_7,evening,NOT_APPLICABLE,NOT_APPLICABLE,NOT_APPLICABLE,NOT_APPLICABLE,evening,26,V2_SYNTHETIC_FIXED_SELECTED_FOR_EB
cityrole-0234,washer,1,UNKNOWN,D_injected_EB_private_equipment_synthetic_access,默认时刻须有成员在家并完成装载；轮班或事件日另核，不默认预约或远程启动。,days_7,19,19,23,1.0,60,NOT_APPLICABLE,NOT_APPLICABLE,V2_SYNTHETIC_FIXED_SELECTED_FOR_EB
cityrole-0235,dryer,1,UNKNOWN,D_injected_EB_private_equipment_synthetic_access,默认时刻须有成员在家并完成装载；轮班或事件日另核，不默认预约或远程启动。,days_2_3,19,19,23,1.5,90,NOT_APPLICABLE,NOT_APPLICABLE,V2_SYNTHETIC_FIXED_SELECTED_FOR_EB
cityrole-0235,washer,1,UNKNOWN,D_injected_EB_private_equipment_synthetic_access,默认时刻须有成员在家并完成装载；轮班或事件日另核，不默认预约或远程启动。,days_2_3,19.8333333333,19,23,1.0,60,NOT_APPLICABLE,NOT_APPLICABLE,V2_SYNTHETIC_FIXED_SELECTED_FOR_EB
cityrole-0236,ac,1,1,D_selected_private_AC_zones,有人在受控房间时使用；轮班或事件日另核，不把空屋冷量算作舒适收益。,days_4_6,custom,NOT_APPLICABLE,NOT_APPLICABLE,NOT_APPLICABLE,NOT_APPLICABLE,custom,24,V2_SYNTHETIC_FIXED_SELECTED_FOR_EB
cityrole-0236,washer,1,UNKNOWN,D_injected_EB_private_equipment_synthetic_access,默认时刻须有成员在家并完成装载；轮班或事件日另核，不默认预约或远程启动。,days_4_6,21,19,24,1.0,60,NOT_APPLICABLE,NOT_APPLICABLE,V2_SYNTHETIC_FIXED_SELECTED_FOR_EB
cityrole-0237,ac,2,2,D_selected_private_AC_zones,有人在受控房间时使用；轮班或事件日另核，不把空屋冷量算作舒适收益。,days_7,afternoon,NOT_APPLICABLE,NOT_APPLICABLE,NOT_APPLICABLE,NOT_APPLICABLE,afternoon,25,V2_SYNTHETIC_FIXED_SELECTED_FOR_EB
cityrole-0237,washer,1,UNKNOWN,D_injected_EB_private_equipment_synthetic_access,默认时刻须有成员在家并完成装载；轮班或事件日另核，不默认预约或远程启动。,days_7,19,19,23,1.0,60,NOT_APPLICABLE,NOT_APPLICABLE,V2_SYNTHETIC_FIXED_SELECTED_FOR_EB
cityrole-0238,ac,1,1,D_selected_private_AC_zones,有人在受控房间时使用；18:00–18:30若空屋预冷，须当天确认家户许可及实际预约/远控能力，否则到家后开启；空屋冷量不算舒适收益。,days_2_3,evening,NOT_APPLICABLE,NOT_APPLICABLE,NOT_APPLICABLE,NOT_APPLICABLE,evening,26,V2_SYNTHETIC_FIXED_SELECTED_FOR_EB
cityrole-0239,ac,1,1,D_selected_private_AC_zones,有人在受控房间时使用；18:00–18:30若空屋预冷，须当天确认家户许可及实际预约/远控能力，否则到家后开启；空屋冷量不算舒适收益。,days_4_6,evening,NOT_APPLICABLE,NOT_APPLICABLE,NOT_APPLICABLE,NOT_APPLICABLE,evening,27,V2_SYNTHETIC_FIXED_SELECTED_FOR_EB
cityrole-0239,electric_water_heater,1,UNKNOWN,D_injected_EB_private_equipment_synthetic_access,普通加热须对准有人需要热水的时段；事件日及额外提前加热按当次许可确认。,days_4_6,19,NOT_APPLICABLE,22,NOT_APPLICABLE,NOT_APPLICABLE,NOT_APPLICABLE,NOT_APPLICABLE,V2_SYNTHETIC_FIXED_SELECTED_FOR_EB
cityrole-0239,washer,1,UNKNOWN,D_injected_EB_private_equipment_synthetic_access,默认时刻须有成员在家并完成装载；轮班或事件日另核，不默认预约或远程启动。,days_4_6,21,19,24,1.0,60,NOT_APPLICABLE,NOT_APPLICABLE,V2_SYNTHETIC_FIXED_SELECTED_FOR_EB
cityrole-0240,electric_water_heater,1,UNKNOWN,D_injected_EB_private_equipment_synthetic_access,普通加热须对准有人需要热水的时段；事件日及额外提前加热按当次许可确认。,days_7,19.8333333333,NOT_APPLICABLE,22,NOT_APPLICABLE,NOT_APPLICABLE,NOT_APPLICABLE,NOT_APPLICABLE,V2_SYNTHETIC_FIXED_SELECTED_FOR_EB
cityrole-0240,home_ev,1,UNKNOWN,D_injected_EB_private_equipment_synthetic_access,由m04在典型外出日返家后接入；车辆实际到家、次日离家与充电权限按当天确认。,days_7,21,NOT_APPLICABLE,7,NOT_APPLICABLE,NOT_APPLICABLE,NOT_APPLICABLE,NOT_APPLICABLE,V2_SYNTHETIC_FIXED_SELECTED_FOR_EB
cityrole-0240,washer,1,UNKNOWN,D_injected_EB_private_equipment_synthetic_access,默认时刻须有成员在家并完成装载；轮班或事件日另核，不默认预约或远程启动。,days_7,19,19,23,1.0,60,NOT_APPLICABLE,NOT_APPLICABLE,V2_SYNTHETIC_FIXED_SELECTED_FOR_EB
cityrole-0241,ac,2,2,D_selected_private_AC_zones,有人在受控房间时使用；轮班或事件日另核，不把空屋冷量算作舒适收益。,days_2_3,afternoon,NOT_APPLICABLE,NOT_APPLICABLE,NOT_APPLICABLE,NOT_APPLICABLE,afternoon,25,V2_SYNTHETIC_FIXED_SELECTED_FOR_EB
cityrole-0241,dishwasher,1,UNKNOWN,D_injected_EB_private_equipment_synthetic_access,默认时刻须有成员在家并完成装载；轮班或事件日另核，不默认预约或远程启动。,days_2_3,21,19,24,1.0,60,NOT_APPLICABLE,NOT_APPLICABLE,V2_SYNTHETIC_FIXED_SELECTED_FOR_EB
cityrole-0241,electric_water_heater,1,UNKNOWN,D_injected_EB_private_equipment_synthetic_access,普通加热须对准有人需要热水的时段；事件日及额外提前加热按当次许可确认。,days_2_3,6,NOT_APPLICABLE,8,NOT_APPLICABLE,NOT_APPLICABLE,NOT_APPLICABLE,NOT_APPLICABLE,V2_SYNTHETIC_FIXED_SELECTED_FOR_EB
cityrole-0241,washer,1,UNKNOWN,D_injected_EB_private_equipment_synthetic_access,默认时刻须有成员在家并完成装载；轮班或事件日另核，不默认预约或远程启动。,days_2_3,19.8333333333,19,23,1.0,60,NOT_APPLICABLE,NOT_APPLICABLE,V2_SYNTHETIC_FIXED_SELECTED_FOR_EB
cityrole-0242,ac,1,1,D_selected_private_AC_zones,有人在受控房间时使用；18:00–18:30若空屋预冷，须当天确认家户许可及实际预约/远控能力，否则到家后开启；空屋冷量不算舒适收益。,days_4_6,evening,NOT_APPLICABLE,NOT_APPLICABLE,NOT_APPLICABLE,NOT_APPLICABLE,evening,26,V2_SYNTHETIC_FIXED_SELECTED_FOR_EB
cityrole-0242,washer,1,UNKNOWN,D_injected_EB_private_equipment_synthetic_access,默认时刻须有成员在家并完成装载；轮班或事件日另核，不默认预约或远程启动。,days_4_6,21,19,24,1.0,60,NOT_APPLICABLE,NOT_APPLICABLE,V2_SYNTHETIC_FIXED_SELECTED_FOR_EB
cityrole-0243,ac,1,1,D_selected_private_AC_zones,有人在受控房间时使用；轮班或事件日另核，不把空屋冷量算作舒适收益。,days_7,all_day,NOT_APPLICABLE,NOT_APPLICABLE,NOT_APPLICABLE,NOT_APPLICABLE,all_day,27,V2_SYNTHETIC_FIXED_SELECTED_FOR_EB
cityrole-0243,dishwasher,1,UNKNOWN,D_injected_EB_private_equipment_synthetic_access,默认时刻须有成员在家并完成装载；轮班或事件日另核，不默认预约或远程启动。,days_7,19.8333333333,19,23,1.0,60,NOT_APPLICABLE,NOT_APPLICABLE,V2_SYNTHETIC_FIXED_SELECTED_FOR_EB
cityrole-0243,washer,1,UNKNOWN,D_injected_EB_private_equipment_synthetic_access,默认时刻须有成员在家并完成装载；轮班或事件日另核，不默认预约或远程启动。,days_7,19,19,23,1.0,60,NOT_APPLICABLE,NOT_APPLICABLE,V2_SYNTHETIC_FIXED_SELECTED_FOR_EB
cityrole-0244,electric_water_heater,1,UNKNOWN,D_injected_EB_private_equipment_synthetic_access,普通加热须对准有人需要热水的时段；事件日及额外提前加热按当次许可确认。,days_2_3,6,NOT_APPLICABLE,8,NOT_APPLICABLE,NOT_APPLICABLE,NOT_APPLICABLE,NOT_APPLICABLE,V2_SYNTHETIC_FIXED_SELECTED_FOR_EB
cityrole-0244,washer,1,UNKNOWN,D_injected_EB_private_equipment_synthetic_access,默认时刻须有成员在家并完成装载；轮班或事件日另核，不默认预约或远程启动。,days_2_3,19.8333333333,19,23,1.0,60,NOT_APPLICABLE,NOT_APPLICABLE,V2_SYNTHETIC_FIXED_SELECTED_FOR_EB
cityrole-0245,ac,2,2,D_selected_private_AC_zones,有人在受控房间时使用；轮班或事件日另核，不把空屋冷量算作舒适收益。,days_4_6,afternoon,NOT_APPLICABLE,NOT_APPLICABLE,NOT_APPLICABLE,NOT_APPLICABLE,afternoon,25,V2_SYNTHETIC_FIXED_SELECTED_FOR_EB
cityrole-0245,electric_water_heater,1,UNKNOWN,D_injected_EB_private_equipment_synthetic_access,普通加热须对准有人需要热水的时段；事件日及额外提前加热按当次许可确认。,days_4_6,19,NOT_APPLICABLE,22,NOT_APPLICABLE,NOT_APPLICABLE,NOT_APPLICABLE,NOT_APPLICABLE,V2_SYNTHETIC_FIXED_SELECTED_FOR_EB
cityrole-0245,washer,1,UNKNOWN,D_injected_EB_private_equipment_synthetic_access,默认时刻须有成员在家并完成装载；轮班或事件日另核，不默认预约或远程启动。,days_4_6,21,19,24,1.0,60,NOT_APPLICABLE,NOT_APPLICABLE,V2_SYNTHETIC_FIXED_SELECTED_FOR_EB
cityrole-0246,dryer,1,UNKNOWN,D_injected_EB_private_equipment_synthetic_access,默认时刻须有成员在家并完成装载；轮班或事件日另核，不默认预约或远程启动。,days_7,21,19,24,1.5,90,NOT_APPLICABLE,NOT_APPLICABLE,V2_SYNTHETIC_FIXED_SELECTED_FOR_EB
cityrole-0246,electric_water_heater,1,UNKNOWN,D_injected_EB_private_equipment_synthetic_access,普通加热须对准有人需要热水的时段；事件日及额外提前加热按当次许可确认。,days_7,19.8333333333,NOT_APPLICABLE,22,NOT_APPLICABLE,NOT_APPLICABLE,NOT_APPLICABLE,NOT_APPLICABLE,V2_SYNTHETIC_FIXED_SELECTED_FOR_EB
cityrole-0246,washer,1,UNKNOWN,D_injected_EB_private_equipment_synthetic_access,默认时刻须有成员在家并完成装载；轮班或事件日另核，不默认预约或远程启动。,days_7,19,19,23,1.0,60,NOT_APPLICABLE,NOT_APPLICABLE,V2_SYNTHETIC_FIXED_SELECTED_FOR_EB
cityrole-0247,ac,1,1,D_selected_private_AC_zones,有人在受控房间时使用；18:00–18:30若空屋预冷，须当天确认家户许可及实际预约/远控能力，否则到家后开启；空屋冷量不算舒适收益。,days_2_3,evening,NOT_APPLICABLE,NOT_APPLICABLE,NOT_APPLICABLE,NOT_APPLICABLE,evening,27,V2_SYNTHETIC_FIXED_SELECTED_FOR_EB
cityrole-0247,washer,1,UNKNOWN,D_injected_EB_private_equipment_synthetic_access,默认时刻须有成员在家并完成装载；轮班或事件日另核，不默认预约或远程启动。,days_2_3,19.8333333333,19,23,1.0,60,NOT_APPLICABLE,NOT_APPLICABLE,V2_SYNTHETIC_FIXED_SELECTED_FOR_EB
cityrole-0248,electric_water_heater,1,UNKNOWN,D_injected_EB_private_equipment_synthetic_access,普通加热须对准有人需要热水的时段；事件日及额外提前加热按当次许可确认。,days_4_6,19,NOT_APPLICABLE,22,NOT_APPLICABLE,NOT_APPLICABLE,NOT_APPLICABLE,NOT_APPLICABLE,V2_SYNTHETIC_FIXED_SELECTED_FOR_EB
cityrole-0248,washer,1,UNKNOWN,D_injected_EB_private_equipment_synthetic_access,默认时刻须有成员在家并完成装载；轮班或事件日另核，不默认预约或远程启动。,days_4_6,21,19,24,1.0,60,NOT_APPLICABLE,NOT_APPLICABLE,V2_SYNTHETIC_FIXED_SELECTED_FOR_EB
cityrole-0249,ac,2,1,D_selected_private_AC_zones,有人在受控房间时使用；轮班或事件日另核，不把空屋冷量算作舒适收益。 本轮紧凑合住仅一台空调进入EB控制及电量代理；其他原合成设备不计入该代理。,days_7,afternoon,NOT_APPLICABLE,NOT_APPLICABLE,NOT_APPLICABLE,NOT_APPLICABLE,afternoon,25,V2_SYNTHETIC_FIXED_SELECTED_FOR_EB
cityrole-0250,electric_water_heater,1,UNKNOWN,D_injected_EB_private_equipment_synthetic_access,普通加热须对准有人需要热水的时段；事件日及额外提前加热按当次许可确认。,days_2_3,6,NOT_APPLICABLE,8,NOT_APPLICABLE,NOT_APPLICABLE,NOT_APPLICABLE,NOT_APPLICABLE,V2_SYNTHETIC_FIXED_SELECTED_FOR_EB
cityrole-0250,washer,1,UNKNOWN,D_injected_EB_private_equipment_synthetic_access,默认时刻须有成员在家并完成装载；轮班或事件日另核，不默认预约或远程启动。,days_2_3,19.8333333333,19,23,1.0,60,NOT_APPLICABLE,NOT_APPLICABLE,V2_SYNTHETIC_FIXED_SELECTED_FOR_EB
cityrole-0251,ac,1,1,D_selected_private_AC_zones,有人在受控房间时使用；18:00–18:30若空屋预冷，须当天确认家户许可及实际预约/远控能力，否则到家后开启；空屋冷量不算舒适收益。,days_4_6,evening,NOT_APPLICABLE,NOT_APPLICABLE,NOT_APPLICABLE,NOT_APPLICABLE,evening,27,V2_SYNTHETIC_FIXED_SELECTED_FOR_EB
cityrole-0251,washer,1,UNKNOWN,D_injected_EB_private_equipment_synthetic_access,默认时刻须有成员在家并完成装载；轮班或事件日另核，不默认预约或远程启动。,days_4_6,21,19,24,1.0,60,NOT_APPLICABLE,NOT_APPLICABLE,V2_SYNTHETIC_FIXED_SELECTED_FOR_EB
cityrole-0252,ac,1,1,D_selected_private_AC_zones,有人在受控房间时使用；轮班或事件日另核，不把空屋冷量算作舒适收益。,days_7,custom,NOT_APPLICABLE,NOT_APPLICABLE,NOT_APPLICABLE,NOT_APPLICABLE,custom,24,V2_SYNTHETIC_FIXED_SELECTED_FOR_EB
cityrole-0252,washer,1,UNKNOWN,D_injected_EB_private_equipment_synthetic_access,默认时刻须有成员在家并完成装载；轮班或事件日另核，不默认预约或远程启动。,days_7,19,19,23,1.0,60,NOT_APPLICABLE,NOT_APPLICABLE,V2_SYNTHETIC_FIXED_SELECTED_FOR_EB
cityrole-0253,ac,2,2,D_selected_private_AC_zones,有人在受控房间时使用；轮班或事件日另核，不把空屋冷量算作舒适收益。,days_2_3,afternoon,NOT_APPLICABLE,NOT_APPLICABLE,NOT_APPLICABLE,NOT_APPLICABLE,afternoon,25,V2_SYNTHETIC_FIXED_SELECTED_FOR_EB
cityrole-0253,electric_water_heater,1,UNKNOWN,D_injected_EB_private_equipment_synthetic_access,普通加热须对准有人需要热水的时段；事件日及额外提前加热按当次许可确认。,days_2_3,6,NOT_APPLICABLE,8,NOT_APPLICABLE,NOT_APPLICABLE,NOT_APPLICABLE,NOT_APPLICABLE,V2_SYNTHETIC_FIXED_SELECTED_FOR_EB
cityrole-0253,washer,1,UNKNOWN,D_injected_EB_private_equipment_synthetic_access,默认时刻须有成员在家并完成装载；轮班或事件日另核，不默认预约或远程启动。,days_2_3,19.8333333333,19,23,1.0,60,NOT_APPLICABLE,NOT_APPLICABLE,V2_SYNTHETIC_FIXED_SELECTED_FOR_EB
cityrole-0254,ac,1,1,D_selected_private_AC_zones,有人在受控房间时使用；18:00–18:30若空屋预冷，须当天确认家户许可及实际预约/远控能力，否则到家后开启；空屋冷量不算舒适收益。,days_4_6,evening,NOT_APPLICABLE,NOT_APPLICABLE,NOT_APPLICABLE,NOT_APPLICABLE,evening,26,V2_SYNTHETIC_FIXED_SELECTED_FOR_EB
cityrole-0254,electric_water_heater,1,UNKNOWN,D_injected_EB_private_equipment_synthetic_access,普通加热须对准有人需要热水的时段；事件日及额外提前加热按当次许可确认。,days_4_6,19,NOT_APPLICABLE,22,NOT_APPLICABLE,NOT_APPLICABLE,NOT_APPLICABLE,NOT_APPLICABLE,V2_SYNTHETIC_FIXED_SELECTED_FOR_EB
cityrole-0254,washer,1,UNKNOWN,D_injected_EB_private_equipment_synthetic_access,默认时刻须有成员在家并完成装载；轮班或事件日另核，不默认预约或远程启动。,days_4_6,21,19,24,1.0,60,NOT_APPLICABLE,NOT_APPLICABLE,V2_SYNTHETIC_FIXED_SELECTED_FOR_EB
cityrole-0255,dryer,1,UNKNOWN,D_injected_EB_private_equipment_synthetic_access,默认时刻须有成员在家并完成装载；轮班或事件日另核，不默认预约或远程启动。,days_7,21,19,24,1.5,90,NOT_APPLICABLE,NOT_APPLICABLE,V2_SYNTHETIC_FIXED_SELECTED_FOR_EB
cityrole-0255,electric_water_heater,1,UNKNOWN,D_injected_EB_private_equipment_synthetic_access,普通加热须对准有人需要热水的时段；事件日及额外提前加热按当次许可确认。,days_7,19.8333333333,NOT_APPLICABLE,22,NOT_APPLICABLE,NOT_APPLICABLE,NOT_APPLICABLE,NOT_APPLICABLE,V2_SYNTHETIC_FIXED_SELECTED_FOR_EB
cityrole-0256,ac,1,1,D_selected_private_AC_zones,有人在受控房间时使用；轮班或事件日另核，不把空屋冷量算作舒适收益。,days_2_3,custom,NOT_APPLICABLE,NOT_APPLICABLE,NOT_APPLICABLE,NOT_APPLICABLE,custom,24,V2_SYNTHETIC_FIXED_SELECTED_FOR_EB
cityrole-0256,electric_water_heater,1,UNKNOWN,D_injected_EB_private_equipment_synthetic_access,普通加热须对准有人需要热水的时段；事件日及额外提前加热按当次许可确认。,days_2_3,6,NOT_APPLICABLE,8,NOT_APPLICABLE,NOT_APPLICABLE,NOT_APPLICABLE,NOT_APPLICABLE,V2_SYNTHETIC_FIXED_SELECTED_FOR_EB
cityrole-0256,washer,1,UNKNOWN,D_injected_EB_private_equipment_synthetic_access,默认时刻须有成员在家并完成装载；轮班或事件日另核，不默认预约或远程启动。,days_2_3,19.8333333333,19,23,1.0,60,NOT_APPLICABLE,NOT_APPLICABLE,V2_SYNTHETIC_FIXED_SELECTED_FOR_EB
cityrole-0257,ac,2,2,D_selected_private_AC_zones,有人在受控房间时使用；轮班或事件日另核，不把空屋冷量算作舒适收益。,days_4_6,afternoon,NOT_APPLICABLE,NOT_APPLICABLE,NOT_APPLICABLE,NOT_APPLICABLE,afternoon,25,V2_SYNTHETIC_FIXED_SELECTED_FOR_EB
cityrole-0257,electric_water_heater,1,UNKNOWN,D_injected_EB_private_equipment_synthetic_access,普通加热须对准有人需要热水的时段；事件日及额外提前加热按当次许可确认。,days_4_6,19,NOT_APPLICABLE,22,NOT_APPLICABLE,NOT_APPLICABLE,NOT_APPLICABLE,NOT_APPLICABLE,V2_SYNTHETIC_FIXED_SELECTED_FOR_EB
cityrole-0257,washer,1,UNKNOWN,D_injected_EB_private_equipment_synthetic_access,默认时刻须有成员在家并完成装载；轮班或事件日另核，不默认预约或远程启动。,days_4_6,21,19,24,1.0,60,NOT_APPLICABLE,NOT_APPLICABLE,V2_SYNTHETIC_FIXED_SELECTED_FOR_EB
cityrole-0258,ac,1,1,D_selected_private_AC_zones,有人在受控房间时使用；18:00–18:30若空屋预冷，须当天确认家户许可及实际预约/远控能力，否则到家后开启；空屋冷量不算舒适收益。,days_7,evening,NOT_APPLICABLE,NOT_APPLICABLE,NOT_APPLICABLE,NOT_APPLICABLE,evening,26,V2_SYNTHETIC_FIXED_SELECTED_FOR_EB
cityrole-0258,washer,1,UNKNOWN,D_injected_EB_private_equipment_synthetic_access,默认时刻须有成员在家并完成装载；轮班或事件日另核，不默认预约或远程启动。,days_7,19,19,23,1.0,60,NOT_APPLICABLE,NOT_APPLICABLE,V2_SYNTHETIC_FIXED_SELECTED_FOR_EB
cityrole-0259,ac,1,1,D_selected_private_AC_zones,有人在受控房间时使用；18:00–18:30若空屋预冷，须当天确认家户许可及实际预约/远控能力，否则到家后开启；空屋冷量不算舒适收益。,days_2_3,evening,NOT_APPLICABLE,NOT_APPLICABLE,NOT_APPLICABLE,NOT_APPLICABLE,evening,27,V2_SYNTHETIC_FIXED_SELECTED_FOR_EB
cityrole-0259,washer,1,UNKNOWN,D_injected_EB_private_equipment_synthetic_access,默认时刻须有成员在家并完成装载；轮班或事件日另核，不默认预约或远程启动。,days_2_3,19.8333333333,19,23,1.0,60,NOT_APPLICABLE,NOT_APPLICABLE,V2_SYNTHETIC_FIXED_SELECTED_FOR_EB
cityrole-0260,ac,1,1,D_selected_private_AC_zones,有人在受控房间时使用；轮班或事件日另核，不把空屋冷量算作舒适收益。,days_4_6,custom,NOT_APPLICABLE,NOT_APPLICABLE,NOT_APPLICABLE,NOT_APPLICABLE,custom,24,V2_SYNTHETIC_FIXED_SELECTED_FOR_EB
cityrole-0260,electric_water_heater,1,UNKNOWN,D_injected_EB_private_equipment_synthetic_access,普通加热须对准有人需要热水的时段；事件日及额外提前加热按当次许可确认。,days_4_6,19,NOT_APPLICABLE,22,NOT_APPLICABLE,NOT_APPLICABLE,NOT_APPLICABLE,NOT_APPLICABLE,V2_SYNTHETIC_FIXED_SELECTED_FOR_EB
cityrole-0260,washer,1,UNKNOWN,D_injected_EB_private_equipment_synthetic_access,默认时刻须有成员在家并完成装载；轮班或事件日另核，不默认预约或远程启动。,days_4_6,21,19,24,1.0,60,NOT_APPLICABLE,NOT_APPLICABLE,V2_SYNTHETIC_FIXED_SELECTED_FOR_EB
cityrole-0261,ac,2,2,D_selected_private_AC_zones,有人在受控房间时使用；18:00–18:30若空屋预冷，须当天确认家户许可及实际预约/远控能力，否则到家后开启；空屋冷量不算舒适收益。,days_7,evening,NOT_APPLICABLE,NOT_APPLICABLE,NOT_APPLICABLE,NOT_APPLICABLE,evening,25,V2_SYNTHETIC_FIXED_SELECTED_FOR_EB
cityrole-0261,electric_water_heater,1,UNKNOWN,D_injected_EB_private_equipment_synthetic_access,普通加热须对准有人需要热水的时段；事件日及额外提前加热按当次许可确认。,days_7,19.8333333333,NOT_APPLICABLE,22,NOT_APPLICABLE,NOT_APPLICABLE,NOT_APPLICABLE,NOT_APPLICABLE,V2_SYNTHETIC_FIXED_SELECTED_FOR_EB
cityrole-0261,home_ev,1,UNKNOWN,D_injected_EB_private_equipment_synthetic_access,由m01在典型外出日返家后接入；车辆实际到家、次日离家与充电权限按当天确认。,days_7,21,NOT_APPLICABLE,8.5,NOT_APPLICABLE,NOT_APPLICABLE,NOT_APPLICABLE,NOT_APPLICABLE,V2_SYNTHETIC_FIXED_SELECTED_FOR_EB
cityrole-0261,washer,1,UNKNOWN,D_injected_EB_private_equipment_synthetic_access,默认时刻须有成员在家并完成装载；轮班或事件日另核，不默认预约或远程启动。,days_7,19,19,23,1.0,60,NOT_APPLICABLE,NOT_APPLICABLE,V2_SYNTHETIC_FIXED_SELECTED_FOR_EB
cityrole-0262,ac,1,1,D_selected_private_AC_zones,有人在受控房间时使用；18:00–18:30若空屋预冷，须当天确认家户许可及实际预约/远控能力，否则到家后开启；空屋冷量不算舒适收益。,days_2_3,evening,NOT_APPLICABLE,NOT_APPLICABLE,NOT_APPLICABLE,NOT_APPLICABLE,evening,26,V2_SYNTHETIC_FIXED_SELECTED_FOR_EB
cityrole-0262,dishwasher,1,UNKNOWN,D_injected_EB_private_equipment_synthetic_access,默认时刻须有成员在家并完成装载；轮班或事件日另核，不默认预约或远程启动。,days_2_3,21,19,24,1.0,60,NOT_APPLICABLE,NOT_APPLICABLE,V2_SYNTHETIC_FIXED_SELECTED_FOR_EB
cityrole-0262,home_ev,1,UNKNOWN,D_injected_EB_private_equipment_synthetic_access,由m03在典型外出日返家后接入；车辆实际到家、次日离家与充电权限按当天确认。,days_2_3,19,NOT_APPLICABLE,7,NOT_APPLICABLE,NOT_APPLICABLE,NOT_APPLICABLE,NOT_APPLICABLE,V2_SYNTHETIC_FIXED_SELECTED_FOR_EB
cityrole-0262,washer,1,UNKNOWN,D_injected_EB_private_equipment_synthetic_access,默认时刻须有成员在家并完成装载；轮班或事件日另核，不默认预约或远程启动。,days_2_3,19.8333333333,19,23,1.0,60,NOT_APPLICABLE,NOT_APPLICABLE,V2_SYNTHETIC_FIXED_SELECTED_FOR_EB
cityrole-0263,dishwasher,1,UNKNOWN,D_injected_EB_private_equipment_synthetic_access,默认时刻须有成员在家并完成装载；轮班或事件日另核，不默认预约或远程启动。,days_4_6,19,19,23,1.0,60,NOT_APPLICABLE,NOT_APPLICABLE,V2_SYNTHETIC_FIXED_SELECTED_FOR_EB
cityrole-0263,washer,1,UNKNOWN,D_injected_EB_private_equipment_synthetic_access,默认时刻须有成员在家并完成装载；轮班或事件日另核，不默认预约或远程启动。,days_4_6,21,19,24,1.0,60,NOT_APPLICABLE,NOT_APPLICABLE,V2_SYNTHETIC_FIXED_SELECTED_FOR_EB
cityrole-0264,ac,1,1,D_selected_private_AC_zones,有人在受控房间时使用；轮班或事件日另核，不把空屋冷量算作舒适收益。,days_7,custom,NOT_APPLICABLE,NOT_APPLICABLE,NOT_APPLICABLE,NOT_APPLICABLE,custom,24,V2_SYNTHETIC_FIXED_SELECTED_FOR_EB
cityrole-0264,washer,1,UNKNOWN,D_injected_EB_private_equipment_synthetic_access,默认时刻须有成员在家并完成装载；轮班或事件日另核，不默认预约或远程启动。,days_7,19,19,23,1.0,60,NOT_APPLICABLE,NOT_APPLICABLE,V2_SYNTHETIC_FIXED_SELECTED_FOR_EB
cityrole-0265,ac,1,1,D_selected_private_AC_zones,有人在受控房间时使用；轮班或事件日另核，不把空屋冷量算作舒适收益。,days_2_3,afternoon,NOT_APPLICABLE,NOT_APPLICABLE,NOT_APPLICABLE,NOT_APPLICABLE,afternoon,25,V2_SYNTHETIC_FIXED_SELECTED_FOR_EB
cityrole-0266,ac,1,1,D_selected_private_AC_zones,有人在受控房间时使用；18:00–18:30若空屋预冷，须当天确认家户许可及实际预约/远控能力，否则到家后开启；空屋冷量不算舒适收益。,days_4_6,evening,NOT_APPLICABLE,NOT_APPLICABLE,NOT_APPLICABLE,NOT_APPLICABLE,evening,26,V2_SYNTHETIC_FIXED_SELECTED_FOR_EB
cityrole-0266,electric_water_heater,1,UNKNOWN,D_injected_EB_private_equipment_synthetic_access,普通加热须对准有人需要热水的时段；事件日及额外提前加热按当次许可确认。,days_4_6,19,NOT_APPLICABLE,22,NOT_APPLICABLE,NOT_APPLICABLE,NOT_APPLICABLE,NOT_APPLICABLE,V2_SYNTHETIC_FIXED_SELECTED_FOR_EB
cityrole-0266,washer,1,UNKNOWN,D_injected_EB_private_equipment_synthetic_access,默认时刻须有成员在家并完成装载；轮班或事件日另核，不默认预约或远程启动。,days_4_6,21,19,24,1.0,60,NOT_APPLICABLE,NOT_APPLICABLE,V2_SYNTHETIC_FIXED_SELECTED_FOR_EB
cityrole-0267,ac,1,1,D_selected_private_AC_zones,有人在受控房间时使用；18:00–18:30若空屋预冷，须当天确认家户许可及实际预约/远控能力，否则到家后开启；空屋冷量不算舒适收益。,days_7,evening,NOT_APPLICABLE,NOT_APPLICABLE,NOT_APPLICABLE,NOT_APPLICABLE,evening,27,V2_SYNTHETIC_FIXED_SELECTED_FOR_EB
cityrole-0267,dishwasher,1,UNKNOWN,D_injected_EB_private_equipment_synthetic_access,默认时刻须有成员在家并完成装载；轮班或事件日另核，不默认预约或远程启动。,days_7,19.8333333333,19,23,1.0,60,NOT_APPLICABLE,NOT_APPLICABLE,V2_SYNTHETIC_FIXED_SELECTED_FOR_EB
cityrole-0267,electric_water_heater,1,UNKNOWN,D_injected_EB_private_equipment_synthetic_access,普通加热须对准有人需要热水的时段；事件日及额外提前加热按当次许可确认。,days_7,19.8333333333,NOT_APPLICABLE,22,NOT_APPLICABLE,NOT_APPLICABLE,NOT_APPLICABLE,NOT_APPLICABLE,V2_SYNTHETIC_FIXED_SELECTED_FOR_EB
cityrole-0267,washer,1,UNKNOWN,D_injected_EB_private_equipment_synthetic_access,默认时刻须有成员在家并完成装载；轮班或事件日另核，不默认预约或远程启动。,days_7,19,19,23,1.0,60,NOT_APPLICABLE,NOT_APPLICABLE,V2_SYNTHETIC_FIXED_SELECTED_FOR_EB
cityrole-0268,ac,1,1,D_selected_private_AC_zones,有人在受控房间时使用；轮班或事件日另核，不把空屋冷量算作舒适收益。,days_2_3,custom,NOT_APPLICABLE,NOT_APPLICABLE,NOT_APPLICABLE,NOT_APPLICABLE,custom,24,V2_SYNTHETIC_FIXED_SELECTED_FOR_EB
cityrole-0268,electric_water_heater,1,UNKNOWN,D_injected_EB_private_equipment_synthetic_access,普通加热须对准有人需要热水的时段；事件日及额外提前加热按当次许可确认。,days_2_3,6,NOT_APPLICABLE,8,NOT_APPLICABLE,NOT_APPLICABLE,NOT_APPLICABLE,NOT_APPLICABLE,V2_SYNTHETIC_FIXED_SELECTED_FOR_EB
cityrole-0268,washer,1,UNKNOWN,D_injected_EB_private_equipment_synthetic_access,默认时刻须有成员在家并完成装载；轮班或事件日另核，不默认预约或远程启动。,days_2_3,19.8333333333,19,23,1.0,60,NOT_APPLICABLE,NOT_APPLICABLE,V2_SYNTHETIC_FIXED_SELECTED_FOR_EB
cityrole-0269,ac,2,2,D_selected_private_AC_zones,有人在受控房间时使用；轮班或事件日另核，不把空屋冷量算作舒适收益。,days_4_6,afternoon,NOT_APPLICABLE,NOT_APPLICABLE,NOT_APPLICABLE,NOT_APPLICABLE,afternoon,25,V2_SYNTHETIC_FIXED_SELECTED_FOR_EB
cityrole-0269,washer,1,UNKNOWN,D_injected_EB_private_equipment_synthetic_access,默认时刻须有成员在家并完成装载；轮班或事件日另核，不默认预约或远程启动。,days_4_6,21,19,24,1.0,60,NOT_APPLICABLE,NOT_APPLICABLE,V2_SYNTHETIC_FIXED_SELECTED_FOR_EB
cityrole-0270,ac,1,1,D_selected_private_AC_zones,有人在受控房间时使用；18:00–18:30若空屋预冷，须当天确认家户许可及实际预约/远控能力，否则到家后开启；空屋冷量不算舒适收益。,days_7,evening,NOT_APPLICABLE,NOT_APPLICABLE,NOT_APPLICABLE,NOT_APPLICABLE,evening,26,V2_SYNTHETIC_FIXED_SELECTED_FOR_EB
cityrole-0270,dishwasher,1,UNKNOWN,D_injected_EB_private_equipment_synthetic_access,默认时刻须有成员在家并完成装载；轮班或事件日另核，不默认预约或远程启动。,days_7,19.8333333333,19,23,1.0,60,NOT_APPLICABLE,NOT_APPLICABLE,V2_SYNTHETIC_FIXED_SELECTED_FOR_EB
cityrole-0270,washer,1,UNKNOWN,D_injected_EB_private_equipment_synthetic_access,默认时刻须有成员在家并完成装载；轮班或事件日另核，不默认预约或远程启动。,days_7,19,19,23,1.0,60,NOT_APPLICABLE,NOT_APPLICABLE,V2_SYNTHETIC_FIXED_SELECTED_FOR_EB
cityrole-0271,electric_water_heater,1,UNKNOWN,D_injected_EB_private_equipment_synthetic_access,普通加热须对准有人需要热水的时段；事件日及额外提前加热按当次许可确认。,days_2_3,6,NOT_APPLICABLE,8,NOT_APPLICABLE,NOT_APPLICABLE,NOT_APPLICABLE,NOT_APPLICABLE,V2_SYNTHETIC_FIXED_SELECTED_FOR_EB
cityrole-0271,washer,1,UNKNOWN,D_injected_EB_private_equipment_synthetic_access,默认时刻须有成员在家并完成装载；轮班或事件日另核，不默认预约或远程启动。,days_2_3,19.8333333333,19,23,1.0,60,NOT_APPLICABLE,NOT_APPLICABLE,V2_SYNTHETIC_FIXED_SELECTED_FOR_EB
cityrole-0272,ac,1,1,D_selected_private_AC_zones,有人在受控房间时使用；轮班或事件日另核，不把空屋冷量算作舒适收益。,days_4_6,custom,NOT_APPLICABLE,NOT_APPLICABLE,NOT_APPLICABLE,NOT_APPLICABLE,custom,24,V2_SYNTHETIC_FIXED_SELECTED_FOR_EB
cityrole-0272,washer,1,UNKNOWN,D_injected_EB_private_equipment_synthetic_access,默认时刻须有成员在家并完成装载；轮班或事件日另核，不默认预约或远程启动。,days_4_6,21,19,24,1.0,60,NOT_APPLICABLE,NOT_APPLICABLE,V2_SYNTHETIC_FIXED_SELECTED_FOR_EB
cityrole-0273,ac,2,2,D_selected_private_AC_zones,有人在受控房间时使用；18:00–18:30若空屋预冷，须当天确认家户许可及实际预约/远控能力，否则到家后开启；空屋冷量不算舒适收益。,days_7,evening,NOT_APPLICABLE,NOT_APPLICABLE,NOT_APPLICABLE,NOT_APPLICABLE,evening,25,V2_SYNTHETIC_FIXED_SELECTED_FOR_EB
cityrole-0273,washer,1,UNKNOWN,D_injected_EB_private_equipment_synthetic_access,默认时刻须有成员在家并完成装载；轮班或事件日另核，不默认预约或远程启动。,days_7,19,19,23,1.0,60,NOT_APPLICABLE,NOT_APPLICABLE,V2_SYNTHETIC_FIXED_SELECTED_FOR_EB
cityrole-0274,ac,1,1,D_selected_private_AC_zones,有人在受控房间时使用；18:00–18:30若空屋预冷，须当天确认家户许可及实际预约/远控能力，否则到家后开启；空屋冷量不算舒适收益。,days_2_3,evening,NOT_APPLICABLE,NOT_APPLICABLE,NOT_APPLICABLE,NOT_APPLICABLE,evening,26,V2_SYNTHETIC_FIXED_SELECTED_FOR_EB
cityrole-0274,electric_water_heater,1,UNKNOWN,D_injected_EB_private_equipment_synthetic_access,普通加热须对准有人需要热水的时段；事件日及额外提前加热按当次许可确认。,days_2_3,6,NOT_APPLICABLE,8,NOT_APPLICABLE,NOT_APPLICABLE,NOT_APPLICABLE,NOT_APPLICABLE,V2_SYNTHETIC_FIXED_SELECTED_FOR_EB
cityrole-0274,washer,1,UNKNOWN,D_injected_EB_private_equipment_synthetic_access,默认时刻须有成员在家并完成装载；轮班或事件日另核，不默认预约或远程启动。,days_2_3,19.8333333333,19,23,1.0,60,NOT_APPLICABLE,NOT_APPLICABLE,V2_SYNTHETIC_FIXED_SELECTED_FOR_EB
cityrole-0276,ac,1,1,D_selected_private_AC_zones,有人在受控房间时使用；轮班或事件日另核，不把空屋冷量算作舒适收益。,days_7,custom,NOT_APPLICABLE,NOT_APPLICABLE,NOT_APPLICABLE,NOT_APPLICABLE,custom,24,V2_SYNTHETIC_FIXED_SELECTED_FOR_EB
cityrole-0276,electric_water_heater,1,UNKNOWN,D_injected_EB_private_equipment_synthetic_access,普通加热须对准有人需要热水的时段；事件日及额外提前加热按当次许可确认。,days_7,19.8333333333,NOT_APPLICABLE,22,NOT_APPLICABLE,NOT_APPLICABLE,NOT_APPLICABLE,NOT_APPLICABLE,V2_SYNTHETIC_FIXED_SELECTED_FOR_EB
cityrole-0276,washer,1,UNKNOWN,D_injected_EB_private_equipment_synthetic_access,默认时刻须有成员在家并完成装载；轮班或事件日另核，不默认预约或远程启动。,days_7,19,19,23,1.0,60,NOT_APPLICABLE,NOT_APPLICABLE,V2_SYNTHETIC_FIXED_SELECTED_FOR_EB
cityrole-0277,ac,2,2,D_selected_private_AC_zones,有人在受控房间时使用；轮班或事件日另核，不把空屋冷量算作舒适收益。,days_2_3,afternoon,NOT_APPLICABLE,NOT_APPLICABLE,NOT_APPLICABLE,NOT_APPLICABLE,afternoon,25,V2_SYNTHETIC_FIXED_SELECTED_FOR_EB
cityrole-0277,electric_water_heater,1,UNKNOWN,D_injected_EB_private_equipment_synthetic_access,普通加热须对准有人需要热水的时段；事件日及额外提前加热按当次许可确认。,days_2_3,6,NOT_APPLICABLE,8,NOT_APPLICABLE,NOT_APPLICABLE,NOT_APPLICABLE,NOT_APPLICABLE,V2_SYNTHETIC_FIXED_SELECTED_FOR_EB
cityrole-0277,home_ev,1,UNKNOWN,D_injected_EB_private_equipment_synthetic_access,由m03在典型外出日返家后接入；车辆实际到家、次日离家与充电权限按当天确认。,days_2_3,19,NOT_APPLICABLE,7,NOT_APPLICABLE,NOT_APPLICABLE,NOT_APPLICABLE,NOT_APPLICABLE,V2_SYNTHETIC_FIXED_SELECTED_FOR_EB
cityrole-0277,washer,1,UNKNOWN,D_injected_EB_private_equipment_synthetic_access,默认时刻须有成员在家并完成装载；轮班或事件日另核，不默认预约或远程启动。,days_2_3,19.8333333333,19,23,1.0,60,NOT_APPLICABLE,NOT_APPLICABLE,V2_SYNTHETIC_FIXED_SELECTED_FOR_EB
cityrole-0278,ac,1,1,D_selected_private_AC_zones,有人在受控房间时使用；18:00–18:30若空屋预冷，须当天确认家户许可及实际预约/远控能力，否则到家后开启；空屋冷量不算舒适收益。,days_4_6,evening,NOT_APPLICABLE,NOT_APPLICABLE,NOT_APPLICABLE,NOT_APPLICABLE,evening,26,V2_SYNTHETIC_FIXED_SELECTED_FOR_EB
cityrole-0278,washer,1,UNKNOWN,D_injected_EB_private_equipment_synthetic_access,默认时刻须有成员在家并完成装载；轮班或事件日另核，不默认预约或远程启动。,days_4_6,21,19,24,1.0,60,NOT_APPLICABLE,NOT_APPLICABLE,V2_SYNTHETIC_FIXED_SELECTED_FOR_EB
cityrole-0279,ac,1,1,D_selected_private_AC_zones,有人在受控房间时使用；18:00–18:30若空屋预冷，须当天确认家户许可及实际预约/远控能力，否则到家后开启；空屋冷量不算舒适收益。 本轮紧凑合住仅一台空调进入EB控制及电量代理；其他原合成设备不计入该代理。,days_7,evening,NOT_APPLICABLE,NOT_APPLICABLE,NOT_APPLICABLE,NOT_APPLICABLE,evening,27,V2_SYNTHETIC_FIXED_SELECTED_FOR_EB
cityrole-0280,ac,1,1,D_selected_private_AC_zones,有人在受控房间时使用；轮班或事件日另核，不把空屋冷量算作舒适收益。,days_2_3,custom,NOT_APPLICABLE,NOT_APPLICABLE,NOT_APPLICABLE,NOT_APPLICABLE,custom,24,V2_SYNTHETIC_FIXED_SELECTED_FOR_EB
cityrole-0281,ac,2,2,D_selected_private_AC_zones,有人在受控房间时使用；18:00–18:30若空屋预冷，须当天确认家户许可及实际预约/远控能力，否则到家后开启；空屋冷量不算舒适收益。,days_4_6,evening,NOT_APPLICABLE,NOT_APPLICABLE,NOT_APPLICABLE,NOT_APPLICABLE,evening,25,V2_SYNTHETIC_FIXED_SELECTED_FOR_EB
cityrole-0281,dishwasher,1,UNKNOWN,D_injected_EB_private_equipment_synthetic_access,默认时刻须有成员在家并完成装载；轮班或事件日另核，不默认预约或远程启动。,days_4_6,19,19,23,1.0,60,NOT_APPLICABLE,NOT_APPLICABLE,V2_SYNTHETIC_FIXED_SELECTED_FOR_EB
cityrole-0281,washer,1,UNKNOWN,D_injected_EB_private_equipment_synthetic_access,默认时刻须有成员在家并完成装载；轮班或事件日另核，不默认预约或远程启动。,days_4_6,21,19,24,1.0,60,NOT_APPLICABLE,NOT_APPLICABLE,V2_SYNTHETIC_FIXED_SELECTED_FOR_EB
cityrole-0282,electric_water_heater,1,UNKNOWN,D_injected_EB_private_equipment_synthetic_access,普通加热须对准有人需要热水的时段；事件日及额外提前加热按当次许可确认。,days_7,19.8333333333,NOT_APPLICABLE,22,NOT_APPLICABLE,NOT_APPLICABLE,NOT_APPLICABLE,NOT_APPLICABLE,V2_SYNTHETIC_FIXED_SELECTED_FOR_EB
cityrole-0282,home_ev,1,UNKNOWN,D_injected_EB_private_equipment_synthetic_access,由m02在典型外出日返家后接入；车辆实际到家、次日离家与充电权限按当天确认。,days_7,21,NOT_APPLICABLE,7,NOT_APPLICABLE,NOT_APPLICABLE,NOT_APPLICABLE,NOT_APPLICABLE,V2_SYNTHETIC_FIXED_SELECTED_FOR_EB
cityrole-0283,washer,1,UNKNOWN,D_injected_EB_private_equipment_synthetic_access,默认时刻须有成员在家并完成装载；轮班或事件日另核，不默认预约或远程启动。,days_2_3,19.8333333333,19,23,1.0,60,NOT_APPLICABLE,NOT_APPLICABLE,V2_SYNTHETIC_FIXED_SELECTED_FOR_EB
cityrole-0284,ac,1,1,D_selected_private_AC_zones,有人在受控房间时使用；轮班或事件日另核，不把空屋冷量算作舒适收益。,days_4_6,custom,NOT_APPLICABLE,NOT_APPLICABLE,NOT_APPLICABLE,NOT_APPLICABLE,custom,24,V2_SYNTHETIC_FIXED_SELECTED_FOR_EB
cityrole-0284,electric_water_heater,1,UNKNOWN,D_injected_EB_private_equipment_synthetic_access,普通加热须对准有人需要热水的时段；事件日及额外提前加热按当次许可确认。,days_4_6,19,NOT_APPLICABLE,22,NOT_APPLICABLE,NOT_APPLICABLE,NOT_APPLICABLE,NOT_APPLICABLE,V2_SYNTHETIC_FIXED_SELECTED_FOR_EB
cityrole-0284,washer,1,UNKNOWN,D_injected_EB_private_equipment_synthetic_access,默认时刻须有成员在家并完成装载；轮班或事件日另核，不默认预约或远程启动。,days_4_6,21,19,24,1.0,60,NOT_APPLICABLE,NOT_APPLICABLE,V2_SYNTHETIC_FIXED_SELECTED_FOR_EB
cityrole-0285,ac,1,1,D_selected_private_AC_zones,有人在受控房间时使用；轮班或事件日另核，不把空屋冷量算作舒适收益。,days_7,afternoon,NOT_APPLICABLE,NOT_APPLICABLE,NOT_APPLICABLE,NOT_APPLICABLE,afternoon,25,V2_SYNTHETIC_FIXED_SELECTED_FOR_EB
cityrole-0286,ac,1,1,D_selected_private_AC_zones,有人在受控房间时使用；18:00–18:30若空屋预冷，须当天确认家户许可及实际预约/远控能力，否则到家后开启；空屋冷量不算舒适收益。,days_2_3,evening,NOT_APPLICABLE,NOT_APPLICABLE,NOT_APPLICABLE,NOT_APPLICABLE,evening,26,V2_SYNTHETIC_FIXED_SELECTED_FOR_EB
cityrole-0286,dishwasher,1,UNKNOWN,D_injected_EB_private_equipment_synthetic_access,默认时刻须有成员在家并完成装载；轮班或事件日另核，不默认预约或远程启动。,days_2_3,21,19,24,1.0,60,NOT_APPLICABLE,NOT_APPLICABLE,V2_SYNTHETIC_FIXED_SELECTED_FOR_EB
cityrole-0286,electric_water_heater,1,UNKNOWN,D_injected_EB_private_equipment_synthetic_access,普通加热须对准有人需要热水的时段；事件日及额外提前加热按当次许可确认。,days_2_3,6,NOT_APPLICABLE,8,NOT_APPLICABLE,NOT_APPLICABLE,NOT_APPLICABLE,NOT_APPLICABLE,V2_SYNTHETIC_FIXED_SELECTED_FOR_EB
cityrole-0286,washer,1,UNKNOWN,D_injected_EB_private_equipment_synthetic_access,默认时刻须有成员在家并完成装载；轮班或事件日另核，不默认预约或远程启动。,days_2_3,19.8333333333,19,23,1.0,60,NOT_APPLICABLE,NOT_APPLICABLE,V2_SYNTHETIC_FIXED_SELECTED_FOR_EB
cityrole-0287,ac,1,1,D_selected_private_AC_zones,有人在受控房间时使用；18:00–18:30若空屋预冷，须当天确认家户许可及实际预约/远控能力，否则到家后开启；空屋冷量不算舒适收益。,days_4_6,evening,NOT_APPLICABLE,NOT_APPLICABLE,NOT_APPLICABLE,NOT_APPLICABLE,evening,27,V2_SYNTHETIC_FIXED_SELECTED_FOR_EB
cityrole-0287,dishwasher,1,UNKNOWN,D_injected_EB_private_equipment_synthetic_access,默认时刻须有成员在家并完成装载；轮班或事件日另核，不默认预约或远程启动。,days_4_6,19,19,23,1.0,60,NOT_APPLICABLE,NOT_APPLICABLE,V2_SYNTHETIC_FIXED_SELECTED_FOR_EB
cityrole-0287,electric_water_heater,1,UNKNOWN,D_injected_EB_private_equipment_synthetic_access,普通加热须对准有人需要热水的时段；事件日及额外提前加热按当次许可确认。,days_4_6,19,NOT_APPLICABLE,22,NOT_APPLICABLE,NOT_APPLICABLE,NOT_APPLICABLE,NOT_APPLICABLE,V2_SYNTHETIC_FIXED_SELECTED_FOR_EB
cityrole-0287,washer,1,UNKNOWN,D_injected_EB_private_equipment_synthetic_access,默认时刻须有成员在家并完成装载；轮班或事件日另核，不默认预约或远程启动。,days_4_6,21,19,24,1.0,60,NOT_APPLICABLE,NOT_APPLICABLE,V2_SYNTHETIC_FIXED_SELECTED_FOR_EB
cityrole-0288,electric_water_heater,1,UNKNOWN,D_injected_EB_private_equipment_synthetic_access,普通加热须对准有人需要热水的时段；事件日及额外提前加热按当次许可确认。,days_7,19.8333333333,NOT_APPLICABLE,22,NOT_APPLICABLE,NOT_APPLICABLE,NOT_APPLICABLE,NOT_APPLICABLE,V2_SYNTHETIC_FIXED_SELECTED_FOR_EB
cityrole-0288,washer,1,UNKNOWN,D_injected_EB_private_equipment_synthetic_access,默认时刻须有成员在家并完成装载；轮班或事件日另核，不默认预约或远程启动。,days_7,19,19,23,1.0,60,NOT_APPLICABLE,NOT_APPLICABLE,V2_SYNTHETIC_FIXED_SELECTED_FOR_EB
cityrole-0289,ac,2,2,D_selected_private_AC_zones,有人在受控房间时使用；18:00–18:30若空屋预冷，须当天确认家户许可及实际预约/远控能力，否则到家后开启；空屋冷量不算舒适收益。,days_2_3,evening,NOT_APPLICABLE,NOT_APPLICABLE,NOT_APPLICABLE,NOT_APPLICABLE,evening,25,V2_SYNTHETIC_FIXED_SELECTED_FOR_EB
cityrole-0289,washer,1,UNKNOWN,D_injected_EB_private_equipment_synthetic_access,默认时刻须有成员在家并完成装载；轮班或事件日另核，不默认预约或远程启动。,days_2_3,19.8333333333,19,23,1.0,60,NOT_APPLICABLE,NOT_APPLICABLE,V2_SYNTHETIC_FIXED_SELECTED_FOR_EB
cityrole-0290,ac,1,1,D_selected_private_AC_zones,有人在受控房间时使用；18:00–18:30若空屋预冷，须当天确认家户许可及实际预约/远控能力，否则到家后开启；空屋冷量不算舒适收益。,days_4_6,evening,NOT_APPLICABLE,NOT_APPLICABLE,NOT_APPLICABLE,NOT_APPLICABLE,evening,26,V2_SYNTHETIC_FIXED_SELECTED_FOR_EB
cityrole-0290,washer,1,UNKNOWN,D_injected_EB_private_equipment_synthetic_access,默认时刻须有成员在家并完成装载；轮班或事件日另核，不默认预约或远程启动。,days_4_6,21,19,24,1.0,60,NOT_APPLICABLE,NOT_APPLICABLE,V2_SYNTHETIC_FIXED_SELECTED_FOR_EB
cityrole-0291,ac,1,1,D_selected_private_AC_zones,有人在受控房间时使用；18:00–18:30若空屋预冷，须当天确认家户许可及实际预约/远控能力，否则到家后开启；空屋冷量不算舒适收益。,days_7,evening,NOT_APPLICABLE,NOT_APPLICABLE,NOT_APPLICABLE,NOT_APPLICABLE,evening,27,V2_SYNTHETIC_FIXED_SELECTED_FOR_EB
cityrole-0291,dryer,1,UNKNOWN,D_injected_EB_private_equipment_synthetic_access,默认时刻须有成员在家并完成装载；轮班或事件日另核，不默认预约或远程启动。,days_7,21,19,24,1.5,90,NOT_APPLICABLE,NOT_APPLICABLE,V2_SYNTHETIC_FIXED_SELECTED_FOR_EB
cityrole-0291,washer,1,UNKNOWN,D_injected_EB_private_equipment_synthetic_access,默认时刻须有成员在家并完成装载；轮班或事件日另核，不默认预约或远程启动。,days_7,19,19,23,1.0,60,NOT_APPLICABLE,NOT_APPLICABLE,V2_SYNTHETIC_FIXED_SELECTED_FOR_EB
cityrole-0292,dryer,1,UNKNOWN,D_injected_EB_private_equipment_synthetic_access,默认时刻须有成员在家并完成装载；轮班或事件日另核，不默认预约或远程启动。,days_2_3,19,19,23,1.5,90,NOT_APPLICABLE,NOT_APPLICABLE,V2_SYNTHETIC_FIXED_SELECTED_FOR_EB
cityrole-0292,electric_water_heater,1,UNKNOWN,D_injected_EB_private_equipment_synthetic_access,普通加热须对准有人需要热水的时段；事件日及额外提前加热按当次许可确认。,days_2_3,6,NOT_APPLICABLE,8,NOT_APPLICABLE,NOT_APPLICABLE,NOT_APPLICABLE,NOT_APPLICABLE,V2_SYNTHETIC_FIXED_SELECTED_FOR_EB
cityrole-0293,electric_water_heater,1,UNKNOWN,D_injected_EB_private_equipment_synthetic_access,普通加热须对准有人需要热水的时段；事件日及额外提前加热按当次许可确认。,days_4_6,19,NOT_APPLICABLE,22,NOT_APPLICABLE,NOT_APPLICABLE,NOT_APPLICABLE,NOT_APPLICABLE,V2_SYNTHETIC_FIXED_SELECTED_FOR_EB
cityrole-0294,ac,1,1,D_selected_private_AC_zones,有人在受控房间时使用；18:00–18:30若空屋预冷，须当天确认家户许可及实际预约/远控能力，否则到家后开启；空屋冷量不算舒适收益。,days_7,evening,NOT_APPLICABLE,NOT_APPLICABLE,NOT_APPLICABLE,NOT_APPLICABLE,evening,26,V2_SYNTHETIC_FIXED_SELECTED_FOR_EB
cityrole-0295,ac,1,1,D_selected_private_AC_zones,有人在受控房间时使用；18:00–18:30若空屋预冷，须当天确认家户许可及实际预约/远控能力，否则到家后开启；空屋冷量不算舒适收益。,days_2_3,evening,NOT_APPLICABLE,NOT_APPLICABLE,NOT_APPLICABLE,NOT_APPLICABLE,evening,27,V2_SYNTHETIC_FIXED_SELECTED_FOR_EB
cityrole-0295,washer,1,UNKNOWN,D_injected_EB_private_equipment_synthetic_access,默认时刻须有成员在家并完成装载；轮班或事件日另核，不默认预约或远程启动。,days_2_3,19.8333333333,19,23,1.0,60,NOT_APPLICABLE,NOT_APPLICABLE,V2_SYNTHETIC_FIXED_SELECTED_FOR_EB
cityrole-0296,ac,1,1,D_selected_private_AC_zones,有人在受控房间时使用；轮班或事件日另核，不把空屋冷量算作舒适收益。,days_4_6,custom,NOT_APPLICABLE,NOT_APPLICABLE,NOT_APPLICABLE,NOT_APPLICABLE,custom,24,V2_SYNTHETIC_FIXED_SELECTED_FOR_EB
cityrole-0296,dryer,1,UNKNOWN,D_injected_EB_private_equipment_synthetic_access,默认时刻须有成员在家并完成装载；轮班或事件日另核，不默认预约或远程启动。,days_4_6,19.8333333333,19,23,1.5,90,NOT_APPLICABLE,NOT_APPLICABLE,V2_SYNTHETIC_FIXED_SELECTED_FOR_EB
cityrole-0296,electric_water_heater,1,UNKNOWN,D_injected_EB_private_equipment_synthetic_access,普通加热须对准有人需要热水的时段；事件日及额外提前加热按当次许可确认。,days_4_6,19,NOT_APPLICABLE,22,NOT_APPLICABLE,NOT_APPLICABLE,NOT_APPLICABLE,NOT_APPLICABLE,V2_SYNTHETIC_FIXED_SELECTED_FOR_EB
cityrole-0296,washer,1,UNKNOWN,D_injected_EB_private_equipment_synthetic_access,默认时刻须有成员在家并完成装载；轮班或事件日另核，不默认预约或远程启动。,days_4_6,21,19,24,1.0,60,NOT_APPLICABLE,NOT_APPLICABLE,V2_SYNTHETIC_FIXED_SELECTED_FOR_EB
cityrole-0297,electric_water_heater,1,UNKNOWN,D_injected_EB_private_equipment_synthetic_access,普通加热须对准有人需要热水的时段；事件日及额外提前加热按当次许可确认。,days_7,19.8333333333,NOT_APPLICABLE,22,NOT_APPLICABLE,NOT_APPLICABLE,NOT_APPLICABLE,NOT_APPLICABLE,V2_SYNTHETIC_FIXED_SELECTED_FOR_EB
cityrole-0297,washer,1,UNKNOWN,D_injected_EB_private_equipment_synthetic_access,默认时刻须有成员在家并完成装载；轮班或事件日另核，不默认预约或远程启动。,days_7,19,19,23,1.0,60,NOT_APPLICABLE,NOT_APPLICABLE,V2_SYNTHETIC_FIXED_SELECTED_FOR_EB
cityrole-0298,ac,1,1,D_selected_private_AC_zones,有人在受控房间时使用；18:00–18:30若空屋预冷，须当天确认家户许可及实际预约/远控能力，否则到家后开启；空屋冷量不算舒适收益。,days_2_3,evening,NOT_APPLICABLE,NOT_APPLICABLE,NOT_APPLICABLE,NOT_APPLICABLE,evening,26,V2_SYNTHETIC_FIXED_SELECTED_FOR_EB
cityrole-0298,electric_water_heater,1,UNKNOWN,D_injected_EB_private_equipment_synthetic_access,普通加热须对准有人需要热水的时段；事件日及额外提前加热按当次许可确认。,days_2_3,6,NOT_APPLICABLE,8,NOT_APPLICABLE,NOT_APPLICABLE,NOT_APPLICABLE,NOT_APPLICABLE,V2_SYNTHETIC_FIXED_SELECTED_FOR_EB
cityrole-0299,ac,1,1,D_selected_private_AC_zones,有人在受控房间时使用；轮班或事件日另核，不把空屋冷量算作舒适收益。,days_4_6,all_day,NOT_APPLICABLE,NOT_APPLICABLE,NOT_APPLICABLE,NOT_APPLICABLE,all_day,27,V2_SYNTHETIC_FIXED_SELECTED_FOR_EB
cityrole-0299,electric_water_heater,1,UNKNOWN,D_injected_EB_private_equipment_synthetic_access,普通加热须对准有人需要热水的时段；事件日及额外提前加热按当次许可确认。,days_4_6,19,NOT_APPLICABLE,22,NOT_APPLICABLE,NOT_APPLICABLE,NOT_APPLICABLE,NOT_APPLICABLE,V2_SYNTHETIC_FIXED_SELECTED_FOR_EB
cityrole-0299,washer,1,UNKNOWN,D_injected_EB_private_equipment_synthetic_access,默认时刻须有成员在家并完成装载；轮班或事件日另核，不默认预约或远程启动。,days_4_6,21,19,24,1.0,60,NOT_APPLICABLE,NOT_APPLICABLE,V2_SYNTHETIC_FIXED_SELECTED_FOR_EB
cityrole-0300,ac,1,1,D_selected_private_AC_zones,有人在受控房间时使用；轮班或事件日另核，不把空屋冷量算作舒适收益。,days_7,custom,NOT_APPLICABLE,NOT_APPLICABLE,NOT_APPLICABLE,NOT_APPLICABLE,custom,24,V2_SYNTHETIC_FIXED_SELECTED_FOR_EB
cityrole-0300,dryer,1,UNKNOWN,D_injected_EB_private_equipment_synthetic_access,默认时刻须有成员在家并完成装载；轮班或事件日另核，不默认预约或远程启动。,days_7,21,19,24,1.5,90,NOT_APPLICABLE,NOT_APPLICABLE,V2_SYNTHETIC_FIXED_SELECTED_FOR_EB
cityrole-0300,electric_water_heater,1,UNKNOWN,D_injected_EB_private_equipment_synthetic_access,普通加热须对准有人需要热水的时段；事件日及额外提前加热按当次许可确认。,days_7,19.8333333333,NOT_APPLICABLE,22,NOT_APPLICABLE,NOT_APPLICABLE,NOT_APPLICABLE,NOT_APPLICABLE,V2_SYNTHETIC_FIXED_SELECTED_FOR_EB
cityrole-0300,washer,1,UNKNOWN,D_injected_EB_private_equipment_synthetic_access,默认时刻须有成员在家并完成装载；轮班或事件日另核，不默认预约或远程启动。,days_7,19,19,23,1.0,60,NOT_APPLICABLE,NOT_APPLICABLE,V2_SYNTHETIC_FIXED_SELECTED_FOR_EB
