role_id,source_version,city,province,family_size,generation_category,older_member_present,weekday_day_presence,evening_presence,routine_regularity,monthly_income_scenario_yuan,monthly_bill_scenario_yuan,bill_pressure_description,budget_explanation,tradeoff_condition,cost_importance_1_5,comfort_importance_1_5,grid_importance_1_5,control_condition,housing_form,h7_room_category,h7_room_minimum,h6_design_building_area_m2,h6_area_basis,whole_dwelling_building_area_m2,whole_dwelling_area_status,household_accounted_net_area_m2,whole_dwelling_modeled_net_area_m2,selected_controlled_zone_area_m2,common_allocated_area_m2,other_resident_count,building_type,virtual_building_id,housing_mode,source_catalog_key,weather_station_key,weather_station_distance_km,private_control_scope,home_charging_access,home_ev_driver_member_id,role_card_short,actor_card_full,event_presence_status,participant_feedback_status,simulation_result_status,population_weight_status,owned_ac_unit_count,eb_controllable_ac_unit_count,eb_selected_ac_zone_count,synthetic_owned_device_types,eb_intervention_device_types,owned_background_excluded_device_types
cityrole-0001,v2_control1_D_inputs,南昌市,江西,2,2,0,mostly_absent,mostly_home,regular,6400,360,电费有余量，通常不需改变开支,本月电费已列入预算，按当前金额可以承担。,middle,3,3,2,high_trust_auto,independent_dwelling,two_rooms,2,129.0,synthetic_H6_like_whole_dwelling_building_area,129.0,EXPERIMENTAL_DESIGN_NOT_OBSERVED,96.992481,96.992481,96.992481,0,NOT_APPLICABLE,apartment,cn-home-0001,self_contained_openplan,Low-rise apartment_Nanchang_2001,CHN_Jiangxi.Nanchang.586060_CSWD,9.144,D_selected_EB_devices_and_private_AC_zones,0,,"【v2隔离合成角色；无真人回答】cityrole-0001｜江西南昌市｜本户2人；独立住房设计建筑面积129.0㎡。原合成持有设备：ac,washer；本次EB纳入：ac,washer；空调持有2台，本次可控2台。","【v2隔离合成角色；无真人回答】
cityrole-0001｜江西南昌市｜本户2人。独立住房设计建筑面积129.0㎡。
原合成持有设备：ac,washer；本次EB纳入：ac,washer；空调持有2台，本次可控2台。
收入、电费、设备习惯与控制偏好均为实验情境；事件当天是否有人在受控房间未知。",UNKNOWN,NOT_COLLECTED,D_G_RESULTS_NOT_IN_FIXED_ROLE_CSV,UNKNOWN,2,2,2,"ac,washer","ac,washer",none
cityrole-0002,v2_control1_D_inputs,广州市,广东,4,3,0,mostly_occupied,partly_home,irregular,26000,720,电费不构成当前预算约束,本月电费占可安排预算较小。,both_high,5,5,1,confirm_required,independent_dwelling,three_rooms,3,42.0,synthetic_H6_like_whole_dwelling_building_area,42.0,EXPERIMENTAL_DESIGN_NOT_OBSERVED,31.578947,31.578947,31.578947,0,NOT_APPLICABLE,apartment,cn-home-0002,self_contained_source_three_room,Low-rise apartment_Guangzhou_2012,CHN_Guangdong.Guangzhou.592870_CSWD,5.46,D_selected_EB_devices_and_private_AC_zones,0,,【v2隔离合成角色；无真人回答】cityrole-0002｜广东广州市｜本户4人；独立住房设计建筑面积42.0㎡。原合成持有设备：ac；本次EB纳入：ac；空调持有1台，本次可控1台。,"【v2隔离合成角色；无真人回答】
cityrole-0002｜广东广州市｜本户4人。独立住房设计建筑面积42.0㎡。
原合成持有设备：ac；本次EB纳入：ac；空调持有1台，本次可控1台。
收入、电费、设备习惯与控制偏好均为实验情境；事件当天是否有人在受控房间未知。",UNKNOWN,NOT_COLLECTED,D_G_RESULTS_NOT_IN_FIXED_ROLE_CSV,UNKNOWN,1,1,1,ac,ac,none
cityrole-0003,v2_control1_D_inputs,潮州市,广东,2,1,0,sometimes_occupied,varies,irregular,6400,360,电费超出预算会挤占必要支出,必要生活开支较多，本月电费变化容易挤占其他项目。,middle,3,3,3,low_auto_accept,independent_dwelling,one_room,1,109.0,synthetic_H6_like_whole_dwelling_building_area,109.0,EXPERIMENTAL_DESIGN_NOT_OBSERVED,81.954887,81.954887,81.954887,0,NOT_APPLICABLE,apartment,cn-home-0003,self_contained_openplan,Low-rise apartment_Shantou_2003,CHN_Guangdong.Shantou.593160_CSWD,46.236,D_selected_EB_devices_and_private_AC_zones,0,,【v2隔离合成角色；无真人回答】cityrole-0003｜广东潮州市｜本户2人；独立住房设计建筑面积109.0㎡。原合成持有设备：electric_water_heater；本次EB纳入：electric_water_heater；空调持有0台，本次可控0台。,"【v2隔离合成角色；无真人回答】
cityrole-0003｜广东潮州市｜本户2人。独立住房设计建筑面积109.0㎡。
原合成持有设备：electric_water_heater；本次EB纳入：electric_water_heater；空调持有0台，本次可控0台。
收入、电费、设备习惯与控制偏好均为实验情境；事件当天是否有人在受控房间未知。",UNKNOWN,NOT_COLLECTED,D_G_RESULTS_NOT_IN_FIXED_ROLE_CSV,UNKNOWN,0,0,0,electric_water_heater,electric_water_heater,none
cityrole-0004,v2_control1_D_inputs,漳州市,福建,1,1,0,sometimes_occupied,partly_home,partly_regular,2000,120,电费不构成当前预算约束,本月电费已列入预算，按当前金额可以承担。,both_high,5,5,3,high_trust_auto,shared_dwelling_private_rooms_with_allocated_common_area,one_room,1,14.5,synthetic_H6_like_household_attributed_building_area_in_shared_dwelling,68.270824,EXPERIMENTAL_DESIGN_NOT_OBSERVED,13.775,64.857283,11.585144,2.189856,UNKNOWN,apartment,cn-home-0004,shared_flat_private_rooms,High-rise apartment(slab type)_Xiamen_2003,CHN_Fujian.Xiamen.591340_CSWD,37.304,D_selected_EB_devices_and_private_AC_zones,0,,【v2隔离合成角色；无真人回答】cityrole-0004｜福建漳州市｜本户1人；合住：本户H6归属建筑面积14.5㎡；整套设计建筑面积68.270824㎡。其他住户人数未知。原合成持有设备：ac；本次EB纳入：ac；空调持有1台，本次可控1台。,"【v2隔离合成角色；无真人回答】
cityrole-0004｜福建漳州市｜本户1人。合住：本户H6归属建筑面积14.5㎡；整套设计建筑面积68.270824㎡。其他住户人数未知。
原合成持有设备：ac；本次EB纳入：ac；空调持有1台，本次可控1台。
收入、电费、设备习惯与控制偏好均为实验情境；事件当天是否有人在受控房间未知。",UNKNOWN,NOT_COLLECTED,D_G_RESULTS_NOT_IN_FIXED_ROLE_CSV,UNKNOWN,1,1,1,ac,ac,none
cityrole-0005,v2_control1_D_inputs,莆田市,福建,4,2,0,sometimes_occupied,partly_home,partly_regular,26000,720,电费不构成当前预算约束,本月电费占可安排预算较小。,saving_priority,5,1,5,confirm_required,independent_dwelling,three_rooms,3,42.0,synthetic_H6_like_whole_dwelling_building_area,42.0,EXPERIMENTAL_DESIGN_NOT_OBSERVED,31.578947,31.578947,31.578947,0,NOT_APPLICABLE,apartment,cn-home-0005,self_contained_source_three_room,Low-rise apartment_Fuzhou_2012,CHN_Fujian.Congwu.591330_CSWD,60.992,D_selected_EB_devices_and_private_AC_zones,0,,"【v2隔离合成角色；无真人回答】cityrole-0005｜福建莆田市｜本户4人；独立住房设计建筑面积42.0㎡。原合成持有设备：ac,washer；本次EB纳入：ac,washer；空调持有2台，本次可控2台。","【v2隔离合成角色；无真人回答】
cityrole-0005｜福建莆田市｜本户4人。独立住房设计建筑面积42.0㎡。
原合成持有设备：ac,washer；本次EB纳入：ac,washer；空调持有2台，本次可控2台。
收入、电费、设备习惯与控制偏好均为实验情境；事件当天是否有人在受控房间未知。",UNKNOWN,NOT_COLLECTED,D_G_RESULTS_NOT_IN_FIXED_ROLE_CSV,UNKNOWN,2,2,2,"ac,washer","ac,washer",none
cityrole-0006,v2_control1_D_inputs,赤峰市,内蒙古,3,2,1,mostly_occupied,partly_home,irregular,6000,520,电费可承担，但会留意变化,本月电费可承担，但家庭会留意它的变化。,saving_priority,4,2,3,high_trust_auto,independent_dwelling,three_rooms,3,73.5,synthetic_H6_like_whole_dwelling_building_area,73.5,EXPERIMENTAL_DESIGN_NOT_OBSERVED,55.263158,55.263158,55.263158,0,NOT_APPLICABLE,apartment,cn-home-0006,self_contained_source_three_room,Low-rise apartment_Chifeng_2010,CHN_Nei.Mongol.Chifeng.542180_CSWD,0.69,D_selected_EB_devices_and_private_AC_zones,1,m03,"【v2隔离合成角色；无真人回答】cityrole-0006｜内蒙古赤峰市｜本户3人；独立住房设计建筑面积73.5㎡。原合成持有设备：electric_water_heater,home_ev,washer；本次EB纳入：electric_water_heater,home_ev,washer；空调持有0台，本次可控0台。","【v2隔离合成角色；无真人回答】
cityrole-0006｜内蒙古赤峰市｜本户3人。独立住房设计建筑面积73.5㎡。
原合成持有设备：electric_water_heater,home_ev,washer；本次EB纳入：electric_water_heater,home_ev,washer；空调持有0台，本次可控0台。
收入、电费、设备习惯与控制偏好均为实验情境；事件当天是否有人在受控房间未知。",UNKNOWN,NOT_COLLECTED,D_G_RESULTS_NOT_IN_FIXED_ROLE_CSV,UNKNOWN,0,0,0,"electric_water_heater,home_ev,washer","electric_water_heater,home_ev,washer",none
cityrole-0007,v2_control1_D_inputs,广州市,广东,2,1,0,mostly_occupied,partly_home,partly_regular,19000,720,电费不构成当前预算约束,本月电费占可安排预算较小。,both_low,2,2,3,low_auto_accept,independent_dwelling,one_room,1,89.0,synthetic_H6_like_whole_dwelling_building_area,89.0,EXPERIMENTAL_DESIGN_NOT_OBSERVED,66.917293,66.917293,66.917293,0,NOT_APPLICABLE,apartment,cn-home-0007,self_contained_openplan,Low-rise apartment_Guangzhou_2003,CHN_Guangdong.Guangzhou.592870_CSWD,5.46,D_selected_EB_devices_and_private_AC_zones,0,,【v2隔离合成角色；无真人回答】cityrole-0007｜广东广州市｜本户2人；独立住房设计建筑面积89.0㎡。原合成持有设备：ac；本次EB纳入：ac；空调持有1台，本次可控1台。,"【v2隔离合成角色；无真人回答】
cityrole-0007｜广东广州市｜本户2人。独立住房设计建筑面积89.0㎡。
原合成持有设备：ac；本次EB纳入：ac；空调持有1台，本次可控1台。
收入、电费、设备习惯与控制偏好均为实验情境；事件当天是否有人在受控房间未知。",UNKNOWN,NOT_COLLECTED,D_G_RESULTS_NOT_IN_FIXED_ROLE_CSV,UNKNOWN,1,1,1,ac,ac,none
cityrole-0008,v2_control1_D_inputs,马鞍山市,安徽,2,1,0,sometimes_occupied,varies,irregular,9000,720,电费有压力，需调整其他开支,必要生活开支较多，本月电费变化容易挤占其他项目。,saving_priority,4,2,5,low_auto_accept,independent_dwelling,three_rooms,3,129.0,synthetic_H6_like_whole_dwelling_building_area,129.0,EXPERIMENTAL_DESIGN_NOT_OBSERVED,96.992481,96.992481,96.992481,0,NOT_APPLICABLE,apartment,cn-home-0008,self_contained_source_three_room,High-rise apartment(slab type)_Hefei_2001,CHN_Anhui.Hefei.583210_CSWD,121.71,D_selected_EB_devices_and_private_AC_zones,0,,"【v2隔离合成角色；无真人回答】cityrole-0008｜安徽马鞍山市｜本户2人；独立住房设计建筑面积129.0㎡。原合成持有设备：ac,electric_water_heater,washer；本次EB纳入：ac,electric_water_heater,washer；空调持有1台，本次可控1台。","【v2隔离合成角色；无真人回答】
cityrole-0008｜安徽马鞍山市｜本户2人。独立住房设计建筑面积129.0㎡。
原合成持有设备：ac,electric_water_heater,washer；本次EB纳入：ac,electric_water_heater,washer；空调持有1台，本次可控1台。
收入、电费、设备习惯与控制偏好均为实验情境；事件当天是否有人在受控房间未知。",UNKNOWN,NOT_COLLECTED,D_G_RESULTS_NOT_IN_FIXED_ROLE_CSV,UNKNOWN,1,1,1,"ac,electric_water_heater,washer","ac,electric_water_heater,washer",none
cityrole-0009,v2_control1_D_inputs,周口市,河南,2,2,1,mostly_occupied,mostly_home,regular,4000,220,电费有余量，通常不需改变开支,本月电费已列入预算，按当前金额可以承担。,both_low,2,2,1,high_trust_auto,independent_dwelling,three_rooms,3,69.0,synthetic_H6_like_whole_dwelling_building_area,69.0,EXPERIMENTAL_DESIGN_NOT_OBSERVED,51.879699,51.879699,51.879699,0,NOT_APPLICABLE,apartment,cn-home-0009,self_contained_source_three_room,Low-rise apartment_Zhumadian_2001,CHN_Henan.Zhumadian.572900_CSWD,90.292,D_selected_EB_devices_and_private_AC_zones,0,,"【v2隔离合成角色；无真人回答】cityrole-0009｜河南周口市｜本户2人；独立住房设计建筑面积69.0㎡。原合成持有设备：ac,washer；本次EB纳入：ac,washer；空调持有2台，本次可控2台。","【v2隔离合成角色；无真人回答】
cityrole-0009｜河南周口市｜本户2人。独立住房设计建筑面积69.0㎡。
原合成持有设备：ac,washer；本次EB纳入：ac,washer；空调持有2台，本次可控2台。
收入、电费、设备习惯与控制偏好均为实验情境；事件当天是否有人在受控房间未知。",UNKNOWN,NOT_COLLECTED,D_G_RESULTS_NOT_IN_FIXED_ROLE_CSV,UNKNOWN,2,2,2,"ac,washer","ac,washer",none
cityrole-0010,v2_control1_D_inputs,郑州市,河南,1,1,0,sometimes_occupied,partly_home,partly_regular,9500,120,电费有压力，需调整其他开支,本月收入已有其他固定支出安排，可灵活调整的预算较紧。,middle,3,3,2,low_auto_accept,independent_dwelling,three_rooms,3,75.0,synthetic_H6_like_whole_dwelling_building_area,75.0,EXPERIMENTAL_DESIGN_NOT_OBSERVED,56.390977,56.390977,56.390977,0,NOT_APPLICABLE,apartment,cn-home-0010,self_contained_source_three_room,High-rise apartment(slab type)_Zhengzhou_2010,CHN_Henan.Zhengzhou.570830_CSWD,5.229,D_selected_EB_devices_and_private_AC_zones,0,,"【v2隔离合成角色；无真人回答】cityrole-0010｜河南郑州市｜本户1人；独立住房设计建筑面积75.0㎡。原合成持有设备：ac,electric_water_heater,washer；本次EB纳入：ac,electric_water_heater,washer；空调持有1台，本次可控1台。","【v2隔离合成角色；无真人回答】
cityrole-0010｜河南郑州市｜本户1人。独立住房设计建筑面积75.0㎡。
原合成持有设备：ac,electric_water_heater,washer；本次EB纳入：ac,electric_water_heater,washer；空调持有1台，本次可控1台。
收入、电费、设备习惯与控制偏好均为实验情境；事件当天是否有人在受控房间未知。",UNKNOWN,NOT_COLLECTED,D_G_RESULTS_NOT_IN_FIXED_ROLE_CSV,UNKNOWN,1,1,1,"ac,electric_water_heater,washer","ac,electric_water_heater,washer",none
cityrole-0011,v2_control1_D_inputs,西安市,陕西,2,1,1,sometimes_occupied,partly_home,partly_regular,6400,520,电费可承担，但会留意变化,本月电费可承担，但家庭会留意它的变化。,comfort_priority,1,5,2,confirm_required,independent_dwelling,two_rooms,2,109.0,synthetic_H6_like_whole_dwelling_building_area,109.0,EXPERIMENTAL_DESIGN_NOT_OBSERVED,81.954887,81.954887,81.954887,0,NOT_APPLICABLE,apartment,cn-home-0011,self_contained_openplan,Low-rise apartment_Xian_2010,CHN_Shaanxi.Xian.570360_CSWD,5.251,D_selected_EB_devices_and_private_AC_zones,0,,"【v2隔离合成角色；无真人回答】cityrole-0011｜陕西西安市｜本户2人；独立住房设计建筑面积109.0㎡。原合成持有设备：ac,dishwasher,washer；本次EB纳入：ac,dishwasher,washer；空调持有1台，本次可控1台。","【v2隔离合成角色；无真人回答】
cityrole-0011｜陕西西安市｜本户2人。独立住房设计建筑面积109.0㎡。
原合成持有设备：ac,dishwasher,washer；本次EB纳入：ac,dishwasher,washer；空调持有1台，本次可控1台。
收入、电费、设备习惯与控制偏好均为实验情境；事件当天是否有人在受控房间未知。",UNKNOWN,NOT_COLLECTED,D_G_RESULTS_NOT_IN_FIXED_ROLE_CSV,UNKNOWN,1,1,1,"ac,dishwasher,washer","ac,dishwasher,washer",none
cityrole-0012,v2_control1_D_inputs,重庆市,重庆,1,1,1,sometimes_occupied,partly_home,partly_regular,2000,120,电费可承担，但会留意变化,本月电费可承担，但家庭会留意它的变化。,saving_priority,5,1,1,confirm_required,independent_dwelling,one_room,1,34.5,synthetic_H6_like_whole_dwelling_building_area,34.5,EXPERIMENTAL_DESIGN_NOT_OBSERVED,25.93985,25.93985,25.93985,0,NOT_APPLICABLE,apartment,cn-home-0012,self_contained_openplan,Low-rise apartment_Youyang_2001,CHN_Chongqing.Chongqing.Shapingba.575160_CSWD,5.879,D_selected_EB_devices_and_private_AC_zones,0,,"【v2隔离合成角色；无真人回答】cityrole-0012｜重庆重庆市｜本户1人；独立住房设计建筑面积34.5㎡。原合成持有设备：dryer,washer；本次EB纳入：washer；空调持有0台，本次可控0台。","【v2隔离合成角色；无真人回答】
cityrole-0012｜重庆重庆市｜本户1人。独立住房设计建筑面积34.5㎡。
原合成持有设备：dryer,washer；本次EB纳入：washer；空调持有0台，本次可控0台。
收入、电费、设备习惯与控制偏好均为实验情境；事件当天是否有人在受控房间未知。",UNKNOWN,NOT_COLLECTED,D_G_RESULTS_NOT_IN_FIXED_ROLE_CSV,UNKNOWN,0,0,0,"dryer,washer",washer,dryer
cityrole-0013,v2_control1_D_inputs,重庆市,重庆,2,2,0,mostly_occupied,partly_home,irregular,13000,520,电费可承担，但会留意变化,本月电费可承担，但家庭会留意它的变化。,both_high,5,5,1,low_auto_accept,independent_dwelling,three_rooms,3,49.0,synthetic_H6_like_whole_dwelling_building_area,49.0,EXPERIMENTAL_DESIGN_NOT_OBSERVED,36.842105,36.842105,36.842105,0,NOT_APPLICABLE,apartment,cn-home-0013,self_contained_source_three_room,Low-rise apartment_Youyang_2001,CHN_Chongqing.Chongqing.Shapingba.575160_CSWD,5.879,D_selected_EB_devices_and_private_AC_zones,0,,"【v2隔离合成角色；无真人回答】cityrole-0013｜重庆重庆市｜本户2人；独立住房设计建筑面积49.0㎡。原合成持有设备：ac,washer；本次EB纳入：ac,washer；空调持有2台，本次可控2台。","【v2隔离合成角色；无真人回答】
cityrole-0013｜重庆重庆市｜本户2人。独立住房设计建筑面积49.0㎡。
原合成持有设备：ac,washer；本次EB纳入：ac,washer；空调持有2台，本次可控2台。
收入、电费、设备习惯与控制偏好均为实验情境；事件当天是否有人在受控房间未知。",UNKNOWN,NOT_COLLECTED,D_G_RESULTS_NOT_IN_FIXED_ROLE_CSV,UNKNOWN,2,2,2,"ac,washer","ac,washer",none
cityrole-0014,v2_control1_D_inputs,北京市,北京,2,2,0,sometimes_occupied,partly_home,partly_regular,4000,220,电费超出预算会挤占必要支出,必要生活开支较多，本月电费变化容易挤占其他项目。,saving_priority,5,1,3,high_trust_auto,independent_dwelling,two_rooms,2,69.0,synthetic_H6_like_whole_dwelling_building_area,69.0,EXPERIMENTAL_DESIGN_NOT_OBSERVED,51.879699,51.879699,51.879699,0,NOT_APPLICABLE,apartment,cn-home-0014,self_contained_openplan,High-rise apartment(slab type)_Beijing_2010,CHN_Beijing.Beijing.545110_CSWD,16.45,D_selected_EB_devices_and_private_AC_zones,0,,"【v2隔离合成角色；无真人回答】cityrole-0014｜北京北京市｜本户2人；独立住房设计建筑面积69.0㎡。原合成持有设备：ac,washer；本次EB纳入：ac,washer；空调持有1台，本次可控1台。","【v2隔离合成角色；无真人回答】
cityrole-0014｜北京北京市｜本户2人。独立住房设计建筑面积69.0㎡。
原合成持有设备：ac,washer；本次EB纳入：ac,washer；空调持有1台，本次可控1台。
收入、电费、设备习惯与控制偏好均为实验情境；事件当天是否有人在受控房间未知。",UNKNOWN,NOT_COLLECTED,D_G_RESULTS_NOT_IN_FIXED_ROLE_CSV,UNKNOWN,1,1,1,"ac,washer","ac,washer",none
cityrole-0015,v2_control1_D_inputs,长春市,吉林,4,3,0,mostly_occupied,partly_home,partly_regular,18000,720,电费不构成当前预算约束,本月电费占可安排预算较小。,saving_priority,5,1,5,low_auto_accept,independent_dwelling,two_rooms,2,300.0,synthetic_H6_like_whole_dwelling_building_area,300.0,EXPERIMENTAL_DESIGN_NOT_OBSERVED,225.56391,225.56391,225.56391,0,NOT_APPLICABLE,apartment,cn-home-0015,self_contained_openplan,Low-rise apartment_Changchun_2010,CHN_Jilin.Changchun.541610_CSWD,7.064,D_selected_EB_devices_and_private_AC_zones,0,,"【v2隔离合成角色；无真人回答】cityrole-0015｜吉林长春市｜本户4人；独立住房设计建筑面积300.0㎡。原合成持有设备：ac,washer；本次EB纳入：ac,washer；空调持有1台，本次可控1台。","【v2隔离合成角色；无真人回答】
cityrole-0015｜吉林长春市｜本户4人。独立住房设计建筑面积300.0㎡。
原合成持有设备：ac,washer；本次EB纳入：ac,washer；空调持有1台，本次可控1台。
收入、电费、设备习惯与控制偏好均为实验情境；事件当天是否有人在受控房间未知。",UNKNOWN,NOT_COLLECTED,D_G_RESULTS_NOT_IN_FIXED_ROLE_CSV,UNKNOWN,1,1,1,"ac,washer","ac,washer",none
cityrole-0016,v2_control1_D_inputs,上海市,上海,2,1,0,variable,varies,irregular,13000,520,电费有压力，需调整其他开支,本月收入已有其他固定支出安排，可灵活调整的预算较紧。,both_low,2,2,5,low_auto_accept,independent_dwelling,two_rooms,2,69.0,synthetic_H6_like_whole_dwelling_building_area,69.0,EXPERIMENTAL_DESIGN_NOT_OBSERVED,51.879699,51.879699,51.879699,0,NOT_APPLICABLE,apartment,cn-home-0016,self_contained_openplan,High-rise apartment(slab type)_Shanghai_2001,CHN_Shanghai.Shanghai.583620_CSWD,20.633,D_selected_EB_devices_and_private_AC_zones,0,,"【v2隔离合成角色；无真人回答】cityrole-0016｜上海上海市｜本户2人；独立住房设计建筑面积69.0㎡。原合成持有设备：ac,dryer,washer；本次EB纳入：ac,dryer,washer；空调持有1台，本次可控1台。","【v2隔离合成角色；无真人回答】
cityrole-0016｜上海上海市｜本户2人。独立住房设计建筑面积69.0㎡。
原合成持有设备：ac,dryer,washer；本次EB纳入：ac,dryer,washer；空调持有1台，本次可控1台。
收入、电费、设备习惯与控制偏好均为实验情境；事件当天是否有人在受控房间未知。",UNKNOWN,NOT_COLLECTED,D_G_RESULTS_NOT_IN_FIXED_ROLE_CSV,UNKNOWN,1,1,1,"ac,dryer,washer","ac,dryer,washer",none
cityrole-0017,v2_control1_D_inputs,南京市,江苏,1,1,1,sometimes_occupied,partly_home,partly_regular,6500,120,电费有压力，需调整其他开支,本月收入已有其他固定支出安排，可灵活调整的预算较紧。,comfort_priority,2,4,1,high_trust_auto,independent_dwelling,two_rooms,2,44.5,synthetic_H6_like_whole_dwelling_building_area,44.5,EXPERIMENTAL_DESIGN_NOT_OBSERVED,33.458647,33.458647,33.458647,0,NOT_APPLICABLE,apartment,cn-home-0017,self_contained_openplan,High-rise apartment(slab type)_Nanjing_2001,CHN_Jiangsu.Nanjing.582380_CSWD,88.368,D_selected_EB_devices_and_private_AC_zones,0,,"【v2隔离合成角色；无真人回答】cityrole-0017｜江苏南京市｜本户1人；独立住房设计建筑面积44.5㎡。原合成持有设备：ac,washer；本次EB纳入：ac,washer；空调持有2台，本次可控2台。","【v2隔离合成角色；无真人回答】
cityrole-0017｜江苏南京市｜本户1人。独立住房设计建筑面积44.5㎡。
原合成持有设备：ac,washer；本次EB纳入：ac,washer；空调持有2台，本次可控2台。
收入、电费、设备习惯与控制偏好均为实验情境；事件当天是否有人在受控房间未知。",UNKNOWN,NOT_COLLECTED,D_G_RESULTS_NOT_IN_FIXED_ROLE_CSV,UNKNOWN,2,2,2,"ac,washer","ac,washer",none
cityrole-0018,v2_control1_D_inputs,包头市,内蒙古,1,1,0,variable,varies,irregular,4500,540,电费超出预算会挤占必要支出,必要生活开支较多，本月电费变化容易挤占其他项目。,middle,3,3,4,high_trust_auto,independent_dwelling,two_rooms,2,44.5,synthetic_H6_like_whole_dwelling_building_area,44.5,EXPERIMENTAL_DESIGN_NOT_OBSERVED,33.458647,33.458647,33.458647,0,NOT_APPLICABLE,apartment,cn-home-0018,self_contained_openplan,Low-rise apartment_Dongsheng_2010,CHN_Nei.Mongol.Dongsheng.535430_CSWD,93.05,D_selected_EB_devices_and_private_AC_zones,0,,"【v2隔离合成角色；无真人回答】cityrole-0018｜内蒙古包头市｜本户1人；独立住房设计建筑面积44.5㎡。原合成持有设备：ac,electric_water_heater,washer；本次EB纳入：ac,electric_water_heater,washer；空调持有1台，本次可控1台。","【v2隔离合成角色；无真人回答】
cityrole-0018｜内蒙古包头市｜本户1人。独立住房设计建筑面积44.5㎡。
原合成持有设备：ac,electric_water_heater,washer；本次EB纳入：ac,electric_water_heater,washer；空调持有1台，本次可控1台。
收入、电费、设备习惯与控制偏好均为实验情境；事件当天是否有人在受控房间未知。",UNKNOWN,NOT_COLLECTED,D_G_RESULTS_NOT_IN_FIXED_ROLE_CSV,UNKNOWN,1,1,1,"ac,electric_water_heater,washer","ac,electric_water_heater,washer",none
cityrole-0019,v2_control1_D_inputs,重庆市,重庆,1,1,0,sometimes_occupied,partly_home,partly_regular,2000,240,电费不构成当前预算约束,家庭已为当前电费预留预算，按这个金额可以承担；增加用电仍需重新权衡。,comfort_priority,2,4,3,low_auto_accept,independent_dwelling,two_rooms,2,34.5,synthetic_H6_like_whole_dwelling_building_area,34.5,EXPERIMENTAL_DESIGN_NOT_OBSERVED,25.93985,25.93985,25.93985,0,NOT_APPLICABLE,apartment,cn-home-0019,self_contained_openplan,Low-rise apartment_Youyang_2001,CHN_Chongqing.Chongqing.Shapingba.575160_CSWD,5.879,D_selected_EB_devices_and_private_AC_zones,0,,"【v2隔离合成角色；无真人回答】cityrole-0019｜重庆重庆市｜本户1人；独立住房设计建筑面积34.5㎡。原合成持有设备：ac,electric_water_heater,washer；本次EB纳入：ac,electric_water_heater,washer；空调持有1台，本次可控1台。","【v2隔离合成角色；无真人回答】
cityrole-0019｜重庆重庆市｜本户1人。独立住房设计建筑面积34.5㎡。
原合成持有设备：ac,electric_water_heater,washer；本次EB纳入：ac,electric_water_heater,washer；空调持有1台，本次可控1台。
收入、电费、设备习惯与控制偏好均为实验情境；事件当天是否有人在受控房间未知。",UNKNOWN,NOT_COLLECTED,D_G_RESULTS_NOT_IN_FIXED_ROLE_CSV,UNKNOWN,1,1,1,"ac,electric_water_heater,washer","ac,electric_water_heater,washer",none
cityrole-0020,v2_control1_D_inputs,北京市,北京,3,3,0,mostly_occupied,partly_home,partly_regular,6000,520,电费有余量，通常不需改变开支,家庭已为当前电费预留预算，按这个金额可以承担；增加用电仍需重新权衡。,both_low,2,2,4,low_auto_accept,independent_dwelling,two_rooms,2,54.0,synthetic_H6_like_whole_dwelling_building_area,54.0,EXPERIMENTAL_DESIGN_NOT_OBSERVED,40.601504,40.601504,40.601504,0,NOT_APPLICABLE,apartment,cn-home-0020,self_contained_openplan,Low-rise apartment_Beijing_2010,CHN_Beijing.Beijing.545110_CSWD,16.45,D_selected_EB_devices_and_private_AC_zones,0,,【v2隔离合成角色；无真人回答】cityrole-0020｜北京北京市｜本户3人；独立住房设计建筑面积54.0㎡。原合成持有设备：ac；本次EB纳入：ac；空调持有1台，本次可控1台。,"【v2隔离合成角色；无真人回答】
cityrole-0020｜北京北京市｜本户3人。独立住房设计建筑面积54.0㎡。
原合成持有设备：ac；本次EB纳入：ac；空调持有1台，本次可控1台。
收入、电费、设备习惯与控制偏好均为实验情境；事件当天是否有人在受控房间未知。",UNKNOWN,NOT_COLLECTED,D_G_RESULTS_NOT_IN_FIXED_ROLE_CSV,UNKNOWN,1,1,1,ac,ac,none
cityrole-0021,v2_control1_D_inputs,毕节市,贵州,2,1,0,variable,varies,irregular,4000,360,电费超出预算会挤占必要支出,必要生活开支较多，本月电费变化容易挤占其他项目。,both_low,1,1,4,confirm_required,independent_dwelling,two_rooms,2,69.0,synthetic_H6_like_whole_dwelling_building_area,69.0,EXPERIMENTAL_DESIGN_NOT_OBSERVED,51.879699,51.879699,51.879699,0,NOT_APPLICABLE,apartment,cn-home-0021,self_contained_openplan,Low-rise apartment_Bijie_2019,CHN_Guizhou.Bijie.577070_CSWD,0.379,D_selected_EB_devices_and_private_AC_zones,1,m01,【v2隔离合成角色；无真人回答】cityrole-0021｜贵州毕节市｜本户2人；独立住房设计建筑面积69.0㎡。原合成持有设备：home_ev；本次EB纳入：home_ev；空调持有0台，本次可控0台。,"【v2隔离合成角色；无真人回答】
cityrole-0021｜贵州毕节市｜本户2人。独立住房设计建筑面积69.0㎡。
原合成持有设备：home_ev；本次EB纳入：home_ev；空调持有0台，本次可控0台。
收入、电费、设备习惯与控制偏好均为实验情境；事件当天是否有人在受控房间未知。",UNKNOWN,NOT_COLLECTED,D_G_RESULTS_NOT_IN_FIXED_ROLE_CSV,UNKNOWN,0,0,0,home_ev,home_ev,none
cityrole-0022,v2_control1_D_inputs,渭南市,陕西,3,1,0,mostly_occupied,partly_home,partly_regular,19500,220,电费有压力，需调整其他开支,本月收入已有其他固定支出安排，可灵活调整的预算较紧。,saving_priority,5,1,4,high_trust_auto,independent_dwelling,one_room,1,73.5,synthetic_H6_like_whole_dwelling_building_area,73.5,EXPERIMENTAL_DESIGN_NOT_OBSERVED,55.263158,55.263158,55.263158,0,NOT_APPLICABLE,apartment,cn-home-0022,self_contained_openplan,High-rise apartment(slab type)_Xian_1995,CHN_Shaanxi.Xian.570360_CSWD,55.757,D_selected_EB_devices_and_private_AC_zones,0,,"【v2隔离合成角色；无真人回答】cityrole-0022｜陕西渭南市｜本户3人；独立住房设计建筑面积73.5㎡。原合成持有设备：ac,electric_water_heater,washer；本次EB纳入：ac,electric_water_heater,washer；空调持有1台，本次可控1台。","【v2隔离合成角色；无真人回答】
cityrole-0022｜陕西渭南市｜本户3人。独立住房设计建筑面积73.5㎡。
原合成持有设备：ac,electric_water_heater,washer；本次EB纳入：ac,electric_water_heater,washer；空调持有1台，本次可控1台。
收入、电费、设备习惯与控制偏好均为实验情境；事件当天是否有人在受控房间未知。",UNKNOWN,NOT_COLLECTED,D_G_RESULTS_NOT_IN_FIXED_ROLE_CSV,UNKNOWN,1,1,1,"ac,electric_water_heater,washer","ac,electric_water_heater,washer",none
cityrole-0023,v2_control1_D_inputs,运城市,山西,2,1,0,sometimes_occupied,varies,irregular,6400,240,电费可承担，但会留意变化,本月电费可承担，但家庭会留意它的变化。,both_high,5,5,1,low_auto_accept,independent_dwelling,three_rooms,3,69.0,synthetic_H6_like_whole_dwelling_building_area,69.0,EXPERIMENTAL_DESIGN_NOT_OBSERVED,51.879699,51.879699,51.879699,0,NOT_APPLICABLE,apartment,cn-home-0023,self_contained_source_three_room,Low-rise apartment_Yuncheng_1995,CHN_Shanxi.Yuncheng.539590_CSWD,5.516,D_selected_EB_devices_and_private_AC_zones,0,,"【v2隔离合成角色；无真人回答】cityrole-0023｜山西运城市｜本户2人；独立住房设计建筑面积69.0㎡。原合成持有设备：ac,dryer,electric_water_heater,washer；本次EB纳入：ac,dryer,electric_water_heater,washer；空调持有1台，本次可控1台。","【v2隔离合成角色；无真人回答】
cityrole-0023｜山西运城市｜本户2人。独立住房设计建筑面积69.0㎡。
原合成持有设备：ac,dryer,electric_water_heater,washer；本次EB纳入：ac,dryer,electric_water_heater,washer；空调持有1台，本次可控1台。
收入、电费、设备习惯与控制偏好均为实验情境；事件当天是否有人在受控房间未知。",UNKNOWN,NOT_COLLECTED,D_G_RESULTS_NOT_IN_FIXED_ROLE_CSV,UNKNOWN,1,1,1,"ac,dryer,electric_water_heater,washer","ac,dryer,electric_water_heater,washer",none
cityrole-0024,v2_control1_D_inputs,沈阳市,辽宁,5,2,0,mostly_occupied,partly_home,irregular,10000,520,电费有压力，需调整其他开支,必要生活开支较多，本月电费变化容易挤占其他项目。,both_low,1,1,4,high_trust_auto,independent_dwelling,two_rooms,2,122.5,synthetic_H6_like_whole_dwelling_building_area,122.5,EXPERIMENTAL_DESIGN_NOT_OBSERVED,92.105263,92.105263,92.105263,0,NOT_APPLICABLE,apartment,cn-home-0024,self_contained_openplan,Low-rise apartment_Shenyang_1986,CHN_Liaoning.Shenyang.543420_CSWD,8.989,D_selected_EB_devices_and_private_AC_zones,0,,"【v2隔离合成角色；无真人回答】cityrole-0024｜辽宁沈阳市｜本户5人；独立住房设计建筑面积122.5㎡。原合成持有设备：ac,dryer,electric_water_heater,washer；本次EB纳入：ac,dryer,electric_water_heater,washer；空调持有1台，本次可控1台。","【v2隔离合成角色；无真人回答】
cityrole-0024｜辽宁沈阳市｜本户5人。独立住房设计建筑面积122.5㎡。
原合成持有设备：ac,dryer,electric_water_heater,washer；本次EB纳入：ac,dryer,electric_water_heater,washer；空调持有1台，本次可控1台。
收入、电费、设备习惯与控制偏好均为实验情境；事件当天是否有人在受控房间未知。",UNKNOWN,NOT_COLLECTED,D_G_RESULTS_NOT_IN_FIXED_ROLE_CSV,UNKNOWN,1,1,1,"ac,dryer,electric_water_heater,washer","ac,dryer,electric_water_heater,washer",none
cityrole-0025,v2_control1_D_inputs,北京市,北京,2,1,0,mostly_occupied,partly_home,partly_regular,4000,120,电费可承担，但会留意变化,本月电费可承担，但家庭会留意它的变化。,comfort_priority,1,5,5,high_trust_auto,shared_dwelling_private_rooms_with_allocated_common_area,two_rooms,2,21.0,synthetic_H6_like_household_attributed_building_area_in_shared_dwelling,35.916451,EXPERIMENTAL_DESIGN_NOT_OBSERVED,19.95,34.120629,10.411385,9.538615,UNKNOWN,apartment,cn-home-0025,shared_flat_private_rooms,Low-rise apartment_Beijing_1995,CHN_Beijing.Beijing.545110_CSWD,16.45,D_selected_EB_devices_and_private_AC_zones,0,,"【v2隔离合成角色；无真人回答】cityrole-0025｜北京北京市｜本户2人；合住：本户H6归属建筑面积21.0㎡；整套设计建筑面积35.916451㎡。其他住户人数未知。原合成持有设备：ac,dishwasher,washer；本次EB纳入：ac；空调持有2台，本次可控1台。","【v2隔离合成角色；无真人回答】
cityrole-0025｜北京北京市｜本户2人。合住：本户H6归属建筑面积21.0㎡；整套设计建筑面积35.916451㎡。其他住户人数未知。
原合成持有设备：ac,dishwasher,washer；本次EB纳入：ac；空调持有2台，本次可控1台。
收入、电费、设备习惯与控制偏好均为实验情境；事件当天是否有人在受控房间未知。",UNKNOWN,NOT_COLLECTED,D_G_RESULTS_NOT_IN_FIXED_ROLE_CSV,UNKNOWN,2,1,1,"ac,dishwasher,washer",ac,"dishwasher,washer"
cityrole-0026,v2_control1_D_inputs,雅安市,四川,2,2,1,mostly_occupied,partly_home,irregular,13000,360,电费有余量，通常不需改变开支,本月电费占可安排预算较小。,saving_priority,4,2,5,confirm_required,independent_dwelling,three_rooms,3,49.0,synthetic_H6_like_whole_dwelling_building_area,49.0,EXPERIMENTAL_DESIGN_NOT_OBSERVED,36.842105,36.842105,36.842105,0,NOT_APPLICABLE,apartment,cn-home-0026,self_contained_source_three_room,High-rise apartment(slab type)_Leshan_2001,CHN_Sichuan.Leshan.563860_CSWD,86.182,D_selected_EB_devices_and_private_AC_zones,0,,"【v2隔离合成角色；无真人回答】cityrole-0026｜四川雅安市｜本户2人；独立住房设计建筑面积49.0㎡。原合成持有设备：electric_water_heater,washer；本次EB纳入：electric_water_heater,washer；空调持有0台，本次可控0台。","【v2隔离合成角色；无真人回答】
cityrole-0026｜四川雅安市｜本户2人。独立住房设计建筑面积49.0㎡。
原合成持有设备：electric_water_heater,washer；本次EB纳入：electric_water_heater,washer；空调持有0台，本次可控0台。
收入、电费、设备习惯与控制偏好均为实验情境；事件当天是否有人在受控房间未知。",UNKNOWN,NOT_COLLECTED,D_G_RESULTS_NOT_IN_FIXED_ROLE_CSV,UNKNOWN,0,0,0,"electric_water_heater,washer","electric_water_heater,washer",none
cityrole-0027,v2_control1_D_inputs,大连市,辽宁,4,2,0,mostly_occupied,mostly_home,regular,18000,220,电费可承担，但会留意变化,本月电费可承担，但家庭会留意它的变化。,comfort_priority,2,4,2,low_auto_accept,independent_dwelling,two_rooms,2,98.0,synthetic_H6_like_whole_dwelling_building_area,98.0,EXPERIMENTAL_DESIGN_NOT_OBSERVED,73.684211,73.684211,73.684211,0,NOT_APPLICABLE,apartment,cn-home-0027,self_contained_openplan,Low-rise apartment_Dalian_2010,CHN_Liaoning.Dalian.546620_CSWD,7.424,D_selected_EB_devices_and_private_AC_zones,0,,"【v2隔离合成角色；无真人回答】cityrole-0027｜辽宁大连市｜本户4人；独立住房设计建筑面积98.0㎡。原合成持有设备：ac,electric_water_heater,washer；本次EB纳入：ac,electric_water_heater,washer；空调持有1台，本次可控1台。","【v2隔离合成角色；无真人回答】
cityrole-0027｜辽宁大连市｜本户4人。独立住房设计建筑面积98.0㎡。
原合成持有设备：ac,electric_water_heater,washer；本次EB纳入：ac,electric_water_heater,washer；空调持有1台，本次可控1台。
收入、电费、设备习惯与控制偏好均为实验情境；事件当天是否有人在受控房间未知。",UNKNOWN,NOT_COLLECTED,D_G_RESULTS_NOT_IN_FIXED_ROLE_CSV,UNKNOWN,1,1,1,"ac,electric_water_heater,washer","ac,electric_water_heater,washer",none
cityrole-0028,v2_control1_D_inputs,普宁市,广东,4,2,1,mostly_occupied,partly_home,partly_regular,8000,520,电费有余量，通常不需改变开支,本月电费已列入预算，按当前金额可以承担。,both_high,4,4,3,low_auto_accept,independent_dwelling,three_rooms,3,72.0,synthetic_H6_like_whole_dwelling_building_area,72.0,EXPERIMENTAL_DESIGN_NOT_OBSERVED,54.135338,54.135338,54.135338,0,NOT_APPLICABLE,apartment,cn-home-0028,self_contained_source_three_room,High-rise apartment(slab type)_Shantou_2012,CHN_Guangdong.Shantou.593160_CSWD,32.889,D_selected_EB_devices_and_private_AC_zones,0,,"【v2隔离合成角色；无真人回答】cityrole-0028｜广东普宁市｜本户4人；独立住房设计建筑面积72.0㎡。原合成持有设备：ac,washer；本次EB纳入：ac,washer；空调持有1台，本次可控1台。","【v2隔离合成角色；无真人回答】
cityrole-0028｜广东普宁市｜本户4人。独立住房设计建筑面积72.0㎡。
原合成持有设备：ac,washer；本次EB纳入：ac,washer；空调持有1台，本次可控1台。
收入、电费、设备习惯与控制偏好均为实验情境；事件当天是否有人在受控房间未知。",UNKNOWN,NOT_COLLECTED,D_G_RESULTS_NOT_IN_FIXED_ROLE_CSV,UNKNOWN,1,1,1,"ac,washer","ac,washer",none
cityrole-0029,v2_control1_D_inputs,西安市,陕西,3,2,1,mostly_occupied,partly_home,irregular,9600,360,电费超出预算会挤占必要支出,必要生活开支较多，本月电费变化容易挤占其他项目。,middle,3,3,5,high_trust_auto,independent_dwelling,five_or_more_rooms,5,103.5,synthetic_H6_like_whole_dwelling_building_area,103.5,EXPERIMENTAL_DESIGN_NOT_OBSERVED,77.819549,77.819549,77.819549,0,NOT_APPLICABLE,rowhouse,cn-home-0029,terraced_five_room_inferred,Terraced house_Xian_2018,CHN_Shaanxi.Xian.570360_CSWD,5.251,D_selected_EB_devices_and_private_AC_zones,0,,"【v2隔离合成角色；无真人回答】cityrole-0029｜陕西西安市｜本户3人；独立住房设计建筑面积103.5㎡。原合成持有设备：ac,electric_water_heater,washer；本次EB纳入：ac,electric_water_heater,washer；空调持有2台，本次可控2台。","【v2隔离合成角色；无真人回答】
cityrole-0029｜陕西西安市｜本户3人。独立住房设计建筑面积103.5㎡。
原合成持有设备：ac,electric_water_heater,washer；本次EB纳入：ac,electric_water_heater,washer；空调持有2台，本次可控2台。
收入、电费、设备习惯与控制偏好均为实验情境；事件当天是否有人在受控房间未知。",UNKNOWN,NOT_COLLECTED,D_G_RESULTS_NOT_IN_FIXED_ROLE_CSV,UNKNOWN,2,2,2,"ac,electric_water_heater,washer","ac,electric_water_heater,washer",none
cityrole-0030,v2_control1_D_inputs,盘锦市,辽宁,3,2,0,mostly_occupied,partly_home,partly_regular,6000,120,电费可承担，但会留意变化,本月电费可承担，但家庭会留意它的变化。,middle,3,3,1,low_auto_accept,independent_dwelling,three_rooms,3,103.5,synthetic_H6_like_whole_dwelling_building_area,103.5,EXPERIMENTAL_DESIGN_NOT_OBSERVED,77.819549,77.819549,77.819549,0,NOT_APPLICABLE,apartment,cn-home-0030,self_contained_source_three_room,Low-rise apartment_Yingkou_2018,CHN_Liaoning.Yingkou.544710_CSWD,53.732,D_selected_EB_devices_and_private_AC_zones,0,,"【v2隔离合成角色；无真人回答】cityrole-0030｜辽宁盘锦市｜本户3人；独立住房设计建筑面积103.5㎡。原合成持有设备：ac,electric_water_heater,washer；本次EB纳入：ac,electric_water_heater,washer；空调持有1台，本次可控1台。","【v2隔离合成角色；无真人回答】
cityrole-0030｜辽宁盘锦市｜本户3人。独立住房设计建筑面积103.5㎡。
原合成持有设备：ac,electric_water_heater,washer；本次EB纳入：ac,electric_water_heater,washer；空调持有1台，本次可控1台。
收入、电费、设备习惯与控制偏好均为实验情境；事件当天是否有人在受控房间未知。",UNKNOWN,NOT_COLLECTED,D_G_RESULTS_NOT_IN_FIXED_ROLE_CSV,UNKNOWN,1,1,1,"ac,electric_water_heater,washer","ac,electric_water_heater,washer",none
cityrole-0031,v2_control1_D_inputs,攀枝花市,四川,1,1,0,mostly_absent,mostly_home,regular,2000,240,电费可承担，但会留意变化,本月电费可承担，但家庭会留意它的变化。,saving_priority,5,1,1,low_auto_accept,independent_dwelling,three_rooms,3,44.5,synthetic_H6_like_whole_dwelling_building_area,44.5,EXPERIMENTAL_DESIGN_NOT_OBSERVED,33.458647,33.458647,33.458647,0,NOT_APPLICABLE,apartment,cn-home-0031,self_contained_source_three_room,Low-rise apartment_Huili_2019,CHN_Sichuan.Huili.566710_CSWD,52.503,D_selected_EB_devices_and_private_AC_zones,0,,"【v2隔离合成角色；无真人回答】cityrole-0031｜四川攀枝花市｜本户1人；独立住房设计建筑面积44.5㎡。原合成持有设备：ac,dryer,washer；本次EB纳入：ac,dryer,washer；空调持有1台，本次可控1台。","【v2隔离合成角色；无真人回答】
cityrole-0031｜四川攀枝花市｜本户1人。独立住房设计建筑面积44.5㎡。
原合成持有设备：ac,dryer,washer；本次EB纳入：ac,dryer,washer；空调持有1台，本次可控1台。
收入、电费、设备习惯与控制偏好均为实验情境；事件当天是否有人在受控房间未知。",UNKNOWN,NOT_COLLECTED,D_G_RESULTS_NOT_IN_FIXED_ROLE_CSV,UNKNOWN,1,1,1,"ac,dryer,washer","ac,dryer,washer",none
cityrole-0032,v2_control1_D_inputs,沈阳市,辽宁,2,1,0,mostly_occupied,partly_home,partly_regular,4000,220,电费有余量，通常不需改变开支,本月电费已列入预算，按当前金额可以承担。,comfort_priority,1,5,5,confirm_required,independent_dwelling,one_room,1,69.0,synthetic_H6_like_whole_dwelling_building_area,69.0,EXPERIMENTAL_DESIGN_NOT_OBSERVED,51.879699,51.879699,51.879699,0,NOT_APPLICABLE,apartment,cn-home-0032,self_contained_openplan,Low-rise apartment_Shenyang_2018,CHN_Liaoning.Shenyang.543420_CSWD,8.989,D_selected_EB_devices_and_private_AC_zones,0,,"【v2隔离合成角色；无真人回答】cityrole-0032｜辽宁沈阳市｜本户2人；独立住房设计建筑面积69.0㎡。原合成持有设备：ac,electric_water_heater,washer；本次EB纳入：ac,electric_water_heater,washer；空调持有1台，本次可控1台。","【v2隔离合成角色；无真人回答】
cityrole-0032｜辽宁沈阳市｜本户2人。独立住房设计建筑面积69.0㎡。
原合成持有设备：ac,electric_water_heater,washer；本次EB纳入：ac,electric_water_heater,washer；空调持有1台，本次可控1台。
收入、电费、设备习惯与控制偏好均为实验情境；事件当天是否有人在受控房间未知。",UNKNOWN,NOT_COLLECTED,D_G_RESULTS_NOT_IN_FIXED_ROLE_CSV,UNKNOWN,1,1,1,"ac,electric_water_heater,washer","ac,electric_water_heater,washer",none
cityrole-0033,v2_control1_D_inputs,常州市,江苏,1,1,0,variable,varies,irregular,3200,380,电费有余量，通常不需改变开支,家庭已为当前电费预留预算，按这个金额可以承担；增加用电仍需重新权衡。,both_low,1,1,5,high_trust_auto,independent_dwelling,two_rooms,2,54.5,synthetic_H6_like_whole_dwelling_building_area,54.5,EXPERIMENTAL_DESIGN_NOT_OBSERVED,40.977444,40.977444,40.977444,0,NOT_APPLICABLE,apartment,cn-home-0033,self_contained_openplan,High-rise apartment(slab type)_Dongtai_2001,CHN_Jiangsu.Dongtai.582510_CSWD,126.928,D_selected_EB_devices_and_private_AC_zones,0,,"【v2隔离合成角色；无真人回答】cityrole-0033｜江苏常州市｜本户1人；独立住房设计建筑面积54.5㎡。原合成持有设备：electric_water_heater,washer；本次EB纳入：electric_water_heater,washer；空调持有0台，本次可控0台。","【v2隔离合成角色；无真人回答】
cityrole-0033｜江苏常州市｜本户1人。独立住房设计建筑面积54.5㎡。
原合成持有设备：electric_water_heater,washer；本次EB纳入：electric_water_heater,washer；空调持有0台，本次可控0台。
收入、电费、设备习惯与控制偏好均为实验情境；事件当天是否有人在受控房间未知。",UNKNOWN,NOT_COLLECTED,D_G_RESULTS_NOT_IN_FIXED_ROLE_CSV,UNKNOWN,0,0,0,"electric_water_heater,washer","electric_water_heater,washer",none
cityrole-0034,v2_control1_D_inputs,乐清市,浙江,2,1,1,mostly_occupied,mostly_home,regular,9000,360,电费不构成当前预算约束,本月电费占可安排预算较小。,comfort_priority,1,5,2,confirm_required,independent_dwelling,three_rooms,3,109.0,synthetic_H6_like_whole_dwelling_building_area,109.0,EXPERIMENTAL_DESIGN_NOT_OBSERVED,81.954887,81.954887,81.954887,0,NOT_APPLICABLE,apartment,cn-home-0034,self_contained_source_three_room,Low-rise apartment_Wenzhou_2001,CHN_Zhejiang.Wenzhou.586590_CSWD,30.048,D_selected_EB_devices_and_private_AC_zones,0,,"【v2隔离合成角色；无真人回答】cityrole-0034｜浙江乐清市｜本户2人；独立住房设计建筑面积109.0㎡。原合成持有设备：ac,electric_water_heater,washer；本次EB纳入：ac,electric_water_heater,washer；空调持有1台，本次可控1台。","【v2隔离合成角色；无真人回答】
cityrole-0034｜浙江乐清市｜本户2人。独立住房设计建筑面积109.0㎡。
原合成持有设备：ac,electric_water_heater,washer；本次EB纳入：ac,electric_water_heater,washer；空调持有1台，本次可控1台。
收入、电费、设备习惯与控制偏好均为实验情境；事件当天是否有人在受控房间未知。",UNKNOWN,NOT_COLLECTED,D_G_RESULTS_NOT_IN_FIXED_ROLE_CSV,UNKNOWN,1,1,1,"ac,electric_water_heater,washer","ac,electric_water_heater,washer",none
cityrole-0035,v2_control1_D_inputs,丹东市,辽宁,1,1,0,sometimes_occupied,partly_home,partly_regular,9500,120,电费有余量，通常不需改变开支,本月电费占可安排预算较小。,both_low,1,1,2,low_auto_accept,independent_dwelling,two_rooms,2,54.5,synthetic_H6_like_whole_dwelling_building_area,54.5,EXPERIMENTAL_DESIGN_NOT_OBSERVED,40.977444,40.977444,40.977444,0,NOT_APPLICABLE,apartment,cn-home-0035,self_contained_openplan,High-rise apartment(slab type)_Dandong_2010,CHN_Liaoning.Dandong.544970_CSWD,11.697,D_selected_EB_devices_and_private_AC_zones,0,,"【v2隔离合成角色；无真人回答】cityrole-0035｜辽宁丹东市｜本户1人；独立住房设计建筑面积54.5㎡。原合成持有设备：ac,electric_water_heater,washer；本次EB纳入：ac,electric_water_heater,washer；空调持有1台，本次可控1台。","【v2隔离合成角色；无真人回答】
cityrole-0035｜辽宁丹东市｜本户1人。独立住房设计建筑面积54.5㎡。
原合成持有设备：ac,electric_water_heater,washer；本次EB纳入：ac,electric_water_heater,washer；空调持有1台，本次可控1台。
收入、电费、设备习惯与控制偏好均为实验情境；事件当天是否有人在受控房间未知。",UNKNOWN,NOT_COLLECTED,D_G_RESULTS_NOT_IN_FIXED_ROLE_CSV,UNKNOWN,1,1,1,"ac,electric_water_heater,washer","ac,electric_water_heater,washer",none
cityrole-0036,v2_control1_D_inputs,哈密市,新疆,3,2,1,sometimes_occupied,varies,irregular,13500,360,电费有压力，需调整其他开支,必要生活开支较多，本月电费变化容易挤占其他项目。,comfort_priority,2,4,2,high_trust_auto,independent_dwelling,three_rooms,3,73.5,synthetic_H6_like_whole_dwelling_building_area,73.5,EXPERIMENTAL_DESIGN_NOT_OBSERVED,55.263158,55.263158,55.263158,0,NOT_APPLICABLE,apartment,cn-home-0036,self_contained_source_three_room,High-rise apartment(slab type)_Hami_1995,CHN_Xinjiang.Uygur.Hami.522030_CSWD,1.776,D_selected_EB_devices_and_private_AC_zones,0,,"【v2隔离合成角色；无真人回答】cityrole-0036｜新疆哈密市｜本户3人；独立住房设计建筑面积73.5㎡。原合成持有设备：electric_water_heater,washer；本次EB纳入：electric_water_heater,washer；空调持有0台，本次可控0台。","【v2隔离合成角色；无真人回答】
cityrole-0036｜新疆哈密市｜本户3人。独立住房设计建筑面积73.5㎡。
原合成持有设备：electric_water_heater,washer；本次EB纳入：electric_water_heater,washer；空调持有0台，本次可控0台。
收入、电费、设备习惯与控制偏好均为实验情境；事件当天是否有人在受控房间未知。",UNKNOWN,NOT_COLLECTED,D_G_RESULTS_NOT_IN_FIXED_ROLE_CSV,UNKNOWN,0,0,0,"electric_water_heater,washer","electric_water_heater,washer",none
cityrole-0037,v2_control1_D_inputs,上海市,上海,2,2,0,mostly_occupied,mostly_home,regular,19000,360,电费不构成当前预算约束,本月电费占可安排预算较小。,both_low,2,2,2,low_auto_accept,independent_dwelling,two_rooms,2,49.0,synthetic_H6_like_whole_dwelling_building_area,49.0,EXPERIMENTAL_DESIGN_NOT_OBSERVED,36.842105,36.842105,36.842105,0,NOT_APPLICABLE,apartment,cn-home-0037,self_contained_openplan,Low-rise apartment_Shanghai_2001,CHN_Shanghai.Shanghai.583620_CSWD,20.633,D_selected_EB_devices_and_private_AC_zones,0,,"【v2隔离合成角色；无真人回答】cityrole-0037｜上海上海市｜本户2人；独立住房设计建筑面积49.0㎡。原合成持有设备：ac,dishwasher,electric_water_heater,washer；本次EB纳入：ac,dishwasher,electric_water_heater,washer；空调持有2台，本次可控2台。","【v2隔离合成角色；无真人回答】
cityrole-0037｜上海上海市｜本户2人。独立住房设计建筑面积49.0㎡。
原合成持有设备：ac,dishwasher,electric_water_heater,washer；本次EB纳入：ac,dishwasher,electric_water_heater,washer；空调持有2台，本次可控2台。
收入、电费、设备习惯与控制偏好均为实验情境；事件当天是否有人在受控房间未知。",UNKNOWN,NOT_COLLECTED,D_G_RESULTS_NOT_IN_FIXED_ROLE_CSV,UNKNOWN,2,2,2,"ac,dishwasher,electric_water_heater,washer","ac,dishwasher,electric_water_heater,washer",none
cityrole-0038,v2_control1_D_inputs,宁波市,浙江,3,2,0,mostly_occupied,partly_home,irregular,13500,720,电费有压力，需调整其他开支,必要生活开支较多，本月电费变化容易挤占其他项目。,both_low,2,2,3,high_trust_auto,independent_dwelling,two_rooms,2,31.5,synthetic_H6_like_whole_dwelling_building_area,31.5,EXPERIMENTAL_DESIGN_NOT_OBSERVED,23.684211,23.684211,23.684211,0,NOT_APPLICABLE,apartment,cn-home-0038,self_contained_openplan,High-rise apartment(slab type)_Dinghai_2010,CHN_Zhejiang.Dinghai.584770_CSWD,53.364,D_selected_EB_devices_and_private_AC_zones,0,,"【v2隔离合成角色；无真人回答】cityrole-0038｜浙江宁波市｜本户3人；独立住房设计建筑面积31.5㎡。原合成持有设备：ac,electric_water_heater,washer；本次EB纳入：ac,electric_water_heater,washer；空调持有1台，本次可控1台。","【v2隔离合成角色；无真人回答】
cityrole-0038｜浙江宁波市｜本户3人。独立住房设计建筑面积31.5㎡。
原合成持有设备：ac,electric_water_heater,washer；本次EB纳入：ac,electric_water_heater,washer；空调持有1台，本次可控1台。
收入、电费、设备习惯与控制偏好均为实验情境；事件当天是否有人在受控房间未知。",UNKNOWN,NOT_COLLECTED,D_G_RESULTS_NOT_IN_FIXED_ROLE_CSV,UNKNOWN,1,1,1,"ac,electric_water_heater,washer","ac,electric_water_heater,washer",none
cityrole-0039,v2_control1_D_inputs,成都市,四川,2,1,0,sometimes_occupied,partly_home,partly_regular,19000,220,电费有余量，通常不需改变开支,本月电费占可安排预算较小。,comfort_priority,2,4,4,confirm_required,independent_dwelling,one_room,1,109.0,synthetic_H6_like_whole_dwelling_building_area,109.0,EXPERIMENTAL_DESIGN_NOT_OBSERVED,81.954887,81.954887,81.954887,0,NOT_APPLICABLE,apartment,cn-home-0039,self_contained_openplan,High-rise apartment(slab type)_Chengdu_2001,CHN_Sichuan.Chengdu.562940_CSWD,2.503,D_selected_EB_devices_and_private_AC_zones,0,,"【v2隔离合成角色；无真人回答】cityrole-0039｜四川成都市｜本户2人；独立住房设计建筑面积109.0㎡。原合成持有设备：ac,washer；本次EB纳入：ac,washer；空调持有1台，本次可控1台。","【v2隔离合成角色；无真人回答】
cityrole-0039｜四川成都市｜本户2人。独立住房设计建筑面积109.0㎡。
原合成持有设备：ac,washer；本次EB纳入：ac,washer；空调持有1台，本次可控1台。
收入、电费、设备习惯与控制偏好均为实验情境；事件当天是否有人在受控房间未知。",UNKNOWN,NOT_COLLECTED,D_G_RESULTS_NOT_IN_FIXED_ROLE_CSV,UNKNOWN,1,1,1,"ac,washer","ac,washer",none
cityrole-0040,v2_control1_D_inputs,阜新市,辽宁,1,1,0,sometimes_occupied,partly_home,partly_regular,3200,380,电费有压力，需调整其他开支,必要生活开支较多，本月电费变化容易挤占其他项目。,both_low,2,2,4,low_auto_accept,independent_dwelling,two_rooms,2,34.5,synthetic_H6_like_whole_dwelling_building_area,34.5,EXPERIMENTAL_DESIGN_NOT_OBSERVED,25.93985,25.93985,25.93985,0,NOT_APPLICABLE,apartment,cn-home-0040,self_contained_openplan,Low-rise apartment_Zhangwu_2010,CHN_Liaoning.Jinzhou.543370_CSWD,58.916,D_selected_EB_devices_and_private_AC_zones,0,,"【v2隔离合成角色；无真人回答】cityrole-0040｜辽宁阜新市｜本户1人；独立住房设计建筑面积34.5㎡。原合成持有设备：ac,washer；本次EB纳入：ac,washer；空调持有1台，本次可控1台。","【v2隔离合成角色；无真人回答】
cityrole-0040｜辽宁阜新市｜本户1人。独立住房设计建筑面积34.5㎡。
原合成持有设备：ac,washer；本次EB纳入：ac,washer；空调持有1台，本次可控1台。
收入、电费、设备习惯与控制偏好均为实验情境；事件当天是否有人在受控房间未知。",UNKNOWN,NOT_COLLECTED,D_G_RESULTS_NOT_IN_FIXED_ROLE_CSV,UNKNOWN,1,1,1,"ac,washer","ac,washer",none
cityrole-0041,v2_control1_D_inputs,德兴市,江西,5,3,1,mostly_occupied,partly_home,irregular,22500,520,电费有余量，通常不需改变开支,本月电费占可安排预算较小。,comfort_priority,1,5,5,low_auto_accept,independent_dwelling,three_rooms,3,172.5,synthetic_H6_like_whole_dwelling_building_area,172.5,EXPERIMENTAL_DESIGN_NOT_OBSERVED,129.699248,129.699248,129.699248,0,NOT_APPLICABLE,apartment,cn-home-0041,self_contained_source_three_room,Low-rise apartment_Yushan_2010,CHN_Jiangxi.Jingdezhen.585270_CSWD,54.482,D_selected_EB_devices_and_private_AC_zones,0,,"【v2隔离合成角色；无真人回答】cityrole-0041｜江西德兴市｜本户5人；独立住房设计建筑面积172.5㎡。原合成持有设备：ac,electric_water_heater,washer；本次EB纳入：ac,electric_water_heater,washer；空调持有2台，本次可控2台。","【v2隔离合成角色；无真人回答】
cityrole-0041｜江西德兴市｜本户5人。独立住房设计建筑面积172.5㎡。
原合成持有设备：ac,electric_water_heater,washer；本次EB纳入：ac,electric_water_heater,washer；空调持有2台，本次可控2台。
收入、电费、设备习惯与控制偏好均为实验情境；事件当天是否有人在受控房间未知。",UNKNOWN,NOT_COLLECTED,D_G_RESULTS_NOT_IN_FIXED_ROLE_CSV,UNKNOWN,2,2,2,"ac,electric_water_heater,washer","ac,electric_water_heater,washer",none
cityrole-0042,v2_control1_D_inputs,保定市,河北,4,2,0,mostly_occupied,partly_home,irregular,26000,120,电费不构成当前预算约束,本月电费占可安排预算较小。,middle,3,3,2,confirm_required,independent_dwelling,three_rooms,3,72.0,synthetic_H6_like_whole_dwelling_building_area,72.0,EXPERIMENTAL_DESIGN_NOT_OBSERVED,54.135338,54.135338,54.135338,0,NOT_APPLICABLE,apartment,cn-home-0042,self_contained_source_three_room,Low-rise apartment_Raoyang_2018,CHN_Hebei.Raoyang.546060_CSWD,74.555,D_selected_EB_devices_and_private_AC_zones,0,,"【v2隔离合成角色；无真人回答】cityrole-0042｜河北保定市｜本户4人；独立住房设计建筑面积72.0㎡。原合成持有设备：ac,washer；本次EB纳入：ac,washer；空调持有1台，本次可控1台。","【v2隔离合成角色；无真人回答】
cityrole-0042｜河北保定市｜本户4人。独立住房设计建筑面积72.0㎡。
原合成持有设备：ac,washer；本次EB纳入：ac,washer；空调持有1台，本次可控1台。
收入、电费、设备习惯与控制偏好均为实验情境；事件当天是否有人在受控房间未知。",UNKNOWN,NOT_COLLECTED,D_G_RESULTS_NOT_IN_FIXED_ROLE_CSV,UNKNOWN,1,1,1,"ac,washer","ac,washer",none
cityrole-0043,v2_control1_D_inputs,天津市,天津,2,1,1,sometimes_occupied,partly_home,partly_regular,13000,720,电费有余量，通常不需改变开支,本月电费占可安排预算较小。,both_high,5,5,3,low_auto_accept,independent_dwelling,one_room,1,69.0,synthetic_H6_like_whole_dwelling_building_area,69.0,EXPERIMENTAL_DESIGN_NOT_OBSERVED,51.879699,51.879699,51.879699,0,NOT_APPLICABLE,apartment,cn-home-0043,self_contained_openplan,High-rise apartment(slab type)_Tianjin_1995,CHN_Tianjin.Tianjin.545270_CSWD,12.212,D_selected_EB_devices_and_private_AC_zones,0,,"【v2隔离合成角色；无真人回答】cityrole-0043｜天津天津市｜本户2人；独立住房设计建筑面积69.0㎡。原合成持有设备：ac,electric_water_heater,washer；本次EB纳入：ac,electric_water_heater,washer；空调持有1台，本次可控1台。","【v2隔离合成角色；无真人回答】
cityrole-0043｜天津天津市｜本户2人。独立住房设计建筑面积69.0㎡。
原合成持有设备：ac,electric_water_heater,washer；本次EB纳入：ac,electric_water_heater,washer；空调持有1台，本次可控1台。
收入、电费、设备习惯与控制偏好均为实验情境；事件当天是否有人在受控房间未知。",UNKNOWN,NOT_COLLECTED,D_G_RESULTS_NOT_IN_FIXED_ROLE_CSV,UNKNOWN,1,1,1,"ac,electric_water_heater,washer","ac,electric_water_heater,washer",none
cityrole-0044,v2_control1_D_inputs,台州市,浙江,1,1,0,sometimes_occupied,partly_home,partly_regular,2000,120,电费有压力，需调整其他开支,必要生活开支较多，本月电费变化容易挤占其他项目。,comfort_priority,1,5,1,low_auto_accept,independent_dwelling,one_room,1,75.0,synthetic_H6_like_whole_dwelling_building_area,75.0,EXPERIMENTAL_DESIGN_NOT_OBSERVED,56.390977,56.390977,56.390977,0,NOT_APPLICABLE,apartment,cn-home-0044,self_contained_openplan,Low-rise apartment_Hongjia_2001,CHN_Zhejiang.Hongjia.586650_CSWD,3.058,D_selected_EB_devices_and_private_AC_zones,0,,【v2隔离合成角色；无真人回答】cityrole-0044｜浙江台州市｜本户1人；独立住房设计建筑面积75.0㎡。原合成持有设备：ac；本次EB纳入：ac；空调持有1台，本次可控1台。,"【v2隔离合成角色；无真人回答】
cityrole-0044｜浙江台州市｜本户1人。独立住房设计建筑面积75.0㎡。
原合成持有设备：ac；本次EB纳入：ac；空调持有1台，本次可控1台。
收入、电费、设备习惯与控制偏好均为实验情境；事件当天是否有人在受控房间未知。",UNKNOWN,NOT_COLLECTED,D_G_RESULTS_NOT_IN_FIXED_ROLE_CSV,UNKNOWN,1,1,1,ac,ac,none
cityrole-0045,v2_control1_D_inputs,靖江市,江苏,1,1,0,sometimes_occupied,partly_home,partly_regular,4500,540,电费有压力，需调整其他开支,必要生活开支较多，本月电费变化容易挤占其他项目。,saving_priority,5,1,1,high_trust_auto,independent_dwelling,two_rooms,2,75.0,synthetic_H6_like_whole_dwelling_building_area,75.0,EXPERIMENTAL_DESIGN_NOT_OBSERVED,56.390977,56.390977,56.390977,0,NOT_APPLICABLE,apartment,cn-home-0045,self_contained_openplan,Low-rise apartment_Dongtai_2001,CHN_Jiangsu.Dongtai.582510_CSWD,95.247,D_selected_EB_devices_and_private_AC_zones,0,,"【v2隔离合成角色；无真人回答】cityrole-0045｜江苏靖江市｜本户1人；独立住房设计建筑面积75.0㎡。原合成持有设备：electric_water_heater,washer；本次EB纳入：electric_water_heater,washer；空调持有0台，本次可控0台。","【v2隔离合成角色；无真人回答】
cityrole-0045｜江苏靖江市｜本户1人。独立住房设计建筑面积75.0㎡。
原合成持有设备：electric_water_heater,washer；本次EB纳入：electric_water_heater,washer；空调持有0台，本次可控0台。
收入、电费、设备习惯与控制偏好均为实验情境；事件当天是否有人在受控房间未知。",UNKNOWN,NOT_COLLECTED,D_G_RESULTS_NOT_IN_FIXED_ROLE_CSV,UNKNOWN,0,0,0,"electric_water_heater,washer","electric_water_heater,washer",none
cityrole-0046,v2_control1_D_inputs,耒阳市,湖南,1,1,0,mostly_absent,mostly_home,regular,9500,520,电费有压力，需调整其他开支,本月收入已有其他固定支出安排，可灵活调整的预算较紧。,middle,3,3,5,confirm_required,independent_dwelling,three_rooms,3,75.0,synthetic_H6_like_whole_dwelling_building_area,75.0,EXPERIMENTAL_DESIGN_NOT_OBSERVED,56.390977,56.390977,56.390977,0,NOT_APPLICABLE,apartment,cn-home-0046,self_contained_source_three_room,Low-rise apartment_Changning_2010,CHN_Hunan.Changning.578740_CSWD,43.252,D_selected_EB_devices_and_private_AC_zones,1,m01,"【v2隔离合成角色；无真人回答】cityrole-0046｜湖南耒阳市｜本户1人；独立住房设计建筑面积75.0㎡。原合成持有设备：ac,home_ev,washer；本次EB纳入：ac,home_ev,washer；空调持有1台，本次可控1台。","【v2隔离合成角色；无真人回答】
cityrole-0046｜湖南耒阳市｜本户1人。独立住房设计建筑面积75.0㎡。
原合成持有设备：ac,home_ev,washer；本次EB纳入：ac,home_ev,washer；空调持有1台，本次可控1台。
收入、电费、设备习惯与控制偏好均为实验情境；事件当天是否有人在受控房间未知。",UNKNOWN,NOT_COLLECTED,D_G_RESULTS_NOT_IN_FIXED_ROLE_CSV,UNKNOWN,1,1,1,"ac,home_ev,washer","ac,home_ev,washer",none
cityrole-0047,v2_control1_D_inputs,广德市,安徽,3,2,1,sometimes_occupied,partly_home,partly_regular,6000,220,电费有余量，通常不需改变开支,本月电费已列入预算，按当前金额可以承担。,middle,3,3,3,low_auto_accept,independent_dwelling,three_rooms,3,73.5,synthetic_H6_like_whole_dwelling_building_area,73.5,EXPERIMENTAL_DESIGN_NOT_OBSERVED,55.263158,55.263158,55.263158,0,NOT_APPLICABLE,apartment,cn-home-0047,self_contained_source_three_room,Low-rise apartment_Tunxi_2010,CHN_Anhui.Tunxi.585310_CSWD,169.85,D_selected_EB_devices_and_private_AC_zones,0,,"【v2隔离合成角色；无真人回答】cityrole-0047｜安徽广德市｜本户3人；独立住房设计建筑面积73.5㎡。原合成持有设备：ac,electric_water_heater,washer；本次EB纳入：ac,electric_water_heater,washer；空调持有1台，本次可控1台。","【v2隔离合成角色；无真人回答】
cityrole-0047｜安徽广德市｜本户3人。独立住房设计建筑面积73.5㎡。
原合成持有设备：ac,electric_water_heater,washer；本次EB纳入：ac,electric_water_heater,washer；空调持有1台，本次可控1台。
收入、电费、设备习惯与控制偏好均为实验情境；事件当天是否有人在受控房间未知。",UNKNOWN,NOT_COLLECTED,D_G_RESULTS_NOT_IN_FIXED_ROLE_CSV,UNKNOWN,1,1,1,"ac,electric_water_heater,washer","ac,electric_water_heater,washer",none
cityrole-0048,v2_control1_D_inputs,上海市,上海,3,2,1,mostly_occupied,partly_home,partly_regular,13500,360,电费有压力，需调整其他开支,必要生活开支较多，本月电费变化容易挤占其他项目。,saving_priority,4,2,2,low_auto_accept,independent_dwelling,two_rooms,2,31.5,synthetic_H6_like_whole_dwelling_building_area,31.5,EXPERIMENTAL_DESIGN_NOT_OBSERVED,23.684211,23.684211,23.684211,0,NOT_APPLICABLE,apartment,cn-home-0048,self_contained_openplan,Low-rise apartment_Shanghai_2001,CHN_Shanghai.Shanghai.583620_CSWD,20.633,D_selected_EB_devices_and_private_AC_zones,,,"【v2隔离合成角色；无真人回答】cityrole-0048｜上海上海市｜本户3人；独立住房设计建筑面积31.5㎡。原合成持有设备：ac,electric_water_heater,home_ev,washer；本次EB纳入：ac,electric_water_heater,washer；空调持有1台，本次可控1台。","【v2隔离合成角色；无真人回答】
cityrole-0048｜上海上海市｜本户3人。独立住房设计建筑面积31.5㎡。
原合成持有设备：ac,electric_water_heater,home_ev,washer；本次EB纳入：ac,electric_water_heater,washer；空调持有1台，本次可控1台。
收入、电费、设备习惯与控制偏好均为实验情境；事件当天是否有人在受控房间未知。",UNKNOWN,NOT_COLLECTED,D_G_RESULTS_NOT_IN_FIXED_ROLE_CSV,UNKNOWN,1,1,1,"ac,electric_water_heater,home_ev,washer","ac,electric_water_heater,washer",home_ev
cityrole-0049,v2_control1_D_inputs,河源市,广东,2,1,1,mostly_occupied,mostly_home,regular,6400,120,电费有压力，需调整其他开支,必要生活开支较多，本月电费变化容易挤占其他项目。,both_low,2,2,4,confirm_required,independent_dwelling,one_room,1,21.0,synthetic_H6_like_whole_dwelling_building_area,21.0,EXPERIMENTAL_DESIGN_NOT_OBSERVED,15.789474,15.789474,15.789474,0,NOT_APPLICABLE,apartment,cn-home-0049,self_contained_openplan,High-rise apartment(slab type)_Heyuan_2012,CHN_Guangdong.Heyuan.592930_CSWD,2.279,D_selected_EB_devices_and_private_AC_zones,0,,【v2隔离合成角色；无真人回答】cityrole-0049｜广东河源市｜本户2人；独立住房设计建筑面积21.0㎡。原合成持有设备：ac；本次EB纳入：ac；空调持有1台，本次可控1台。,"【v2隔离合成角色；无真人回答】
cityrole-0049｜广东河源市｜本户2人。独立住房设计建筑面积21.0㎡。
原合成持有设备：ac；本次EB纳入：ac；空调持有1台，本次可控1台。
收入、电费、设备习惯与控制偏好均为实验情境；事件当天是否有人在受控房间未知。",UNKNOWN,NOT_COLLECTED,D_G_RESULTS_NOT_IN_FIXED_ROLE_CSV,UNKNOWN,1,1,1,ac,ac,none
cityrole-0050,v2_control1_D_inputs,北京市,北京,1,1,1,mostly_occupied,mostly_home,regular,9500,520,电费不构成当前预算约束,本月电费占可安排预算较小。,comfort_priority,2,4,4,high_trust_auto,independent_dwelling,two_rooms,2,64.5,synthetic_H6_like_whole_dwelling_building_area,64.5,EXPERIMENTAL_DESIGN_NOT_OBSERVED,48.496241,48.496241,48.496241,0,NOT_APPLICABLE,apartment,cn-home-0050,self_contained_openplan,High-rise apartment(slab type)_Beijing_2010,CHN_Beijing.Beijing.545110_CSWD,16.45,D_selected_EB_devices_and_private_AC_zones,0,,【v2隔离合成角色；无真人回答】cityrole-0050｜北京北京市｜本户1人；独立住房设计建筑面积64.5㎡。原合成持有设备：washer；本次EB纳入：washer；空调持有0台，本次可控0台。,"【v2隔离合成角色；无真人回答】
cityrole-0050｜北京北京市｜本户1人。独立住房设计建筑面积64.5㎡。
原合成持有设备：washer；本次EB纳入：washer；空调持有0台，本次可控0台。
收入、电费、设备习惯与控制偏好均为实验情境；事件当天是否有人在受控房间未知。",UNKNOWN,NOT_COLLECTED,D_G_RESULTS_NOT_IN_FIXED_ROLE_CSV,UNKNOWN,0,0,0,washer,washer,none
cityrole-0051,v2_control1_D_inputs,唐山市,河北,4,2,0,sometimes_occupied,partly_home,partly_regular,18000,520,电费有压力，需调整其他开支,必要生活开支较多，本月电费变化容易挤占其他项目。,both_high,5,5,5,low_auto_accept,independent_dwelling,two_rooms,2,300.0,synthetic_H6_like_whole_dwelling_building_area,300.0,EXPERIMENTAL_DESIGN_NOT_OBSERVED,225.56391,225.56391,225.56391,0,NOT_APPLICABLE,apartment,cn-home-0051,self_contained_openplan,Low-rise apartment_Leting_2010,CHN_Hebei.Leting.545390_CSWD,64.326,D_selected_EB_devices_and_private_AC_zones,0,,"【v2隔离合成角色；无真人回答】cityrole-0051｜河北唐山市｜本户4人；独立住房设计建筑面积300.0㎡。原合成持有设备：ac,electric_water_heater,washer；本次EB纳入：ac,electric_water_heater,washer；空调持有1台，本次可控1台。","【v2隔离合成角色；无真人回答】
cityrole-0051｜河北唐山市｜本户4人。独立住房设计建筑面积300.0㎡。
原合成持有设备：ac,electric_water_heater,washer；本次EB纳入：ac,electric_water_heater,washer；空调持有1台，本次可控1台。
收入、电费、设备习惯与控制偏好均为实验情境；事件当天是否有人在受控房间未知。",UNKNOWN,NOT_COLLECTED,D_G_RESULTS_NOT_IN_FIXED_ROLE_CSV,UNKNOWN,1,1,1,"ac,electric_water_heater,washer","ac,electric_water_heater,washer",none
cityrole-0052,v2_control1_D_inputs,上海市,上海,1,1,0,mostly_occupied,mostly_home,regular,2000,240,电费超出预算会挤占必要支出,必要生活开支较多，本月电费变化容易挤占其他项目。,comfort_priority,1,5,2,confirm_required,independent_dwelling,one_room,1,75.0,synthetic_H6_like_whole_dwelling_building_area,75.0,EXPERIMENTAL_DESIGN_NOT_OBSERVED,56.390977,56.390977,56.390977,0,NOT_APPLICABLE,apartment,cn-home-0052,self_contained_openplan,Low-rise apartment_Shanghai_2001,CHN_Shanghai.Shanghai.583620_CSWD,20.633,D_selected_EB_devices_and_private_AC_zones,0,,【v2隔离合成角色；无真人回答】cityrole-0052｜上海上海市｜本户1人；独立住房设计建筑面积75.0㎡。原合成持有设备：ac；本次EB纳入：ac；空调持有1台，本次可控1台。,"【v2隔离合成角色；无真人回答】
cityrole-0052｜上海上海市｜本户1人。独立住房设计建筑面积75.0㎡。
原合成持有设备：ac；本次EB纳入：ac；空调持有1台，本次可控1台。
收入、电费、设备习惯与控制偏好均为实验情境；事件当天是否有人在受控房间未知。",UNKNOWN,NOT_COLLECTED,D_G_RESULTS_NOT_IN_FIXED_ROLE_CSV,UNKNOWN,1,1,1,ac,ac,none
cityrole-0053,v2_control1_D_inputs,上海市,上海,1,1,0,variable,varies,irregular,9500,360,电费可承担，但会留意变化,本月电费可承担，但家庭会留意它的变化。,both_high,5,5,2,confirm_required,independent_dwelling,one_room,1,18.0,synthetic_H6_like_whole_dwelling_building_area,18.0,EXPERIMENTAL_DESIGN_NOT_OBSERVED,13.533835,13.533835,13.533835,0,NOT_APPLICABLE,apartment,cn-home-0053,self_contained_openplan,Low-rise apartment_Shanghai_2001,CHN_Shanghai.Shanghai.583620_CSWD,20.633,D_selected_EB_devices_and_private_AC_zones,0,,【v2隔离合成角色；无真人回答】cityrole-0053｜上海上海市｜本户1人；独立住房设计建筑面积18.0㎡。原合成持有设备：ac；本次EB纳入：ac；空调持有1台，本次可控1台。,"【v2隔离合成角色；无真人回答】
cityrole-0053｜上海上海市｜本户1人。独立住房设计建筑面积18.0㎡。
原合成持有设备：ac；本次EB纳入：ac；空调持有1台，本次可控1台。
收入、电费、设备习惯与控制偏好均为实验情境；事件当天是否有人在受控房间未知。",UNKNOWN,NOT_COLLECTED,D_G_RESULTS_NOT_IN_FIXED_ROLE_CSV,UNKNOWN,1,1,1,ac,ac,none
cityrole-0054,v2_control1_D_inputs,曲靖市,云南,2,1,0,sometimes_occupied,partly_home,partly_regular,9000,120,电费有压力，需调整其他开支,必要生活开支较多，本月电费变化容易挤占其他项目。,both_low,1,1,5,low_auto_accept,independent_dwelling,one_room,1,29.0,synthetic_H6_like_whole_dwelling_building_area,29.0,EXPERIMENTAL_DESIGN_NOT_OBSERVED,21.804511,21.804511,21.804511,0,NOT_APPLICABLE,apartment,cn-home-0054,self_contained_openplan,Low-rise apartment_Kunming_2019,CHN_Yunnan.Kunming.567780_CSWD,127.046,D_selected_EB_devices_and_private_AC_zones,0,,【v2隔离合成角色；无真人回答】cityrole-0054｜云南曲靖市｜本户2人；独立住房设计建筑面积29.0㎡。原合成持有设备：ac；本次EB纳入：ac；空调持有1台，本次可控1台。,"【v2隔离合成角色；无真人回答】
cityrole-0054｜云南曲靖市｜本户2人。独立住房设计建筑面积29.0㎡。
原合成持有设备：ac；本次EB纳入：ac；空调持有1台，本次可控1台。
收入、电费、设备习惯与控制偏好均为实验情境；事件当天是否有人在受控房间未知。",UNKNOWN,NOT_COLLECTED,D_G_RESULTS_NOT_IN_FIXED_ROLE_CSV,UNKNOWN,1,1,1,ac,ac,none
cityrole-0055,v2_control1_D_inputs,桦甸市,吉林,1,1,1,mostly_absent,mostly_home,regular,6500,520,电费有压力，需调整其他开支,本月收入已有其他固定支出安排，可灵活调整的预算较紧。,saving_priority,5,1,5,low_auto_accept,independent_dwelling,one_room,1,54.5,synthetic_H6_like_whole_dwelling_building_area,54.5,EXPERIMENTAL_DESIGN_NOT_OBSERVED,40.977444,40.977444,40.977444,0,NOT_APPLICABLE,apartment,cn-home-0055,self_contained_openplan,Low-rise apartment_Donggang_2018,CHN_Jilin.Donggang.542840_CSWD,118.434,D_selected_EB_devices_and_private_AC_zones,0,,【v2隔离合成角色；无真人回答】cityrole-0055｜吉林桦甸市｜本户1人；独立住房设计建筑面积54.5㎡。原合成持有设备：ac；本次EB纳入：ac；空调持有1台，本次可控1台。,"【v2隔离合成角色；无真人回答】
cityrole-0055｜吉林桦甸市｜本户1人。独立住房设计建筑面积54.5㎡。
原合成持有设备：ac；本次EB纳入：ac；空调持有1台，本次可控1台。
收入、电费、设备习惯与控制偏好均为实验情境；事件当天是否有人在受控房间未知。",UNKNOWN,NOT_COLLECTED,D_G_RESULTS_NOT_IN_FIXED_ROLE_CSV,UNKNOWN,1,1,1,ac,ac,none
cityrole-0056,v2_control1_D_inputs,枣庄市,山东,3,2,0,sometimes_occupied,varies,irregular,28500,720,电费有压力，需调整其他开支,本月收入已有其他固定支出安排，可灵活调整的预算较紧。,middle,3,3,4,high_trust_auto,independent_dwelling,four_rooms,4,73.5,synthetic_H6_like_whole_dwelling_building_area,73.5,EXPERIMENTAL_DESIGN_NOT_OBSERVED,55.263158,55.263158,55.263158,0,NOT_APPLICABLE,apartment,cn-home-0056,self_contained_four_room_thermally_aggregated,Low-rise apartment_Yanzhou_2010,CHN_Shandong.Yanzhou.549160_CSWD,94.177,D_selected_EB_devices_and_private_AC_zones,0,,"【v2隔离合成角色；无真人回答】cityrole-0056｜山东枣庄市｜本户3人；独立住房设计建筑面积73.5㎡。原合成持有设备：ac,dishwasher,electric_water_heater,washer；本次EB纳入：ac,dishwasher,electric_water_heater,washer；空调持有1台，本次可控1台。","【v2隔离合成角色；无真人回答】
cityrole-0056｜山东枣庄市｜本户3人。独立住房设计建筑面积73.5㎡。
原合成持有设备：ac,dishwasher,electric_water_heater,washer；本次EB纳入：ac,dishwasher,electric_water_heater,washer；空调持有1台，本次可控1台。
收入、电费、设备习惯与控制偏好均为实验情境；事件当天是否有人在受控房间未知。",UNKNOWN,NOT_COLLECTED,D_G_RESULTS_NOT_IN_FIXED_ROLE_CSV,UNKNOWN,1,1,1,"ac,dishwasher,electric_water_heater,washer","ac,dishwasher,electric_water_heater,washer",none
cityrole-0057,v2_control1_D_inputs,石河子市,新疆,3,1,0,mostly_occupied,partly_home,partly_regular,28500,360,电费有余量，通常不需改变开支,本月电费占可安排预算较小。,both_high,4,4,4,low_auto_accept,independent_dwelling,one_room,1,103.5,synthetic_H6_like_whole_dwelling_building_area,103.5,EXPERIMENTAL_DESIGN_NOT_OBSERVED,77.819549,77.819549,77.819549,0,NOT_APPLICABLE,apartment,cn-home-0057,self_contained_openplan,High-rise apartment(slab type)_Wusu_2010,CHN_Xinjiang.Uygur.Wusu.513460_CSWD,108.708,D_selected_EB_devices_and_private_AC_zones,1,m03,"【v2隔离合成角色；无真人回答】cityrole-0057｜新疆石河子市｜本户3人；独立住房设计建筑面积103.5㎡。原合成持有设备：electric_water_heater,home_ev,washer；本次EB纳入：electric_water_heater,home_ev,washer；空调持有0台，本次可控0台。","【v2隔离合成角色；无真人回答】
cityrole-0057｜新疆石河子市｜本户3人。独立住房设计建筑面积103.5㎡。
原合成持有设备：electric_water_heater,home_ev,washer；本次EB纳入：electric_water_heater,home_ev,washer；空调持有0台，本次可控0台。
收入、电费、设备习惯与控制偏好均为实验情境；事件当天是否有人在受控房间未知。",UNKNOWN,NOT_COLLECTED,D_G_RESULTS_NOT_IN_FIXED_ROLE_CSV,UNKNOWN,0,0,0,"electric_water_heater,home_ev,washer","electric_water_heater,home_ev,washer",none
cityrole-0058,v2_control1_D_inputs,石家庄市,河北,2,1,0,sometimes_occupied,varies,irregular,13000,520,电费不构成当前预算约束,本月电费占可安排预算较小。,saving_priority,4,2,2,low_auto_accept,independent_dwelling,two_rooms,2,89.0,synthetic_H6_like_whole_dwelling_building_area,89.0,EXPERIMENTAL_DESIGN_NOT_OBSERVED,66.917293,66.917293,66.917293,0,NOT_APPLICABLE,apartment,cn-home-0058,self_contained_openplan,Low-rise apartment_Shijiazhuang_2018,CHN_Hebei.Shijiazhuang.536980_CSWD,6.066,D_selected_EB_devices_and_private_AC_zones,0,,"【v2隔离合成角色；无真人回答】cityrole-0058｜河北石家庄市｜本户2人；独立住房设计建筑面积89.0㎡。原合成持有设备：electric_water_heater,washer；本次EB纳入：electric_water_heater,washer；空调持有0台，本次可控0台。","【v2隔离合成角色；无真人回答】
cityrole-0058｜河北石家庄市｜本户2人。独立住房设计建筑面积89.0㎡。
原合成持有设备：electric_water_heater,washer；本次EB纳入：electric_water_heater,washer；空调持有0台，本次可控0台。
收入、电费、设备习惯与控制偏好均为实验情境；事件当天是否有人在受控房间未知。",UNKNOWN,NOT_COLLECTED,D_G_RESULTS_NOT_IN_FIXED_ROLE_CSV,UNKNOWN,0,0,0,"electric_water_heater,washer","electric_water_heater,washer",none
cityrole-0059,v2_control1_D_inputs,杭州市,浙江,1,1,0,sometimes_occupied,partly_home,partly_regular,3200,220,电费可承担，但会留意变化,本月电费可承担，但家庭会留意它的变化。,both_low,2,2,1,high_trust_auto,independent_dwelling,three_rooms,3,75.0,synthetic_H6_like_whole_dwelling_building_area,75.0,EXPERIMENTAL_DESIGN_NOT_OBSERVED,56.390977,56.390977,56.390977,0,NOT_APPLICABLE,apartment,cn-home-0059,self_contained_source_three_room,High-rise apartment(slab type)_Hangzhou_2010,CHN_Zhejiang.Hangzhou.584570_CSWD,9.662,D_selected_EB_devices_and_private_AC_zones,0,,"【v2隔离合成角色；无真人回答】cityrole-0059｜浙江杭州市｜本户1人；独立住房设计建筑面积75.0㎡。原合成持有设备：ac,washer；本次EB纳入：ac,washer；空调持有1台，本次可控1台。","【v2隔离合成角色；无真人回答】
cityrole-0059｜浙江杭州市｜本户1人。独立住房设计建筑面积75.0㎡。
原合成持有设备：ac,washer；本次EB纳入：ac,washer；空调持有1台，本次可控1台。
收入、电费、设备习惯与控制偏好均为实验情境；事件当天是否有人在受控房间未知。",UNKNOWN,NOT_COLLECTED,D_G_RESULTS_NOT_IN_FIXED_ROLE_CSV,UNKNOWN,1,1,1,"ac,washer","ac,washer",none
cityrole-0060,v2_control1_D_inputs,重庆市,重庆,3,2,0,mostly_occupied,partly_home,partly_regular,19500,520,电费超出预算会挤占必要支出,本月收入已有其他固定支出安排，可灵活调整的预算较紧。,middle,3,3,1,confirm_required,independent_dwelling,two_rooms,2,73.5,synthetic_H6_like_whole_dwelling_building_area,73.5,EXPERIMENTAL_DESIGN_NOT_OBSERVED,55.263158,55.263158,55.263158,0,NOT_APPLICABLE,apartment,cn-home-0060,self_contained_openplan,High-rise apartment(slab type)_Youyang_2001,CHN_Chongqing.Chongqing.Shapingba.575160_CSWD,5.879,D_selected_EB_devices_and_private_AC_zones,0,,【v2隔离合成角色；无真人回答】cityrole-0060｜重庆重庆市｜本户3人；独立住房设计建筑面积73.5㎡。原合成持有设备：washer；本次EB纳入：washer；空调持有0台，本次可控0台。,"【v2隔离合成角色；无真人回答】
cityrole-0060｜重庆重庆市｜本户3人。独立住房设计建筑面积73.5㎡。
原合成持有设备：washer；本次EB纳入：washer；空调持有0台，本次可控0台。
收入、电费、设备习惯与控制偏好均为实验情境；事件当天是否有人在受控房间未知。",UNKNOWN,NOT_COLLECTED,D_G_RESULTS_NOT_IN_FIXED_ROLE_CSV,UNKNOWN,0,0,0,washer,washer,none
cityrole-0061,v2_control1_D_inputs,福州市,福建,2,1,0,variable,varies,irregular,6400,520,电费不构成当前预算约束,家庭已为当前电费预留预算，按这个金额可以承担；增加用电仍需重新权衡。,both_high,5,5,3,high_trust_auto,independent_dwelling,one_room,1,49.0,synthetic_H6_like_whole_dwelling_building_area,49.0,EXPERIMENTAL_DESIGN_NOT_OBSERVED,36.842105,36.842105,36.842105,0,NOT_APPLICABLE,apartment,cn-home-0061,self_contained_openplan,Low-rise apartment_Fuzhou_2003,CHN_Fujian.Fuzhou.588470_CSWD,1.915,D_selected_EB_devices_and_private_AC_zones,0,,"【v2隔离合成角色；无真人回答】cityrole-0061｜福建福州市｜本户2人；独立住房设计建筑面积49.0㎡。原合成持有设备：ac,dishwasher,washer；本次EB纳入：ac,dishwasher,washer；空调持有2台，本次可控2台。","【v2隔离合成角色；无真人回答】
cityrole-0061｜福建福州市｜本户2人。独立住房设计建筑面积49.0㎡。
原合成持有设备：ac,dishwasher,washer；本次EB纳入：ac,dishwasher,washer；空调持有2台，本次可控2台。
收入、电费、设备习惯与控制偏好均为实验情境；事件当天是否有人在受控房间未知。",UNKNOWN,NOT_COLLECTED,D_G_RESULTS_NOT_IN_FIXED_ROLE_CSV,UNKNOWN,2,2,2,"ac,dishwasher,washer","ac,dishwasher,washer",none
cityrole-0062,v2_control1_D_inputs,涟源市,湖南,3,2,1,mostly_occupied,partly_home,partly_regular,9600,360,电费有压力，需调整其他开支,必要生活开支较多，本月电费变化容易挤占其他项目。,saving_priority,5,1,4,high_trust_auto,independent_dwelling,two_rooms,2,103.5,synthetic_H6_like_whole_dwelling_building_area,103.5,EXPERIMENTAL_DESIGN_NOT_OBSERVED,77.819549,77.819549,77.819549,0,NOT_APPLICABLE,apartment,cn-home-0062,self_contained_openplan,Low-rise apartment_Changsha_2001,CHN_Hunan.Changsha.576870_CSWD,136.578,D_selected_EB_devices_and_private_AC_zones,0,,"【v2隔离合成角色；无真人回答】cityrole-0062｜湖南涟源市｜本户3人；独立住房设计建筑面积103.5㎡。原合成持有设备：ac,dryer,electric_water_heater,washer；本次EB纳入：ac,dryer,electric_water_heater,washer；空调持有1台，本次可控1台。","【v2隔离合成角色；无真人回答】
cityrole-0062｜湖南涟源市｜本户3人。独立住房设计建筑面积103.5㎡。
原合成持有设备：ac,dryer,electric_water_heater,washer；本次EB纳入：ac,dryer,electric_water_heater,washer；空调持有1台，本次可控1台。
收入、电费、设备习惯与控制偏好均为实验情境；事件当天是否有人在受控房间未知。",UNKNOWN,NOT_COLLECTED,D_G_RESULTS_NOT_IN_FIXED_ROLE_CSV,UNKNOWN,1,1,1,"ac,dryer,electric_water_heater,washer","ac,dryer,electric_water_heater,washer",none
cityrole-0063,v2_control1_D_inputs,广州市,广东,2,1,0,sometimes_occupied,varies,irregular,9000,360,电费有余量，通常不需改变开支,本月电费占可安排预算较小。,saving_priority,5,1,4,high_trust_auto,independent_dwelling,one_room,1,89.0,synthetic_H6_like_whole_dwelling_building_area,89.0,EXPERIMENTAL_DESIGN_NOT_OBSERVED,66.917293,66.917293,66.917293,0,NOT_APPLICABLE,apartment,cn-home-0063,self_contained_openplan,Low-rise apartment_Guangzhou_2003,CHN_Guangdong.Guangzhou.592870_CSWD,5.46,D_selected_EB_devices_and_private_AC_zones,0,,【v2隔离合成角色；无真人回答】cityrole-0063｜广东广州市｜本户2人；独立住房设计建筑面积89.0㎡。原合成持有设备：ac；本次EB纳入：ac；空调持有1台，本次可控1台。,"【v2隔离合成角色；无真人回答】
cityrole-0063｜广东广州市｜本户2人。独立住房设计建筑面积89.0㎡。
原合成持有设备：ac；本次EB纳入：ac；空调持有1台，本次可控1台。
收入、电费、设备习惯与控制偏好均为实验情境；事件当天是否有人在受控房间未知。",UNKNOWN,NOT_COLLECTED,D_G_RESULTS_NOT_IN_FIXED_ROLE_CSV,UNKNOWN,1,1,1,ac,ac,none
cityrole-0064,v2_control1_D_inputs,成都市,四川,1,1,0,sometimes_occupied,partly_home,partly_regular,3200,360,电费不构成当前预算约束,家庭已为当前电费预留预算，按这个金额可以承担；增加用电仍需重新权衡。,both_low,1,1,1,low_auto_accept,independent_dwelling,two_rooms,2,75.0,synthetic_H6_like_whole_dwelling_building_area,75.0,EXPERIMENTAL_DESIGN_NOT_OBSERVED,56.390977,56.390977,56.390977,0,NOT_APPLICABLE,apartment,cn-home-0064,self_contained_openplan,High-rise apartment(slab type)_Chengdu_2001,CHN_Sichuan.Chengdu.562940_CSWD,2.503,D_selected_EB_devices_and_private_AC_zones,0,,"【v2隔离合成角色；无真人回答】cityrole-0064｜四川成都市｜本户1人；独立住房设计建筑面积75.0㎡。原合成持有设备：ac,electric_water_heater,washer；本次EB纳入：ac,electric_water_heater,washer；空调持有1台，本次可控1台。","【v2隔离合成角色；无真人回答】
cityrole-0064｜四川成都市｜本户1人。独立住房设计建筑面积75.0㎡。
原合成持有设备：ac,electric_water_heater,washer；本次EB纳入：ac,electric_water_heater,washer；空调持有1台，本次可控1台。
收入、电费、设备习惯与控制偏好均为实验情境；事件当天是否有人在受控房间未知。",UNKNOWN,NOT_COLLECTED,D_G_RESULTS_NOT_IN_FIXED_ROLE_CSV,UNKNOWN,1,1,1,"ac,electric_water_heater,washer","ac,electric_water_heater,washer",none
cityrole-0065,v2_control1_D_inputs,邯郸市,河北,4,2,0,mostly_occupied,partly_home,partly_regular,8000,240,电费超出预算会挤占必要支出,必要生活开支较多，本月电费变化容易挤占其他项目。,both_low,1,1,2,high_trust_auto,independent_dwelling,four_rooms,4,98.0,synthetic_H6_like_whole_dwelling_building_area,98.0,EXPERIMENTAL_DESIGN_NOT_OBSERVED,73.684211,73.684211,73.684211,0,NOT_APPLICABLE,apartment,cn-home-0065,self_contained_four_room_thermally_aggregated,Low-rise apartment_Xingtai_2010,CHN_Hebei.Xingtai.537980_CSWD,52.61,D_selected_EB_devices_and_private_AC_zones,0,,"【v2隔离合成角色；无真人回答】cityrole-0065｜河北邯郸市｜本户4人；独立住房设计建筑面积98.0㎡。原合成持有设备：ac,dishwasher,electric_water_heater,washer；本次EB纳入：ac,dishwasher,electric_water_heater,washer；空调持有2台，本次可控2台。","【v2隔离合成角色；无真人回答】
cityrole-0065｜河北邯郸市｜本户4人。独立住房设计建筑面积98.0㎡。
原合成持有设备：ac,dishwasher,electric_water_heater,washer；本次EB纳入：ac,dishwasher,electric_water_heater,washer；空调持有2台，本次可控2台。
收入、电费、设备习惯与控制偏好均为实验情境；事件当天是否有人在受控房间未知。",UNKNOWN,NOT_COLLECTED,D_G_RESULTS_NOT_IN_FIXED_ROLE_CSV,UNKNOWN,2,2,2,"ac,dishwasher,electric_water_heater,washer","ac,dishwasher,electric_water_heater,washer",none
cityrole-0066,v2_control1_D_inputs,杭州市,浙江,3,2,0,sometimes_occupied,varies,irregular,28500,520,电费不构成当前预算约束,本月电费占可安排预算较小。,both_high,4,4,2,confirm_required,independent_dwelling,one_room,1,24.0,synthetic_H6_like_whole_dwelling_building_area,24.0,EXPERIMENTAL_DESIGN_NOT_OBSERVED,18.045113,18.045113,18.045113,0,NOT_APPLICABLE,apartment,cn-home-0066,self_contained_openplan,Low-rise apartment_Hangzhou_2010,CHN_Zhejiang.Hangzhou.584570_CSWD,9.662,D_selected_EB_devices_and_private_AC_zones,0,,"【v2隔离合成角色；无真人回答】cityrole-0066｜浙江杭州市｜本户3人；独立住房设计建筑面积24.0㎡。原合成持有设备：ac,electric_water_heater,washer；本次EB纳入：ac,electric_water_heater,washer；空调持有1台，本次可控1台。","【v2隔离合成角色；无真人回答】
cityrole-0066｜浙江杭州市｜本户3人。独立住房设计建筑面积24.0㎡。
原合成持有设备：ac,electric_water_heater,washer；本次EB纳入：ac,electric_water_heater,washer；空调持有1台，本次可控1台。
收入、电费、设备习惯与控制偏好均为实验情境；事件当天是否有人在受控房间未知。",UNKNOWN,NOT_COLLECTED,D_G_RESULTS_NOT_IN_FIXED_ROLE_CSV,UNKNOWN,1,1,1,"ac,electric_water_heater,washer","ac,electric_water_heater,washer",none
cityrole-0067,v2_control1_D_inputs,广州市,广东,3,2,1,sometimes_occupied,partly_home,partly_regular,28500,120,电费有余量，通常不需改变开支,本月电费占可安排预算较小。,saving_priority,4,2,2,low_auto_accept,independent_dwelling,three_rooms,3,43.5,synthetic_H6_like_whole_dwelling_building_area,43.5,EXPERIMENTAL_DESIGN_NOT_OBSERVED,32.706767,32.706767,32.706767,0,NOT_APPLICABLE,apartment,cn-home-0067,self_contained_source_three_room,High-rise apartment(slab type)_Guangzhou_2012,CHN_Guangdong.Guangzhou.592870_CSWD,5.46,D_selected_EB_devices_and_private_AC_zones,0,,"【v2隔离合成角色；无真人回答】cityrole-0067｜广东广州市｜本户3人；独立住房设计建筑面积43.5㎡。原合成持有设备：ac,washer；本次EB纳入：ac,washer；空调持有1台，本次可控1台。","【v2隔离合成角色；无真人回答】
cityrole-0067｜广东广州市｜本户3人。独立住房设计建筑面积43.5㎡。
原合成持有设备：ac,washer；本次EB纳入：ac,washer；空调持有1台，本次可控1台。
收入、电费、设备习惯与控制偏好均为实验情境；事件当天是否有人在受控房间未知。",UNKNOWN,NOT_COLLECTED,D_G_RESULTS_NOT_IN_FIXED_ROLE_CSV,UNKNOWN,1,1,1,"ac,washer","ac,washer",none
cityrole-0068,v2_control1_D_inputs,中山市,广东,1,1,0,variable,varies,irregular,3200,360,电费超出预算会挤占必要支出,必要生活开支较多，本月电费变化容易挤占其他项目。,comfort_priority,2,4,1,confirm_required,independent_dwelling,one_room,1,64.5,synthetic_H6_like_whole_dwelling_building_area,64.5,EXPERIMENTAL_DESIGN_NOT_OBSERVED,48.496241,48.496241,48.496241,0,NOT_APPLICABLE,apartment,cn-home-0068,self_contained_openplan,Low-rise apartment_Guangzhou_2003,CHN_Guangdong.Guangzhou.592870_CSWD,70.855,D_selected_EB_devices_and_private_AC_zones,0,,【v2隔离合成角色；无真人回答】cityrole-0068｜广东中山市｜本户1人；独立住房设计建筑面积64.5㎡。原合成持有设备：ac；本次EB纳入：ac；空调持有1台，本次可控1台。,"【v2隔离合成角色；无真人回答】
cityrole-0068｜广东中山市｜本户1人。独立住房设计建筑面积64.5㎡。
原合成持有设备：ac；本次EB纳入：ac；空调持有1台，本次可控1台。
收入、电费、设备习惯与控制偏好均为实验情境；事件当天是否有人在受控房间未知。",UNKNOWN,NOT_COLLECTED,D_G_RESULTS_NOT_IN_FIXED_ROLE_CSV,UNKNOWN,1,1,1,ac,ac,none
cityrole-0069,v2_control1_D_inputs,昆明市,云南,2,1,0,sometimes_occupied,partly_home,partly_regular,19000,360,电费可承担，但会留意变化,本月电费可承担，但家庭会留意它的变化。,both_low,2,2,1,high_trust_auto,independent_dwelling,three_rooms,3,49.0,synthetic_H6_like_whole_dwelling_building_area,49.0,EXPERIMENTAL_DESIGN_NOT_OBSERVED,36.842105,36.842105,36.842105,0,NOT_APPLICABLE,apartment,cn-home-0069,self_contained_source_three_room,High-rise apartment(slab type)_Kunming_2019,CHN_Yunnan.Kunming.567780_CSWD,4.802,D_selected_EB_devices_and_private_AC_zones,0,,"【v2隔离合成角色；无真人回答】cityrole-0069｜云南昆明市｜本户2人；独立住房设计建筑面积49.0㎡。原合成持有设备：ac,electric_water_heater,washer；本次EB纳入：ac,electric_water_heater,washer；空调持有2台，本次可控2台。","【v2隔离合成角色；无真人回答】
cityrole-0069｜云南昆明市｜本户2人。独立住房设计建筑面积49.0㎡。
原合成持有设备：ac,electric_water_heater,washer；本次EB纳入：ac,electric_water_heater,washer；空调持有2台，本次可控2台。
收入、电费、设备习惯与控制偏好均为实验情境；事件当天是否有人在受控房间未知。",UNKNOWN,NOT_COLLECTED,D_G_RESULTS_NOT_IN_FIXED_ROLE_CSV,UNKNOWN,2,2,2,"ac,electric_water_heater,washer","ac,electric_water_heater,washer",none
cityrole-0070,v2_control1_D_inputs,岑溪市,广西,1,1,1,mostly_occupied,mostly_home,regular,3200,120,电费可承担，但会留意变化,本月电费可承担，但家庭会留意它的变化。,both_low,2,2,2,high_trust_auto,independent_dwelling,two_rooms,2,54.5,synthetic_H6_like_whole_dwelling_building_area,54.5,EXPERIMENTAL_DESIGN_NOT_OBSERVED,40.977444,40.977444,40.977444,0,NOT_APPLICABLE,apartment,cn-home-0070,self_contained_openplan,High-rise apartment(slab type)_Wuzhou_2012,CHN_Guangxi.Zhuang.Wuzhou.592650_CSWD,70.416,D_selected_EB_devices_and_private_AC_zones,0,,"【v2隔离合成角色；无真人回答】cityrole-0070｜广西岑溪市｜本户1人；独立住房设计建筑面积54.5㎡。原合成持有设备：ac,electric_water_heater,washer；本次EB纳入：ac,electric_water_heater,washer；空调持有1台，本次可控1台。","【v2隔离合成角色；无真人回答】
cityrole-0070｜广西岑溪市｜本户1人。独立住房设计建筑面积54.5㎡。
原合成持有设备：ac,electric_water_heater,washer；本次EB纳入：ac,electric_water_heater,washer；空调持有1台，本次可控1台。
收入、电费、设备习惯与控制偏好均为实验情境；事件当天是否有人在受控房间未知。",UNKNOWN,NOT_COLLECTED,D_G_RESULTS_NOT_IN_FIXED_ROLE_CSV,UNKNOWN,1,1,1,"ac,electric_water_heater,washer","ac,electric_water_heater,washer",none
cityrole-0071,v2_control1_D_inputs,苏州市,江苏,3,2,1,sometimes_occupied,varies,irregular,19500,520,电费不构成当前预算约束,本月电费占可安排预算较小。,middle,3,3,1,low_auto_accept,independent_dwelling,two_rooms,2,225.0,synthetic_H6_like_whole_dwelling_building_area,225.0,EXPERIMENTAL_DESIGN_NOT_OBSERVED,169.172932,169.172932,169.172932,0,NOT_APPLICABLE,apartment,cn-home-0071,self_contained_openplan,High-rise apartment(slab type)_Dongtai_2010,CHN_Jiangsu.Lusi.582650_CSWD,119.962,D_selected_EB_devices_and_private_AC_zones,0,,"【v2隔离合成角色；无真人回答】cityrole-0071｜江苏苏州市｜本户3人；独立住房设计建筑面积225.0㎡。原合成持有设备：ac,electric_water_heater,washer；本次EB纳入：ac,electric_water_heater,washer；空调持有1台，本次可控1台。","【v2隔离合成角色；无真人回答】
cityrole-0071｜江苏苏州市｜本户3人。独立住房设计建筑面积225.0㎡。
原合成持有设备：ac,electric_water_heater,washer；本次EB纳入：ac,electric_water_heater,washer；空调持有1台，本次可控1台。
收入、电费、设备习惯与控制偏好均为实验情境；事件当天是否有人在受控房间未知。",UNKNOWN,NOT_COLLECTED,D_G_RESULTS_NOT_IN_FIXED_ROLE_CSV,UNKNOWN,1,1,1,"ac,electric_water_heater,washer","ac,electric_water_heater,washer",none
cityrole-0072,v2_control1_D_inputs,江阴市,江苏,2,1,1,mostly_occupied,partly_home,partly_regular,13000,120,电费可承担，但会留意变化,本月电费可承担，但家庭会留意它的变化。,both_high,5,5,1,confirm_required,independent_dwelling,one_room,1,89.0,synthetic_H6_like_whole_dwelling_building_area,89.0,EXPERIMENTAL_DESIGN_NOT_OBSERVED,66.917293,66.917293,66.917293,0,NOT_APPLICABLE,apartment,cn-home-0072,self_contained_openplan,Low-rise apartment_Dongtai_2010,CHN_Jiangsu.Dongtai.582510_CSWD,106.926,D_selected_EB_devices_and_private_AC_zones,0,,"【v2隔离合成角色；无真人回答】cityrole-0072｜江苏江阴市｜本户2人；独立住房设计建筑面积89.0㎡。原合成持有设备：electric_water_heater,washer；本次EB纳入：electric_water_heater,washer；空调持有0台，本次可控0台。","【v2隔离合成角色；无真人回答】
cityrole-0072｜江苏江阴市｜本户2人。独立住房设计建筑面积89.0㎡。
原合成持有设备：electric_water_heater,washer；本次EB纳入：electric_water_heater,washer；空调持有0台，本次可控0台。
收入、电费、设备习惯与控制偏好均为实验情境；事件当天是否有人在受控房间未知。",UNKNOWN,NOT_COLLECTED,D_G_RESULTS_NOT_IN_FIXED_ROLE_CSV,UNKNOWN,0,0,0,"electric_water_heater,washer","electric_water_heater,washer",none
cityrole-0073,v2_control1_D_inputs,南宁市,广西,3,2,1,mostly_occupied,partly_home,partly_regular,13500,720,电费不构成当前预算约束,本月电费占可安排预算较小。,both_low,1,1,3,high_trust_auto,independent_dwelling,four_rooms,4,73.5,synthetic_H6_like_whole_dwelling_building_area,73.5,EXPERIMENTAL_DESIGN_NOT_OBSERVED,55.263158,55.263158,55.263158,0,NOT_APPLICABLE,apartment,cn-home-0073,self_contained_four_room_thermally_aggregated,High-rise apartment(slab type)_Nanning_2003,CHN_Guangxi.Zhuang.Nanning.594310_CSWD,23.692,D_selected_EB_devices_and_private_AC_zones,0,,"【v2隔离合成角色；无真人回答】cityrole-0073｜广西南宁市｜本户3人；独立住房设计建筑面积73.5㎡。原合成持有设备：ac,electric_water_heater,washer；本次EB纳入：ac,electric_water_heater,washer；空调持有2台，本次可控2台。","【v2隔离合成角色；无真人回答】
cityrole-0073｜广西南宁市｜本户3人。独立住房设计建筑面积73.5㎡。
原合成持有设备：ac,electric_water_heater,washer；本次EB纳入：ac,electric_water_heater,washer；空调持有2台，本次可控2台。
收入、电费、设备习惯与控制偏好均为实验情境；事件当天是否有人在受控房间未知。",UNKNOWN,NOT_COLLECTED,D_G_RESULTS_NOT_IN_FIXED_ROLE_CSV,UNKNOWN,2,2,2,"ac,electric_water_heater,washer","ac,electric_water_heater,washer",none
cityrole-0074,v2_control1_D_inputs,宁德市,福建,3,2,1,mostly_occupied,partly_home,irregular,19500,360,电费可承担，但会留意变化,本月电费可承担，但家庭会留意它的变化。,both_high,5,5,3,high_trust_auto,shared_dwelling_private_rooms_with_allocated_common_area,two_rooms,2,24.0,synthetic_H6_like_household_attributed_building_area_in_shared_dwelling,41.177038,EXPERIMENTAL_DESIGN_NOT_OBSERVED,22.8,39.118186,11.825558,10.974442,UNKNOWN,apartment,cn-home-0074,shared_flat_private_rooms,Low-rise apartment_Fuzhou_2003,CHN_Fujian.Fuzhou.588470_CSWD,69.097,D_selected_EB_devices_and_private_AC_zones,0,,"【v2隔离合成角色；无真人回答】cityrole-0074｜福建宁德市｜本户3人；合住：本户H6归属建筑面积24.0㎡；整套设计建筑面积41.177038㎡。其他住户人数未知。原合成持有设备：ac,electric_water_heater,washer；本次EB纳入：ac；空调持有1台，本次可控1台。","【v2隔离合成角色；无真人回答】
cityrole-0074｜福建宁德市｜本户3人。合住：本户H6归属建筑面积24.0㎡；整套设计建筑面积41.177038㎡。其他住户人数未知。
原合成持有设备：ac,electric_water_heater,washer；本次EB纳入：ac；空调持有1台，本次可控1台。
收入、电费、设备习惯与控制偏好均为实验情境；事件当天是否有人在受控房间未知。",UNKNOWN,NOT_COLLECTED,D_G_RESULTS_NOT_IN_FIXED_ROLE_CSV,UNKNOWN,1,1,1,"ac,electric_water_heater,washer",ac,"electric_water_heater,washer"
cityrole-0075,v2_control1_D_inputs,贵阳市,贵州,5,3,1,mostly_occupied,partly_home,irregular,16000,120,电费不构成当前预算约束,本月电费已列入预算，按当前金额可以承担。,middle,3,3,1,confirm_required,independent_dwelling,three_rooms,3,122.5,synthetic_H6_like_whole_dwelling_building_area,122.5,EXPERIMENTAL_DESIGN_NOT_OBSERVED,92.105263,92.105263,92.105263,0,NOT_APPLICABLE,apartment,cn-home-0075,self_contained_source_three_room,Low-rise apartment_Guiyang_2001,CHN_Guizhou.Guiyang.578160_CSWD,2.904,D_selected_EB_devices_and_private_AC_zones,0,,"【v2隔离合成角色；无真人回答】cityrole-0075｜贵州贵阳市｜本户5人；独立住房设计建筑面积122.5㎡。原合成持有设备：ac,electric_water_heater,washer；本次EB纳入：ac,electric_water_heater,washer；空调持有1台，本次可控1台。","【v2隔离合成角色；无真人回答】
cityrole-0075｜贵州贵阳市｜本户5人。独立住房设计建筑面积122.5㎡。
原合成持有设备：ac,electric_water_heater,washer；本次EB纳入：ac,electric_water_heater,washer；空调持有1台，本次可控1台。
收入、电费、设备习惯与控制偏好均为实验情境；事件当天是否有人在受控房间未知。",UNKNOWN,NOT_COLLECTED,D_G_RESULTS_NOT_IN_FIXED_ROLE_CSV,UNKNOWN,1,1,1,"ac,electric_water_heater,washer","ac,electric_water_heater,washer",none
cityrole-0076,v2_control1_D_inputs,胶州市,山东,1,1,0,mostly_absent,mostly_home,regular,4500,520,电费可承担，但会留意变化,本月电费可承担，但家庭会留意它的变化。,middle,3,3,4,high_trust_auto,independent_dwelling,three_rooms,3,44.5,synthetic_H6_like_whole_dwelling_building_area,44.5,EXPERIMENTAL_DESIGN_NOT_OBSERVED,33.458647,33.458647,33.458647,0,NOT_APPLICABLE,apartment,cn-home-0076,self_contained_source_three_room,Low-rise apartment_Weifang_1995,CHN_Shandong.Weifang.548430_CSWD,90.773,D_selected_EB_devices_and_private_AC_zones,0,,"【v2隔离合成角色；无真人回答】cityrole-0076｜山东胶州市｜本户1人；独立住房设计建筑面积44.5㎡。原合成持有设备：ac,electric_water_heater,washer；本次EB纳入：ac,electric_water_heater,washer；空调持有1台，本次可控1台。","【v2隔离合成角色；无真人回答】
cityrole-0076｜山东胶州市｜本户1人。独立住房设计建筑面积44.5㎡。
原合成持有设备：ac,electric_water_heater,washer；本次EB纳入：ac,electric_water_heater,washer；空调持有1台，本次可控1台。
收入、电费、设备习惯与控制偏好均为实验情境；事件当天是否有人在受控房间未知。",UNKNOWN,NOT_COLLECTED,D_G_RESULTS_NOT_IN_FIXED_ROLE_CSV,UNKNOWN,1,1,1,"ac,electric_water_heater,washer","ac,electric_water_heater,washer",none
cityrole-0077,v2_control1_D_inputs,徐州市,江苏,4,1,0,mostly_occupied,partly_home,irregular,8000,220,电费有压力，需调整其他开支,必要生活开支较多，本月电费变化容易挤占其他项目。,middle,3,3,5,confirm_required,independent_dwelling,two_rooms,2,138.0,synthetic_H6_like_whole_dwelling_building_area,138.0,EXPERIMENTAL_DESIGN_NOT_OBSERVED,103.759398,103.759398,103.759398,0,NOT_APPLICABLE,apartment,cn-home-0077,self_contained_openplan,Low-rise apartment_Xuzhou_2010,CHN_Jiangsu.Xuzhou.580270_CSWD,2.532,D_selected_EB_devices_and_private_AC_zones,0,,"【v2隔离合成角色；无真人回答】cityrole-0077｜江苏徐州市｜本户4人；独立住房设计建筑面积138.0㎡。原合成持有设备：ac,dryer,washer；本次EB纳入：ac,dryer,washer；空调持有2台，本次可控2台。","【v2隔离合成角色；无真人回答】
cityrole-0077｜江苏徐州市｜本户4人。独立住房设计建筑面积138.0㎡。
原合成持有设备：ac,dryer,washer；本次EB纳入：ac,dryer,washer；空调持有2台，本次可控2台。
收入、电费、设备习惯与控制偏好均为实验情境；事件当天是否有人在受控房间未知。",UNKNOWN,NOT_COLLECTED,D_G_RESULTS_NOT_IN_FIXED_ROLE_CSV,UNKNOWN,2,2,2,"ac,dryer,washer","ac,dryer,washer",none
cityrole-0078,v2_control1_D_inputs,张家港市,江苏,2,2,0,sometimes_occupied,varies,irregular,19000,720,电费有压力，需调整其他开支,本月收入已有其他固定支出安排，可灵活调整的预算较紧。,both_high,4,4,1,confirm_required,independent_dwelling,three_rooms,3,69.0,synthetic_H6_like_whole_dwelling_building_area,69.0,EXPERIMENTAL_DESIGN_NOT_OBSERVED,51.879699,51.879699,51.879699,0,NOT_APPLICABLE,apartment,cn-home-0078,self_contained_source_three_room,High-rise apartment(slab type)_Dongtai_2010,CHN_Jiangsu.Dongtai.582510_CSWD,106.653,D_selected_EB_devices_and_private_AC_zones,0,,"【v2隔离合成角色；无真人回答】cityrole-0078｜江苏张家港市｜本户2人；独立住房设计建筑面积69.0㎡。原合成持有设备：ac,electric_water_heater,washer；本次EB纳入：ac,electric_water_heater,washer；空调持有1台，本次可控1台。","【v2隔离合成角色；无真人回答】
cityrole-0078｜江苏张家港市｜本户2人。独立住房设计建筑面积69.0㎡。
原合成持有设备：ac,electric_water_heater,washer；本次EB纳入：ac,electric_water_heater,washer；空调持有1台，本次可控1台。
收入、电费、设备习惯与控制偏好均为实验情境；事件当天是否有人在受控房间未知。",UNKNOWN,NOT_COLLECTED,D_G_RESULTS_NOT_IN_FIXED_ROLE_CSV,UNKNOWN,1,1,1,"ac,electric_water_heater,washer","ac,electric_water_heater,washer",none
cityrole-0079,v2_control1_D_inputs,深圳市,广东,4,3,0,mostly_occupied,partly_home,partly_regular,12800,360,电费可承担，但会留意变化,本月电费可承担，但家庭会留意它的变化。,both_high,4,4,5,high_trust_auto,independent_dwelling,four_rooms,4,58.0,synthetic_H6_like_whole_dwelling_building_area,58.0,EXPERIMENTAL_DESIGN_NOT_OBSERVED,43.609023,43.609023,43.609023,0,NOT_APPLICABLE,apartment,cn-home-0079,self_contained_four_room_thermally_aggregated,High-rise apartment(slab type)_Guangzhou_2003,CHN_Guangdong.Zhengcheng.592940_CSWD,71.504,D_selected_EB_devices_and_private_AC_zones,1,m02,"【v2隔离合成角色；无真人回答】cityrole-0079｜广东深圳市｜本户4人；独立住房设计建筑面积58.0㎡。原合成持有设备：electric_water_heater,home_ev,washer；本次EB纳入：electric_water_heater,home_ev,washer；空调持有0台，本次可控0台。","【v2隔离合成角色；无真人回答】
cityrole-0079｜广东深圳市｜本户4人。独立住房设计建筑面积58.0㎡。
原合成持有设备：electric_water_heater,home_ev,washer；本次EB纳入：electric_water_heater,home_ev,washer；空调持有0台，本次可控0台。
收入、电费、设备习惯与控制偏好均为实验情境；事件当天是否有人在受控房间未知。",UNKNOWN,NOT_COLLECTED,D_G_RESULTS_NOT_IN_FIXED_ROLE_CSV,UNKNOWN,0,0,0,"electric_water_heater,home_ev,washer","electric_water_heater,home_ev,washer",none
cityrole-0080,v2_control1_D_inputs,温州市,浙江,1,1,0,sometimes_occupied,partly_home,partly_regular,4500,520,电费不构成当前预算约束,家庭已为当前电费预留预算，按这个金额可以承担；增加用电仍需重新权衡。,middle,3,3,1,high_trust_auto,independent_dwelling,one_room,1,64.5,synthetic_H6_like_whole_dwelling_building_area,64.5,EXPERIMENTAL_DESIGN_NOT_OBSERVED,48.496241,48.496241,48.496241,0,NOT_APPLICABLE,apartment,cn-home-0080,self_contained_openplan,High-rise apartment(slab type)_Wenzhou_2010,CHN_Zhejiang.Wenzhou.586590_CSWD,2.523,D_selected_EB_devices_and_private_AC_zones,0,,【v2隔离合成角色；无真人回答】cityrole-0080｜浙江温州市｜本户1人；独立住房设计建筑面积64.5㎡。原合成持有设备：ac；本次EB纳入：ac；空调持有1台，本次可控1台。,"【v2隔离合成角色；无真人回答】
cityrole-0080｜浙江温州市｜本户1人。独立住房设计建筑面积64.5㎡。
原合成持有设备：ac；本次EB纳入：ac；空调持有1台，本次可控1台。
收入、电费、设备习惯与控制偏好均为实验情境；事件当天是否有人在受控房间未知。",UNKNOWN,NOT_COLLECTED,D_G_RESULTS_NOT_IN_FIXED_ROLE_CSV,UNKNOWN,1,1,1,ac,ac,none
cityrole-0081,v2_control1_D_inputs,沈阳市,辽宁,1,1,0,mostly_absent,mostly_home,regular,3200,360,电费超出预算会挤占必要支出,必要生活开支较多，本月电费变化容易挤占其他项目。,both_high,5,5,3,low_auto_accept,independent_dwelling,three_rooms,3,44.5,synthetic_H6_like_whole_dwelling_building_area,44.5,EXPERIMENTAL_DESIGN_NOT_OBSERVED,33.458647,33.458647,33.458647,0,NOT_APPLICABLE,apartment,cn-home-0081,self_contained_source_three_room,High-rise apartment(slab type)_Shenyang_2010,CHN_Liaoning.Shenyang.543420_CSWD,8.989,D_selected_EB_devices_and_private_AC_zones,0,,"【v2隔离合成角色；无真人回答】cityrole-0081｜辽宁沈阳市｜本户1人；独立住房设计建筑面积44.5㎡。原合成持有设备：electric_water_heater,washer；本次EB纳入：electric_water_heater,washer；空调持有0台，本次可控0台。","【v2隔离合成角色；无真人回答】
cityrole-0081｜辽宁沈阳市｜本户1人。独立住房设计建筑面积44.5㎡。
原合成持有设备：electric_water_heater,washer；本次EB纳入：electric_water_heater,washer；空调持有0台，本次可控0台。
收入、电费、设备习惯与控制偏好均为实验情境；事件当天是否有人在受控房间未知。",UNKNOWN,NOT_COLLECTED,D_G_RESULTS_NOT_IN_FIXED_ROLE_CSV,UNKNOWN,0,0,0,"electric_water_heater,washer","electric_water_heater,washer",none
cityrole-0082,v2_control1_D_inputs,贵阳市,贵州,3,2,0,mostly_occupied,partly_home,partly_regular,9600,520,电费不构成当前预算约束,本月电费已列入预算，按当前金额可以承担。,saving_priority,5,1,2,high_trust_auto,independent_dwelling,three_rooms,3,133.5,synthetic_H6_like_whole_dwelling_building_area,133.5,EXPERIMENTAL_DESIGN_NOT_OBSERVED,100.37594,100.37594,100.37594,0,NOT_APPLICABLE,apartment,cn-home-0082,self_contained_source_three_room,Low-rise apartment_Guiyang_2010,CHN_Guizhou.Guiyang.578160_CSWD,2.904,D_selected_EB_devices_and_private_AC_zones,1,m03,"【v2隔离合成角色；无真人回答】cityrole-0082｜贵州贵阳市｜本户3人；独立住房设计建筑面积133.5㎡。原合成持有设备：ac,dryer,electric_water_heater,home_ev,washer；本次EB纳入：ac,dryer,electric_water_heater,home_ev,washer；空调持有1台，本次可控1台。","【v2隔离合成角色；无真人回答】
cityrole-0082｜贵州贵阳市｜本户3人。独立住房设计建筑面积133.5㎡。
原合成持有设备：ac,dryer,electric_water_heater,home_ev,washer；本次EB纳入：ac,dryer,electric_water_heater,home_ev,washer；空调持有1台，本次可控1台。
收入、电费、设备习惯与控制偏好均为实验情境；事件当天是否有人在受控房间未知。",UNKNOWN,NOT_COLLECTED,D_G_RESULTS_NOT_IN_FIXED_ROLE_CSV,UNKNOWN,1,1,1,"ac,dryer,electric_water_heater,home_ev,washer","ac,dryer,electric_water_heater,home_ev,washer",none
cityrole-0083,v2_control1_D_inputs,苏州市,江苏,2,1,0,sometimes_occupied,varies,irregular,4000,480,电费有压力，需调整其他开支,必要生活开支较多，本月电费变化容易挤占其他项目。,both_low,1,1,4,confirm_required,independent_dwelling,three_rooms,3,150.0,synthetic_H6_like_whole_dwelling_building_area,150.0,EXPERIMENTAL_DESIGN_NOT_OBSERVED,112.781955,112.781955,112.781955,0,NOT_APPLICABLE,apartment,cn-home-0083,self_contained_source_three_room,High-rise apartment(slab type)_Dongtai_2001,CHN_Jiangsu.Lusi.582650_CSWD,119.962,D_selected_EB_devices_and_private_AC_zones,1,m02,"【v2隔离合成角色；无真人回答】cityrole-0083｜江苏苏州市｜本户2人；独立住房设计建筑面积150.0㎡。原合成持有设备：electric_water_heater,home_ev,washer；本次EB纳入：electric_water_heater,home_ev,washer；空调持有0台，本次可控0台。","【v2隔离合成角色；无真人回答】
cityrole-0083｜江苏苏州市｜本户2人。独立住房设计建筑面积150.0㎡。
原合成持有设备：electric_water_heater,home_ev,washer；本次EB纳入：electric_water_heater,home_ev,washer；空调持有0台，本次可控0台。
收入、电费、设备习惯与控制偏好均为实验情境；事件当天是否有人在受控房间未知。",UNKNOWN,NOT_COLLECTED,D_G_RESULTS_NOT_IN_FIXED_ROLE_CSV,UNKNOWN,0,0,0,"electric_water_heater,home_ev,washer","electric_water_heater,home_ev,washer",none
cityrole-0084,v2_control1_D_inputs,武汉市,湖北,3,2,0,sometimes_occupied,varies,irregular,13500,220,电费可承担，但会留意变化,本月电费可承担，但家庭会留意它的变化。,saving_priority,5,1,5,low_auto_accept,independent_dwelling,four_rooms,4,133.5,synthetic_H6_like_whole_dwelling_building_area,133.5,EXPERIMENTAL_DESIGN_NOT_OBSERVED,100.37594,100.37594,100.37594,0,NOT_APPLICABLE,apartment,cn-home-0084,self_contained_four_room_thermally_aggregated,Low-rise apartment_Wuhan_2001,CHN_Hubei.Wuhan.574940_CSWD,17.056,D_selected_EB_devices_and_private_AC_zones,0,,"【v2隔离合成角色；无真人回答】cityrole-0084｜湖北武汉市｜本户3人；独立住房设计建筑面积133.5㎡。原合成持有设备：ac,washer；本次EB纳入：ac,washer；空调持有1台，本次可控1台。","【v2隔离合成角色；无真人回答】
cityrole-0084｜湖北武汉市｜本户3人。独立住房设计建筑面积133.5㎡。
原合成持有设备：ac,washer；本次EB纳入：ac,washer；空调持有1台，本次可控1台。
收入、电费、设备习惯与控制偏好均为实验情境；事件当天是否有人在受控房间未知。",UNKNOWN,NOT_COLLECTED,D_G_RESULTS_NOT_IN_FIXED_ROLE_CSV,UNKNOWN,1,1,1,"ac,washer","ac,washer",none
cityrole-0085,v2_control1_D_inputs,成都市,四川,2,2,0,sometimes_occupied,partly_home,partly_regular,6400,520,电费有压力，需调整其他开支,必要生活开支较多，本月电费变化容易挤占其他项目。,middle,3,3,3,high_trust_auto,independent_dwelling,two_rooms,2,89.0,synthetic_H6_like_whole_dwelling_building_area,89.0,EXPERIMENTAL_DESIGN_NOT_OBSERVED,66.917293,66.917293,66.917293,0,NOT_APPLICABLE,apartment,cn-home-0085,self_contained_openplan,High-rise apartment(slab type)_Chengdu_2001,CHN_Sichuan.Chengdu.562940_CSWD,2.503,D_selected_EB_devices_and_private_AC_zones,0,,【v2隔离合成角色；无真人回答】cityrole-0085｜四川成都市｜本户2人；独立住房设计建筑面积89.0㎡。原合成持有设备：electric_water_heater；本次EB纳入：electric_water_heater；空调持有0台，本次可控0台。,"【v2隔离合成角色；无真人回答】
cityrole-0085｜四川成都市｜本户2人。独立住房设计建筑面积89.0㎡。
原合成持有设备：electric_water_heater；本次EB纳入：electric_water_heater；空调持有0台，本次可控0台。
收入、电费、设备习惯与控制偏好均为实验情境；事件当天是否有人在受控房间未知。",UNKNOWN,NOT_COLLECTED,D_G_RESULTS_NOT_IN_FIXED_ROLE_CSV,UNKNOWN,0,0,0,electric_water_heater,electric_water_heater,none
cityrole-0086,v2_control1_D_inputs,郑州市,河南,4,3,0,mostly_occupied,partly_home,irregular,26000,520,电费可承担，但会留意变化,本月电费可承担，但家庭会留意它的变化。,middle,3,3,5,low_auto_accept,independent_dwelling,three_rooms,3,300.0,synthetic_H6_like_whole_dwelling_building_area,300.0,EXPERIMENTAL_DESIGN_NOT_OBSERVED,225.56391,225.56391,225.56391,0,NOT_APPLICABLE,apartment,cn-home-0086,self_contained_source_three_room,High-rise apartment(slab type)_Zhengzhou_2010,CHN_Henan.Zhengzhou.570830_CSWD,5.229,D_selected_EB_devices_and_private_AC_zones,0,,"【v2隔离合成角色；无真人回答】cityrole-0086｜河南郑州市｜本户4人；独立住房设计建筑面积300.0㎡。原合成持有设备：ac,electric_water_heater,washer；本次EB纳入：ac,electric_water_heater,washer；空调持有1台，本次可控1台。","【v2隔离合成角色；无真人回答】
cityrole-0086｜河南郑州市｜本户4人。独立住房设计建筑面积300.0㎡。
原合成持有设备：ac,electric_water_heater,washer；本次EB纳入：ac,electric_water_heater,washer；空调持有1台，本次可控1台。
收入、电费、设备习惯与控制偏好均为实验情境；事件当天是否有人在受控房间未知。",UNKNOWN,NOT_COLLECTED,D_G_RESULTS_NOT_IN_FIXED_ROLE_CSV,UNKNOWN,1,1,1,"ac,electric_water_heater,washer","ac,electric_water_heater,washer",none
cityrole-0087,v2_control1_D_inputs,广州市,广东,2,1,1,sometimes_occupied,partly_home,partly_regular,19000,720,电费不构成当前预算约束,本月电费占可安排预算较小。,middle,3,3,3,low_auto_accept,independent_dwelling,one_room,1,69.0,synthetic_H6_like_whole_dwelling_building_area,69.0,EXPERIMENTAL_DESIGN_NOT_OBSERVED,51.879699,51.879699,51.879699,0,NOT_APPLICABLE,apartment,cn-home-0087,self_contained_openplan,Low-rise apartment_Guangzhou_2012,CHN_Guangdong.Guangzhou.592870_CSWD,5.46,D_selected_EB_devices_and_private_AC_zones,0,,【v2隔离合成角色；无真人回答】cityrole-0087｜广东广州市｜本户2人；独立住房设计建筑面积69.0㎡。原合成持有设备：ac；本次EB纳入：ac；空调持有1台，本次可控1台。,"【v2隔离合成角色；无真人回答】
cityrole-0087｜广东广州市｜本户2人。独立住房设计建筑面积69.0㎡。
原合成持有设备：ac；本次EB纳入：ac；空调持有1台，本次可控1台。
收入、电费、设备习惯与控制偏好均为实验情境；事件当天是否有人在受控房间未知。",UNKNOWN,NOT_COLLECTED,D_G_RESULTS_NOT_IN_FIXED_ROLE_CSV,UNKNOWN,1,1,1,ac,ac,none
cityrole-0088,v2_control1_D_inputs,深圳市,广东,2,1,0,sometimes_occupied,varies,irregular,6400,520,电费超出预算会挤占必要支出,必要生活开支较多，本月电费变化容易挤占其他项目。,comfort_priority,2,4,5,low_auto_accept,independent_dwelling,one_room,1,109.0,synthetic_H6_like_whole_dwelling_building_area,109.0,EXPERIMENTAL_DESIGN_NOT_OBSERVED,81.954887,81.954887,81.954887,0,NOT_APPLICABLE,apartment,cn-home-0088,self_contained_openplan,High-rise apartment(slab type)_Guangzhou_2003,CHN_Guangdong.Zhengcheng.592940_CSWD,71.504,D_selected_EB_devices_and_private_AC_zones,0,,"【v2隔离合成角色；无真人回答】cityrole-0088｜广东深圳市｜本户2人；独立住房设计建筑面积109.0㎡。原合成持有设备：electric_water_heater,washer；本次EB纳入：electric_water_heater,washer；空调持有0台，本次可控0台。","【v2隔离合成角色；无真人回答】
cityrole-0088｜广东深圳市｜本户2人。独立住房设计建筑面积109.0㎡。
原合成持有设备：electric_water_heater,washer；本次EB纳入：electric_water_heater,washer；空调持有0台，本次可控0台。
收入、电费、设备习惯与控制偏好均为实验情境；事件当天是否有人在受控房间未知。",UNKNOWN,NOT_COLLECTED,D_G_RESULTS_NOT_IN_FIXED_ROLE_CSV,UNKNOWN,0,0,0,"electric_water_heater,washer","electric_water_heater,washer",none
cityrole-0089,v2_control1_D_inputs,潮州市,广东,2,2,0,sometimes_occupied,partly_home,partly_regular,9000,360,电费有余量，通常不需改变开支,本月电费占可安排预算较小。,middle,3,3,5,confirm_required,independent_dwelling,one_room,1,69.0,synthetic_H6_like_whole_dwelling_building_area,69.0,EXPERIMENTAL_DESIGN_NOT_OBSERVED,51.879699,51.879699,51.879699,0,NOT_APPLICABLE,apartment,cn-home-0089,self_contained_openplan,Low-rise apartment_Shantou_2003,CHN_Guangdong.Shantou.593160_CSWD,46.236,D_selected_EB_devices_and_private_AC_zones,0,,"【v2隔离合成角色；无真人回答】cityrole-0089｜广东潮州市｜本户2人；独立住房设计建筑面积69.0㎡。原合成持有设备：ac,electric_water_heater,washer；本次EB纳入：ac,electric_water_heater,washer；空调持有2台，本次可控2台。","【v2隔离合成角色；无真人回答】
cityrole-0089｜广东潮州市｜本户2人。独立住房设计建筑面积69.0㎡。
原合成持有设备：ac,electric_water_heater,washer；本次EB纳入：ac,electric_water_heater,washer；空调持有2台，本次可控2台。
收入、电费、设备习惯与控制偏好均为实验情境；事件当天是否有人在受控房间未知。",UNKNOWN,NOT_COLLECTED,D_G_RESULTS_NOT_IN_FIXED_ROLE_CSV,UNKNOWN,2,2,2,"ac,electric_water_heater,washer","ac,electric_water_heater,washer",none
cityrole-0090,v2_control1_D_inputs,临汾市,山西,1,1,0,sometimes_occupied,partly_home,partly_regular,4500,520,电费有余量，通常不需改变开支,家庭已为当前电费预留预算，按这个金额可以承担；增加用电仍需重新权衡。,comfort_priority,2,4,2,high_trust_auto,independent_dwelling,two_rooms,2,44.5,synthetic_H6_like_whole_dwelling_building_area,44.5,EXPERIMENTAL_DESIGN_NOT_OBSERVED,33.458647,33.458647,33.458647,0,NOT_APPLICABLE,apartment,cn-home-0090,self_contained_openplan,Low-rise apartment_Houma_2018,CHN_Shanxi.Houma.539630_CSWD,50.075,D_selected_EB_devices_and_private_AC_zones,0,,【v2隔离合成角色；无真人回答】cityrole-0090｜山西临汾市｜本户1人；独立住房设计建筑面积44.5㎡。原合成持有设备：electric_water_heater；本次EB纳入：electric_water_heater；空调持有0台，本次可控0台。,"【v2隔离合成角色；无真人回答】
cityrole-0090｜山西临汾市｜本户1人。独立住房设计建筑面积44.5㎡。
原合成持有设备：electric_water_heater；本次EB纳入：electric_water_heater；空调持有0台，本次可控0台。
收入、电费、设备习惯与控制偏好均为实验情境；事件当天是否有人在受控房间未知。",UNKNOWN,NOT_COLLECTED,D_G_RESULTS_NOT_IN_FIXED_ROLE_CSV,UNKNOWN,0,0,0,electric_water_heater,electric_water_heater,none
cityrole-0091,v2_control1_D_inputs,南京市,江苏,4,2,0,sometimes_occupied,partly_home,partly_regular,38000,360,电费可承担，但会留意变化,本月电费可承担，但家庭会留意它的变化。,comfort_priority,1,5,3,low_auto_accept,independent_dwelling,three_rooms,3,58.0,synthetic_H6_like_whole_dwelling_building_area,58.0,EXPERIMENTAL_DESIGN_NOT_OBSERVED,43.609023,43.609023,43.609023,0,NOT_APPLICABLE,apartment,cn-home-0091,self_contained_source_three_room,Low-rise apartment_Nanjing_2001,CHN_Jiangsu.Nanjing.582380_CSWD,88.368,D_selected_EB_devices_and_private_AC_zones,0,,"【v2隔离合成角色；无真人回答】cityrole-0091｜江苏南京市｜本户4人；独立住房设计建筑面积58.0㎡。原合成持有设备：dishwasher,washer；本次EB纳入：dishwasher,washer；空调持有0台，本次可控0台。","【v2隔离合成角色；无真人回答】
cityrole-0091｜江苏南京市｜本户4人。独立住房设计建筑面积58.0㎡。
原合成持有设备：dishwasher,washer；本次EB纳入：dishwasher,washer；空调持有0台，本次可控0台。
收入、电费、设备习惯与控制偏好均为实验情境；事件当天是否有人在受控房间未知。",UNKNOWN,NOT_COLLECTED,D_G_RESULTS_NOT_IN_FIXED_ROLE_CSV,UNKNOWN,0,0,0,"dishwasher,washer","dishwasher,washer",none
cityrole-0092,v2_control1_D_inputs,青岛市,山东,3,2,0,mostly_occupied,partly_home,partly_regular,28500,120,电费有余量，通常不需改变开支,本月电费占可安排预算较小。,comfort_priority,1,5,3,high_trust_auto,independent_dwelling,five_or_more_rooms,5,193.5,synthetic_H6_like_whole_dwelling_building_area,193.5,EXPERIMENTAL_DESIGN_NOT_OBSERVED,145.488722,145.488722,145.488722,0,NOT_APPLICABLE,rowhouse,cn-home-0092,terraced_five_room_inferred,Terraced house_Weifang_2010,CHN_Shandong.Weifang.548430_CSWD,126.287,D_selected_EB_devices_and_private_AC_zones,0,,"【v2隔离合成角色；无真人回答】cityrole-0092｜山东青岛市｜本户3人；独立住房设计建筑面积193.5㎡。原合成持有设备：ac,washer；本次EB纳入：ac,washer；空调持有1台，本次可控1台。","【v2隔离合成角色；无真人回答】
cityrole-0092｜山东青岛市｜本户3人。独立住房设计建筑面积193.5㎡。
原合成持有设备：ac,washer；本次EB纳入：ac,washer；空调持有1台，本次可控1台。
收入、电费、设备习惯与控制偏好均为实验情境；事件当天是否有人在受控房间未知。",UNKNOWN,NOT_COLLECTED,D_G_RESULTS_NOT_IN_FIXED_ROLE_CSV,UNKNOWN,1,1,1,"ac,washer","ac,washer",none
cityrole-0093,v2_control1_D_inputs,鹤壁市,河南,1,1,0,variable,varies,irregular,2000,240,电费可承担，但会留意变化,本月电费可承担，但家庭会留意它的变化。,comfort_priority,1,5,2,confirm_required,independent_dwelling,five_or_more_rooms,5,64.5,synthetic_H6_like_whole_dwelling_building_area,64.5,EXPERIMENTAL_DESIGN_NOT_OBSERVED,48.496241,48.496241,48.496241,0,NOT_APPLICABLE,rowhouse,cn-home-0093,terraced_five_room_inferred,Terraced house_Anyang_1995,CHN_Henan.Anyang.538980_CSWD,34.84,D_selected_EB_devices_and_private_AC_zones,0,,"【v2隔离合成角色；无真人回答】cityrole-0093｜河南鹤壁市｜本户1人；独立住房设计建筑面积64.5㎡。原合成持有设备：ac,electric_water_heater,washer；本次EB纳入：ac,electric_water_heater,washer；空调持有2台，本次可控2台。","【v2隔离合成角色；无真人回答】
cityrole-0093｜河南鹤壁市｜本户1人。独立住房设计建筑面积64.5㎡。
原合成持有设备：ac,electric_water_heater,washer；本次EB纳入：ac,electric_water_heater,washer；空调持有2台，本次可控2台。
收入、电费、设备习惯与控制偏好均为实验情境；事件当天是否有人在受控房间未知。",UNKNOWN,NOT_COLLECTED,D_G_RESULTS_NOT_IN_FIXED_ROLE_CSV,UNKNOWN,2,2,2,"ac,electric_water_heater,washer","ac,electric_water_heater,washer",none
cityrole-0094,v2_control1_D_inputs,合肥市,安徽,3,2,1,mostly_occupied,partly_home,irregular,6000,120,电费可承担，但会留意变化,本月电费可承担，但家庭会留意它的变化。,middle,3,3,2,confirm_required,independent_dwelling,three_rooms,3,133.5,synthetic_H6_like_whole_dwelling_building_area,133.5,EXPERIMENTAL_DESIGN_NOT_OBSERVED,100.37594,100.37594,100.37594,0,NOT_APPLICABLE,apartment,cn-home-0094,self_contained_source_three_room,Low-rise apartment_Hefei_2010,CHN_Anhui.Hefei.583210_CSWD,4.33,D_selected_EB_devices_and_private_AC_zones,0,,【v2隔离合成角色；无真人回答】cityrole-0094｜安徽合肥市｜本户3人；独立住房设计建筑面积133.5㎡。原合成持有设备：electric_water_heater；本次EB纳入：electric_water_heater；空调持有0台，本次可控0台。,"【v2隔离合成角色；无真人回答】
cityrole-0094｜安徽合肥市｜本户3人。独立住房设计建筑面积133.5㎡。
原合成持有设备：electric_water_heater；本次EB纳入：electric_water_heater；空调持有0台，本次可控0台。
收入、电费、设备习惯与控制偏好均为实验情境；事件当天是否有人在受控房间未知。",UNKNOWN,NOT_COLLECTED,D_G_RESULTS_NOT_IN_FIXED_ROLE_CSV,UNKNOWN,0,0,0,electric_water_heater,electric_water_heater,none
cityrole-0095,v2_control1_D_inputs,深圳市,广东,2,1,1,sometimes_occupied,partly_home,partly_regular,19000,360,电费有压力，需调整其他开支,本月收入已有其他固定支出安排，可灵活调整的预算较紧。,saving_priority,5,1,2,confirm_required,independent_dwelling,one_room,1,49.0,synthetic_H6_like_whole_dwelling_building_area,49.0,EXPERIMENTAL_DESIGN_NOT_OBSERVED,36.842105,36.842105,36.842105,0,NOT_APPLICABLE,apartment,cn-home-0095,self_contained_openplan,Low-rise apartment_Guangzhou_2003,CHN_Guangdong.Zhengcheng.592940_CSWD,71.504,D_selected_EB_devices_and_private_AC_zones,,,"【v2隔离合成角色；无真人回答】cityrole-0095｜广东深圳市｜本户2人；独立住房设计建筑面积49.0㎡。原合成持有设备：electric_water_heater,home_ev,washer；本次EB纳入：electric_water_heater,washer；空调持有0台，本次可控0台。","【v2隔离合成角色；无真人回答】
cityrole-0095｜广东深圳市｜本户2人。独立住房设计建筑面积49.0㎡。
原合成持有设备：electric_water_heater,home_ev,washer；本次EB纳入：electric_water_heater,washer；空调持有0台，本次可控0台。
收入、电费、设备习惯与控制偏好均为实验情境；事件当天是否有人在受控房间未知。",UNKNOWN,NOT_COLLECTED,D_G_RESULTS_NOT_IN_FIXED_ROLE_CSV,UNKNOWN,0,0,0,"electric_water_heater,home_ev,washer","electric_water_heater,washer",home_ev
cityrole-0096,v2_control1_D_inputs,芜湖市,安徽,1,1,1,sometimes_occupied,partly_home,partly_regular,9500,520,电费不构成当前预算约束,本月电费占可安排预算较小。,both_high,4,4,3,low_auto_accept,independent_dwelling,two_rooms,2,54.5,synthetic_H6_like_whole_dwelling_building_area,54.5,EXPERIMENTAL_DESIGN_NOT_OBSERVED,40.977444,40.977444,40.977444,0,NOT_APPLICABLE,apartment,cn-home-0096,self_contained_openplan,Low-rise apartment_Hefei_2010,CHN_Anhui.Hefei.583210_CSWD,123.925,D_selected_EB_devices_and_private_AC_zones,0,,"【v2隔离合成角色；无真人回答】cityrole-0096｜安徽芜湖市｜本户1人；独立住房设计建筑面积54.5㎡。原合成持有设备：ac,electric_water_heater,washer；本次EB纳入：ac,electric_water_heater,washer；空调持有1台，本次可控1台。","【v2隔离合成角色；无真人回答】
cityrole-0096｜安徽芜湖市｜本户1人。独立住房设计建筑面积54.5㎡。
原合成持有设备：ac,electric_water_heater,washer；本次EB纳入：ac,electric_water_heater,washer；空调持有1台，本次可控1台。
收入、电费、设备习惯与控制偏好均为实验情境；事件当天是否有人在受控房间未知。",UNKNOWN,NOT_COLLECTED,D_G_RESULTS_NOT_IN_FIXED_ROLE_CSV,UNKNOWN,1,1,1,"ac,electric_water_heater,washer","ac,electric_water_heater,washer",none
cityrole-0097,v2_control1_D_inputs,古交市,山西,3,2,1,mostly_occupied,partly_home,partly_regular,13500,120,电费超出预算会挤占必要支出,必要生活开支较多，本月电费变化容易挤占其他项目。,middle,3,3,3,low_auto_accept,independent_dwelling,three_rooms,3,73.5,synthetic_H6_like_whole_dwelling_building_area,73.5,EXPERIMENTAL_DESIGN_NOT_OBSERVED,55.263158,55.263158,55.263158,0,NOT_APPLICABLE,apartment,cn-home-0097,self_contained_source_three_room,High-rise apartment(slab type)_Taiyuan_2018,CHN_Shanxi.Taiyuan.537720_CSWD,36.496,D_selected_EB_devices_and_private_AC_zones,0,,"【v2隔离合成角色；无真人回答】cityrole-0097｜山西古交市｜本户3人；独立住房设计建筑面积73.5㎡。原合成持有设备：ac,washer；本次EB纳入：ac,washer；空调持有2台，本次可控2台。","【v2隔离合成角色；无真人回答】
cityrole-0097｜山西古交市｜本户3人。独立住房设计建筑面积73.5㎡。
原合成持有设备：ac,washer；本次EB纳入：ac,washer；空调持有2台，本次可控2台。
收入、电费、设备习惯与控制偏好均为实验情境；事件当天是否有人在受控房间未知。",UNKNOWN,NOT_COLLECTED,D_G_RESULTS_NOT_IN_FIXED_ROLE_CSV,UNKNOWN,2,2,2,"ac,washer","ac,washer",none
cityrole-0098,v2_control1_D_inputs,慈溪市,浙江,2,1,1,mostly_occupied,mostly_home,regular,13000,360,电费有压力，需调整其他开支,本月收入已有其他固定支出安排，可灵活调整的预算较紧。,both_high,4,4,1,high_trust_auto,independent_dwelling,one_room,1,49.0,synthetic_H6_like_whole_dwelling_building_area,49.0,EXPERIMENTAL_DESIGN_NOT_OBSERVED,36.842105,36.842105,36.842105,0,NOT_APPLICABLE,apartment,cn-home-0098,self_contained_openplan,Low-rise apartment_Hangzhou_2010,CHN_Zhejiang.Hangzhou.584570_CSWD,93.307,D_selected_EB_devices_and_private_AC_zones,0,,【v2隔离合成角色；无真人回答】cityrole-0098｜浙江慈溪市｜本户2人；独立住房设计建筑面积49.0㎡。原合成持有设备：ac；本次EB纳入：ac；空调持有1台，本次可控1台。,"【v2隔离合成角色；无真人回答】
cityrole-0098｜浙江慈溪市｜本户2人。独立住房设计建筑面积49.0㎡。
原合成持有设备：ac；本次EB纳入：ac；空调持有1台，本次可控1台。
收入、电费、设备习惯与控制偏好均为实验情境；事件当天是否有人在受控房间未知。",UNKNOWN,NOT_COLLECTED,D_G_RESULTS_NOT_IN_FIXED_ROLE_CSV,UNKNOWN,1,1,1,ac,ac,none
cityrole-0099,v2_control1_D_inputs,合肥市,安徽,4,3,0,mostly_occupied,partly_home,partly_regular,12800,360,电费超出预算会挤占必要支出,必要生活开支较多，本月电费变化容易挤占其他项目。,comfort_priority,2,4,5,confirm_required,independent_dwelling,three_rooms,3,98.0,synthetic_H6_like_whole_dwelling_building_area,98.0,EXPERIMENTAL_DESIGN_NOT_OBSERVED,73.684211,73.684211,73.684211,0,NOT_APPLICABLE,apartment,cn-home-0099,self_contained_source_three_room,Low-rise apartment_Hefei_2001,CHN_Anhui.Hefei.583210_CSWD,4.33,D_selected_EB_devices_and_private_AC_zones,0,,"【v2隔离合成角色；无真人回答】cityrole-0099｜安徽合肥市｜本户4人；独立住房设计建筑面积98.0㎡。原合成持有设备：dryer,electric_water_heater,washer；本次EB纳入：dryer,electric_water_heater,washer；空调持有0台，本次可控0台。","【v2隔离合成角色；无真人回答】
cityrole-0099｜安徽合肥市｜本户4人。独立住房设计建筑面积98.0㎡。
原合成持有设备：dryer,electric_water_heater,washer；本次EB纳入：dryer,electric_water_heater,washer；空调持有0台，本次可控0台。
收入、电费、设备习惯与控制偏好均为实验情境；事件当天是否有人在受控房间未知。",UNKNOWN,NOT_COLLECTED,D_G_RESULTS_NOT_IN_FIXED_ROLE_CSV,UNKNOWN,0,0,0,"dryer,electric_water_heater,washer","dryer,electric_water_heater,washer",none
cityrole-0100,v2_control1_D_inputs,通辽市,内蒙古,1,1,0,sometimes_occupied,partly_home,partly_regular,6500,720,电费可承担，但会留意变化,本月电费可承担，但家庭会留意它的变化。,both_low,2,2,4,low_auto_accept,independent_dwelling,two_rooms,2,54.5,synthetic_H6_like_whole_dwelling_building_area,54.5,EXPERIMENTAL_DESIGN_NOT_OBSERVED,40.977444,40.977444,40.977444,0,NOT_APPLICABLE,apartment,cn-home-0100,self_contained_openplan,High-rise apartment(slab type)_Tongliao_2010,CHN_Nei.Mongol.Tongliao.541350_CSWD,2.551,D_selected_EB_devices_and_private_AC_zones,0,,"【v2隔离合成角色；无真人回答】cityrole-0100｜内蒙古通辽市｜本户1人；独立住房设计建筑面积54.5㎡。原合成持有设备：electric_water_heater,washer；本次EB纳入：electric_water_heater,washer；空调持有0台，本次可控0台。","【v2隔离合成角色；无真人回答】
cityrole-0100｜内蒙古通辽市｜本户1人。独立住房设计建筑面积54.5㎡。
原合成持有设备：electric_water_heater,washer；本次EB纳入：electric_water_heater,washer；空调持有0台，本次可控0台。
收入、电费、设备习惯与控制偏好均为实验情境；事件当天是否有人在受控房间未知。",UNKNOWN,NOT_COLLECTED,D_G_RESULTS_NOT_IN_FIXED_ROLE_CSV,UNKNOWN,0,0,0,"electric_water_heater,washer","electric_water_heater,washer",none
cityrole-0101,v2_control1_D_inputs,临沂市,山东,5,3,0,sometimes_occupied,varies,irregular,22500,360,电费不构成当前预算约束,本月电费占可安排预算较小。,both_low,1,1,2,high_trust_auto,independent_dwelling,two_rooms,2,272.5,synthetic_H6_like_whole_dwelling_building_area,272.5,EXPERIMENTAL_DESIGN_NOT_OBSERVED,204.887218,204.887218,204.887218,0,NOT_APPLICABLE,apartment,cn-home-0101,self_contained_openplan,High-rise apartment(slab type)_Yanzhou_1995,CHN_Shandong.Juxian.549360_CSWD,73.948,D_selected_EB_devices_and_private_AC_zones,0,,"【v2隔离合成角色；无真人回答】cityrole-0101｜山东临沂市｜本户5人；独立住房设计建筑面积272.5㎡。原合成持有设备：electric_water_heater,washer；本次EB纳入：electric_water_heater,washer；空调持有0台，本次可控0台。","【v2隔离合成角色；无真人回答】
cityrole-0101｜山东临沂市｜本户5人。独立住房设计建筑面积272.5㎡。
原合成持有设备：electric_water_heater,washer；本次EB纳入：electric_water_heater,washer；空调持有0台，本次可控0台。
收入、电费、设备习惯与控制偏好均为实验情境；事件当天是否有人在受控房间未知。",UNKNOWN,NOT_COLLECTED,D_G_RESULTS_NOT_IN_FIXED_ROLE_CSV,UNKNOWN,0,0,0,"electric_water_heater,washer","electric_water_heater,washer",none
cityrole-0102,v2_control1_D_inputs,阜康市,新疆,1,1,0,mostly_occupied,mostly_home,regular,3200,380,电费超出预算会挤占必要支出,必要生活开支较多，本月电费变化容易挤占其他项目。,both_high,5,5,5,confirm_required,independent_dwelling,two_rooms,2,75.0,synthetic_H6_like_whole_dwelling_building_area,75.0,EXPERIMENTAL_DESIGN_NOT_OBSERVED,56.390977,56.390977,56.390977,0,NOT_APPLICABLE,apartment,cn-home-0102,self_contained_openplan,Low-rise apartment_Yanqi_2010,CHN_Xinjiang.Uygur.Urumqi.514630_CSWD,49.539,D_selected_EB_devices_and_private_AC_zones,0,,【v2隔离合成角色；无真人回答】cityrole-0102｜新疆阜康市｜本户1人；独立住房设计建筑面积75.0㎡。原合成持有设备：electric_water_heater；本次EB纳入：electric_water_heater；空调持有0台，本次可控0台。,"【v2隔离合成角色；无真人回答】
cityrole-0102｜新疆阜康市｜本户1人。独立住房设计建筑面积75.0㎡。
原合成持有设备：electric_water_heater；本次EB纳入：electric_water_heater；空调持有0台，本次可控0台。
收入、电费、设备习惯与控制偏好均为实验情境；事件当天是否有人在受控房间未知。",UNKNOWN,NOT_COLLECTED,D_G_RESULTS_NOT_IN_FIXED_ROLE_CSV,UNKNOWN,0,0,0,electric_water_heater,electric_water_heater,none
cityrole-0103,v2_control1_D_inputs,五常市,黑龙江,2,1,0,sometimes_occupied,varies,irregular,13000,360,电费超出预算会挤占必要支出,本月收入已有其他固定支出安排，可灵活调整的预算较紧。,comfort_priority,1,5,1,high_trust_auto,independent_dwelling,one_room,1,69.0,synthetic_H6_like_whole_dwelling_building_area,69.0,EXPERIMENTAL_DESIGN_NOT_OBSERVED,51.879699,51.879699,51.879699,0,NOT_APPLICABLE,apartment,cn-home-0103,self_contained_openplan,High-rise apartment(slab type)_Shangzhi_1995,CHN_Heilongjiang.Shangzhi.509680_CSWD,72.395,D_selected_EB_devices_and_private_AC_zones,0,,【v2隔离合成角色；无真人回答】cityrole-0103｜黑龙江五常市｜本户2人；独立住房设计建筑面积69.0㎡。原合成持有设备：ac；本次EB纳入：ac；空调持有1台，本次可控1台。,"【v2隔离合成角色；无真人回答】
cityrole-0103｜黑龙江五常市｜本户2人。独立住房设计建筑面积69.0㎡。
原合成持有设备：ac；本次EB纳入：ac；空调持有1台，本次可控1台。
收入、电费、设备习惯与控制偏好均为实验情境；事件当天是否有人在受控房间未知。",UNKNOWN,NOT_COLLECTED,D_G_RESULTS_NOT_IN_FIXED_ROLE_CSV,UNKNOWN,1,1,1,ac,ac,none
cityrole-0104,v2_control1_D_inputs,楚雄市,云南,8,3,0,sometimes_occupied,varies,irregular,25600,220,电费可承担，但会留意变化,本月电费可承担，但家庭会留意它的变化。,saving_priority,5,1,4,confirm_required,independent_dwelling,five_or_more_rooms,5,84.0,synthetic_H6_like_whole_dwelling_building_area,84.0,EXPERIMENTAL_DESIGN_NOT_OBSERVED,63.157895,63.157895,63.157895,0,NOT_APPLICABLE,rowhouse,cn-home-0104,terraced_five_room_inferred,Terraced house_Chuxiong_2019,CHN_Yunnan.Chuxiong.567680_CSWD,1.139,D_selected_EB_devices_and_private_AC_zones,0,,"【v2隔离合成角色；无真人回答】cityrole-0104｜云南楚雄市｜本户8人；独立住房设计建筑面积84.0㎡。原合成持有设备：ac,washer；本次EB纳入：ac,washer；空调持有1台，本次可控1台。","【v2隔离合成角色；无真人回答】
cityrole-0104｜云南楚雄市｜本户8人。独立住房设计建筑面积84.0㎡。
原合成持有设备：ac,washer；本次EB纳入：ac,washer；空调持有1台，本次可控1台。
收入、电费、设备习惯与控制偏好均为实验情境；事件当天是否有人在受控房间未知。",UNKNOWN,NOT_COLLECTED,D_G_RESULTS_NOT_IN_FIXED_ROLE_CSV,UNKNOWN,1,1,1,"ac,washer","ac,washer",none
cityrole-0105,v2_control1_D_inputs,桂林市,广西,2,2,0,sometimes_occupied,partly_home,partly_regular,19000,720,电费超出预算会挤占必要支出,本月收入已有其他固定支出安排，可灵活调整的预算较紧。,saving_priority,5,1,2,high_trust_auto,independent_dwelling,three_rooms,3,89.0,synthetic_H6_like_whole_dwelling_building_area,89.0,EXPERIMENTAL_DESIGN_NOT_OBSERVED,66.917293,66.917293,66.917293,0,NOT_APPLICABLE,apartment,cn-home-0105,self_contained_source_three_room,High-rise apartment(slab type)_Guilin_2001,CHN_Guangxi.Zhuang.Guilin.579570_CSWD,6.735,D_selected_EB_devices_and_private_AC_zones,0,,"【v2隔离合成角色；无真人回答】cityrole-0105｜广西桂林市｜本户2人；独立住房设计建筑面积89.0㎡。原合成持有设备：ac,washer；本次EB纳入：ac,washer；空调持有2台，本次可控2台。","【v2隔离合成角色；无真人回答】
cityrole-0105｜广西桂林市｜本户2人。独立住房设计建筑面积89.0㎡。
原合成持有设备：ac,washer；本次EB纳入：ac,washer；空调持有2台，本次可控2台。
收入、电费、设备习惯与控制偏好均为实验情境；事件当天是否有人在受控房间未知。",UNKNOWN,NOT_COLLECTED,D_G_RESULTS_NOT_IN_FIXED_ROLE_CSV,UNKNOWN,2,2,2,"ac,washer","ac,washer",none
cityrole-0106,v2_control1_D_inputs,上海市,上海,3,2,0,sometimes_occupied,varies,irregular,19500,520,电费不构成当前预算约束,本月电费占可安排预算较小。,comfort_priority,2,4,3,confirm_required,independent_dwelling,one_room,1,24.0,synthetic_H6_like_whole_dwelling_building_area,24.0,EXPERIMENTAL_DESIGN_NOT_OBSERVED,18.045113,18.045113,18.045113,0,NOT_APPLICABLE,apartment,cn-home-0106,self_contained_openplan,High-rise apartment(slab type)_Shanghai_2001,CHN_Shanghai.Shanghai.583620_CSWD,20.633,D_selected_EB_devices_and_private_AC_zones,0,,"【v2隔离合成角色；无真人回答】cityrole-0106｜上海上海市｜本户3人；独立住房设计建筑面积24.0㎡。原合成持有设备：ac,electric_water_heater,washer；本次EB纳入：ac,electric_water_heater,washer；空调持有1台，本次可控1台。","【v2隔离合成角色；无真人回答】
cityrole-0106｜上海上海市｜本户3人。独立住房设计建筑面积24.0㎡。
原合成持有设备：ac,electric_water_heater,washer；本次EB纳入：ac,electric_water_heater,washer；空调持有1台，本次可控1台。
收入、电费、设备习惯与控制偏好均为实验情境；事件当天是否有人在受控房间未知。",UNKNOWN,NOT_COLLECTED,D_G_RESULTS_NOT_IN_FIXED_ROLE_CSV,UNKNOWN,1,1,1,"ac,electric_water_heater,washer","ac,electric_water_heater,washer",none
cityrole-0107,v2_control1_D_inputs,广州市,广东,2,1,0,mostly_occupied,partly_home,partly_regular,4000,220,电费超出预算会挤占必要支出,必要生活开支较多，本月电费变化容易挤占其他项目。,saving_priority,4,2,1,confirm_required,independent_dwelling,five_or_more_rooms,5,69.0,synthetic_H6_like_whole_dwelling_building_area,69.0,EXPERIMENTAL_DESIGN_NOT_OBSERVED,51.879699,51.879699,51.879699,0,NOT_APPLICABLE,rowhouse,cn-home-0107,terraced_five_room_inferred,Terraced house_Guangzhou_2012,CHN_Guangdong.Guangzhou.592870_CSWD,5.46,D_selected_EB_devices_and_private_AC_zones,0,,"【v2隔离合成角色；无真人回答】cityrole-0107｜广东广州市｜本户2人；独立住房设计建筑面积69.0㎡。原合成持有设备：ac,electric_water_heater,washer；本次EB纳入：ac,electric_water_heater,washer；空调持有1台，本次可控1台。","【v2隔离合成角色；无真人回答】
cityrole-0107｜广东广州市｜本户2人。独立住房设计建筑面积69.0㎡。
原合成持有设备：ac,electric_water_heater,washer；本次EB纳入：ac,electric_water_heater,washer；空调持有1台，本次可控1台。
收入、电费、设备习惯与控制偏好均为实验情境；事件当天是否有人在受控房间未知。",UNKNOWN,NOT_COLLECTED,D_G_RESULTS_NOT_IN_FIXED_ROLE_CSV,UNKNOWN,1,1,1,"ac,electric_water_heater,washer","ac,electric_water_heater,washer",none
cityrole-0108,v2_control1_D_inputs,苏州市,江苏,5,3,0,mostly_occupied,partly_home,irregular,32500,720,电费超出预算会挤占必要支出,本月收入已有其他固定支出安排，可灵活调整的预算较紧。,middle,3,3,1,high_trust_auto,independent_dwelling,two_rooms,2,122.5,synthetic_H6_like_whole_dwelling_building_area,122.5,EXPERIMENTAL_DESIGN_NOT_OBSERVED,92.105263,92.105263,92.105263,0,NOT_APPLICABLE,apartment,cn-home-0108,self_contained_openplan,High-rise apartment(slab type)_Dongtai_2001,CHN_Jiangsu.Lusi.582650_CSWD,119.962,D_selected_EB_devices_and_private_AC_zones,0,,"【v2隔离合成角色；无真人回答】cityrole-0108｜江苏苏州市｜本户5人；独立住房设计建筑面积122.5㎡。原合成持有设备：ac,electric_water_heater,washer；本次EB纳入：ac,electric_water_heater,washer；空调持有1台，本次可控1台。","【v2隔离合成角色；无真人回答】
cityrole-0108｜江苏苏州市｜本户5人。独立住房设计建筑面积122.5㎡。
原合成持有设备：ac,electric_water_heater,washer；本次EB纳入：ac,electric_water_heater,washer；空调持有1台，本次可控1台。
收入、电费、设备习惯与控制偏好均为实验情境；事件当天是否有人在受控房间未知。",UNKNOWN,NOT_COLLECTED,D_G_RESULTS_NOT_IN_FIXED_ROLE_CSV,UNKNOWN,1,1,1,"ac,electric_water_heater,washer","ac,electric_water_heater,washer",none
cityrole-0109,v2_control1_D_inputs,北京市,北京,3,2,0,sometimes_occupied,varies,irregular,9600,520,电费超出预算会挤占必要支出,必要生活开支较多，本月电费变化容易挤占其他项目。,saving_priority,4,2,1,low_auto_accept,independent_dwelling,three_rooms,3,43.5,synthetic_H6_like_whole_dwelling_building_area,43.5,EXPERIMENTAL_DESIGN_NOT_OBSERVED,32.706767,32.706767,32.706767,0,NOT_APPLICABLE,apartment,cn-home-0109,self_contained_source_three_room,High-rise apartment(slab type)_Beijing_2010,CHN_Beijing.Beijing.545110_CSWD,16.45,D_selected_EB_devices_and_private_AC_zones,0,,"【v2隔离合成角色；无真人回答】cityrole-0109｜北京北京市｜本户3人；独立住房设计建筑面积43.5㎡。原合成持有设备：ac,dishwasher,electric_water_heater,washer；本次EB纳入：ac,dishwasher,electric_water_heater,washer；空调持有2台，本次可控2台。","【v2隔离合成角色；无真人回答】
cityrole-0109｜北京北京市｜本户3人。独立住房设计建筑面积43.5㎡。
原合成持有设备：ac,dishwasher,electric_water_heater,washer；本次EB纳入：ac,dishwasher,electric_water_heater,washer；空调持有2台，本次可控2台。
收入、电费、设备习惯与控制偏好均为实验情境；事件当天是否有人在受控房间未知。",UNKNOWN,NOT_COLLECTED,D_G_RESULTS_NOT_IN_FIXED_ROLE_CSV,UNKNOWN,2,2,2,"ac,dishwasher,electric_water_heater,washer","ac,dishwasher,electric_water_heater,washer",none
cityrole-0110,v2_control1_D_inputs,济南市,山东,2,2,1,mostly_occupied,mostly_home,regular,6400,120,电费可承担，但会留意变化,本月电费可承担，但家庭会留意它的变化。,both_high,4,4,3,high_trust_auto,independent_dwelling,three_rooms,3,49.0,synthetic_H6_like_whole_dwelling_building_area,49.0,EXPERIMENTAL_DESIGN_NOT_OBSERVED,36.842105,36.842105,36.842105,0,NOT_APPLICABLE,apartment,cn-home-0110,self_contained_source_three_room,Low-rise apartment_Jinan_2010,CHN_Shandong.Jinan.548230_CSWD,7.383,D_selected_EB_devices_and_private_AC_zones,0,,"【v2隔离合成角色；无真人回答】cityrole-0110｜山东济南市｜本户2人；独立住房设计建筑面积49.0㎡。原合成持有设备：ac,electric_water_heater,washer；本次EB纳入：ac,electric_water_heater,washer；空调持有1台，本次可控1台。","【v2隔离合成角色；无真人回答】
cityrole-0110｜山东济南市｜本户2人。独立住房设计建筑面积49.0㎡。
原合成持有设备：ac,electric_water_heater,washer；本次EB纳入：ac,electric_water_heater,washer；空调持有1台，本次可控1台。
收入、电费、设备习惯与控制偏好均为实验情境；事件当天是否有人在受控房间未知。",UNKNOWN,NOT_COLLECTED,D_G_RESULTS_NOT_IN_FIXED_ROLE_CSV,UNKNOWN,1,1,1,"ac,electric_water_heater,washer","ac,electric_water_heater,washer",none
cityrole-0111,v2_control1_D_inputs,成都市,四川,3,2,0,sometimes_occupied,partly_home,partly_regular,19500,220,电费有压力，需调整其他开支,本月收入已有其他固定支出安排，可灵活调整的预算较紧。,comfort_priority,1,5,4,confirm_required,independent_dwelling,three_rooms,3,43.5,synthetic_H6_like_whole_dwelling_building_area,43.5,EXPERIMENTAL_DESIGN_NOT_OBSERVED,32.706767,32.706767,32.706767,0,NOT_APPLICABLE,apartment,cn-home-0111,self_contained_source_three_room,Low-rise apartment_Chengdu_2001,CHN_Sichuan.Chengdu.562940_CSWD,2.503,D_selected_EB_devices_and_private_AC_zones,0,,【v2隔离合成角色；无真人回答】cityrole-0111｜四川成都市｜本户3人；独立住房设计建筑面积43.5㎡。原合成持有设备：washer；本次EB纳入：washer；空调持有0台，本次可控0台。,"【v2隔离合成角色；无真人回答】
cityrole-0111｜四川成都市｜本户3人。独立住房设计建筑面积43.5㎡。
原合成持有设备：washer；本次EB纳入：washer；空调持有0台，本次可控0台。
收入、电费、设备习惯与控制偏好均为实验情境；事件当天是否有人在受控房间未知。",UNKNOWN,NOT_COLLECTED,D_G_RESULTS_NOT_IN_FIXED_ROLE_CSV,UNKNOWN,0,0,0,washer,washer,none
cityrole-0112,v2_control1_D_inputs,重庆市,重庆,3,2,1,sometimes_occupied,partly_home,partly_regular,19500,360,电费有余量，通常不需改变开支,本月电费占可安排预算较小。,middle,3,3,2,confirm_required,independent_dwelling,three_rooms,3,163.5,synthetic_H6_like_whole_dwelling_building_area,163.5,EXPERIMENTAL_DESIGN_NOT_OBSERVED,122.932331,122.932331,122.932331,0,NOT_APPLICABLE,apartment,cn-home-0112,self_contained_source_three_room,Low-rise apartment_Youyang_2001,CHN_Chongqing.Chongqing.Shapingba.575160_CSWD,5.879,D_selected_EB_devices_and_private_AC_zones,1,m03,"【v2隔离合成角色；无真人回答】cityrole-0112｜重庆重庆市｜本户3人；独立住房设计建筑面积163.5㎡。原合成持有设备：ac,electric_water_heater,home_ev,washer；本次EB纳入：ac,electric_water_heater,home_ev,washer；空调持有1台，本次可控1台。","【v2隔离合成角色；无真人回答】
cityrole-0112｜重庆重庆市｜本户3人。独立住房设计建筑面积163.5㎡。
原合成持有设备：ac,electric_water_heater,home_ev,washer；本次EB纳入：ac,electric_water_heater,home_ev,washer；空调持有1台，本次可控1台。
收入、电费、设备习惯与控制偏好均为实验情境；事件当天是否有人在受控房间未知。",UNKNOWN,NOT_COLLECTED,D_G_RESULTS_NOT_IN_FIXED_ROLE_CSV,UNKNOWN,1,1,1,"ac,electric_water_heater,home_ev,washer","ac,electric_water_heater,home_ev,washer",none
cityrole-0113,v2_control1_D_inputs,广州市,广东,1,1,1,sometimes_occupied,partly_home,partly_regular,4500,360,电费有余量，通常不需改变开支,家庭已为当前电费预留预算，按这个金额可以承担；增加用电仍需重新权衡。,both_high,5,5,1,high_trust_auto,shared_dwelling_private_rooms_with_allocated_common_area,one_room,1,10.5,synthetic_H6_like_household_attributed_building_area_in_shared_dwelling,49.437493,EXPERIMENTAL_DESIGN_NOT_OBSERVED,9.975,46.965618,8.389242,1.585758,UNKNOWN,apartment,cn-home-0113,shared_flat_private_rooms,Low-rise apartment_Guangzhou_2012,CHN_Guangdong.Guangzhou.592870_CSWD,5.46,D_selected_EB_devices_and_private_AC_zones,0,,【v2隔离合成角色；无真人回答】cityrole-0113｜广东广州市｜本户1人；合住：本户H6归属建筑面积10.5㎡；整套设计建筑面积49.437493㎡。其他住户人数未知。原合成持有设备：ac；本次EB纳入：ac；空调持有1台，本次可控1台。,"【v2隔离合成角色；无真人回答】
cityrole-0113｜广东广州市｜本户1人。合住：本户H6归属建筑面积10.5㎡；整套设计建筑面积49.437493㎡。其他住户人数未知。
原合成持有设备：ac；本次EB纳入：ac；空调持有1台，本次可控1台。
收入、电费、设备习惯与控制偏好均为实验情境；事件当天是否有人在受控房间未知。",UNKNOWN,NOT_COLLECTED,D_G_RESULTS_NOT_IN_FIXED_ROLE_CSV,UNKNOWN,1,1,1,ac,ac,none
cityrole-0114,v2_control1_D_inputs,天津市,天津,5,2,1,mostly_occupied,partly_home,irregular,32500,360,电费可承担，但会留意变化,本月电费可承担，但家庭会留意它的变化。,both_low,1,1,3,high_trust_auto,independent_dwelling,two_rooms,2,90.0,synthetic_H6_like_whole_dwelling_building_area,90.0,EXPERIMENTAL_DESIGN_NOT_OBSERVED,67.669173,67.669173,67.669173,0,NOT_APPLICABLE,apartment,cn-home-0114,self_contained_openplan,Low-rise apartment_Tianjin_2010,CHN_Tianjin.Tianjin.545270_CSWD,12.212,D_selected_EB_devices_and_private_AC_zones,0,,"【v2隔离合成角色；无真人回答】cityrole-0114｜天津天津市｜本户5人；独立住房设计建筑面积90.0㎡。原合成持有设备：ac,dryer,washer；本次EB纳入：ac,dryer,washer；空调持有1台，本次可控1台。","【v2隔离合成角色；无真人回答】
cityrole-0114｜天津天津市｜本户5人。独立住房设计建筑面积90.0㎡。
原合成持有设备：ac,dryer,washer；本次EB纳入：ac,dryer,washer；空调持有1台，本次可控1台。
收入、电费、设备习惯与控制偏好均为实验情境；事件当天是否有人在受控房间未知。",UNKNOWN,NOT_COLLECTED,D_G_RESULTS_NOT_IN_FIXED_ROLE_CSV,UNKNOWN,1,1,1,"ac,dryer,washer","ac,dryer,washer",none
cityrole-0115,v2_control1_D_inputs,五家渠市,新疆,2,1,0,mostly_occupied,partly_home,partly_regular,13000,240,电费有余量，通常不需改变开支,本月电费占可安排预算较小。,saving_priority,5,1,3,high_trust_auto,independent_dwelling,three_rooms,3,89.0,synthetic_H6_like_whole_dwelling_building_area,89.0,EXPERIMENTAL_DESIGN_NOT_OBSERVED,66.917293,66.917293,66.917293,0,NOT_APPLICABLE,apartment,cn-home-0115,self_contained_source_three_room,Low-rise apartment_Wusu_2010,CHN_Xinjiang.Uygur.Urumqi.514630_CSWD,43.683,D_selected_EB_devices_and_private_AC_zones,0,,"【v2隔离合成角色；无真人回答】cityrole-0115｜新疆五家渠市｜本户2人；独立住房设计建筑面积89.0㎡。原合成持有设备：ac,dishwasher,electric_water_heater,washer；本次EB纳入：ac,dishwasher,electric_water_heater,washer；空调持有1台，本次可控1台。","【v2隔离合成角色；无真人回答】
cityrole-0115｜新疆五家渠市｜本户2人。独立住房设计建筑面积89.0㎡。
原合成持有设备：ac,dishwasher,electric_water_heater,washer；本次EB纳入：ac,dishwasher,electric_water_heater,washer；空调持有1台，本次可控1台。
收入、电费、设备习惯与控制偏好均为实验情境；事件当天是否有人在受控房间未知。",UNKNOWN,NOT_COLLECTED,D_G_RESULTS_NOT_IN_FIXED_ROLE_CSV,UNKNOWN,1,1,1,"ac,dishwasher,electric_water_heater,washer","ac,dishwasher,electric_water_heater,washer",none
cityrole-0116,v2_control1_D_inputs,锦州市,辽宁,4,2,0,mostly_occupied,partly_home,irregular,38000,220,电费超出预算会挤占必要支出,本月收入已有其他固定支出安排，可灵活调整的预算较紧。,middle,3,3,2,confirm_required,independent_dwelling,two_rooms,2,72.0,synthetic_H6_like_whole_dwelling_building_area,72.0,EXPERIMENTAL_DESIGN_NOT_OBSERVED,54.135338,54.135338,54.135338,0,NOT_APPLICABLE,apartment,cn-home-0116,self_contained_openplan,Low-rise apartment_Xingcheng_2010,CHN_Liaoning.Jinzhou.543370_CSWD,62.566,D_selected_EB_devices_and_private_AC_zones,0,,【v2隔离合成角色；无真人回答】cityrole-0116｜辽宁锦州市｜本户4人；独立住房设计建筑面积72.0㎡。原合成持有设备：washer；本次EB纳入：washer；空调持有0台，本次可控0台。,"【v2隔离合成角色；无真人回答】
cityrole-0116｜辽宁锦州市｜本户4人。独立住房设计建筑面积72.0㎡。
原合成持有设备：washer；本次EB纳入：washer；空调持有0台，本次可控0台。
收入、电费、设备习惯与控制偏好均为实验情境；事件当天是否有人在受控房间未知。",UNKNOWN,NOT_COLLECTED,D_G_RESULTS_NOT_IN_FIXED_ROLE_CSV,UNKNOWN,0,0,0,washer,washer,none
cityrole-0117,v2_control1_D_inputs,济南市,山东,2,1,0,mostly_occupied,partly_home,partly_regular,13000,360,电费可承担，但会留意变化,本月电费可承担，但家庭会留意它的变化。,comfort_priority,2,4,4,low_auto_accept,independent_dwelling,four_rooms,4,69.0,synthetic_H6_like_whole_dwelling_building_area,69.0,EXPERIMENTAL_DESIGN_NOT_OBSERVED,51.879699,51.879699,51.879699,0,NOT_APPLICABLE,apartment,cn-home-0117,self_contained_four_room_thermally_aggregated,Low-rise apartment_Jinan_2010,CHN_Shandong.Jinan.548230_CSWD,7.383,D_selected_EB_devices_and_private_AC_zones,1,m02,"【v2隔离合成角色；无真人回答】cityrole-0117｜山东济南市｜本户2人；独立住房设计建筑面积69.0㎡。原合成持有设备：home_ev,washer；本次EB纳入：home_ev,washer；空调持有0台，本次可控0台。","【v2隔离合成角色；无真人回答】
cityrole-0117｜山东济南市｜本户2人。独立住房设计建筑面积69.0㎡。
原合成持有设备：home_ev,washer；本次EB纳入：home_ev,washer；空调持有0台，本次可控0台。
收入、电费、设备习惯与控制偏好均为实验情境；事件当天是否有人在受控房间未知。",UNKNOWN,NOT_COLLECTED,D_G_RESULTS_NOT_IN_FIXED_ROLE_CSV,UNKNOWN,0,0,0,"home_ev,washer","home_ev,washer",none
cityrole-0118,v2_control1_D_inputs,玉林市,广西,1,1,0,variable,varies,irregular,4500,540,电费有压力，需调整其他开支,必要生活开支较多，本月电费变化容易挤占其他项目。,middle,3,3,4,high_trust_auto,independent_dwelling,three_rooms,3,75.0,synthetic_H6_like_whole_dwelling_building_area,75.0,EXPERIMENTAL_DESIGN_NOT_OBSERVED,56.390977,56.390977,56.390977,0,NOT_APPLICABLE,apartment,cn-home-0118,self_contained_source_three_room,High-rise apartment(slab type)_Guiping_2012,CHN_Guangxi.Zhuang.Guiping.592540_CSWD,85.998,D_selected_EB_devices_and_private_AC_zones,0,,"【v2隔离合成角色；无真人回答】cityrole-0118｜广西玉林市｜本户1人；独立住房设计建筑面积75.0㎡。原合成持有设备：ac,electric_water_heater,washer；本次EB纳入：ac,electric_water_heater,washer；空调持有1台，本次可控1台。","【v2隔离合成角色；无真人回答】
cityrole-0118｜广西玉林市｜本户1人。独立住房设计建筑面积75.0㎡。
原合成持有设备：ac,electric_water_heater,washer；本次EB纳入：ac,electric_water_heater,washer；空调持有1台，本次可控1台。
收入、电费、设备习惯与控制偏好均为实验情境；事件当天是否有人在受控房间未知。",UNKNOWN,NOT_COLLECTED,D_G_RESULTS_NOT_IN_FIXED_ROLE_CSV,UNKNOWN,1,1,1,"ac,electric_water_heater,washer","ac,electric_water_heater,washer",none
cityrole-0119,v2_control1_D_inputs,泉州市,福建,2,1,1,sometimes_occupied,partly_home,partly_regular,13000,120,电费可承担，但会留意变化,本月电费可承担，但家庭会留意它的变化。,middle,3,3,4,confirm_required,independent_dwelling,two_rooms,2,69.0,synthetic_H6_like_whole_dwelling_building_area,69.0,EXPERIMENTAL_DESIGN_NOT_OBSERVED,51.879699,51.879699,51.879699,0,NOT_APPLICABLE,apartment,cn-home-0119,self_contained_openplan,High-rise apartment(slab type)_Xiamen_2012,CHN_Fujian.Congwu.591330_CSWD,38.256,D_selected_EB_devices_and_private_AC_zones,0,,【v2隔离合成角色；无真人回答】cityrole-0119｜福建泉州市｜本户2人；独立住房设计建筑面积69.0㎡。原合成持有设备：washer；本次EB纳入：washer；空调持有0台，本次可控0台。,"【v2隔离合成角色；无真人回答】
cityrole-0119｜福建泉州市｜本户2人。独立住房设计建筑面积69.0㎡。
原合成持有设备：washer；本次EB纳入：washer；空调持有0台，本次可控0台。
收入、电费、设备习惯与控制偏好均为实验情境；事件当天是否有人在受控房间未知。",UNKNOWN,NOT_COLLECTED,D_G_RESULTS_NOT_IN_FIXED_ROLE_CSV,UNKNOWN,0,0,0,washer,washer,none
cityrole-0120,v2_control1_D_inputs,巩义市,河南,2,1,1,sometimes_occupied,partly_home,partly_regular,9000,240,电费可承担，但会留意变化,本月电费可承担，但家庭会留意它的变化。,saving_priority,4,2,4,high_trust_auto,independent_dwelling,three_rooms,3,69.0,synthetic_H6_like_whole_dwelling_building_area,69.0,EXPERIMENTAL_DESIGN_NOT_OBSERVED,51.879699,51.879699,51.879699,0,NOT_APPLICABLE,apartment,cn-home-0120,self_contained_source_three_room,Low-rise apartment_Zhengzhou_2010,CHN_Henan.Zhengzhou.570830_CSWD,61.544,D_selected_EB_devices_and_private_AC_zones,0,,"【v2隔离合成角色；无真人回答】cityrole-0120｜河南巩义市｜本户2人；独立住房设计建筑面积69.0㎡。原合成持有设备：ac,dryer,electric_water_heater,washer；本次EB纳入：ac,dryer,electric_water_heater,washer；空调持有1台，本次可控1台。","【v2隔离合成角色；无真人回答】
cityrole-0120｜河南巩义市｜本户2人。独立住房设计建筑面积69.0㎡。
原合成持有设备：ac,dryer,electric_water_heater,washer；本次EB纳入：ac,dryer,electric_water_heater,washer；空调持有1台，本次可控1台。
收入、电费、设备习惯与控制偏好均为实验情境；事件当天是否有人在受控房间未知。",UNKNOWN,NOT_COLLECTED,D_G_RESULTS_NOT_IN_FIXED_ROLE_CSV,UNKNOWN,1,1,1,"ac,dryer,electric_water_heater,washer","ac,dryer,electric_water_heater,washer",none
cityrole-0121,v2_control1_D_inputs,泉州市,福建,2,1,0,variable,varies,irregular,19000,360,电费超出预算会挤占必要支出,本月收入已有其他固定支出安排，可灵活调整的预算较紧。,saving_priority,5,1,2,confirm_required,independent_dwelling,three_rooms,3,36.0,synthetic_H6_like_whole_dwelling_building_area,36.0,EXPERIMENTAL_DESIGN_NOT_OBSERVED,27.067669,27.067669,27.067669,0,NOT_APPLICABLE,apartment,cn-home-0121,self_contained_source_three_room,Low-rise apartment_Xiamen_2012,CHN_Fujian.Congwu.591330_CSWD,38.256,D_selected_EB_devices_and_private_AC_zones,0,,"【v2隔离合成角色；无真人回答】cityrole-0121｜福建泉州市｜本户2人；独立住房设计建筑面积36.0㎡。原合成持有设备：electric_water_heater,washer；本次EB纳入：electric_water_heater,washer；空调持有0台，本次可控0台。","【v2隔离合成角色；无真人回答】
cityrole-0121｜福建泉州市｜本户2人。独立住房设计建筑面积36.0㎡。
原合成持有设备：electric_water_heater,washer；本次EB纳入：electric_water_heater,washer；空调持有0台，本次可控0台。
收入、电费、设备习惯与控制偏好均为实验情境；事件当天是否有人在受控房间未知。",UNKNOWN,NOT_COLLECTED,D_G_RESULTS_NOT_IN_FIXED_ROLE_CSV,UNKNOWN,0,0,0,"electric_water_heater,washer","electric_water_heater,washer",none
cityrole-0122,v2_control1_D_inputs,乐山市,四川,3,2,0,mostly_occupied,partly_home,partly_regular,13500,360,电费有余量，通常不需改变开支,本月电费占可安排预算较小。,both_low,1,1,1,low_auto_accept,independent_dwelling,two_rooms,2,103.5,synthetic_H6_like_whole_dwelling_building_area,103.5,EXPERIMENTAL_DESIGN_NOT_OBSERVED,77.819549,77.819549,77.819549,0,NOT_APPLICABLE,apartment,cn-home-0122,self_contained_openplan,High-rise apartment(slab type)_Leshan_2001,CHN_Sichuan.Leshan.563860_CSWD,2.209,D_selected_EB_devices_and_private_AC_zones,0,,"【v2隔离合成角色；无真人回答】cityrole-0122｜四川乐山市｜本户3人；独立住房设计建筑面积103.5㎡。原合成持有设备：ac,dryer,electric_water_heater,washer；本次EB纳入：ac,dryer,electric_water_heater,washer；空调持有1台，本次可控1台。","【v2隔离合成角色；无真人回答】
cityrole-0122｜四川乐山市｜本户3人。独立住房设计建筑面积103.5㎡。
原合成持有设备：ac,dryer,electric_water_heater,washer；本次EB纳入：ac,dryer,electric_water_heater,washer；空调持有1台，本次可控1台。
收入、电费、设备习惯与控制偏好均为实验情境；事件当天是否有人在受控房间未知。",UNKNOWN,NOT_COLLECTED,D_G_RESULTS_NOT_IN_FIXED_ROLE_CSV,UNKNOWN,1,1,1,"ac,dryer,electric_water_heater,washer","ac,dryer,electric_water_heater,washer",none
cityrole-0123,v2_control1_D_inputs,天水市,甘肃,1,1,0,variable,varies,irregular,3200,380,电费可承担，但会留意变化,本月电费可承担，但家庭会留意它的变化。,comfort_priority,1,5,5,high_trust_auto,independent_dwelling,two_rooms,2,44.5,synthetic_H6_like_whole_dwelling_building_area,44.5,EXPERIMENTAL_DESIGN_NOT_OBSERVED,33.458647,33.458647,33.458647,0,NOT_APPLICABLE,apartment,cn-home-0123,self_contained_openplan,Low-rise apartment_Tianshui_2010,CHN_Gansu.Tianshui.570060_CSWD,1.498,D_selected_EB_devices_and_private_AC_zones,0,,"【v2隔离合成角色；无真人回答】cityrole-0123｜甘肃天水市｜本户1人；独立住房设计建筑面积44.5㎡。原合成持有设备：ac,washer；本次EB纳入：ac,washer；空调持有1台，本次可控1台。","【v2隔离合成角色；无真人回答】
cityrole-0123｜甘肃天水市｜本户1人。独立住房设计建筑面积44.5㎡。
原合成持有设备：ac,washer；本次EB纳入：ac,washer；空调持有1台，本次可控1台。
收入、电费、设备习惯与控制偏好均为实验情境；事件当天是否有人在受控房间未知。",UNKNOWN,NOT_COLLECTED,D_G_RESULTS_NOT_IN_FIXED_ROLE_CSV,UNKNOWN,1,1,1,"ac,washer","ac,washer",none
cityrole-0124,v2_control1_D_inputs,绥化市,黑龙江,4,3,0,sometimes_occupied,varies,irregular,18000,360,电费超出预算会挤占必要支出,必要生活开支较多，本月电费变化容易挤占其他项目。,comfort_priority,1,5,4,high_trust_auto,independent_dwelling,two_rooms,2,98.0,synthetic_H6_like_whole_dwelling_building_area,98.0,EXPERIMENTAL_DESIGN_NOT_OBSERVED,73.684211,73.684211,73.684211,0,NOT_APPLICABLE,apartment,cn-home-0124,self_contained_openplan,Low-rise apartment_Hailun_2010,CHN_Heilongjiang.Hailun.507560_CSWD,88.012,D_selected_EB_devices_and_private_AC_zones,0,,"【v2隔离合成角色；无真人回答】cityrole-0124｜黑龙江绥化市｜本户4人；独立住房设计建筑面积98.0㎡。原合成持有设备：dishwasher,electric_water_heater,washer；本次EB纳入：dishwasher,electric_water_heater,washer；空调持有0台，本次可控0台。","【v2隔离合成角色；无真人回答】
cityrole-0124｜黑龙江绥化市｜本户4人。独立住房设计建筑面积98.0㎡。
原合成持有设备：dishwasher,electric_water_heater,washer；本次EB纳入：dishwasher,electric_water_heater,washer；空调持有0台，本次可控0台。
收入、电费、设备习惯与控制偏好均为实验情境；事件当天是否有人在受控房间未知。",UNKNOWN,NOT_COLLECTED,D_G_RESULTS_NOT_IN_FIXED_ROLE_CSV,UNKNOWN,0,0,0,"dishwasher,electric_water_heater,washer","dishwasher,electric_water_heater,washer",none
cityrole-0125,v2_control1_D_inputs,普宁市,广东,4,2,0,mostly_occupied,partly_home,partly_regular,38000,120,电费不构成当前预算约束,本月电费占可安排预算较小。,middle,3,3,5,low_auto_accept,independent_dwelling,two_rooms,2,32.0,synthetic_H6_like_whole_dwelling_building_area,32.0,EXPERIMENTAL_DESIGN_NOT_OBSERVED,24.06015,24.06015,24.06015,0,NOT_APPLICABLE,apartment,cn-home-0125,self_contained_openplan,Low-rise apartment_Shantou_2003,CHN_Guangdong.Shantou.593160_CSWD,32.889,D_selected_EB_devices_and_private_AC_zones,0,,"【v2隔离合成角色；无真人回答】cityrole-0125｜广东普宁市｜本户4人；独立住房设计建筑面积32.0㎡。原合成持有设备：ac,electric_water_heater,washer；本次EB纳入：ac,electric_water_heater,washer；空调持有2台，本次可控2台。","【v2隔离合成角色；无真人回答】
cityrole-0125｜广东普宁市｜本户4人。独立住房设计建筑面积32.0㎡。
原合成持有设备：ac,electric_water_heater,washer；本次EB纳入：ac,electric_water_heater,washer；空调持有2台，本次可控2台。
收入、电费、设备习惯与控制偏好均为实验情境；事件当天是否有人在受控房间未知。",UNKNOWN,NOT_COLLECTED,D_G_RESULTS_NOT_IN_FIXED_ROLE_CSV,UNKNOWN,2,2,2,"ac,electric_water_heater,washer","ac,electric_water_heater,washer",none
cityrole-0126,v2_control1_D_inputs,淄博市,山东,1,1,0,mostly_absent,mostly_home,regular,3200,380,电费超出预算会挤占必要支出,必要生活开支较多，本月电费变化容易挤占其他项目。,saving_priority,4,2,2,confirm_required,independent_dwelling,two_rooms,2,75.0,synthetic_H6_like_whole_dwelling_building_area,75.0,EXPERIMENTAL_DESIGN_NOT_OBSERVED,56.390977,56.390977,56.390977,0,NOT_APPLICABLE,apartment,cn-home-0126,self_contained_openplan,Low-rise apartment_Jinan_2010,CHN_Shandong.Jinan.548230_CSWD,85.482,D_selected_EB_devices_and_private_AC_zones,1,m01,"【v2隔离合成角色；无真人回答】cityrole-0126｜山东淄博市｜本户1人；独立住房设计建筑面积75.0㎡。原合成持有设备：ac,electric_water_heater,home_ev,washer；本次EB纳入：ac,electric_water_heater,home_ev,washer；空调持有1台，本次可控1台。","【v2隔离合成角色；无真人回答】
cityrole-0126｜山东淄博市｜本户1人。独立住房设计建筑面积75.0㎡。
原合成持有设备：ac,electric_water_heater,home_ev,washer；本次EB纳入：ac,electric_water_heater,home_ev,washer；空调持有1台，本次可控1台。
收入、电费、设备习惯与控制偏好均为实验情境；事件当天是否有人在受控房间未知。",UNKNOWN,NOT_COLLECTED,D_G_RESULTS_NOT_IN_FIXED_ROLE_CSV,UNKNOWN,1,1,1,"ac,electric_water_heater,home_ev,washer","ac,electric_water_heater,home_ev,washer",none
cityrole-0127,v2_control1_D_inputs,太原市,山西,4,2,1,sometimes_occupied,varies,irregular,8000,120,电费有余量，通常不需改变开支,本月电费已列入预算，按当前金额可以承担。,middle,3,3,3,low_auto_accept,independent_dwelling,four_rooms,4,98.0,synthetic_H6_like_whole_dwelling_building_area,98.0,EXPERIMENTAL_DESIGN_NOT_OBSERVED,73.684211,73.684211,73.684211,0,NOT_APPLICABLE,apartment,cn-home-0127,self_contained_four_room_thermally_aggregated,Low-rise apartment_Taiyuan_2010,CHN_Shanxi.Taiyuan.537720_CSWD,8.131,D_selected_EB_devices_and_private_AC_zones,0,,"【v2隔离合成角色；无真人回答】cityrole-0127｜山西太原市｜本户4人；独立住房设计建筑面积98.0㎡。原合成持有设备：electric_water_heater,washer；本次EB纳入：electric_water_heater,washer；空调持有0台，本次可控0台。","【v2隔离合成角色；无真人回答】
cityrole-0127｜山西太原市｜本户4人。独立住房设计建筑面积98.0㎡。
原合成持有设备：electric_water_heater,washer；本次EB纳入：electric_water_heater,washer；空调持有0台，本次可控0台。
收入、电费、设备习惯与控制偏好均为实验情境；事件当天是否有人在受控房间未知。",UNKNOWN,NOT_COLLECTED,D_G_RESULTS_NOT_IN_FIXED_ROLE_CSV,UNKNOWN,0,0,0,"electric_water_heater,washer","electric_water_heater,washer",none
cityrole-0128,v2_control1_D_inputs,海宁市,浙江,1,1,0,variable,varies,irregular,2000,240,电费超出预算会挤占必要支出,必要生活开支较多，本月电费变化容易挤占其他项目。,middle,3,3,1,high_trust_auto,independent_dwelling,one_room,1,24.5,synthetic_H6_like_whole_dwelling_building_area,24.5,EXPERIMENTAL_DESIGN_NOT_OBSERVED,18.421053,18.421053,18.421053,0,NOT_APPLICABLE,apartment,cn-home-0128,self_contained_openplan,Low-rise apartment_Hangzhou_2001,CHN_Zhejiang.Hangzhou.584570_CSWD,59.517,D_selected_EB_devices_and_private_AC_zones,0,,【v2隔离合成角色；无真人回答】cityrole-0128｜浙江海宁市｜本户1人；独立住房设计建筑面积24.5㎡。原合成持有设备：ac；本次EB纳入：ac；空调持有1台，本次可控1台。,"【v2隔离合成角色；无真人回答】
cityrole-0128｜浙江海宁市｜本户1人。独立住房设计建筑面积24.5㎡。
原合成持有设备：ac；本次EB纳入：ac；空调持有1台，本次可控1台。
收入、电费、设备习惯与控制偏好均为实验情境；事件当天是否有人在受控房间未知。",UNKNOWN,NOT_COLLECTED,D_G_RESULTS_NOT_IN_FIXED_ROLE_CSV,UNKNOWN,1,1,1,ac,ac,none
cityrole-0129,v2_control1_D_inputs,孝感市,湖北,2,1,0,sometimes_occupied,partly_home,partly_regular,13000,220,电费可承担，但会留意变化,本月电费可承担，但家庭会留意它的变化。,middle,3,3,4,high_trust_auto,independent_dwelling,two_rooms,2,69.0,synthetic_H6_like_whole_dwelling_building_area,69.0,EXPERIMENTAL_DESIGN_NOT_OBSERVED,51.879699,51.879699,51.879699,0,NOT_APPLICABLE,apartment,cn-home-0129,self_contained_openplan,Low-rise apartment_Wuhan_2001,CHN_Hubei.Wuhan.574940_CSWD,39.9,D_selected_EB_devices_and_private_AC_zones,0,,"【v2隔离合成角色；无真人回答】cityrole-0129｜湖北孝感市｜本户2人；独立住房设计建筑面积69.0㎡。原合成持有设备：ac,washer；本次EB纳入：ac,washer；空调持有2台，本次可控2台。","【v2隔离合成角色；无真人回答】
cityrole-0129｜湖北孝感市｜本户2人。独立住房设计建筑面积69.0㎡。
原合成持有设备：ac,washer；本次EB纳入：ac,washer；空调持有2台，本次可控2台。
收入、电费、设备习惯与控制偏好均为实验情境；事件当天是否有人在受控房间未知。",UNKNOWN,NOT_COLLECTED,D_G_RESULTS_NOT_IN_FIXED_ROLE_CSV,UNKNOWN,2,2,2,"ac,washer","ac,washer",none
cityrole-0130,v2_control1_D_inputs,张家界市,湖南,1,1,0,sometimes_occupied,partly_home,partly_regular,4500,540,电费不构成当前预算约束,家庭已为当前电费预留预算，按这个金额可以承担；增加用电仍需重新权衡。,both_low,2,2,3,confirm_required,independent_dwelling,four_rooms,4,54.5,synthetic_H6_like_whole_dwelling_building_area,54.5,EXPERIMENTAL_DESIGN_NOT_OBSERVED,40.977444,40.977444,40.977444,0,NOT_APPLICABLE,apartment,cn-home-0130,self_contained_four_room_thermally_aggregated,High-rise apartment(slab type)_Shimen_2001,CHN_Hunan.Shimen.575620_CSWD,100.158,D_selected_EB_devices_and_private_AC_zones,0,,"【v2隔离合成角色；无真人回答】cityrole-0130｜湖南张家界市｜本户1人；独立住房设计建筑面积54.5㎡。原合成持有设备：dryer,washer；本次EB纳入：dryer,washer；空调持有0台，本次可控0台。","【v2隔离合成角色；无真人回答】
cityrole-0130｜湖南张家界市｜本户1人。独立住房设计建筑面积54.5㎡。
原合成持有设备：dryer,washer；本次EB纳入：dryer,washer；空调持有0台，本次可控0台。
收入、电费、设备习惯与控制偏好均为实验情境；事件当天是否有人在受控房间未知。",UNKNOWN,NOT_COLLECTED,D_G_RESULTS_NOT_IN_FIXED_ROLE_CSV,UNKNOWN,0,0,0,"dryer,washer","dryer,washer",none
cityrole-0131,v2_control1_D_inputs,西安市,陕西,1,1,0,mostly_absent,mostly_home,regular,6500,720,电费不构成当前预算约束,家庭已为当前电费预留预算，按这个金额可以承担；增加用电仍需重新权衡。,middle,3,3,3,high_trust_auto,independent_dwelling,three_rooms,3,75.0,synthetic_H6_like_whole_dwelling_building_area,75.0,EXPERIMENTAL_DESIGN_NOT_OBSERVED,56.390977,56.390977,56.390977,0,NOT_APPLICABLE,apartment,cn-home-0131,self_contained_source_three_room,Low-rise apartment_Xian_2010,CHN_Shaanxi.Xian.570360_CSWD,5.251,D_selected_EB_devices_and_private_AC_zones,0,,"【v2隔离合成角色；无真人回答】cityrole-0131｜陕西西安市｜本户1人；独立住房设计建筑面积75.0㎡。原合成持有设备：ac,dryer,electric_water_heater,washer；本次EB纳入：ac,dryer,electric_water_heater,washer；空调持有1台，本次可控1台。","【v2隔离合成角色；无真人回答】
cityrole-0131｜陕西西安市｜本户1人。独立住房设计建筑面积75.0㎡。
原合成持有设备：ac,dryer,electric_water_heater,washer；本次EB纳入：ac,dryer,electric_water_heater,washer；空调持有1台，本次可控1台。
收入、电费、设备习惯与控制偏好均为实验情境；事件当天是否有人在受控房间未知。",UNKNOWN,NOT_COLLECTED,D_G_RESULTS_NOT_IN_FIXED_ROLE_CSV,UNKNOWN,1,1,1,"ac,dryer,electric_water_heater,washer","ac,dryer,electric_water_heater,washer",none
cityrole-0132,v2_control1_D_inputs,广州市,广东,2,2,1,sometimes_occupied,partly_home,partly_regular,19000,220,电费不构成当前预算约束,本月电费占可安排预算较小。,both_high,5,5,3,confirm_required,independent_dwelling,three_rooms,3,150.0,synthetic_H6_like_whole_dwelling_building_area,150.0,EXPERIMENTAL_DESIGN_NOT_OBSERVED,112.781955,112.781955,112.781955,0,NOT_APPLICABLE,apartment,cn-home-0132,self_contained_source_three_room,Low-rise apartment_Guangzhou_2003,CHN_Guangdong.Guangzhou.592870_CSWD,5.46,D_selected_EB_devices_and_private_AC_zones,0,,"【v2隔离合成角色；无真人回答】cityrole-0132｜广东广州市｜本户2人；独立住房设计建筑面积150.0㎡。原合成持有设备：ac,electric_water_heater,washer；本次EB纳入：ac,electric_water_heater,washer；空调持有1台，本次可控1台。","【v2隔离合成角色；无真人回答】
cityrole-0132｜广东广州市｜本户2人。独立住房设计建筑面积150.0㎡。
原合成持有设备：ac,electric_water_heater,washer；本次EB纳入：ac,electric_water_heater,washer；空调持有1台，本次可控1台。
收入、电费、设备习惯与控制偏好均为实验情境；事件当天是否有人在受控房间未知。",UNKNOWN,NOT_COLLECTED,D_G_RESULTS_NOT_IN_FIXED_ROLE_CSV,UNKNOWN,1,1,1,"ac,electric_water_heater,washer","ac,electric_water_heater,washer",none
cityrole-0133,v2_control1_D_inputs,杭州市,浙江,1,1,0,variable,varies,irregular,9500,240,电费可承担，但会留意变化,本月电费可承担，但家庭会留意它的变化。,comfort_priority,1,5,2,confirm_required,independent_dwelling,one_room,1,75.0,synthetic_H6_like_whole_dwelling_building_area,75.0,EXPERIMENTAL_DESIGN_NOT_OBSERVED,56.390977,56.390977,56.390977,0,NOT_APPLICABLE,apartment,cn-home-0133,self_contained_openplan,Low-rise apartment_Hangzhou_2001,CHN_Zhejiang.Hangzhou.584570_CSWD,9.662,D_selected_EB_devices_and_private_AC_zones,0,,"【v2隔离合成角色；无真人回答】cityrole-0133｜浙江杭州市｜本户1人；独立住房设计建筑面积75.0㎡。原合成持有设备：ac,dryer,electric_water_heater,washer；本次EB纳入：ac,dryer,electric_water_heater,washer；空调持有2台，本次可控2台。","【v2隔离合成角色；无真人回答】
cityrole-0133｜浙江杭州市｜本户1人。独立住房设计建筑面积75.0㎡。
原合成持有设备：ac,dryer,electric_water_heater,washer；本次EB纳入：ac,dryer,electric_water_heater,washer；空调持有2台，本次可控2台。
收入、电费、设备习惯与控制偏好均为实验情境；事件当天是否有人在受控房间未知。",UNKNOWN,NOT_COLLECTED,D_G_RESULTS_NOT_IN_FIXED_ROLE_CSV,UNKNOWN,2,2,2,"ac,dryer,electric_water_heater,washer","ac,dryer,electric_water_heater,washer",none
cityrole-0134,v2_control1_D_inputs,上海市,上海,1,1,0,sometimes_occupied,partly_home,partly_regular,9500,520,电费有余量，通常不需改变开支,本月电费占可安排预算较小。,saving_priority,5,1,3,low_auto_accept,shared_dwelling_private_rooms_with_allocated_common_area,two_rooms,2,24.5,synthetic_H6_like_household_attributed_building_area_in_shared_dwelling,41.904066,EXPERIMENTAL_DESIGN_NOT_OBSERVED,23.275,39.808863,12.145244,11.129756,UNKNOWN,apartment,cn-home-0134,shared_flat_private_rooms,Low-rise apartment_Shanghai_2010,CHN_Shanghai.Shanghai.583620_CSWD,20.633,D_selected_EB_devices_and_private_AC_zones,0,,"【v2隔离合成角色；无真人回答】cityrole-0134｜上海上海市｜本户1人；合住：本户H6归属建筑面积24.5㎡；整套设计建筑面积41.904066㎡。其他住户人数未知。原合成持有设备：ac,dishwasher,electric_water_heater,washer；本次EB纳入：ac；空调持有1台，本次可控1台。","【v2隔离合成角色；无真人回答】
cityrole-0134｜上海上海市｜本户1人。合住：本户H6归属建筑面积24.5㎡；整套设计建筑面积41.904066㎡。其他住户人数未知。
原合成持有设备：ac,dishwasher,electric_water_heater,washer；本次EB纳入：ac；空调持有1台，本次可控1台。
收入、电费、设备习惯与控制偏好均为实验情境；事件当天是否有人在受控房间未知。",UNKNOWN,NOT_COLLECTED,D_G_RESULTS_NOT_IN_FIXED_ROLE_CSV,UNKNOWN,1,1,1,"ac,dishwasher,electric_water_heater,washer",ac,"dishwasher,electric_water_heater,washer"
cityrole-0135,v2_control1_D_inputs,河间市,河北,1,1,1,mostly_absent,mostly_home,regular,2000,120,电费不构成当前预算约束,本月电费已列入预算，按当前金额可以承担。,both_low,1,1,3,confirm_required,independent_dwelling,three_rooms,3,75.0,synthetic_H6_like_whole_dwelling_building_area,75.0,EXPERIMENTAL_DESIGN_NOT_OBSERVED,56.390977,56.390977,56.390977,0,NOT_APPLICABLE,apartment,cn-home-0135,self_contained_source_three_room,High-rise apartment(slab type)_Raoyang_2010,CHN_Hebei.Raoyang.546060_CSWD,39.397,D_selected_EB_devices_and_private_AC_zones,0,,"【v2隔离合成角色；无真人回答】cityrole-0135｜河北河间市｜本户1人；独立住房设计建筑面积75.0㎡。原合成持有设备：ac,electric_water_heater,washer；本次EB纳入：ac,electric_water_heater,washer；空调持有1台，本次可控1台。","【v2隔离合成角色；无真人回答】
cityrole-0135｜河北河间市｜本户1人。独立住房设计建筑面积75.0㎡。
原合成持有设备：ac,electric_water_heater,washer；本次EB纳入：ac,electric_water_heater,washer；空调持有1台，本次可控1台。
收入、电费、设备习惯与控制偏好均为实验情境；事件当天是否有人在受控房间未知。",UNKNOWN,NOT_COLLECTED,D_G_RESULTS_NOT_IN_FIXED_ROLE_CSV,UNKNOWN,1,1,1,"ac,electric_water_heater,washer","ac,electric_water_heater,washer",none
cityrole-0136,v2_control1_D_inputs,上海市,上海,2,1,0,variable,varies,irregular,13000,220,电费不构成当前预算约束,本月电费占可安排预算较小。,middle,3,3,5,low_auto_accept,independent_dwelling,one_room,1,69.0,synthetic_H6_like_whole_dwelling_building_area,69.0,EXPERIMENTAL_DESIGN_NOT_OBSERVED,51.879699,51.879699,51.879699,0,NOT_APPLICABLE,apartment,cn-home-0136,self_contained_openplan,Low-rise apartment_Shanghai_2001,CHN_Shanghai.Shanghai.583620_CSWD,20.633,D_selected_EB_devices_and_private_AC_zones,0,,【v2隔离合成角色；无真人回答】cityrole-0136｜上海上海市｜本户2人；独立住房设计建筑面积69.0㎡。原合成持有设备：ac；本次EB纳入：ac；空调持有1台，本次可控1台。,"【v2隔离合成角色；无真人回答】
cityrole-0136｜上海上海市｜本户2人。独立住房设计建筑面积69.0㎡。
原合成持有设备：ac；本次EB纳入：ac；空调持有1台，本次可控1台。
收入、电费、设备习惯与控制偏好均为实验情境；事件当天是否有人在受控房间未知。",UNKNOWN,NOT_COLLECTED,D_G_RESULTS_NOT_IN_FIXED_ROLE_CSV,UNKNOWN,1,1,1,ac,ac,none
cityrole-0137,v2_control1_D_inputs,禹城市,山东,1,1,0,mostly_occupied,mostly_home,regular,2000,240,电费有余量，通常不需改变开支,家庭已为当前电费预留预算，按这个金额可以承担；增加用电仍需重新权衡。,saving_priority,4,2,4,low_auto_accept,independent_dwelling,two_rooms,2,75.0,synthetic_H6_like_whole_dwelling_building_area,75.0,EXPERIMENTAL_DESIGN_NOT_OBSERVED,56.390977,56.390977,56.390977,0,NOT_APPLICABLE,apartment,cn-home-0137,self_contained_openplan,Low-rise apartment_Jinan_2010,CHN_Shandong.Jinan.548230_CSWD,51.885,D_selected_EB_devices_and_private_AC_zones,0,,"【v2隔离合成角色；无真人回答】cityrole-0137｜山东禹城市｜本户1人；独立住房设计建筑面积75.0㎡。原合成持有设备：ac,dishwasher,electric_water_heater,washer；本次EB纳入：ac,dishwasher,electric_water_heater,washer；空调持有2台，本次可控2台。","【v2隔离合成角色；无真人回答】
cityrole-0137｜山东禹城市｜本户1人。独立住房设计建筑面积75.0㎡。
原合成持有设备：ac,dishwasher,electric_water_heater,washer；本次EB纳入：ac,dishwasher,electric_water_heater,washer；空调持有2台，本次可控2台。
收入、电费、设备习惯与控制偏好均为实验情境；事件当天是否有人在受控房间未知。",UNKNOWN,NOT_COLLECTED,D_G_RESULTS_NOT_IN_FIXED_ROLE_CSV,UNKNOWN,2,2,2,"ac,dishwasher,electric_water_heater,washer","ac,dishwasher,electric_water_heater,washer",none
cityrole-0138,v2_control1_D_inputs,广元市,四川,2,1,1,mostly_occupied,mostly_home,regular,6400,720,电费超出预算会挤占必要支出,必要生活开支较多，本月电费变化容易挤占其他项目。,both_low,2,2,3,low_auto_accept,independent_dwelling,one_room,1,69.0,synthetic_H6_like_whole_dwelling_building_area,69.0,EXPERIMENTAL_DESIGN_NOT_OBSERVED,51.879699,51.879699,51.879699,0,NOT_APPLICABLE,apartment,cn-home-0138,self_contained_openplan,Low-rise apartment_Mianyang_2010,CHN_Sichuan.Mianyang.561960_CSWD,153.063,D_selected_EB_devices_and_private_AC_zones,0,,"【v2隔离合成角色；无真人回答】cityrole-0138｜四川广元市｜本户2人；独立住房设计建筑面积69.0㎡。原合成持有设备：ac,electric_water_heater,washer；本次EB纳入：ac,electric_water_heater,washer；空调持有1台，本次可控1台。","【v2隔离合成角色；无真人回答】
cityrole-0138｜四川广元市｜本户2人。独立住房设计建筑面积69.0㎡。
原合成持有设备：ac,electric_water_heater,washer；本次EB纳入：ac,electric_water_heater,washer；空调持有1台，本次可控1台。
收入、电费、设备习惯与控制偏好均为实验情境；事件当天是否有人在受控房间未知。",UNKNOWN,NOT_COLLECTED,D_G_RESULTS_NOT_IN_FIXED_ROLE_CSV,UNKNOWN,1,1,1,"ac,electric_water_heater,washer","ac,electric_water_heater,washer",none
cityrole-0139,v2_control1_D_inputs,太原市,山西,1,1,0,sometimes_occupied,partly_home,partly_regular,4500,220,电费有余量，通常不需改变开支,本月电费占可安排预算较小。,middle,3,3,2,confirm_required,independent_dwelling,one_room,1,54.5,synthetic_H6_like_whole_dwelling_building_area,54.5,EXPERIMENTAL_DESIGN_NOT_OBSERVED,40.977444,40.977444,40.977444,0,NOT_APPLICABLE,apartment,cn-home-0139,self_contained_openplan,Low-rise apartment_Taiyuan_2010,CHN_Shanxi.Taiyuan.537720_CSWD,8.131,D_selected_EB_devices_and_private_AC_zones,0,,"【v2隔离合成角色；无真人回答】cityrole-0139｜山西太原市｜本户1人；独立住房设计建筑面积54.5㎡。原合成持有设备：dryer,electric_water_heater；本次EB纳入：dryer,electric_water_heater；空调持有0台，本次可控0台。","【v2隔离合成角色；无真人回答】
cityrole-0139｜山西太原市｜本户1人。独立住房设计建筑面积54.5㎡。
原合成持有设备：dryer,electric_water_heater；本次EB纳入：dryer,electric_water_heater；空调持有0台，本次可控0台。
收入、电费、设备习惯与控制偏好均为实验情境；事件当天是否有人在受控房间未知。",UNKNOWN,NOT_COLLECTED,D_G_RESULTS_NOT_IN_FIXED_ROLE_CSV,UNKNOWN,0,0,0,"dryer,electric_water_heater","dryer,electric_water_heater",none
cityrole-0140,v2_control1_D_inputs,广州市,广东,4,2,0,mostly_occupied,partly_home,partly_regular,38000,520,电费有余量，通常不需改变开支,本月电费占可安排预算较小。,both_low,2,2,5,high_trust_auto,independent_dwelling,three_rooms,3,98.0,synthetic_H6_like_whole_dwelling_building_area,98.0,EXPERIMENTAL_DESIGN_NOT_OBSERVED,73.684211,73.684211,73.684211,0,NOT_APPLICABLE,apartment,cn-home-0140,self_contained_source_three_room,Low-rise apartment_Guangzhou_2003,CHN_Guangdong.Guangzhou.592870_CSWD,5.46,D_selected_EB_devices_and_private_AC_zones,0,,【v2隔离合成角色；无真人回答】cityrole-0140｜广东广州市｜本户4人；独立住房设计建筑面积98.0㎡。原合成持有设备：washer；本次EB纳入：washer；空调持有0台，本次可控0台。,"【v2隔离合成角色；无真人回答】
cityrole-0140｜广东广州市｜本户4人。独立住房设计建筑面积98.0㎡。
原合成持有设备：washer；本次EB纳入：washer；空调持有0台，本次可控0台。
收入、电费、设备习惯与控制偏好均为实验情境；事件当天是否有人在受控房间未知。",UNKNOWN,NOT_COLLECTED,D_G_RESULTS_NOT_IN_FIXED_ROLE_CSV,UNKNOWN,0,0,0,washer,washer,none
cityrole-0141,v2_control1_D_inputs,佳木斯市,黑龙江,2,1,0,variable,varies,irregular,6400,360,电费有余量，通常不需改变开支,本月电费已列入预算，按当前金额可以承担。,saving_priority,5,1,3,confirm_required,independent_dwelling,two_rooms,2,109.0,synthetic_H6_like_whole_dwelling_building_area,109.0,EXPERIMENTAL_DESIGN_NOT_OBSERVED,81.954887,81.954887,81.954887,0,NOT_APPLICABLE,apartment,cn-home-0141,self_contained_openplan,Low-rise apartment_Jiamusi_1986,CHN_Heilongjiang.Jiamusi.508730_CSWD,7.51,D_selected_EB_devices_and_private_AC_zones,0,,"【v2隔离合成角色；无真人回答】cityrole-0141｜黑龙江佳木斯市｜本户2人；独立住房设计建筑面积109.0㎡。原合成持有设备：ac,washer；本次EB纳入：ac,washer；空调持有2台，本次可控2台。","【v2隔离合成角色；无真人回答】
cityrole-0141｜黑龙江佳木斯市｜本户2人。独立住房设计建筑面积109.0㎡。
原合成持有设备：ac,washer；本次EB纳入：ac,washer；空调持有2台，本次可控2台。
收入、电费、设备习惯与控制偏好均为实验情境；事件当天是否有人在受控房间未知。",UNKNOWN,NOT_COLLECTED,D_G_RESULTS_NOT_IN_FIXED_ROLE_CSV,UNKNOWN,2,2,2,"ac,washer","ac,washer",none
cityrole-0142,v2_control1_D_inputs,牡丹江市,黑龙江,3,2,0,mostly_occupied,partly_home,partly_regular,13500,120,电费不构成当前预算约束,本月电费占可安排预算较小。,comfort_priority,1,5,5,low_auto_accept,independent_dwelling,two_rooms,2,73.5,synthetic_H6_like_whole_dwelling_building_area,73.5,EXPERIMENTAL_DESIGN_NOT_OBSERVED,55.263158,55.263158,55.263158,0,NOT_APPLICABLE,apartment,cn-home-0142,self_contained_openplan,Low-rise apartment_Mudanjiang_2018,CHN_Heilongjiang.Mudanjiang.540940_CSWD,1.017,D_selected_EB_devices_and_private_AC_zones,0,,"【v2隔离合成角色；无真人回答】cityrole-0142｜黑龙江牡丹江市｜本户3人；独立住房设计建筑面积73.5㎡。原合成持有设备：ac,washer；本次EB纳入：ac,washer；空调持有1台，本次可控1台。","【v2隔离合成角色；无真人回答】
cityrole-0142｜黑龙江牡丹江市｜本户3人。独立住房设计建筑面积73.5㎡。
原合成持有设备：ac,washer；本次EB纳入：ac,washer；空调持有1台，本次可控1台。
收入、电费、设备习惯与控制偏好均为实验情境；事件当天是否有人在受控房间未知。",UNKNOWN,NOT_COLLECTED,D_G_RESULTS_NOT_IN_FIXED_ROLE_CSV,UNKNOWN,1,1,1,"ac,washer","ac,washer",none
cityrole-0143,v2_control1_D_inputs,荣成市,山东,2,2,1,sometimes_occupied,partly_home,partly_regular,4000,480,电费有压力，需调整其他开支,必要生活开支较多，本月电费变化容易挤占其他项目。,comfort_priority,1,5,5,high_trust_auto,independent_dwelling,two_rooms,2,36.0,synthetic_H6_like_whole_dwelling_building_area,36.0,EXPERIMENTAL_DESIGN_NOT_OBSERVED,27.067669,27.067669,27.067669,0,NOT_APPLICABLE,apartment,cn-home-0143,self_contained_openplan,Low-rise apartment_Chengshantou_2010,CHN_Shandong.Chengshantou.547760_CSWD,34.811,D_selected_EB_devices_and_private_AC_zones,0,,"【v2隔离合成角色；无真人回答】cityrole-0143｜山东荣成市｜本户2人；独立住房设计建筑面积36.0㎡。原合成持有设备：ac,electric_water_heater,washer；本次EB纳入：ac,electric_water_heater,washer；空调持有1台，本次可控1台。","【v2隔离合成角色；无真人回答】
cityrole-0143｜山东荣成市｜本户2人。独立住房设计建筑面积36.0㎡。
原合成持有设备：ac,electric_water_heater,washer；本次EB纳入：ac,electric_water_heater,washer；空调持有1台，本次可控1台。
收入、电费、设备习惯与控制偏好均为实验情境；事件当天是否有人在受控房间未知。",UNKNOWN,NOT_COLLECTED,D_G_RESULTS_NOT_IN_FIXED_ROLE_CSV,UNKNOWN,1,1,1,"ac,electric_water_heater,washer","ac,electric_water_heater,washer",none
cityrole-0144,v2_control1_D_inputs,宜昌市,湖北,2,2,0,sometimes_occupied,partly_home,partly_regular,4000,360,电费可承担，但会留意变化,本月电费可承担，但家庭会留意它的变化。,saving_priority,5,1,3,low_auto_accept,independent_dwelling,three_rooms,3,89.0,synthetic_H6_like_whole_dwelling_building_area,89.0,EXPERIMENTAL_DESIGN_NOT_OBSERVED,66.917293,66.917293,66.917293,0,NOT_APPLICABLE,apartment,cn-home-0144,self_contained_source_three_room,High-rise apartment(slab type)_Yichang_2010,CHN_Hubei.Yichang.574610_CSWD,1.735,D_selected_EB_devices_and_private_AC_zones,0,,"【v2隔离合成角色；无真人回答】cityrole-0144｜湖北宜昌市｜本户2人；独立住房设计建筑面积89.0㎡。原合成持有设备：ac,electric_water_heater,washer；本次EB纳入：ac,electric_water_heater,washer；空调持有1台，本次可控1台。","【v2隔离合成角色；无真人回答】
cityrole-0144｜湖北宜昌市｜本户2人。独立住房设计建筑面积89.0㎡。
原合成持有设备：ac,electric_water_heater,washer；本次EB纳入：ac,electric_water_heater,washer；空调持有1台，本次可控1台。
收入、电费、设备习惯与控制偏好均为实验情境；事件当天是否有人在受控房间未知。",UNKNOWN,NOT_COLLECTED,D_G_RESULTS_NOT_IN_FIXED_ROLE_CSV,UNKNOWN,1,1,1,"ac,electric_water_heater,washer","ac,electric_water_heater,washer",none
cityrole-0145,v2_control1_D_inputs,荆州市,湖北,1,1,0,sometimes_occupied,partly_home,partly_regular,4500,240,电费超出预算会挤占必要支出,必要生活开支较多，本月电费变化容易挤占其他项目。,both_high,5,5,5,confirm_required,independent_dwelling,three_rooms,3,75.0,synthetic_H6_like_whole_dwelling_building_area,75.0,EXPERIMENTAL_DESIGN_NOT_OBSERVED,56.390977,56.390977,56.390977,0,NOT_APPLICABLE,apartment,cn-home-0145,self_contained_source_three_room,High-rise apartment(slab type)_Yichang_2001,CHN_Hubei.Yichang.574610_CSWD,99.167,D_selected_EB_devices_and_private_AC_zones,0,,"【v2隔离合成角色；无真人回答】cityrole-0145｜湖北荆州市｜本户1人；独立住房设计建筑面积75.0㎡。原合成持有设备：ac,dishwasher,electric_water_heater,washer；本次EB纳入：ac,dishwasher,electric_water_heater,washer；空调持有2台，本次可控2台。","【v2隔离合成角色；无真人回答】
cityrole-0145｜湖北荆州市｜本户1人。独立住房设计建筑面积75.0㎡。
原合成持有设备：ac,dishwasher,electric_water_heater,washer；本次EB纳入：ac,dishwasher,electric_water_heater,washer；空调持有2台，本次可控2台。
收入、电费、设备习惯与控制偏好均为实验情境；事件当天是否有人在受控房间未知。",UNKNOWN,NOT_COLLECTED,D_G_RESULTS_NOT_IN_FIXED_ROLE_CSV,UNKNOWN,2,2,2,"ac,dishwasher,electric_water_heater,washer","ac,dishwasher,electric_water_heater,washer",none
cityrole-0146,v2_control1_D_inputs,济南市,山东,2,1,1,mostly_occupied,mostly_home,regular,4000,480,电费不构成当前预算约束,家庭已为当前电费预留预算，按这个金额可以承担；增加用电仍需重新权衡。,both_low,2,2,4,confirm_required,independent_dwelling,three_rooms,3,69.0,synthetic_H6_like_whole_dwelling_building_area,69.0,EXPERIMENTAL_DESIGN_NOT_OBSERVED,51.879699,51.879699,51.879699,0,NOT_APPLICABLE,apartment,cn-home-0146,self_contained_source_three_room,Low-rise apartment_Jinan_2010,CHN_Shandong.Jinan.548230_CSWD,7.383,D_selected_EB_devices_and_private_AC_zones,0,,"【v2隔离合成角色；无真人回答】cityrole-0146｜山东济南市｜本户2人；独立住房设计建筑面积69.0㎡。原合成持有设备：dryer,electric_water_heater,washer；本次EB纳入：dryer,electric_water_heater,washer；空调持有0台，本次可控0台。","【v2隔离合成角色；无真人回答】
cityrole-0146｜山东济南市｜本户2人。独立住房设计建筑面积69.0㎡。
原合成持有设备：dryer,electric_water_heater,washer；本次EB纳入：dryer,electric_water_heater,washer；空调持有0台，本次可控0台。
收入、电费、设备习惯与控制偏好均为实验情境；事件当天是否有人在受控房间未知。",UNKNOWN,NOT_COLLECTED,D_G_RESULTS_NOT_IN_FIXED_ROLE_CSV,UNKNOWN,0,0,0,"dryer,electric_water_heater,washer","dryer,electric_water_heater,washer",none
cityrole-0147,v2_control1_D_inputs,深圳市,广东,2,1,0,mostly_occupied,partly_home,partly_regular,4000,480,电费不构成当前预算约束,家庭已为当前电费预留预算，按这个金额可以承担；增加用电仍需重新权衡。,comfort_priority,2,4,2,low_auto_accept,independent_dwelling,one_room,1,21.0,synthetic_H6_like_whole_dwelling_building_area,21.0,EXPERIMENTAL_DESIGN_NOT_OBSERVED,15.789474,15.789474,15.789474,0,NOT_APPLICABLE,apartment,cn-home-0147,self_contained_openplan,High-rise apartment(slab type)_Guangzhou_2003,CHN_Guangdong.Zhengcheng.592940_CSWD,71.504,D_selected_EB_devices_and_private_AC_zones,0,,【v2隔离合成角色；无真人回答】cityrole-0147｜广东深圳市｜本户2人；独立住房设计建筑面积21.0㎡。原合成持有设备：ac；本次EB纳入：ac；空调持有1台，本次可控1台。,"【v2隔离合成角色；无真人回答】
cityrole-0147｜广东深圳市｜本户2人。独立住房设计建筑面积21.0㎡。
原合成持有设备：ac；本次EB纳入：ac；空调持有1台，本次可控1台。
收入、电费、设备习惯与控制偏好均为实验情境；事件当天是否有人在受控房间未知。",UNKNOWN,NOT_COLLECTED,D_G_RESULTS_NOT_IN_FIXED_ROLE_CSV,UNKNOWN,1,1,1,ac,ac,none
cityrole-0148,v2_control1_D_inputs,营口市,辽宁,2,1,0,sometimes_occupied,varies,irregular,4000,480,电费有压力，需调整其他开支,必要生活开支较多，本月电费变化容易挤占其他项目。,both_high,4,4,3,high_trust_auto,independent_dwelling,two_rooms,2,89.0,synthetic_H6_like_whole_dwelling_building_area,89.0,EXPERIMENTAL_DESIGN_NOT_OBSERVED,66.917293,66.917293,66.917293,0,NOT_APPLICABLE,apartment,cn-home-0148,self_contained_openplan,Low-rise apartment_Yingkou_2010,CHN_Liaoning.Yingkou.544710_CSWD,2.18,D_selected_EB_devices_and_private_AC_zones,0,,"【v2隔离合成角色；无真人回答】cityrole-0148｜辽宁营口市｜本户2人；独立住房设计建筑面积89.0㎡。原合成持有设备：ac,washer；本次EB纳入：ac,washer；空调持有1台，本次可控1台。","【v2隔离合成角色；无真人回答】
cityrole-0148｜辽宁营口市｜本户2人。独立住房设计建筑面积89.0㎡。
原合成持有设备：ac,washer；本次EB纳入：ac,washer；空调持有1台，本次可控1台。
收入、电费、设备习惯与控制偏好均为实验情境；事件当天是否有人在受控房间未知。",UNKNOWN,NOT_COLLECTED,D_G_RESULTS_NOT_IN_FIXED_ROLE_CSV,UNKNOWN,1,1,1,"ac,washer","ac,washer",none
cityrole-0149,v2_control1_D_inputs,南通市,江苏,2,1,0,sometimes_occupied,partly_home,partly_regular,6400,220,电费不构成当前预算约束,本月电费已列入预算，按当前金额可以承担。,both_low,2,2,5,high_trust_auto,independent_dwelling,three_rooms,3,49.0,synthetic_H6_like_whole_dwelling_building_area,49.0,EXPERIMENTAL_DESIGN_NOT_OBSERVED,36.842105,36.842105,36.842105,0,NOT_APPLICABLE,apartment,cn-home-0149,self_contained_source_three_room,Low-rise apartment_Dongtai_2001,CHN_Jiangsu.Lusi.582650_CSWD,69.543,D_selected_EB_devices_and_private_AC_zones,0,,"【v2隔离合成角色；无真人回答】cityrole-0149｜江苏南通市｜本户2人；独立住房设计建筑面积49.0㎡。原合成持有设备：ac,washer；本次EB纳入：ac,washer；空调持有2台，本次可控2台。","【v2隔离合成角色；无真人回答】
cityrole-0149｜江苏南通市｜本户2人。独立住房设计建筑面积49.0㎡。
原合成持有设备：ac,washer；本次EB纳入：ac,washer；空调持有2台，本次可控2台。
收入、电费、设备习惯与控制偏好均为实验情境；事件当天是否有人在受控房间未知。",UNKNOWN,NOT_COLLECTED,D_G_RESULTS_NOT_IN_FIXED_ROLE_CSV,UNKNOWN,2,2,2,"ac,washer","ac,washer",none
cityrole-0150,v2_control1_D_inputs,许昌市,河南,2,1,0,mostly_occupied,partly_home,partly_regular,6400,720,电费可承担，但会留意变化,本月电费可承担，但家庭会留意它的变化。,both_low,2,2,1,confirm_required,independent_dwelling,two_rooms,2,89.0,synthetic_H6_like_whole_dwelling_building_area,89.0,EXPERIMENTAL_DESIGN_NOT_OBSERVED,66.917293,66.917293,66.917293,0,NOT_APPLICABLE,apartment,cn-home-0150,self_contained_openplan,Low-rise apartment_Zhengzhou_2018,CHN_Henan.Zhengzhou.570830_CSWD,79.071,D_selected_EB_devices_and_private_AC_zones,0,,"【v2隔离合成角色；无真人回答】cityrole-0150｜河南许昌市｜本户2人；独立住房设计建筑面积89.0㎡。原合成持有设备：electric_water_heater,washer；本次EB纳入：electric_water_heater,washer；空调持有0台，本次可控0台。","【v2隔离合成角色；无真人回答】
cityrole-0150｜河南许昌市｜本户2人。独立住房设计建筑面积89.0㎡。
原合成持有设备：electric_water_heater,washer；本次EB纳入：electric_water_heater,washer；空调持有0台，本次可控0台。
收入、电费、设备习惯与控制偏好均为实验情境；事件当天是否有人在受控房间未知。",UNKNOWN,NOT_COLLECTED,D_G_RESULTS_NOT_IN_FIXED_ROLE_CSV,UNKNOWN,0,0,0,"electric_water_heater,washer","electric_water_heater,washer",none
cityrole-0151,v2_control1_D_inputs,南京市,江苏,2,1,0,variable,varies,irregular,4000,360,电费不构成当前预算约束,家庭已为当前电费预留预算，按这个金额可以承担；增加用电仍需重新权衡。,middle,3,3,3,high_trust_auto,independent_dwelling,four_rooms,4,69.0,synthetic_H6_like_whole_dwelling_building_area,69.0,EXPERIMENTAL_DESIGN_NOT_OBSERVED,51.879699,51.879699,51.879699,0,NOT_APPLICABLE,apartment,cn-home-0151,self_contained_four_room_thermally_aggregated,Low-rise apartment_Nanjing_2001,CHN_Jiangsu.Nanjing.582380_CSWD,88.368,D_selected_EB_devices_and_private_AC_zones,0,,"【v2隔离合成角色；无真人回答】cityrole-0151｜江苏南京市｜本户2人；独立住房设计建筑面积69.0㎡。原合成持有设备：ac,washer；本次EB纳入：ac,washer；空调持有1台，本次可控1台。","【v2隔离合成角色；无真人回答】
cityrole-0151｜江苏南京市｜本户2人。独立住房设计建筑面积69.0㎡。
原合成持有设备：ac,washer；本次EB纳入：ac,washer；空调持有1台，本次可控1台。
收入、电费、设备习惯与控制偏好均为实验情境；事件当天是否有人在受控房间未知。",UNKNOWN,NOT_COLLECTED,D_G_RESULTS_NOT_IN_FIXED_ROLE_CSV,UNKNOWN,1,1,1,"ac,washer","ac,washer",none
cityrole-0152,v2_control1_D_inputs,郴州市,湖南,3,2,0,mostly_occupied,partly_home,partly_regular,9600,220,电费不构成当前预算约束,本月电费已列入预算，按当前金额可以承担。,both_low,1,1,1,confirm_required,independent_dwelling,three_rooms,3,103.5,synthetic_H6_like_whole_dwelling_building_area,103.5,EXPERIMENTAL_DESIGN_NOT_OBSERVED,77.819549,77.819549,77.819549,0,NOT_APPLICABLE,apartment,cn-home-0152,self_contained_source_three_room,High-rise apartment(slab type)_Changning_2010,CHN_Hunan.Changning.578740_CSWD,93.012,D_selected_EB_devices_and_private_AC_zones,0,,"【v2隔离合成角色；无真人回答】cityrole-0152｜湖南郴州市｜本户3人；独立住房设计建筑面积103.5㎡。原合成持有设备：ac,electric_water_heater,washer；本次EB纳入：ac,electric_water_heater,washer；空调持有1台，本次可控1台。","【v2隔离合成角色；无真人回答】
cityrole-0152｜湖南郴州市｜本户3人。独立住房设计建筑面积103.5㎡。
原合成持有设备：ac,electric_water_heater,washer；本次EB纳入：ac,electric_water_heater,washer；空调持有1台，本次可控1台。
收入、电费、设备习惯与控制偏好均为实验情境；事件当天是否有人在受控房间未知。",UNKNOWN,NOT_COLLECTED,D_G_RESULTS_NOT_IN_FIXED_ROLE_CSV,UNKNOWN,1,1,1,"ac,electric_water_heater,washer","ac,electric_water_heater,washer",none
cityrole-0153,v2_control1_D_inputs,青岛市,山东,2,1,0,sometimes_occupied,varies,irregular,13000,720,电费有余量，通常不需改变开支,本月电费占可安排预算较小。,middle,3,3,3,high_trust_auto,independent_dwelling,three_rooms,3,89.0,synthetic_H6_like_whole_dwelling_building_area,89.0,EXPERIMENTAL_DESIGN_NOT_OBSERVED,66.917293,66.917293,66.917293,0,NOT_APPLICABLE,apartment,cn-home-0153,self_contained_source_three_room,Low-rise apartment_Weifang_1995,CHN_Shandong.Weifang.548430_CSWD,126.287,D_selected_EB_devices_and_private_AC_zones,0,,"【v2隔离合成角色；无真人回答】cityrole-0153｜山东青岛市｜本户2人；独立住房设计建筑面积89.0㎡。原合成持有设备：ac,electric_water_heater,washer；本次EB纳入：ac,electric_water_heater,washer；空调持有2台，本次可控2台。","【v2隔离合成角色；无真人回答】
cityrole-0153｜山东青岛市｜本户2人。独立住房设计建筑面积89.0㎡。
原合成持有设备：ac,electric_water_heater,washer；本次EB纳入：ac,electric_water_heater,washer；空调持有2台，本次可控2台。
收入、电费、设备习惯与控制偏好均为实验情境；事件当天是否有人在受控房间未知。",UNKNOWN,NOT_COLLECTED,D_G_RESULTS_NOT_IN_FIXED_ROLE_CSV,UNKNOWN,2,2,2,"ac,electric_water_heater,washer","ac,electric_water_heater,washer",none
cityrole-0154,v2_control1_D_inputs,承德市,河北,3,2,0,sometimes_occupied,varies,irregular,9600,120,电费有压力，需调整其他开支,必要生活开支较多，本月电费变化容易挤占其他项目。,saving_priority,5,1,2,confirm_required,independent_dwelling,two_rooms,2,103.5,synthetic_H6_like_whole_dwelling_building_area,103.5,EXPERIMENTAL_DESIGN_NOT_OBSERVED,77.819549,77.819549,77.819549,0,NOT_APPLICABLE,apartment,cn-home-0154,self_contained_openplan,Low-rise apartment_Chengde_1995,CHN_Hebei.Chengde.544230_CSWD,2.945,D_selected_EB_devices_and_private_AC_zones,0,,【v2隔离合成角色；无真人回答】cityrole-0154｜河北承德市｜本户3人；独立住房设计建筑面积103.5㎡。原合成持有设备：electric_water_heater；本次EB纳入：electric_water_heater；空调持有0台，本次可控0台。,"【v2隔离合成角色；无真人回答】
cityrole-0154｜河北承德市｜本户3人。独立住房设计建筑面积103.5㎡。
原合成持有设备：electric_water_heater；本次EB纳入：electric_water_heater；空调持有0台，本次可控0台。
收入、电费、设备习惯与控制偏好均为实验情境；事件当天是否有人在受控房间未知。",UNKNOWN,NOT_COLLECTED,D_G_RESULTS_NOT_IN_FIXED_ROLE_CSV,UNKNOWN,0,0,0,electric_water_heater,electric_water_heater,none
cityrole-0155,v2_control1_D_inputs,岳阳市,湖南,3,2,0,sometimes_occupied,partly_home,partly_regular,19500,520,电费可承担，但会留意变化,本月电费可承担，但家庭会留意它的变化。,both_low,1,1,2,confirm_required,independent_dwelling,four_rooms,4,73.5,synthetic_H6_like_whole_dwelling_building_area,73.5,EXPERIMENTAL_DESIGN_NOT_OBSERVED,55.263158,55.263158,55.263158,0,NOT_APPLICABLE,apartment,cn-home-0155,self_contained_four_room_thermally_aggregated,High-rise apartment(slab type)_Nanxian_2010,CHN_Hunan.Nanxian.575740_CSWD,70.013,D_selected_EB_devices_and_private_AC_zones,0,,【v2隔离合成角色；无真人回答】cityrole-0155｜湖南岳阳市｜本户3人；独立住房设计建筑面积73.5㎡。原合成持有设备：washer；本次EB纳入：washer；空调持有0台，本次可控0台。,"【v2隔离合成角色；无真人回答】
cityrole-0155｜湖南岳阳市｜本户3人。独立住房设计建筑面积73.5㎡。
原合成持有设备：washer；本次EB纳入：washer；空调持有0台，本次可控0台。
收入、电费、设备习惯与控制偏好均为实验情境；事件当天是否有人在受控房间未知。",UNKNOWN,NOT_COLLECTED,D_G_RESULTS_NOT_IN_FIXED_ROLE_CSV,UNKNOWN,0,0,0,washer,washer,none
cityrole-0156,v2_control1_D_inputs,寿光市,山东,1,1,0,mostly_absent,mostly_home,regular,4500,520,电费超出预算会挤占必要支出,必要生活开支较多，本月电费变化容易挤占其他项目。,both_high,4,4,2,confirm_required,independent_dwelling,two_rooms,2,75.0,synthetic_H6_like_whole_dwelling_building_area,75.0,EXPERIMENTAL_DESIGN_NOT_OBSERVED,56.390977,56.390977,56.390977,0,NOT_APPLICABLE,apartment,cn-home-0156,self_contained_openplan,High-rise apartment(slab type)_Weifang_2010,CHN_Shandong.Weifang.548430_CSWD,40.436,D_selected_EB_devices_and_private_AC_zones,0,,"【v2隔离合成角色；无真人回答】cityrole-0156｜山东寿光市｜本户1人；独立住房设计建筑面积75.0㎡。原合成持有设备：ac,electric_water_heater,washer；本次EB纳入：ac,electric_water_heater,washer；空调持有1台，本次可控1台。","【v2隔离合成角色；无真人回答】
cityrole-0156｜山东寿光市｜本户1人。独立住房设计建筑面积75.0㎡。
原合成持有设备：ac,electric_water_heater,washer；本次EB纳入：ac,electric_water_heater,washer；空调持有1台，本次可控1台。
收入、电费、设备习惯与控制偏好均为实验情境；事件当天是否有人在受控房间未知。",UNKNOWN,NOT_COLLECTED,D_G_RESULTS_NOT_IN_FIXED_ROLE_CSV,UNKNOWN,1,1,1,"ac,electric_water_heater,washer","ac,electric_water_heater,washer",none
cityrole-0157,v2_control1_D_inputs,广州市,广东,3,2,0,mostly_occupied,mostly_home,regular,6000,360,电费可承担，但会留意变化,本月电费可承担，但家庭会留意它的变化。,both_low,2,2,2,low_auto_accept,independent_dwelling,three_rooms,3,43.5,synthetic_H6_like_whole_dwelling_building_area,43.5,EXPERIMENTAL_DESIGN_NOT_OBSERVED,32.706767,32.706767,32.706767,0,NOT_APPLICABLE,apartment,cn-home-0157,self_contained_source_three_room,High-rise apartment(slab type)_Guangzhou_2003,CHN_Guangdong.Guangzhou.592870_CSWD,5.46,D_selected_EB_devices_and_private_AC_zones,0,,"【v2隔离合成角色；无真人回答】cityrole-0157｜广东广州市｜本户3人；独立住房设计建筑面积43.5㎡。原合成持有设备：ac,dishwasher,electric_water_heater,washer；本次EB纳入：ac,dishwasher,electric_water_heater,washer；空调持有2台，本次可控2台。","【v2隔离合成角色；无真人回答】
cityrole-0157｜广东广州市｜本户3人。独立住房设计建筑面积43.5㎡。
原合成持有设备：ac,dishwasher,electric_water_heater,washer；本次EB纳入：ac,dishwasher,electric_water_heater,washer；空调持有2台，本次可控2台。
收入、电费、设备习惯与控制偏好均为实验情境；事件当天是否有人在受控房间未知。",UNKNOWN,NOT_COLLECTED,D_G_RESULTS_NOT_IN_FIXED_ROLE_CSV,UNKNOWN,2,2,2,"ac,dishwasher,electric_water_heater,washer","ac,dishwasher,electric_water_heater,washer",none
cityrole-0158,v2_control1_D_inputs,洛阳市,河南,3,2,0,mostly_occupied,partly_home,irregular,13500,360,电费超出预算会挤占必要支出,必要生活开支较多，本月电费变化容易挤占其他项目。,comfort_priority,2,4,1,high_trust_auto,independent_dwelling,two_rooms,2,43.5,synthetic_H6_like_whole_dwelling_building_area,43.5,EXPERIMENTAL_DESIGN_NOT_OBSERVED,32.706767,32.706767,32.706767,0,NOT_APPLICABLE,apartment,cn-home-0158,self_contained_openplan,High-rise apartment(slab type)_Zhengzhou_1995,CHN_Henan.Zhengzhou.570830_CSWD,113.085,D_selected_EB_devices_and_private_AC_zones,0,,【v2隔离合成角色；无真人回答】cityrole-0158｜河南洛阳市｜本户3人；独立住房设计建筑面积43.5㎡。原合成持有设备：washer；本次EB纳入：washer；空调持有0台，本次可控0台。,"【v2隔离合成角色；无真人回答】
cityrole-0158｜河南洛阳市｜本户3人。独立住房设计建筑面积43.5㎡。
原合成持有设备：washer；本次EB纳入：washer；空调持有0台，本次可控0台。
收入、电费、设备习惯与控制偏好均为实验情境；事件当天是否有人在受控房间未知。",UNKNOWN,NOT_COLLECTED,D_G_RESULTS_NOT_IN_FIXED_ROLE_CSV,UNKNOWN,0,0,0,washer,washer,none
cityrole-0159,v2_control1_D_inputs,大安市,吉林,1,1,0,sometimes_occupied,partly_home,partly_regular,2000,220,电费不构成当前预算约束,家庭已为当前电费预留预算，按这个金额可以承担；增加用电仍需重新权衡。,middle,3,3,3,high_trust_auto,independent_dwelling,two_rooms,2,44.5,synthetic_H6_like_whole_dwelling_building_area,44.5,EXPERIMENTAL_DESIGN_NOT_OBSERVED,33.458647,33.458647,33.458647,0,NOT_APPLICABLE,apartment,cn-home-0159,self_contained_openplan,High-rise apartment(slab type)_Baicheng_2010,CHN_Jilin.Qian.Gorlos.509490_CSWD,65.099,D_selected_EB_devices_and_private_AC_zones,0,,"【v2隔离合成角色；无真人回答】cityrole-0159｜吉林大安市｜本户1人；独立住房设计建筑面积44.5㎡。原合成持有设备：ac,washer；本次EB纳入：ac,washer；空调持有1台，本次可控1台。","【v2隔离合成角色；无真人回答】
cityrole-0159｜吉林大安市｜本户1人。独立住房设计建筑面积44.5㎡。
原合成持有设备：ac,washer；本次EB纳入：ac,washer；空调持有1台，本次可控1台。
收入、电费、设备习惯与控制偏好均为实验情境；事件当天是否有人在受控房间未知。",UNKNOWN,NOT_COLLECTED,D_G_RESULTS_NOT_IN_FIXED_ROLE_CSV,UNKNOWN,1,1,1,"ac,washer","ac,washer",none
cityrole-0160,v2_control1_D_inputs,焦作市,河南,3,2,0,mostly_occupied,partly_home,partly_regular,13500,120,电费有压力，需调整其他开支,必要生活开支较多，本月电费变化容易挤占其他项目。,comfort_priority,2,4,5,high_trust_auto,independent_dwelling,three_rooms,3,133.5,synthetic_H6_like_whole_dwelling_building_area,133.5,EXPERIMENTAL_DESIGN_NOT_OBSERVED,100.37594,100.37594,100.37594,0,NOT_APPLICABLE,apartment,cn-home-0160,self_contained_source_three_room,Low-rise apartment_Zhengzhou_1995,CHN_Henan.Zhengzhou.570830_CSWD,69.158,D_selected_EB_devices_and_private_AC_zones,0,,"【v2隔离合成角色；无真人回答】cityrole-0160｜河南焦作市｜本户3人；独立住房设计建筑面积133.5㎡。原合成持有设备：ac,electric_water_heater,washer；本次EB纳入：ac,electric_water_heater,washer；空调持有1台，本次可控1台。","【v2隔离合成角色；无真人回答】
cityrole-0160｜河南焦作市｜本户3人。独立住房设计建筑面积133.5㎡。
原合成持有设备：ac,electric_water_heater,washer；本次EB纳入：ac,electric_water_heater,washer；空调持有1台，本次可控1台。
收入、电费、设备习惯与控制偏好均为实验情境；事件当天是否有人在受控房间未知。",UNKNOWN,NOT_COLLECTED,D_G_RESULTS_NOT_IN_FIXED_ROLE_CSV,UNKNOWN,1,1,1,"ac,electric_water_heater,washer","ac,electric_water_heater,washer",none
cityrole-0161,v2_control1_D_inputs,滨州市,山东,3,2,0,sometimes_occupied,partly_home,partly_regular,6000,520,电费可承担，但会留意变化,本月电费可承担，但家庭会留意它的变化。,middle,3,3,4,high_trust_auto,independent_dwelling,three_rooms,3,103.5,synthetic_H6_like_whole_dwelling_building_area,103.5,EXPERIMENTAL_DESIGN_NOT_OBSERVED,77.819549,77.819549,77.819549,0,NOT_APPLICABLE,apartment,cn-home-0161,self_contained_source_three_room,High-rise apartment(slab type)_Jinan_2010,CHN_Shandong.Huimin.Xian.547250_CSWD,42.988,D_selected_EB_devices_and_private_AC_zones,0,,"【v2隔离合成角色；无真人回答】cityrole-0161｜山东滨州市｜本户3人；独立住房设计建筑面积103.5㎡。原合成持有设备：ac,electric_water_heater,washer；本次EB纳入：ac,electric_water_heater,washer；空调持有2台，本次可控2台。","【v2隔离合成角色；无真人回答】
cityrole-0161｜山东滨州市｜本户3人。独立住房设计建筑面积103.5㎡。
原合成持有设备：ac,electric_water_heater,washer；本次EB纳入：ac,electric_water_heater,washer；空调持有2台，本次可控2台。
收入、电费、设备习惯与控制偏好均为实验情境；事件当天是否有人在受控房间未知。",UNKNOWN,NOT_COLLECTED,D_G_RESULTS_NOT_IN_FIXED_ROLE_CSV,UNKNOWN,2,2,2,"ac,electric_water_heater,washer","ac,electric_water_heater,washer",none
cityrole-0162,v2_control1_D_inputs,沈阳市,辽宁,1,1,0,mostly_occupied,mostly_home,regular,4500,120,电费可承担，但会留意变化,本月电费可承担，但家庭会留意它的变化。,saving_priority,5,1,3,high_trust_auto,independent_dwelling,two_rooms,2,64.5,synthetic_H6_like_whole_dwelling_building_area,64.5,EXPERIMENTAL_DESIGN_NOT_OBSERVED,48.496241,48.496241,48.496241,0,NOT_APPLICABLE,apartment,cn-home-0162,self_contained_openplan,High-rise apartment(slab type)_Shenyang_2010,CHN_Liaoning.Shenyang.543420_CSWD,8.989,D_selected_EB_devices_and_private_AC_zones,0,,"【v2隔离合成角色；无真人回答】cityrole-0162｜辽宁沈阳市｜本户1人；独立住房设计建筑面积64.5㎡。原合成持有设备：ac,washer；本次EB纳入：ac,washer；空调持有1台，本次可控1台。","【v2隔离合成角色；无真人回答】
cityrole-0162｜辽宁沈阳市｜本户1人。独立住房设计建筑面积64.5㎡。
原合成持有设备：ac,washer；本次EB纳入：ac,washer；空调持有1台，本次可控1台。
收入、电费、设备习惯与控制偏好均为实验情境；事件当天是否有人在受控房间未知。",UNKNOWN,NOT_COLLECTED,D_G_RESULTS_NOT_IN_FIXED_ROLE_CSV,UNKNOWN,1,1,1,"ac,washer","ac,washer",none
cityrole-0163,v2_control1_D_inputs,北京市,北京,1,1,0,variable,varies,irregular,9500,720,电费有压力，需调整其他开支,本月收入已有其他固定支出安排，可灵活调整的预算较紧。,middle,3,3,5,low_auto_accept,independent_dwelling,one_room,1,44.5,synthetic_H6_like_whole_dwelling_building_area,44.5,EXPERIMENTAL_DESIGN_NOT_OBSERVED,33.458647,33.458647,33.458647,0,NOT_APPLICABLE,apartment,cn-home-0163,self_contained_openplan,Low-rise apartment_Beijing_2018,CHN_Beijing.Beijing.545110_CSWD,16.45,D_selected_EB_devices_and_private_AC_zones,0,,"【v2隔离合成角色；无真人回答】cityrole-0163｜北京北京市｜本户1人；独立住房设计建筑面积44.5㎡。原合成持有设备：ac,dishwasher,washer；本次EB纳入：ac,dishwasher,washer；空调持有1台，本次可控1台。","【v2隔离合成角色；无真人回答】
cityrole-0163｜北京北京市｜本户1人。独立住房设计建筑面积44.5㎡。
原合成持有设备：ac,dishwasher,washer；本次EB纳入：ac,dishwasher,washer；空调持有1台，本次可控1台。
收入、电费、设备习惯与控制偏好均为实验情境；事件当天是否有人在受控房间未知。",UNKNOWN,NOT_COLLECTED,D_G_RESULTS_NOT_IN_FIXED_ROLE_CSV,UNKNOWN,1,1,1,"ac,dishwasher,washer","ac,dishwasher,washer",none
cityrole-0164,v2_control1_D_inputs,大同市,山西,3,2,0,sometimes_occupied,varies,irregular,13500,520,电费超出预算会挤占必要支出,必要生活开支较多，本月电费变化容易挤占其他项目。,both_high,5,5,5,high_trust_auto,independent_dwelling,two_rooms,2,225.0,synthetic_H6_like_whole_dwelling_building_area,225.0,EXPERIMENTAL_DESIGN_NOT_OBSERVED,169.172932,169.172932,169.172932,0,NOT_APPLICABLE,apartment,cn-home-0164,self_contained_openplan,Low-rise apartment_Datong_1986,CHN_Shanxi.Datong.534870_CSWD,8.567,D_selected_EB_devices_and_private_AC_zones,1,m02,"【v2隔离合成角色；无真人回答】cityrole-0164｜山西大同市｜本户3人；独立住房设计建筑面积225.0㎡。原合成持有设备：ac,electric_water_heater,home_ev,washer；本次EB纳入：ac,electric_water_heater,home_ev,washer；空调持有1台，本次可控1台。","【v2隔离合成角色；无真人回答】
cityrole-0164｜山西大同市｜本户3人。独立住房设计建筑面积225.0㎡。
原合成持有设备：ac,electric_water_heater,home_ev,washer；本次EB纳入：ac,electric_water_heater,home_ev,washer；空调持有1台，本次可控1台。
收入、电费、设备习惯与控制偏好均为实验情境；事件当天是否有人在受控房间未知。",UNKNOWN,NOT_COLLECTED,D_G_RESULTS_NOT_IN_FIXED_ROLE_CSV,UNKNOWN,1,1,1,"ac,electric_water_heater,home_ev,washer","ac,electric_water_heater,home_ev,washer",none
cityrole-0165,v2_control1_D_inputs,盐城市,江苏,2,1,1,mostly_occupied,mostly_home,regular,19000,720,电费超出预算会挤占必要支出,本月收入已有其他固定支出安排，可灵活调整的预算较紧。,comfort_priority,1,5,5,low_auto_accept,independent_dwelling,three_rooms,3,129.0,synthetic_H6_like_whole_dwelling_building_area,129.0,EXPERIMENTAL_DESIGN_NOT_OBSERVED,96.992481,96.992481,96.992481,0,NOT_APPLICABLE,apartment,cn-home-0165,self_contained_source_three_room,High-rise apartment(slab type)_Dongtai_2001,CHN_Jiangsu.Dongtai.582510_CSWD,58.924,D_selected_EB_devices_and_private_AC_zones,0,,"【v2隔离合成角色；无真人回答】cityrole-0165｜江苏盐城市｜本户2人；独立住房设计建筑面积129.0㎡。原合成持有设备：electric_water_heater,washer；本次EB纳入：electric_water_heater,washer；空调持有0台，本次可控0台。","【v2隔离合成角色；无真人回答】
cityrole-0165｜江苏盐城市｜本户2人。独立住房设计建筑面积129.0㎡。
原合成持有设备：electric_water_heater,washer；本次EB纳入：electric_water_heater,washer；空调持有0台，本次可控0台。
收入、电费、设备习惯与控制偏好均为实验情境；事件当天是否有人在受控房间未知。",UNKNOWN,NOT_COLLECTED,D_G_RESULTS_NOT_IN_FIXED_ROLE_CSV,UNKNOWN,0,0,0,"electric_water_heater,washer","electric_water_heater,washer",none
cityrole-0166,v2_control1_D_inputs,定州市,河北,1,1,0,mostly_absent,mostly_home,regular,9500,360,电费超出预算会挤占必要支出,本月收入已有其他固定支出安排，可灵活调整的预算较紧。,comfort_priority,2,4,4,low_auto_accept,independent_dwelling,two_rooms,2,34.5,synthetic_H6_like_whole_dwelling_building_area,34.5,EXPERIMENTAL_DESIGN_NOT_OBSERVED,25.93985,25.93985,25.93985,0,NOT_APPLICABLE,apartment,cn-home-0166,self_contained_openplan,Low-rise apartment_Shijiazhuang_2010,CHN_Hebei.Shijiazhuang.536980_CSWD,73.257,D_selected_EB_devices_and_private_AC_zones,0,,"【v2隔离合成角色；无真人回答】cityrole-0166｜河北定州市｜本户1人；独立住房设计建筑面积34.5㎡。原合成持有设备：dishwasher,electric_water_heater；本次EB纳入：electric_water_heater；空调持有0台，本次可控0台。","【v2隔离合成角色；无真人回答】
cityrole-0166｜河北定州市｜本户1人。独立住房设计建筑面积34.5㎡。
原合成持有设备：dishwasher,electric_water_heater；本次EB纳入：electric_water_heater；空调持有0台，本次可控0台。
收入、电费、设备习惯与控制偏好均为实验情境；事件当天是否有人在受控房间未知。",UNKNOWN,NOT_COLLECTED,D_G_RESULTS_NOT_IN_FIXED_ROLE_CSV,UNKNOWN,0,0,0,"dishwasher,electric_water_heater",electric_water_heater,dishwasher
cityrole-0167,v2_control1_D_inputs,玉溪市,云南,4,2,0,mostly_occupied,mostly_home,regular,12800,360,电费不构成当前预算约束,本月电费已列入预算，按当前金额可以承担。,comfort_priority,2,4,1,confirm_required,independent_dwelling,five_or_more_rooms,5,178.0,synthetic_H6_like_whole_dwelling_building_area,178.0,EXPERIMENTAL_DESIGN_NOT_OBSERVED,133.834586,133.834586,133.834586,0,NOT_APPLICABLE,rowhouse,cn-home-0167,terraced_five_room_inferred,Terraced house_Kunming_2019,CHN_Yunnan.Kunming.567780_CSWD,73.579,D_selected_EB_devices_and_private_AC_zones,1,m03,"【v2隔离合成角色；无真人回答】cityrole-0167｜云南玉溪市｜本户4人；独立住房设计建筑面积178.0㎡。原合成持有设备：electric_water_heater,home_ev,washer；本次EB纳入：electric_water_heater,home_ev,washer；空调持有0台，本次可控0台。","【v2隔离合成角色；无真人回答】
cityrole-0167｜云南玉溪市｜本户4人。独立住房设计建筑面积178.0㎡。
原合成持有设备：electric_water_heater,home_ev,washer；本次EB纳入：electric_water_heater,home_ev,washer；空调持有0台，本次可控0台。
收入、电费、设备习惯与控制偏好均为实验情境；事件当天是否有人在受控房间未知。",UNKNOWN,NOT_COLLECTED,D_G_RESULTS_NOT_IN_FIXED_ROLE_CSV,UNKNOWN,0,0,0,"electric_water_heater,home_ev,washer","electric_water_heater,home_ev,washer",none
cityrole-0168,v2_control1_D_inputs,重庆市,重庆,4,3,0,mostly_occupied,partly_home,irregular,12800,520,电费有压力，需调整其他开支,必要生活开支较多，本月电费变化容易挤占其他项目。,both_high,4,4,5,high_trust_auto,independent_dwelling,three_rooms,3,178.0,synthetic_H6_like_whole_dwelling_building_area,178.0,EXPERIMENTAL_DESIGN_NOT_OBSERVED,133.834586,133.834586,133.834586,0,NOT_APPLICABLE,apartment,cn-home-0168,self_contained_source_three_room,Low-rise apartment_Youyang_2001,CHN_Chongqing.Chongqing.Shapingba.575160_CSWD,5.879,D_selected_EB_devices_and_private_AC_zones,0,,"【v2隔离合成角色；无真人回答】cityrole-0168｜重庆重庆市｜本户4人；独立住房设计建筑面积178.0㎡。原合成持有设备：electric_water_heater,washer；本次EB纳入：electric_water_heater,washer；空调持有0台，本次可控0台。","【v2隔离合成角色；无真人回答】
cityrole-0168｜重庆重庆市｜本户4人。独立住房设计建筑面积178.0㎡。
原合成持有设备：electric_water_heater,washer；本次EB纳入：electric_water_heater,washer；空调持有0台，本次可控0台。
收入、电费、设备习惯与控制偏好均为实验情境；事件当天是否有人在受控房间未知。",UNKNOWN,NOT_COLLECTED,D_G_RESULTS_NOT_IN_FIXED_ROLE_CSV,UNKNOWN,0,0,0,"electric_water_heater,washer","electric_water_heater,washer",none
cityrole-0169,v2_control1_D_inputs,吴忠市,宁夏,1,1,0,sometimes_occupied,partly_home,partly_regular,6500,360,电费有余量，通常不需改变开支,本月电费占可安排预算较小。,both_high,4,4,4,confirm_required,independent_dwelling,two_rooms,2,34.5,synthetic_H6_like_whole_dwelling_building_area,34.5,EXPERIMENTAL_DESIGN_NOT_OBSERVED,25.93985,25.93985,25.93985,0,NOT_APPLICABLE,apartment,cn-home-0169,self_contained_openplan,Low-rise apartment_Yinchuan_2018,CHN_Ningxia.Hui.Yinchuan.536140_CSWD,55.26,D_selected_EB_devices_and_private_AC_zones,0,,"【v2隔离合成角色；无真人回答】cityrole-0169｜宁夏吴忠市｜本户1人；独立住房设计建筑面积34.5㎡。原合成持有设备：ac,electric_water_heater,washer；本次EB纳入：ac,electric_water_heater,washer；空调持有2台，本次可控2台。","【v2隔离合成角色；无真人回答】
cityrole-0169｜宁夏吴忠市｜本户1人。独立住房设计建筑面积34.5㎡。
原合成持有设备：ac,electric_water_heater,washer；本次EB纳入：ac,electric_water_heater,washer；空调持有2台，本次可控2台。
收入、电费、设备习惯与控制偏好均为实验情境；事件当天是否有人在受控房间未知。",UNKNOWN,NOT_COLLECTED,D_G_RESULTS_NOT_IN_FIXED_ROLE_CSV,UNKNOWN,2,2,2,"ac,electric_water_heater,washer","ac,electric_water_heater,washer",none
cityrole-0170,v2_control1_D_inputs,天津市,天津,2,1,0,mostly_occupied,partly_home,partly_regular,13000,120,电费有压力，需调整其他开支,本月收入已有其他固定支出安排，可灵活调整的预算较紧。,saving_priority,4,2,2,confirm_required,independent_dwelling,two_rooms,2,49.0,synthetic_H6_like_whole_dwelling_building_area,49.0,EXPERIMENTAL_DESIGN_NOT_OBSERVED,36.842105,36.842105,36.842105,0,NOT_APPLICABLE,apartment,cn-home-0170,self_contained_openplan,Low-rise apartment_Tianjin_2010,CHN_Tianjin.Tianjin.545270_CSWD,12.212,D_selected_EB_devices_and_private_AC_zones,0,,"【v2隔离合成角色；无真人回答】cityrole-0170｜天津天津市｜本户2人；独立住房设计建筑面积49.0㎡。原合成持有设备：ac,electric_water_heater,washer；本次EB纳入：ac,electric_water_heater,washer；空调持有1台，本次可控1台。","【v2隔离合成角色；无真人回答】
cityrole-0170｜天津天津市｜本户2人。独立住房设计建筑面积49.0㎡。
原合成持有设备：ac,electric_water_heater,washer；本次EB纳入：ac,electric_water_heater,washer；空调持有1台，本次可控1台。
收入、电费、设备习惯与控制偏好均为实验情境；事件当天是否有人在受控房间未知。",UNKNOWN,NOT_COLLECTED,D_G_RESULTS_NOT_IN_FIXED_ROLE_CSV,UNKNOWN,1,1,1,"ac,electric_water_heater,washer","ac,electric_water_heater,washer",none
cityrole-0171,v2_control1_D_inputs,襄阳市,湖北,1,1,0,mostly_absent,mostly_home,regular,4500,520,电费有压力，需调整其他开支,必要生活开支较多，本月电费变化容易挤占其他项目。,both_low,1,1,5,high_trust_auto,independent_dwelling,two_rooms,2,64.5,synthetic_H6_like_whole_dwelling_building_area,64.5,EXPERIMENTAL_DESIGN_NOT_OBSERVED,48.496241,48.496241,48.496241,0,NOT_APPLICABLE,apartment,cn-home-0171,self_contained_openplan,High-rise apartment(slab type)_Laohekou_2001,CHN_Hubei.Laohekou.572650_CSWD,56.83,D_selected_EB_devices_and_private_AC_zones,0,,"【v2隔离合成角色；无真人回答】cityrole-0171｜湖北襄阳市｜本户1人；独立住房设计建筑面积64.5㎡。原合成持有设备：ac,electric_water_heater,washer；本次EB纳入：ac,electric_water_heater,washer；空调持有1台，本次可控1台。","【v2隔离合成角色；无真人回答】
cityrole-0171｜湖北襄阳市｜本户1人。独立住房设计建筑面积64.5㎡。
原合成持有设备：ac,electric_water_heater,washer；本次EB纳入：ac,electric_water_heater,washer；空调持有1台，本次可控1台。
收入、电费、设备习惯与控制偏好均为实验情境；事件当天是否有人在受控房间未知。",UNKNOWN,NOT_COLLECTED,D_G_RESULTS_NOT_IN_FIXED_ROLE_CSV,UNKNOWN,1,1,1,"ac,electric_water_heater,washer","ac,electric_water_heater,washer",none
cityrole-0172,v2_control1_D_inputs,柳州市,广西,7,3,0,mostly_occupied,partly_home,irregular,22400,120,电费有余量，通常不需改变开支,本月电费已列入预算，按当前金额可以承担。,middle,3,3,5,low_auto_accept,independent_dwelling,five_or_more_rooms,5,241.5,synthetic_H6_like_whole_dwelling_building_area,241.5,EXPERIMENTAL_DESIGN_NOT_OBSERVED,181.578947,181.578947,181.578947,0,NOT_APPLICABLE,rowhouse,cn-home-0172,terraced_five_room_inferred,Terraced house_Guiping_2012,CHN_Guangxi.Zhuang.Guiping.592540_CSWD,123.501,D_selected_EB_devices_and_private_AC_zones,0,,"【v2隔离合成角色；无真人回答】cityrole-0172｜广西柳州市｜本户7人；独立住房设计建筑面积241.5㎡。原合成持有设备：dryer,electric_water_heater；本次EB纳入：dryer,electric_water_heater；空调持有0台，本次可控0台。","【v2隔离合成角色；无真人回答】
cityrole-0172｜广西柳州市｜本户7人。独立住房设计建筑面积241.5㎡。
原合成持有设备：dryer,electric_water_heater；本次EB纳入：dryer,electric_water_heater；空调持有0台，本次可控0台。
收入、电费、设备习惯与控制偏好均为实验情境；事件当天是否有人在受控房间未知。",UNKNOWN,NOT_COLLECTED,D_G_RESULTS_NOT_IN_FIXED_ROLE_CSV,UNKNOWN,0,0,0,"dryer,electric_water_heater","dryer,electric_water_heater",none
cityrole-0173,v2_control1_D_inputs,西安市,陕西,4,2,1,mostly_occupied,partly_home,partly_regular,38000,520,电费超出预算会挤占必要支出,本月收入已有其他固定支出安排，可灵活调整的预算较紧。,both_low,1,1,1,high_trust_auto,independent_dwelling,two_rooms,2,258.0,synthetic_H6_like_whole_dwelling_building_area,258.0,EXPERIMENTAL_DESIGN_NOT_OBSERVED,193.984962,193.984962,193.984962,0,NOT_APPLICABLE,apartment,cn-home-0173,self_contained_openplan,High-rise apartment(slab type)_Xian_2010,CHN_Shaanxi.Xian.570360_CSWD,5.251,D_selected_EB_devices_and_private_AC_zones,0,,"【v2隔离合成角色；无真人回答】cityrole-0173｜陕西西安市｜本户4人；独立住房设计建筑面积258.0㎡。原合成持有设备：ac,washer；本次EB纳入：ac,washer；空调持有2台，本次可控2台。","【v2隔离合成角色；无真人回答】
cityrole-0173｜陕西西安市｜本户4人。独立住房设计建筑面积258.0㎡。
原合成持有设备：ac,washer；本次EB纳入：ac,washer；空调持有2台，本次可控2台。
收入、电费、设备习惯与控制偏好均为实验情境；事件当天是否有人在受控房间未知。",UNKNOWN,NOT_COLLECTED,D_G_RESULTS_NOT_IN_FIXED_ROLE_CSV,UNKNOWN,2,2,2,"ac,washer","ac,washer",none
cityrole-0174,v2_control1_D_inputs,天津市,天津,2,2,0,sometimes_occupied,partly_home,partly_regular,4000,120,电费超出预算会挤占必要支出,必要生活开支较多，本月电费变化容易挤占其他项目。,both_low,1,1,3,low_auto_accept,independent_dwelling,three_rooms,3,150.0,synthetic_H6_like_whole_dwelling_building_area,150.0,EXPERIMENTAL_DESIGN_NOT_OBSERVED,112.781955,112.781955,112.781955,0,NOT_APPLICABLE,apartment,cn-home-0174,self_contained_source_three_room,High-rise apartment(slab type)_Tianjin_2010,CHN_Tianjin.Tianjin.545270_CSWD,12.212,D_selected_EB_devices_and_private_AC_zones,0,,【v2隔离合成角色；无真人回答】cityrole-0174｜天津天津市｜本户2人；独立住房设计建筑面积150.0㎡。原合成持有设备：ac；本次EB纳入：ac；空调持有1台，本次可控1台。,"【v2隔离合成角色；无真人回答】
cityrole-0174｜天津天津市｜本户2人。独立住房设计建筑面积150.0㎡。
原合成持有设备：ac；本次EB纳入：ac；空调持有1台，本次可控1台。
收入、电费、设备习惯与控制偏好均为实验情境；事件当天是否有人在受控房间未知。",UNKNOWN,NOT_COLLECTED,D_G_RESULTS_NOT_IN_FIXED_ROLE_CSV,UNKNOWN,1,1,1,ac,ac,none
cityrole-0175,v2_control1_D_inputs,大连市,辽宁,1,1,1,mostly_absent,mostly_home,regular,3200,380,电费超出预算会挤占必要支出,必要生活开支较多，本月电费变化容易挤占其他项目。,both_high,5,5,1,low_auto_accept,independent_dwelling,two_rooms,2,75.0,synthetic_H6_like_whole_dwelling_building_area,75.0,EXPERIMENTAL_DESIGN_NOT_OBSERVED,56.390977,56.390977,56.390977,0,NOT_APPLICABLE,apartment,cn-home-0175,self_contained_openplan,Low-rise apartment_Dalian_1995,CHN_Liaoning.Dalian.546620_CSWD,7.424,D_selected_EB_devices_and_private_AC_zones,0,,【v2隔离合成角色；无真人回答】cityrole-0175｜辽宁大连市｜本户1人；独立住房设计建筑面积75.0㎡。原合成持有设备：washer；本次EB纳入：washer；空调持有0台，本次可控0台。,"【v2隔离合成角色；无真人回答】
cityrole-0175｜辽宁大连市｜本户1人。独立住房设计建筑面积75.0㎡。
原合成持有设备：washer；本次EB纳入：washer；空调持有0台，本次可控0台。
收入、电费、设备习惯与控制偏好均为实验情境；事件当天是否有人在受控房间未知。",UNKNOWN,NOT_COLLECTED,D_G_RESULTS_NOT_IN_FIXED_ROLE_CSV,UNKNOWN,0,0,0,washer,washer,none
cityrole-0176,v2_control1_D_inputs,长春市,吉林,4,2,0,mostly_occupied,partly_home,irregular,12800,220,电费有余量，通常不需改变开支,本月电费已列入预算，按当前金额可以承担。,saving_priority,4,2,3,high_trust_auto,independent_dwelling,two_rooms,2,98.0,synthetic_H6_like_whole_dwelling_building_area,98.0,EXPERIMENTAL_DESIGN_NOT_OBSERVED,73.684211,73.684211,73.684211,0,NOT_APPLICABLE,apartment,cn-home-0176,self_contained_openplan,Low-rise apartment_Changchun_1995,CHN_Jilin.Changchun.541610_CSWD,7.064,D_selected_EB_devices_and_private_AC_zones,0,,【v2隔离合成角色；无真人回答】cityrole-0176｜吉林长春市｜本户4人；独立住房设计建筑面积98.0㎡。原合成持有设备：washer；本次EB纳入：washer；空调持有0台，本次可控0台。,"【v2隔离合成角色；无真人回答】
cityrole-0176｜吉林长春市｜本户4人。独立住房设计建筑面积98.0㎡。
原合成持有设备：washer；本次EB纳入：washer；空调持有0台，本次可控0台。
收入、电费、设备习惯与控制偏好均为实验情境；事件当天是否有人在受控房间未知。",UNKNOWN,NOT_COLLECTED,D_G_RESULTS_NOT_IN_FIXED_ROLE_CSV,UNKNOWN,0,0,0,washer,washer,none
cityrole-0177,v2_control1_D_inputs,简阳市,四川,6,3,1,mostly_occupied,partly_home,partly_regular,19200,220,电费不构成当前预算约束,本月电费已列入预算，按当前金额可以承担。,both_high,4,4,1,high_trust_auto,independent_dwelling,three_rooms,3,108.0,synthetic_H6_like_whole_dwelling_building_area,108.0,EXPERIMENTAL_DESIGN_NOT_OBSERVED,81.203008,81.203008,81.203008,0,NOT_APPLICABLE,apartment,cn-home-0177,self_contained_source_three_room,High-rise apartment(slab type)_Chengdu_2001,CHN_Sichuan.Chengdu.562940_CSWD,58.549,D_selected_EB_devices_and_private_AC_zones,0,,"【v2隔离合成角色；无真人回答】cityrole-0177｜四川简阳市｜本户6人；独立住房设计建筑面积108.0㎡。原合成持有设备：ac,electric_water_heater,washer；本次EB纳入：ac,electric_water_heater,washer；空调持有2台，本次可控2台。","【v2隔离合成角色；无真人回答】
cityrole-0177｜四川简阳市｜本户6人。独立住房设计建筑面积108.0㎡。
原合成持有设备：ac,electric_water_heater,washer；本次EB纳入：ac,electric_water_heater,washer；空调持有2台，本次可控2台。
收入、电费、设备习惯与控制偏好均为实验情境；事件当天是否有人在受控房间未知。",UNKNOWN,NOT_COLLECTED,D_G_RESULTS_NOT_IN_FIXED_ROLE_CSV,UNKNOWN,2,2,2,"ac,electric_water_heater,washer","ac,electric_water_heater,washer",none
cityrole-0178,v2_control1_D_inputs,贵阳市,贵州,4,2,0,mostly_occupied,partly_home,irregular,18000,720,电费有余量，通常不需改变开支,本月电费占可安排预算较小。,comfort_priority,2,4,5,low_auto_accept,independent_dwelling,two_rooms,2,218.0,synthetic_H6_like_whole_dwelling_building_area,218.0,EXPERIMENTAL_DESIGN_NOT_OBSERVED,163.909774,163.909774,163.909774,0,NOT_APPLICABLE,apartment,cn-home-0178,self_contained_openplan,Low-rise apartment_Guiyang_2001,CHN_Guizhou.Guiyang.578160_CSWD,2.904,D_selected_EB_devices_and_private_AC_zones,0,,"【v2隔离合成角色；无真人回答】cityrole-0178｜贵州贵阳市｜本户4人；独立住房设计建筑面积218.0㎡。原合成持有设备：ac,electric_water_heater,washer；本次EB纳入：ac,electric_water_heater,washer；空调持有1台，本次可控1台。","【v2隔离合成角色；无真人回答】
cityrole-0178｜贵州贵阳市｜本户4人。独立住房设计建筑面积218.0㎡。
原合成持有设备：ac,electric_water_heater,washer；本次EB纳入：ac,electric_water_heater,washer；空调持有1台，本次可控1台。
收入、电费、设备习惯与控制偏好均为实验情境；事件当天是否有人在受控房间未知。",UNKNOWN,NOT_COLLECTED,D_G_RESULTS_NOT_IN_FIXED_ROLE_CSV,UNKNOWN,1,1,1,"ac,electric_water_heater,washer","ac,electric_water_heater,washer",none
cityrole-0179,v2_control1_D_inputs,镇江市,江苏,3,2,0,sometimes_occupied,varies,irregular,6000,220,电费有余量，通常不需改变开支,本月电费已列入预算，按当前金额可以承担。,comfort_priority,2,4,1,high_trust_auto,independent_dwelling,three_rooms,3,73.5,synthetic_H6_like_whole_dwelling_building_area,73.5,EXPERIMENTAL_DESIGN_NOT_OBSERVED,55.263158,55.263158,55.263158,0,NOT_APPLICABLE,apartment,cn-home-0179,self_contained_source_three_room,Low-rise apartment_Nanjing_2001,CHN_Jiangsu.Nanjing.582380_CSWD,91.979,D_selected_EB_devices_and_private_AC_zones,0,,"【v2隔离合成角色；无真人回答】cityrole-0179｜江苏镇江市｜本户3人；独立住房设计建筑面积73.5㎡。原合成持有设备：electric_water_heater,washer；本次EB纳入：electric_water_heater,washer；空调持有0台，本次可控0台。","【v2隔离合成角色；无真人回答】
cityrole-0179｜江苏镇江市｜本户3人。独立住房设计建筑面积73.5㎡。
原合成持有设备：electric_water_heater,washer；本次EB纳入：electric_water_heater,washer；空调持有0台，本次可控0台。
收入、电费、设备习惯与控制偏好均为实验情境；事件当天是否有人在受控房间未知。",UNKNOWN,NOT_COLLECTED,D_G_RESULTS_NOT_IN_FIXED_ROLE_CSV,UNKNOWN,0,0,0,"electric_water_heater,washer","electric_water_heater,washer",none
cityrole-0180,v2_control1_D_inputs,兰州市,甘肃,3,2,0,mostly_occupied,partly_home,partly_regular,19500,360,电费超出预算会挤占必要支出,本月收入已有其他固定支出安排，可灵活调整的预算较紧。,saving_priority,4,2,3,low_auto_accept,independent_dwelling,two_rooms,2,103.5,synthetic_H6_like_whole_dwelling_building_area,103.5,EXPERIMENTAL_DESIGN_NOT_OBSERVED,77.819549,77.819549,77.819549,0,NOT_APPLICABLE,apartment,cn-home-0180,self_contained_openplan,Low-rise apartment_Lanzhou_1986,CHN_Gansu.Lanzhou.528890_CSWD,6.983,D_selected_EB_devices_and_private_AC_zones,1,m01,"【v2隔离合成角色；无真人回答】cityrole-0180｜甘肃兰州市｜本户3人；独立住房设计建筑面积103.5㎡。原合成持有设备：ac,home_ev,washer；本次EB纳入：ac,home_ev,washer；空调持有1台，本次可控1台。","【v2隔离合成角色；无真人回答】
cityrole-0180｜甘肃兰州市｜本户3人。独立住房设计建筑面积103.5㎡。
原合成持有设备：ac,home_ev,washer；本次EB纳入：ac,home_ev,washer；空调持有1台，本次可控1台。
收入、电费、设备习惯与控制偏好均为实验情境；事件当天是否有人在受控房间未知。",UNKNOWN,NOT_COLLECTED,D_G_RESULTS_NOT_IN_FIXED_ROLE_CSV,UNKNOWN,1,1,1,"ac,home_ev,washer","ac,home_ev,washer",none
cityrole-0181,v2_control1_D_inputs,成都市,四川,1,1,0,mostly_absent,mostly_home,regular,2000,240,电费不构成当前预算约束,家庭已为当前电费预留预算，按这个金额可以承担；增加用电仍需重新权衡。,saving_priority,5,1,2,low_auto_accept,independent_dwelling,three_rooms,3,75.0,synthetic_H6_like_whole_dwelling_building_area,75.0,EXPERIMENTAL_DESIGN_NOT_OBSERVED,56.390977,56.390977,56.390977,0,NOT_APPLICABLE,apartment,cn-home-0181,self_contained_source_three_room,Low-rise apartment_Chengdu_2010,CHN_Sichuan.Chengdu.562940_CSWD,2.503,D_selected_EB_devices_and_private_AC_zones,0,,"【v2隔离合成角色；无真人回答】cityrole-0181｜四川成都市｜本户1人；独立住房设计建筑面积75.0㎡。原合成持有设备：electric_water_heater,washer；本次EB纳入：electric_water_heater,washer；空调持有0台，本次可控0台。","【v2隔离合成角色；无真人回答】
cityrole-0181｜四川成都市｜本户1人。独立住房设计建筑面积75.0㎡。
原合成持有设备：electric_water_heater,washer；本次EB纳入：electric_water_heater,washer；空调持有0台，本次可控0台。
收入、电费、设备习惯与控制偏好均为实验情境；事件当天是否有人在受控房间未知。",UNKNOWN,NOT_COLLECTED,D_G_RESULTS_NOT_IN_FIXED_ROLE_CSV,UNKNOWN,0,0,0,"electric_water_heater,washer","electric_water_heater,washer",none
cityrole-0182,v2_control1_D_inputs,十堰市,湖北,2,1,1,mostly_occupied,mostly_home,regular,19000,720,电费有压力，需调整其他开支,本月收入已有其他固定支出安排，可灵活调整的预算较紧。,middle,3,3,4,high_trust_auto,independent_dwelling,one_room,1,109.0,synthetic_H6_like_whole_dwelling_building_area,109.0,EXPERIMENTAL_DESIGN_NOT_OBSERVED,81.954887,81.954887,81.954887,0,NOT_APPLICABLE,apartment,cn-home-0182,self_contained_openplan,Low-rise apartment_Yunxi_2001,CHN_Hubei.Yunxi.572510_CSWD,52.392,D_selected_EB_devices_and_private_AC_zones,0,,【v2隔离合成角色；无真人回答】cityrole-0182｜湖北十堰市｜本户2人；独立住房设计建筑面积109.0㎡。原合成持有设备：ac；本次EB纳入：ac；空调持有1台，本次可控1台。,"【v2隔离合成角色；无真人回答】
cityrole-0182｜湖北十堰市｜本户2人。独立住房设计建筑面积109.0㎡。
原合成持有设备：ac；本次EB纳入：ac；空调持有1台，本次可控1台。
收入、电费、设备习惯与控制偏好均为实验情境；事件当天是否有人在受控房间未知。",UNKNOWN,NOT_COLLECTED,D_G_RESULTS_NOT_IN_FIXED_ROLE_CSV,UNKNOWN,1,1,1,ac,ac,none
cityrole-0183,v2_control1_D_inputs,天津市,天津,1,1,0,variable,varies,irregular,6500,720,电费有压力，需调整其他开支,本月收入已有其他固定支出安排，可灵活调整的预算较紧。,both_high,5,5,5,low_auto_accept,independent_dwelling,two_rooms,2,44.5,synthetic_H6_like_whole_dwelling_building_area,44.5,EXPERIMENTAL_DESIGN_NOT_OBSERVED,33.458647,33.458647,33.458647,0,NOT_APPLICABLE,apartment,cn-home-0183,self_contained_openplan,High-rise apartment(slab type)_Tianjin_1995,CHN_Tianjin.Tianjin.545270_CSWD,12.212,D_selected_EB_devices_and_private_AC_zones,0,,"【v2隔离合成角色；无真人回答】cityrole-0183｜天津天津市｜本户1人；独立住房设计建筑面积44.5㎡。原合成持有设备：ac,electric_water_heater,washer；本次EB纳入：ac,electric_water_heater,washer；空调持有1台，本次可控1台。","【v2隔离合成角色；无真人回答】
cityrole-0183｜天津天津市｜本户1人。独立住房设计建筑面积44.5㎡。
原合成持有设备：ac,electric_water_heater,washer；本次EB纳入：ac,electric_water_heater,washer；空调持有1台，本次可控1台。
收入、电费、设备习惯与控制偏好均为实验情境；事件当天是否有人在受控房间未知。",UNKNOWN,NOT_COLLECTED,D_G_RESULTS_NOT_IN_FIXED_ROLE_CSV,UNKNOWN,1,1,1,"ac,electric_water_heater,washer","ac,electric_water_heater,washer",none
cityrole-0184,v2_control1_D_inputs,银川市,宁夏,4,2,1,mostly_occupied,partly_home,irregular,12800,220,电费超出预算会挤占必要支出,必要生活开支较多，本月电费变化容易挤占其他项目。,both_low,1,1,1,confirm_required,independent_dwelling,two_rooms,2,98.0,synthetic_H6_like_whole_dwelling_building_area,98.0,EXPERIMENTAL_DESIGN_NOT_OBSERVED,73.684211,73.684211,73.684211,0,NOT_APPLICABLE,apartment,cn-home-0184,self_contained_openplan,Low-rise apartment_Yinchuan_2018,CHN_Ningxia.Hui.Yinchuan.536140_CSWD,3.17,D_selected_EB_devices_and_private_AC_zones,0,,"【v2隔离合成角色；无真人回答】cityrole-0184｜宁夏银川市｜本户4人；独立住房设计建筑面积98.0㎡。原合成持有设备：electric_water_heater,washer；本次EB纳入：electric_water_heater,washer；空调持有0台，本次可控0台。","【v2隔离合成角色；无真人回答】
cityrole-0184｜宁夏银川市｜本户4人。独立住房设计建筑面积98.0㎡。
原合成持有设备：electric_water_heater,washer；本次EB纳入：electric_water_heater,washer；空调持有0台，本次可控0台。
收入、电费、设备习惯与控制偏好均为实验情境；事件当天是否有人在受控房间未知。",UNKNOWN,NOT_COLLECTED,D_G_RESULTS_NOT_IN_FIXED_ROLE_CSV,UNKNOWN,0,0,0,"electric_water_heater,washer","electric_water_heater,washer",none
cityrole-0185,v2_control1_D_inputs,泉州市,福建,5,3,0,mostly_occupied,partly_home,irregular,32500,240,电费可承担，但会留意变化,本月电费可承担，但家庭会留意它的变化。,both_high,5,5,1,confirm_required,independent_dwelling,five_or_more_rooms,5,222.5,synthetic_H6_like_whole_dwelling_building_area,222.5,EXPERIMENTAL_DESIGN_NOT_OBSERVED,167.293233,167.293233,167.293233,0,NOT_APPLICABLE,rowhouse,cn-home-0185,terraced_five_room_inferred,Terraced house_Xiamen_2003,CHN_Fujian.Congwu.591330_CSWD,38.256,D_selected_EB_devices_and_private_AC_zones,0,,"【v2隔离合成角色；无真人回答】cityrole-0185｜福建泉州市｜本户5人；独立住房设计建筑面积222.5㎡。原合成持有设备：ac,dishwasher,electric_water_heater,washer；本次EB纳入：ac,dishwasher,electric_water_heater,washer；空调持有2台，本次可控2台。","【v2隔离合成角色；无真人回答】
cityrole-0185｜福建泉州市｜本户5人。独立住房设计建筑面积222.5㎡。
原合成持有设备：ac,dishwasher,electric_water_heater,washer；本次EB纳入：ac,dishwasher,electric_water_heater,washer；空调持有2台，本次可控2台。
收入、电费、设备习惯与控制偏好均为实验情境；事件当天是否有人在受控房间未知。",UNKNOWN,NOT_COLLECTED,D_G_RESULTS_NOT_IN_FIXED_ROLE_CSV,UNKNOWN,2,2,2,"ac,dishwasher,electric_water_heater,washer","ac,dishwasher,electric_water_heater,washer",none
cityrole-0186,v2_control1_D_inputs,恩平市,广东,1,1,0,mostly_absent,mostly_home,regular,2000,240,电费有余量，通常不需改变开支,家庭已为当前电费预留预算，按这个金额可以承担；增加用电仍需重新权衡。,both_low,2,2,4,confirm_required,independent_dwelling,four_rooms,4,75.0,synthetic_H6_like_whole_dwelling_building_area,75.0,EXPERIMENTAL_DESIGN_NOT_OBSERVED,56.390977,56.390977,56.390977,0,NOT_APPLICABLE,apartment,cn-home-0186,self_contained_four_room_thermally_aggregated,Low-rise apartment_Yangjiang_2012,CHN_Guangdong.Yangjiang.596630_CSWD,49.603,D_selected_EB_devices_and_private_AC_zones,0,,"【v2隔离合成角色；无真人回答】cityrole-0186｜广东恩平市｜本户1人；独立住房设计建筑面积75.0㎡。原合成持有设备：ac,electric_water_heater,washer；本次EB纳入：ac,electric_water_heater,washer；空调持有1台，本次可控1台。","【v2隔离合成角色；无真人回答】
cityrole-0186｜广东恩平市｜本户1人。独立住房设计建筑面积75.0㎡。
原合成持有设备：ac,electric_water_heater,washer；本次EB纳入：ac,electric_water_heater,washer；空调持有1台，本次可控1台。
收入、电费、设备习惯与控制偏好均为实验情境；事件当天是否有人在受控房间未知。",UNKNOWN,NOT_COLLECTED,D_G_RESULTS_NOT_IN_FIXED_ROLE_CSV,UNKNOWN,1,1,1,"ac,electric_water_heater,washer","ac,electric_water_heater,washer",none
cityrole-0187,v2_control1_D_inputs,葫芦岛市,辽宁,6,3,1,mostly_occupied,partly_home,partly_regular,27000,120,电费可承担，但会留意变化,本月电费可承担，但家庭会留意它的变化。,both_low,2,2,2,low_auto_accept,independent_dwelling,two_rooms,2,87.0,synthetic_H6_like_whole_dwelling_building_area,87.0,EXPERIMENTAL_DESIGN_NOT_OBSERVED,65.413534,65.413534,65.413534,0,NOT_APPLICABLE,apartment,cn-home-0187,self_contained_openplan,High-rise apartment(slab type)_Xingcheng_2010,CHN_Liaoning.Xingcheng.544550_CSWD,24.303,D_selected_EB_devices_and_private_AC_zones,0,,"【v2隔离合成角色；无真人回答】cityrole-0187｜辽宁葫芦岛市｜本户6人；独立住房设计建筑面积87.0㎡。原合成持有设备：ac,washer；本次EB纳入：ac,washer；空调持有1台，本次可控1台。","【v2隔离合成角色；无真人回答】
cityrole-0187｜辽宁葫芦岛市｜本户6人。独立住房设计建筑面积87.0㎡。
原合成持有设备：ac,washer；本次EB纳入：ac,washer；空调持有1台，本次可控1台。
收入、电费、设备习惯与控制偏好均为实验情境；事件当天是否有人在受控房间未知。",UNKNOWN,NOT_COLLECTED,D_G_RESULTS_NOT_IN_FIXED_ROLE_CSV,UNKNOWN,1,1,1,"ac,washer","ac,washer",none
cityrole-0188,v2_control1_D_inputs,深圳市,广东,4,2,1,mostly_occupied,partly_home,partly_regular,38000,520,电费超出预算会挤占必要支出,本月收入已有其他固定支出安排，可灵活调整的预算较紧。,both_low,2,2,5,confirm_required,independent_dwelling,two_rooms,2,32.0,synthetic_H6_like_whole_dwelling_building_area,32.0,EXPERIMENTAL_DESIGN_NOT_OBSERVED,24.06015,24.06015,24.06015,0,NOT_APPLICABLE,apartment,cn-home-0188,self_contained_openplan,High-rise apartment(slab type)_Guangzhou_2003,CHN_Guangdong.Zhengcheng.592940_CSWD,71.504,D_selected_EB_devices_and_private_AC_zones,0,,"【v2隔离合成角色；无真人回答】cityrole-0188｜广东深圳市｜本户4人；独立住房设计建筑面积32.0㎡。原合成持有设备：ac,washer；本次EB纳入：ac,washer；空调持有1台，本次可控1台。","【v2隔离合成角色；无真人回答】
cityrole-0188｜广东深圳市｜本户4人。独立住房设计建筑面积32.0㎡。
原合成持有设备：ac,washer；本次EB纳入：ac,washer；空调持有1台，本次可控1台。
收入、电费、设备习惯与控制偏好均为实验情境；事件当天是否有人在受控房间未知。",UNKNOWN,NOT_COLLECTED,D_G_RESULTS_NOT_IN_FIXED_ROLE_CSV,UNKNOWN,1,1,1,"ac,washer","ac,washer",none
cityrole-0189,v2_control1_D_inputs,武汉市,湖北,3,2,0,sometimes_occupied,varies,irregular,28500,120,电费有压力，需调整其他开支,本月收入已有其他固定支出安排，可灵活调整的预算较紧。,both_high,4,4,2,confirm_required,independent_dwelling,two_rooms,2,73.5,synthetic_H6_like_whole_dwelling_building_area,73.5,EXPERIMENTAL_DESIGN_NOT_OBSERVED,55.263158,55.263158,55.263158,0,NOT_APPLICABLE,apartment,cn-home-0189,self_contained_openplan,Low-rise apartment_Wuhan_2001,CHN_Hubei.Wuhan.574940_CSWD,17.056,D_selected_EB_devices_and_private_AC_zones,0,,【v2隔离合成角色；无真人回答】cityrole-0189｜湖北武汉市｜本户3人；独立住房设计建筑面积73.5㎡。原合成持有设备：washer；本次EB纳入：washer；空调持有0台，本次可控0台。,"【v2隔离合成角色；无真人回答】
cityrole-0189｜湖北武汉市｜本户3人。独立住房设计建筑面积73.5㎡。
原合成持有设备：washer；本次EB纳入：washer；空调持有0台，本次可控0台。
收入、电费、设备习惯与控制偏好均为实验情境；事件当天是否有人在受控房间未知。",UNKNOWN,NOT_COLLECTED,D_G_RESULTS_NOT_IN_FIXED_ROLE_CSV,UNKNOWN,0,0,0,washer,washer,none
cityrole-0190,v2_control1_D_inputs,长沙市,湖南,1,1,0,sometimes_occupied,partly_home,partly_regular,4500,120,电费有压力，需调整其他开支,必要生活开支较多，本月电费变化容易挤占其他项目。,comfort_priority,2,4,3,confirm_required,independent_dwelling,two_rooms,2,75.0,synthetic_H6_like_whole_dwelling_building_area,75.0,EXPERIMENTAL_DESIGN_NOT_OBSERVED,56.390977,56.390977,56.390977,0,NOT_APPLICABLE,apartment,cn-home-0190,self_contained_openplan,Low-rise apartment_Changsha_2010,CHN_Hunan.Changsha.576870_CSWD,7.432,D_selected_EB_devices_and_private_AC_zones,0,,"【v2隔离合成角色；无真人回答】cityrole-0190｜湖南长沙市｜本户1人；独立住房设计建筑面积75.0㎡。原合成持有设备：ac,dishwasher,washer；本次EB纳入：ac,dishwasher,washer；空调持有1台，本次可控1台。","【v2隔离合成角色；无真人回答】
cityrole-0190｜湖南长沙市｜本户1人。独立住房设计建筑面积75.0㎡。
原合成持有设备：ac,dishwasher,washer；本次EB纳入：ac,dishwasher,washer；空调持有1台，本次可控1台。
收入、电费、设备习惯与控制偏好均为实验情境；事件当天是否有人在受控房间未知。",UNKNOWN,NOT_COLLECTED,D_G_RESULTS_NOT_IN_FIXED_ROLE_CSV,UNKNOWN,1,1,1,"ac,dishwasher,washer","ac,dishwasher,washer",none
cityrole-0191,v2_control1_D_inputs,福州市,福建,3,2,0,sometimes_occupied,partly_home,partly_regular,6000,360,电费超出预算会挤占必要支出,必要生活开支较多，本月电费变化容易挤占其他项目。,both_high,5,5,1,high_trust_auto,independent_dwelling,four_rooms,4,73.5,synthetic_H6_like_whole_dwelling_building_area,73.5,EXPERIMENTAL_DESIGN_NOT_OBSERVED,55.263158,55.263158,55.263158,0,NOT_APPLICABLE,apartment,cn-home-0191,self_contained_four_room_thermally_aggregated,Low-rise apartment_Fuzhou_2003,CHN_Fujian.Fuzhou.588470_CSWD,1.915,D_selected_EB_devices_and_private_AC_zones,0,,"【v2隔离合成角色；无真人回答】cityrole-0191｜福建福州市｜本户3人；独立住房设计建筑面积73.5㎡。原合成持有设备：ac,washer；本次EB纳入：ac,washer；空调持有1台，本次可控1台。","【v2隔离合成角色；无真人回答】
cityrole-0191｜福建福州市｜本户3人。独立住房设计建筑面积73.5㎡。
原合成持有设备：ac,washer；本次EB纳入：ac,washer；空调持有1台，本次可控1台。
收入、电费、设备习惯与控制偏好均为实验情境；事件当天是否有人在受控房间未知。",UNKNOWN,NOT_COLLECTED,D_G_RESULTS_NOT_IN_FIXED_ROLE_CSV,UNKNOWN,1,1,1,"ac,washer","ac,washer",none
cityrole-0192,v2_control1_D_inputs,眉山市,四川,1,1,0,mostly_occupied,mostly_home,regular,6500,120,电费有压力，需调整其他开支,本月收入已有其他固定支出安排，可灵活调整的预算较紧。,both_high,5,5,1,low_auto_accept,independent_dwelling,two_rooms,2,75.0,synthetic_H6_like_whole_dwelling_building_area,75.0,EXPERIMENTAL_DESIGN_NOT_OBSERVED,56.390977,56.390977,56.390977,0,NOT_APPLICABLE,apartment,cn-home-0192,self_contained_openplan,Low-rise apartment_Leshan_2001,CHN_Sichuan.Leshan.563860_CSWD,53.926,D_selected_EB_devices_and_private_AC_zones,0,,"【v2隔离合成角色；无真人回答】cityrole-0192｜四川眉山市｜本户1人；独立住房设计建筑面积75.0㎡。原合成持有设备：ac,washer；本次EB纳入：ac,washer；空调持有1台，本次可控1台。","【v2隔离合成角色；无真人回答】
cityrole-0192｜四川眉山市｜本户1人。独立住房设计建筑面积75.0㎡。
原合成持有设备：ac,washer；本次EB纳入：ac,washer；空调持有1台，本次可控1台。
收入、电费、设备习惯与控制偏好均为实验情境；事件当天是否有人在受控房间未知。",UNKNOWN,NOT_COLLECTED,D_G_RESULTS_NOT_IN_FIXED_ROLE_CSV,UNKNOWN,1,1,1,"ac,washer","ac,washer",none
cityrole-0193,v2_control1_D_inputs,上海市,上海,4,3,0,sometimes_occupied,varies,irregular,18000,520,电费有压力，需调整其他开支,必要生活开支较多，本月电费变化容易挤占其他项目。,middle,3,3,4,confirm_required,independent_dwelling,two_rooms,2,58.0,synthetic_H6_like_whole_dwelling_building_area,58.0,EXPERIMENTAL_DESIGN_NOT_OBSERVED,43.609023,43.609023,43.609023,0,NOT_APPLICABLE,apartment,cn-home-0193,self_contained_openplan,Low-rise apartment_Shanghai_2001,CHN_Shanghai.Shanghai.583620_CSWD,20.633,D_selected_EB_devices_and_private_AC_zones,0,,"【v2隔离合成角色；无真人回答】cityrole-0193｜上海上海市｜本户4人；独立住房设计建筑面积58.0㎡。原合成持有设备：ac,washer；本次EB纳入：ac,washer；空调持有2台，本次可控2台。","【v2隔离合成角色；无真人回答】
cityrole-0193｜上海上海市｜本户4人。独立住房设计建筑面积58.0㎡。
原合成持有设备：ac,washer；本次EB纳入：ac,washer；空调持有2台，本次可控2台。
收入、电费、设备习惯与控制偏好均为实验情境；事件当天是否有人在受控房间未知。",UNKNOWN,NOT_COLLECTED,D_G_RESULTS_NOT_IN_FIXED_ROLE_CSV,UNKNOWN,2,2,2,"ac,washer","ac,washer",none
cityrole-0194,v2_control1_D_inputs,鸡西市,黑龙江,1,1,1,mostly_occupied,mostly_home,regular,4500,120,电费可承担，但会留意变化,本月电费可承担，但家庭会留意它的变化。,middle,3,3,3,confirm_required,independent_dwelling,two_rooms,2,64.5,synthetic_H6_like_whole_dwelling_building_area,64.5,EXPERIMENTAL_DESIGN_NOT_OBSERVED,48.496241,48.496241,48.496241,0,NOT_APPLICABLE,apartment,cn-home-0194,self_contained_openplan,Low-rise apartment_Jixi_2010,CHN_Heilongjiang.Jixi.509780_CSWD,3.301,D_selected_EB_devices_and_private_AC_zones,0,,【v2隔离合成角色；无真人回答】cityrole-0194｜黑龙江鸡西市｜本户1人；独立住房设计建筑面积64.5㎡。原合成持有设备：washer；本次EB纳入：washer；空调持有0台，本次可控0台。,"【v2隔离合成角色；无真人回答】
cityrole-0194｜黑龙江鸡西市｜本户1人。独立住房设计建筑面积64.5㎡。
原合成持有设备：washer；本次EB纳入：washer；空调持有0台，本次可控0台。
收入、电费、设备习惯与控制偏好均为实验情境；事件当天是否有人在受控房间未知。",UNKNOWN,NOT_COLLECTED,D_G_RESULTS_NOT_IN_FIXED_ROLE_CSV,UNKNOWN,0,0,0,washer,washer,none
cityrole-0195,v2_control1_D_inputs,沈阳市,辽宁,4,2,1,mostly_occupied,partly_home,partly_regular,38000,240,电费有余量，通常不需改变开支,本月电费占可安排预算较小。,both_low,1,1,4,confirm_required,independent_dwelling,two_rooms,2,98.0,synthetic_H6_like_whole_dwelling_building_area,98.0,EXPERIMENTAL_DESIGN_NOT_OBSERVED,73.684211,73.684211,73.684211,0,NOT_APPLICABLE,apartment,cn-home-0195,self_contained_openplan,High-rise apartment(slab type)_Shenyang_2010,CHN_Liaoning.Shenyang.543420_CSWD,8.989,D_selected_EB_devices_and_private_AC_zones,0,,"【v2隔离合成角色；无真人回答】cityrole-0195｜辽宁沈阳市｜本户4人；独立住房设计建筑面积98.0㎡。原合成持有设备：ac,dryer,electric_water_heater,washer；本次EB纳入：ac,dryer,electric_water_heater,washer；空调持有1台，本次可控1台。","【v2隔离合成角色；无真人回答】
cityrole-0195｜辽宁沈阳市｜本户4人。独立住房设计建筑面积98.0㎡。
原合成持有设备：ac,dryer,electric_water_heater,washer；本次EB纳入：ac,dryer,electric_water_heater,washer；空调持有1台，本次可控1台。
收入、电费、设备习惯与控制偏好均为实验情境；事件当天是否有人在受控房间未知。",UNKNOWN,NOT_COLLECTED,D_G_RESULTS_NOT_IN_FIXED_ROLE_CSV,UNKNOWN,1,1,1,"ac,dryer,electric_water_heater,washer","ac,dryer,electric_water_heater,washer",none
cityrole-0196,v2_control1_D_inputs,宁波市,浙江,4,2,0,mostly_occupied,partly_home,irregular,26000,720,电费有压力，需调整其他开支,本月收入已有其他固定支出安排，可灵活调整的预算较紧。,saving_priority,4,2,2,high_trust_auto,independent_dwelling,two_rooms,2,138.0,synthetic_H6_like_whole_dwelling_building_area,138.0,EXPERIMENTAL_DESIGN_NOT_OBSERVED,103.759398,103.759398,103.759398,0,NOT_APPLICABLE,apartment,cn-home-0196,self_contained_openplan,Low-rise apartment_Dinghai_2010,CHN_Zhejiang.Dinghai.584770_CSWD,53.364,D_selected_EB_devices_and_private_AC_zones,1,m01,"【v2隔离合成角色；无真人回答】cityrole-0196｜浙江宁波市｜本户4人；独立住房设计建筑面积138.0㎡。原合成持有设备：ac,dishwasher,home_ev,washer；本次EB纳入：ac,dishwasher,home_ev,washer；空调持有1台，本次可控1台。","【v2隔离合成角色；无真人回答】
cityrole-0196｜浙江宁波市｜本户4人。独立住房设计建筑面积138.0㎡。
原合成持有设备：ac,dishwasher,home_ev,washer；本次EB纳入：ac,dishwasher,home_ev,washer；空调持有1台，本次可控1台。
收入、电费、设备习惯与控制偏好均为实验情境；事件当天是否有人在受控房间未知。",UNKNOWN,NOT_COLLECTED,D_G_RESULTS_NOT_IN_FIXED_ROLE_CSV,UNKNOWN,1,1,1,"ac,dishwasher,home_ev,washer","ac,dishwasher,home_ev,washer",none
cityrole-0197,v2_control1_D_inputs,来宾市,广西,2,1,0,mostly_occupied,partly_home,partly_regular,6400,220,电费有余量，通常不需改变开支,本月电费已列入预算，按当前金额可以承担。,both_low,2,2,4,confirm_required,independent_dwelling,one_room,1,29.0,synthetic_H6_like_whole_dwelling_building_area,29.0,EXPERIMENTAL_DESIGN_NOT_OBSERVED,21.804511,21.804511,21.804511,0,NOT_APPLICABLE,apartment,cn-home-0197,self_contained_openplan,Low-rise apartment_Guiping_2003,CHN_Guangxi.Zhuang.Guiping.592540_CSWD,94.272,D_selected_EB_devices_and_private_AC_zones,0,,"【v2隔离合成角色；无真人回答】cityrole-0197｜广西来宾市｜本户2人；独立住房设计建筑面积29.0㎡。原合成持有设备：dryer,electric_water_heater,washer；本次EB纳入：electric_water_heater,washer；空调持有0台，本次可控0台。","【v2隔离合成角色；无真人回答】
cityrole-0197｜广西来宾市｜本户2人。独立住房设计建筑面积29.0㎡。
原合成持有设备：dryer,electric_water_heater,washer；本次EB纳入：electric_water_heater,washer；空调持有0台，本次可控0台。
收入、电费、设备习惯与控制偏好均为实验情境；事件当天是否有人在受控房间未知。",UNKNOWN,NOT_COLLECTED,D_G_RESULTS_NOT_IN_FIXED_ROLE_CSV,UNKNOWN,0,0,0,"dryer,electric_water_heater,washer","electric_water_heater,washer",dryer
cityrole-0198,v2_control1_D_inputs,咸宁市,湖北,5,3,0,mostly_occupied,partly_home,irregular,16000,720,电费有压力，需调整其他开支,必要生活开支较多，本月电费变化容易挤占其他项目。,saving_priority,4,2,2,low_auto_accept,independent_dwelling,five_or_more_rooms,5,90.0,synthetic_H6_like_whole_dwelling_building_area,90.0,EXPERIMENTAL_DESIGN_NOT_OBSERVED,67.669173,67.669173,67.669173,0,NOT_APPLICABLE,rowhouse,cn-home-0198,terraced_five_room_inferred,Terraced house_Wuhan_2010,CHN_Hubei.Wuhan.574940_CSWD,84.3,D_selected_EB_devices_and_private_AC_zones,0,,"【v2隔离合成角色；无真人回答】cityrole-0198｜湖北咸宁市｜本户5人；独立住房设计建筑面积90.0㎡。原合成持有设备：ac,electric_water_heater,washer；本次EB纳入：ac,electric_water_heater,washer；空调持有1台，本次可控1台。","【v2隔离合成角色；无真人回答】
cityrole-0198｜湖北咸宁市｜本户5人。独立住房设计建筑面积90.0㎡。
原合成持有设备：ac,electric_water_heater,washer；本次EB纳入：ac,electric_water_heater,washer；空调持有1台，本次可控1台。
收入、电费、设备习惯与控制偏好均为实验情境；事件当天是否有人在受控房间未知。",UNKNOWN,NOT_COLLECTED,D_G_RESULTS_NOT_IN_FIXED_ROLE_CSV,UNKNOWN,1,1,1,"ac,electric_water_heater,washer","ac,electric_water_heater,washer",none
cityrole-0199,v2_control1_D_inputs,东阳市,浙江,3,2,0,sometimes_occupied,varies,irregular,19500,220,电费可承担，但会留意变化,本月电费可承担，但家庭会留意它的变化。,comfort_priority,2,4,5,high_trust_auto,independent_dwelling,four_rooms,4,73.5,synthetic_H6_like_whole_dwelling_building_area,73.5,EXPERIMENTAL_DESIGN_NOT_OBSERVED,55.263158,55.263158,55.263158,0,NOT_APPLICABLE,apartment,cn-home-0199,self_contained_four_room_thermally_aggregated,Low-rise apartment_Hangzhou_2010,CHN_Zhejiang.Hangzhou.584570_CSWD,106.629,D_selected_EB_devices_and_private_AC_zones,0,,"【v2隔离合成角色；无真人回答】cityrole-0199｜浙江东阳市｜本户3人；独立住房设计建筑面积73.5㎡。原合成持有设备：electric_water_heater,washer；本次EB纳入：electric_water_heater,washer；空调持有0台，本次可控0台。","【v2隔离合成角色；无真人回答】
cityrole-0199｜浙江东阳市｜本户3人。独立住房设计建筑面积73.5㎡。
原合成持有设备：electric_water_heater,washer；本次EB纳入：electric_water_heater,washer；空调持有0台，本次可控0台。
收入、电费、设备习惯与控制偏好均为实验情境；事件当天是否有人在受控房间未知。",UNKNOWN,NOT_COLLECTED,D_G_RESULTS_NOT_IN_FIXED_ROLE_CSV,UNKNOWN,0,0,0,"electric_water_heater,washer","electric_water_heater,washer",none
cityrole-0200,v2_control1_D_inputs,九江市,江西,3,2,1,mostly_occupied,partly_home,partly_regular,9600,720,电费有余量，通常不需改变开支,本月电费已列入预算，按当前金额可以承担。,middle,3,3,5,confirm_required,independent_dwelling,three_rooms,3,73.5,synthetic_H6_like_whole_dwelling_building_area,73.5,EXPERIMENTAL_DESIGN_NOT_OBSERVED,55.263158,55.263158,55.263158,0,NOT_APPLICABLE,apartment,cn-home-0200,self_contained_source_three_room,Low-rise apartment_Nanchang_2001,CHN_Jiangxi.Nanchang.586060_CSWD,123.709,D_selected_EB_devices_and_private_AC_zones,0,,"【v2隔离合成角色；无真人回答】cityrole-0200｜江西九江市｜本户3人；独立住房设计建筑面积73.5㎡。原合成持有设备：electric_water_heater,washer；本次EB纳入：electric_water_heater,washer；空调持有0台，本次可控0台。","【v2隔离合成角色；无真人回答】
cityrole-0200｜江西九江市｜本户3人。独立住房设计建筑面积73.5㎡。
原合成持有设备：electric_water_heater,washer；本次EB纳入：electric_water_heater,washer；空调持有0台，本次可控0台。
收入、电费、设备习惯与控制偏好均为实验情境；事件当天是否有人在受控房间未知。",UNKNOWN,NOT_COLLECTED,D_G_RESULTS_NOT_IN_FIXED_ROLE_CSV,UNKNOWN,0,0,0,"electric_water_heater,washer","electric_water_heater,washer",none
cityrole-0201,v2_control1_D_inputs,南京市,江苏,3,2,0,sometimes_occupied,partly_home,partly_regular,9600,360,电费有压力，需调整其他开支,必要生活开支较多，本月电费变化容易挤占其他项目。,both_high,5,5,1,confirm_required,independent_dwelling,two_rooms,2,31.5,synthetic_H6_like_whole_dwelling_building_area,31.5,EXPERIMENTAL_DESIGN_NOT_OBSERVED,23.684211,23.684211,23.684211,0,NOT_APPLICABLE,apartment,cn-home-0201,self_contained_openplan,High-rise apartment(slab type)_Nanjing_2010,CHN_Jiangsu.Nanjing.582380_CSWD,88.368,D_selected_EB_devices_and_private_AC_zones,0,,"【v2隔离合成角色；无真人回答】cityrole-0201｜江苏南京市｜本户3人；独立住房设计建筑面积31.5㎡。原合成持有设备：ac,washer；本次EB纳入：ac,washer；空调持有2台，本次可控2台。","【v2隔离合成角色；无真人回答】
cityrole-0201｜江苏南京市｜本户3人。独立住房设计建筑面积31.5㎡。
原合成持有设备：ac,washer；本次EB纳入：ac,washer；空调持有2台，本次可控2台。
收入、电费、设备习惯与控制偏好均为实验情境；事件当天是否有人在受控房间未知。",UNKNOWN,NOT_COLLECTED,D_G_RESULTS_NOT_IN_FIXED_ROLE_CSV,UNKNOWN,2,2,2,"ac,washer","ac,washer",none
cityrole-0202,v2_control1_D_inputs,赣州市,江西,2,1,0,mostly_occupied,partly_home,partly_regular,4000,360,电费可承担，但会留意变化,本月电费可承担，但家庭会留意它的变化。,both_low,1,1,5,confirm_required,independent_dwelling,one_room,1,89.0,synthetic_H6_like_whole_dwelling_building_area,89.0,EXPERIMENTAL_DESIGN_NOT_OBSERVED,66.917293,66.917293,66.917293,0,NOT_APPLICABLE,apartment,cn-home-0202,self_contained_openplan,High-rise apartment(slab type)_Ganzhou_2010,CHN_Jiangxi.Ganzhou.579930_CSWD,5.667,D_selected_EB_devices_and_private_AC_zones,0,,"【v2隔离合成角色；无真人回答】cityrole-0202｜江西赣州市｜本户2人；独立住房设计建筑面积89.0㎡。原合成持有设备：ac,dryer,electric_water_heater,washer；本次EB纳入：ac,dryer,electric_water_heater,washer；空调持有1台，本次可控1台。","【v2隔离合成角色；无真人回答】
cityrole-0202｜江西赣州市｜本户2人。独立住房设计建筑面积89.0㎡。
原合成持有设备：ac,dryer,electric_water_heater,washer；本次EB纳入：ac,dryer,electric_water_heater,washer；空调持有1台，本次可控1台。
收入、电费、设备习惯与控制偏好均为实验情境；事件当天是否有人在受控房间未知。",UNKNOWN,NOT_COLLECTED,D_G_RESULTS_NOT_IN_FIXED_ROLE_CSV,UNKNOWN,1,1,1,"ac,dryer,electric_water_heater,washer","ac,dryer,electric_water_heater,washer",none
cityrole-0203,v2_control1_D_inputs,深圳市,广东,3,2,0,mostly_occupied,partly_home,irregular,28500,520,电费有余量，通常不需改变开支,本月电费占可安排预算较小。,both_low,1,1,1,low_auto_accept,independent_dwelling,four_rooms,4,103.5,synthetic_H6_like_whole_dwelling_building_area,103.5,EXPERIMENTAL_DESIGN_NOT_OBSERVED,77.819549,77.819549,77.819549,0,NOT_APPLICABLE,apartment,cn-home-0203,self_contained_four_room_thermally_aggregated,Low-rise apartment_Guangzhou_2012,CHN_Guangdong.Zhengcheng.592940_CSWD,71.504,D_selected_EB_devices_and_private_AC_zones,0,,"【v2隔离合成角色；无真人回答】cityrole-0203｜广东深圳市｜本户3人；独立住房设计建筑面积103.5㎡。原合成持有设备：dryer,washer；本次EB纳入：dryer,washer；空调持有0台，本次可控0台。","【v2隔离合成角色；无真人回答】
cityrole-0203｜广东深圳市｜本户3人。独立住房设计建筑面积103.5㎡。
原合成持有设备：dryer,washer；本次EB纳入：dryer,washer；空调持有0台，本次可控0台。
收入、电费、设备习惯与控制偏好均为实验情境；事件当天是否有人在受控房间未知。",UNKNOWN,NOT_COLLECTED,D_G_RESULTS_NOT_IN_FIXED_ROLE_CSV,UNKNOWN,0,0,0,"dryer,washer","dryer,washer",none
cityrole-0204,v2_control1_D_inputs,包头市,内蒙古,1,1,0,sometimes_occupied,partly_home,partly_regular,6500,220,电费可承担，但会留意变化,本月电费可承担，但家庭会留意它的变化。,middle,3,3,1,low_auto_accept,independent_dwelling,three_rooms,3,75.0,synthetic_H6_like_whole_dwelling_building_area,75.0,EXPERIMENTAL_DESIGN_NOT_OBSERVED,56.390977,56.390977,56.390977,0,NOT_APPLICABLE,apartment,cn-home-0204,self_contained_source_three_room,High-rise apartment(slab type)_Dongsheng_2010,CHN_Nei.Mongol.Dongsheng.535430_CSWD,93.05,D_selected_EB_devices_and_private_AC_zones,0,,"【v2隔离合成角色；无真人回答】cityrole-0204｜内蒙古包头市｜本户1人；独立住房设计建筑面积75.0㎡。原合成持有设备：ac,washer；本次EB纳入：ac,washer；空调持有1台，本次可控1台。","【v2隔离合成角色；无真人回答】
cityrole-0204｜内蒙古包头市｜本户1人。独立住房设计建筑面积75.0㎡。
原合成持有设备：ac,washer；本次EB纳入：ac,washer；空调持有1台，本次可控1台。
收入、电费、设备习惯与控制偏好均为实验情境；事件当天是否有人在受控房间未知。",UNKNOWN,NOT_COLLECTED,D_G_RESULTS_NOT_IN_FIXED_ROLE_CSV,UNKNOWN,1,1,1,"ac,washer","ac,washer",none
cityrole-0205,v2_control1_D_inputs,金华市,浙江,3,2,0,sometimes_occupied,partly_home,partly_regular,28500,120,电费不构成当前预算约束,本月电费占可安排预算较小。,comfort_priority,1,5,2,confirm_required,independent_dwelling,three_rooms,3,43.5,synthetic_H6_like_whole_dwelling_building_area,43.5,EXPERIMENTAL_DESIGN_NOT_OBSERVED,32.706767,32.706767,32.706767,0,NOT_APPLICABLE,apartment,cn-home-0205,self_contained_source_three_room,High-rise apartment(slab type)_Hangzhou_2010,CHN_Zhejiang.Quxian.586330_CSWD,72.957,D_selected_EB_devices_and_private_AC_zones,0,,"【v2隔离合成角色；无真人回答】cityrole-0205｜浙江金华市｜本户3人；独立住房设计建筑面积43.5㎡。原合成持有设备：ac,dishwasher,washer；本次EB纳入：ac,dishwasher,washer；空调持有2台，本次可控2台。","【v2隔离合成角色；无真人回答】
cityrole-0205｜浙江金华市｜本户3人。独立住房设计建筑面积43.5㎡。
原合成持有设备：ac,dishwasher,washer；本次EB纳入：ac,dishwasher,washer；空调持有2台，本次可控2台。
收入、电费、设备习惯与控制偏好均为实验情境；事件当天是否有人在受控房间未知。",UNKNOWN,NOT_COLLECTED,D_G_RESULTS_NOT_IN_FIXED_ROLE_CSV,UNKNOWN,2,2,2,"ac,dishwasher,washer","ac,dishwasher,washer",none
cityrole-0206,v2_control1_D_inputs,万宁市,海南,2,2,0,variable,varies,irregular,19000,360,电费超出预算会挤占必要支出,本月收入已有其他固定支出安排，可灵活调整的预算较紧。,saving_priority,4,2,1,high_trust_auto,independent_dwelling,three_rooms,3,69.0,synthetic_H6_like_whole_dwelling_building_area,69.0,EXPERIMENTAL_DESIGN_NOT_OBSERVED,51.879699,51.879699,51.879699,0,NOT_APPLICABLE,apartment,cn-home-0206,self_contained_source_three_room,High-rise apartment(slab type)_Qionghai_2012,CHN_Hainan.Qionghai.598550_CSWD,48.363,D_selected_EB_devices_and_private_AC_zones,0,,"【v2隔离合成角色；无真人回答】cityrole-0206｜海南万宁市｜本户2人；独立住房设计建筑面积69.0㎡。原合成持有设备：ac,washer；本次EB纳入：ac,washer；空调持有1台，本次可控1台。","【v2隔离合成角色；无真人回答】
cityrole-0206｜海南万宁市｜本户2人。独立住房设计建筑面积69.0㎡。
原合成持有设备：ac,washer；本次EB纳入：ac,washer；空调持有1台，本次可控1台。
收入、电费、设备习惯与控制偏好均为实验情境；事件当天是否有人在受控房间未知。",UNKNOWN,NOT_COLLECTED,D_G_RESULTS_NOT_IN_FIXED_ROLE_CSV,UNKNOWN,1,1,1,"ac,washer","ac,washer",none
cityrole-0207,v2_control1_D_inputs,长春市,吉林,3,2,0,mostly_occupied,mostly_home,regular,13500,120,电费有余量，通常不需改变开支,本月电费占可安排预算较小。,both_high,4,4,1,high_trust_auto,independent_dwelling,two_rooms,2,103.5,synthetic_H6_like_whole_dwelling_building_area,103.5,EXPERIMENTAL_DESIGN_NOT_OBSERVED,77.819549,77.819549,77.819549,0,NOT_APPLICABLE,apartment,cn-home-0207,self_contained_openplan,Low-rise apartment_Changchun_1986,CHN_Jilin.Changchun.541610_CSWD,7.064,D_selected_EB_devices_and_private_AC_zones,0,,"【v2隔离合成角色；无真人回答】cityrole-0207｜吉林长春市｜本户3人；独立住房设计建筑面积103.5㎡。原合成持有设备：ac,washer；本次EB纳入：ac,washer；空调持有1台，本次可控1台。","【v2隔离合成角色；无真人回答】
cityrole-0207｜吉林长春市｜本户3人。独立住房设计建筑面积103.5㎡。
原合成持有设备：ac,washer；本次EB纳入：ac,washer；空调持有1台，本次可控1台。
收入、电费、设备习惯与控制偏好均为实验情境；事件当天是否有人在受控房间未知。",UNKNOWN,NOT_COLLECTED,D_G_RESULTS_NOT_IN_FIXED_ROLE_CSV,UNKNOWN,1,1,1,"ac,washer","ac,washer",none
cityrole-0208,v2_control1_D_inputs,唐山市,河北,4,3,0,mostly_occupied,partly_home,irregular,8000,720,电费有压力，需调整其他开支,必要生活开支较多，本月电费变化容易挤占其他项目。,both_low,2,2,3,high_trust_auto,independent_dwelling,three_rooms,3,98.0,synthetic_H6_like_whole_dwelling_building_area,98.0,EXPERIMENTAL_DESIGN_NOT_OBSERVED,73.684211,73.684211,73.684211,0,NOT_APPLICABLE,apartment,cn-home-0208,self_contained_source_three_room,High-rise apartment(slab type)_Leting_1995,CHN_Hebei.Leting.545390_CSWD,64.326,D_selected_EB_devices_and_private_AC_zones,1,m02,"【v2隔离合成角色；无真人回答】cityrole-0208｜河北唐山市｜本户4人；独立住房设计建筑面积98.0㎡。原合成持有设备：ac,home_ev,washer；本次EB纳入：ac,home_ev,washer；空调持有1台，本次可控1台。","【v2隔离合成角色；无真人回答】
cityrole-0208｜河北唐山市｜本户4人。独立住房设计建筑面积98.0㎡。
原合成持有设备：ac,home_ev,washer；本次EB纳入：ac,home_ev,washer；空调持有1台，本次可控1台。
收入、电费、设备习惯与控制偏好均为实验情境；事件当天是否有人在受控房间未知。",UNKNOWN,NOT_COLLECTED,D_G_RESULTS_NOT_IN_FIXED_ROLE_CSV,UNKNOWN,1,1,1,"ac,home_ev,washer","ac,home_ev,washer",none
cityrole-0209,v2_control1_D_inputs,苏州市,江苏,4,2,0,sometimes_occupied,varies,irregular,18000,360,电费可承担，但会留意变化,本月电费可承担，但家庭会留意它的变化。,both_high,4,4,2,low_auto_accept,independent_dwelling,two_rooms,2,72.0,synthetic_H6_like_whole_dwelling_building_area,72.0,EXPERIMENTAL_DESIGN_NOT_OBSERVED,54.135338,54.135338,54.135338,0,NOT_APPLICABLE,apartment,cn-home-0209,self_contained_openplan,Low-rise apartment_Dongtai_2001,CHN_Jiangsu.Lusi.582650_CSWD,119.962,D_selected_EB_devices_and_private_AC_zones,0,,"【v2隔离合成角色；无真人回答】cityrole-0209｜江苏苏州市｜本户4人；独立住房设计建筑面积72.0㎡。原合成持有设备：ac,electric_water_heater,washer；本次EB纳入：ac,electric_water_heater,washer；空调持有2台，本次可控2台。","【v2隔离合成角色；无真人回答】
cityrole-0209｜江苏苏州市｜本户4人。独立住房设计建筑面积72.0㎡。
原合成持有设备：ac,electric_water_heater,washer；本次EB纳入：ac,electric_water_heater,washer；空调持有2台，本次可控2台。
收入、电费、设备习惯与控制偏好均为实验情境；事件当天是否有人在受控房间未知。",UNKNOWN,NOT_COLLECTED,D_G_RESULTS_NOT_IN_FIXED_ROLE_CSV,UNKNOWN,2,2,2,"ac,electric_water_heater,washer","ac,electric_water_heater,washer",none
cityrole-0210,v2_control1_D_inputs,温州市,浙江,3,2,0,mostly_occupied,partly_home,partly_regular,13500,120,电费不构成当前预算约束,本月电费占可安排预算较小。,both_high,4,4,5,low_auto_accept,independent_dwelling,three_rooms,3,54.0,synthetic_H6_like_whole_dwelling_building_area,54.0,EXPERIMENTAL_DESIGN_NOT_OBSERVED,40.601504,40.601504,40.601504,0,NOT_APPLICABLE,apartment,cn-home-0210,self_contained_source_three_room,High-rise apartment(slab type)_Wenzhou_2001,CHN_Zhejiang.Wenzhou.586590_CSWD,2.523,D_selected_EB_devices_and_private_AC_zones,0,,"【v2隔离合成角色；无真人回答】cityrole-0210｜浙江温州市｜本户3人；独立住房设计建筑面积54.0㎡。原合成持有设备：ac,dryer,washer；本次EB纳入：ac,dryer,washer；空调持有1台，本次可控1台。","【v2隔离合成角色；无真人回答】
cityrole-0210｜浙江温州市｜本户3人。独立住房设计建筑面积54.0㎡。
原合成持有设备：ac,dryer,washer；本次EB纳入：ac,dryer,washer；空调持有1台，本次可控1台。
收入、电费、设备习惯与控制偏好均为实验情境；事件当天是否有人在受控房间未知。",UNKNOWN,NOT_COLLECTED,D_G_RESULTS_NOT_IN_FIXED_ROLE_CSV,UNKNOWN,1,1,1,"ac,dryer,washer","ac,dryer,washer",none
cityrole-0211,v2_control1_D_inputs,苏州市,江苏,4,3,1,mostly_occupied,partly_home,irregular,12800,220,电费不构成当前预算约束,本月电费已列入预算，按当前金额可以承担。,saving_priority,5,1,2,confirm_required,independent_dwelling,three_rooms,3,178.0,synthetic_H6_like_whole_dwelling_building_area,178.0,EXPERIMENTAL_DESIGN_NOT_OBSERVED,133.834586,133.834586,133.834586,0,NOT_APPLICABLE,apartment,cn-home-0211,self_contained_source_three_room,Low-rise apartment_Dongtai_2001,CHN_Jiangsu.Lusi.582650_CSWD,119.962,D_selected_EB_devices_and_private_AC_zones,0,,【v2隔离合成角色；无真人回答】cityrole-0211｜江苏苏州市｜本户4人；独立住房设计建筑面积178.0㎡。原合成持有设备：washer；本次EB纳入：washer；空调持有0台，本次可控0台。,"【v2隔离合成角色；无真人回答】
cityrole-0211｜江苏苏州市｜本户4人。独立住房设计建筑面积178.0㎡。
原合成持有设备：washer；本次EB纳入：washer；空调持有0台，本次可控0台。
收入、电费、设备习惯与控制偏好均为实验情境；事件当天是否有人在受控房间未知。",UNKNOWN,NOT_COLLECTED,D_G_RESULTS_NOT_IN_FIXED_ROLE_CSV,UNKNOWN,0,0,0,washer,washer,none
cityrole-0212,v2_control1_D_inputs,玉树市,青海,1,1,0,mostly_occupied,mostly_home,regular,2000,120,电费有余量，通常不需改变开支,本月电费已列入预算，按当前金额可以承担。,comfort_priority,1,5,5,confirm_required,independent_dwelling,two_rooms,2,75.0,synthetic_H6_like_whole_dwelling_building_area,75.0,EXPERIMENTAL_DESIGN_NOT_OBSERVED,56.390977,56.390977,56.390977,0,NOT_APPLICABLE,apartment,cn-home-0212,self_contained_openplan,High-rise apartment(slab type)_Yushu_2010,CHN_Qinghai.Yushu.560290_CSWD,2.426,D_selected_EB_devices_and_private_AC_zones,0,,"【v2隔离合成角色；无真人回答】cityrole-0212｜青海玉树市｜本户1人；独立住房设计建筑面积75.0㎡。原合成持有设备：ac,washer；本次EB纳入：ac,washer；空调持有1台，本次可控1台。","【v2隔离合成角色；无真人回答】
cityrole-0212｜青海玉树市｜本户1人。独立住房设计建筑面积75.0㎡。
原合成持有设备：ac,washer；本次EB纳入：ac,washer；空调持有1台，本次可控1台。
收入、电费、设备习惯与控制偏好均为实验情境；事件当天是否有人在受控房间未知。",UNKNOWN,NOT_COLLECTED,D_G_RESULTS_NOT_IN_FIXED_ROLE_CSV,UNKNOWN,1,1,1,"ac,washer","ac,washer",none
cityrole-0213,v2_control1_D_inputs,昌邑市,山东,5,3,1,mostly_occupied,partly_home,partly_regular,32500,240,电费超出预算会挤占必要支出,本月收入已有其他固定支出安排，可灵活调整的预算较紧。,saving_priority,5,1,4,high_trust_auto,independent_dwelling,three_rooms,3,222.5,synthetic_H6_like_whole_dwelling_building_area,222.5,EXPERIMENTAL_DESIGN_NOT_OBSERVED,167.293233,167.293233,167.293233,0,NOT_APPLICABLE,apartment,cn-home-0213,self_contained_source_three_room,Low-rise apartment_Weifang_2010,CHN_Shandong.Weifang.548430_CSWD,23.108,D_selected_EB_devices_and_private_AC_zones,0,,"【v2隔离合成角色；无真人回答】cityrole-0213｜山东昌邑市｜本户5人；独立住房设计建筑面积222.5㎡。原合成持有设备：ac,dryer,electric_water_heater,washer；本次EB纳入：ac,dryer,electric_water_heater,washer；空调持有2台，本次可控2台。","【v2隔离合成角色；无真人回答】
cityrole-0213｜山东昌邑市｜本户5人。独立住房设计建筑面积222.5㎡。
原合成持有设备：ac,dryer,electric_water_heater,washer；本次EB纳入：ac,dryer,electric_water_heater,washer；空调持有2台，本次可控2台。
收入、电费、设备习惯与控制偏好均为实验情境；事件当天是否有人在受控房间未知。",UNKNOWN,NOT_COLLECTED,D_G_RESULTS_NOT_IN_FIXED_ROLE_CSV,UNKNOWN,2,2,2,"ac,dryer,electric_water_heater,washer","ac,dryer,electric_water_heater,washer",none
cityrole-0214,v2_control1_D_inputs,包头市,内蒙古,3,2,1,mostly_occupied,partly_home,irregular,19500,360,电费不构成当前预算约束,本月电费占可安排预算较小。,both_high,5,5,4,low_auto_accept,independent_dwelling,two_rooms,2,103.5,synthetic_H6_like_whole_dwelling_building_area,103.5,EXPERIMENTAL_DESIGN_NOT_OBSERVED,77.819549,77.819549,77.819549,0,NOT_APPLICABLE,apartment,cn-home-0214,self_contained_openplan,Low-rise apartment_Dongsheng_1995,CHN_Nei.Mongol.Dongsheng.535430_CSWD,93.05,D_selected_EB_devices_and_private_AC_zones,0,,"【v2隔离合成角色；无真人回答】cityrole-0214｜内蒙古包头市｜本户3人；独立住房设计建筑面积103.5㎡。原合成持有设备：ac,electric_water_heater,washer；本次EB纳入：ac,electric_water_heater,washer；空调持有1台，本次可控1台。","【v2隔离合成角色；无真人回答】
cityrole-0214｜内蒙古包头市｜本户3人。独立住房设计建筑面积103.5㎡。
原合成持有设备：ac,electric_water_heater,washer；本次EB纳入：ac,electric_water_heater,washer；空调持有1台，本次可控1台。
收入、电费、设备习惯与控制偏好均为实验情境；事件当天是否有人在受控房间未知。",UNKNOWN,NOT_COLLECTED,D_G_RESULTS_NOT_IN_FIXED_ROLE_CSV,UNKNOWN,1,1,1,"ac,electric_water_heater,washer","ac,electric_water_heater,washer",none
cityrole-0215,v2_control1_D_inputs,乌苏市,新疆,2,2,0,sometimes_occupied,partly_home,partly_regular,4000,120,电费有压力，需调整其他开支,必要生活开支较多，本月电费变化容易挤占其他项目。,both_high,5,5,2,low_auto_accept,independent_dwelling,two_rooms,2,109.0,synthetic_H6_like_whole_dwelling_building_area,109.0,EXPERIMENTAL_DESIGN_NOT_OBSERVED,81.954887,81.954887,81.954887,0,NOT_APPLICABLE,apartment,cn-home-0215,self_contained_openplan,Low-rise apartment_Wusu_2018,CHN_Xinjiang.Uygur.Wusu.513460_CSWD,1.499,D_selected_EB_devices_and_private_AC_zones,0,,"【v2隔离合成角色；无真人回答】cityrole-0215｜新疆乌苏市｜本户2人；独立住房设计建筑面积109.0㎡。原合成持有设备：ac,electric_water_heater,washer；本次EB纳入：ac,electric_water_heater,washer；空调持有1台，本次可控1台。","【v2隔离合成角色；无真人回答】
cityrole-0215｜新疆乌苏市｜本户2人。独立住房设计建筑面积109.0㎡。
原合成持有设备：ac,electric_water_heater,washer；本次EB纳入：ac,electric_water_heater,washer；空调持有1台，本次可控1台。
收入、电费、设备习惯与控制偏好均为实验情境；事件当天是否有人在受控房间未知。",UNKNOWN,NOT_COLLECTED,D_G_RESULTS_NOT_IN_FIXED_ROLE_CSV,UNKNOWN,1,1,1,"ac,electric_water_heater,washer","ac,electric_water_heater,washer",none
cityrole-0216,v2_control1_D_inputs,广州市,广东,1,1,0,mostly_absent,mostly_home,regular,4500,360,电费可承担，但会留意变化,本月电费可承担，但家庭会留意它的变化。,saving_priority,4,2,5,low_auto_accept,independent_dwelling,two_rooms,2,64.5,synthetic_H6_like_whole_dwelling_building_area,64.5,EXPERIMENTAL_DESIGN_NOT_OBSERVED,48.496241,48.496241,48.496241,0,NOT_APPLICABLE,apartment,cn-home-0216,self_contained_openplan,Low-rise apartment_Guangzhou_2012,CHN_Guangdong.Guangzhou.592870_CSWD,5.46,D_selected_EB_devices_and_private_AC_zones,0,,"【v2隔离合成角色；无真人回答】cityrole-0216｜广东广州市｜本户1人；独立住房设计建筑面积64.5㎡。原合成持有设备：ac,washer；本次EB纳入：ac,washer；空调持有1台，本次可控1台。","【v2隔离合成角色；无真人回答】
cityrole-0216｜广东广州市｜本户1人。独立住房设计建筑面积64.5㎡。
原合成持有设备：ac,washer；本次EB纳入：ac,washer；空调持有1台，本次可控1台。
收入、电费、设备习惯与控制偏好均为实验情境；事件当天是否有人在受控房间未知。",UNKNOWN,NOT_COLLECTED,D_G_RESULTS_NOT_IN_FIXED_ROLE_CSV,UNKNOWN,1,1,1,"ac,washer","ac,washer",none
cityrole-0217,v2_control1_D_inputs,肇庆市,广东,2,1,1,mostly_occupied,mostly_home,regular,19000,720,电费超出预算会挤占必要支出,本月收入已有其他固定支出安排，可灵活调整的预算较紧。,comfort_priority,2,4,2,high_trust_auto,independent_dwelling,one_room,1,89.0,synthetic_H6_like_whole_dwelling_building_area,89.0,EXPERIMENTAL_DESIGN_NOT_OBSERVED,66.917293,66.917293,66.917293,0,NOT_APPLICABLE,apartment,cn-home-0217,self_contained_openplan,Low-rise apartment_Guangzhou_2003,CHN_Guangdong.Guangzhou.592870_CSWD,90.152,D_selected_EB_devices_and_private_AC_zones,0,,【v2隔离合成角色；无真人回答】cityrole-0217｜广东肇庆市｜本户2人；独立住房设计建筑面积89.0㎡。原合成持有设备：ac；本次EB纳入：ac；空调持有1台，本次可控1台。,"【v2隔离合成角色；无真人回答】
cityrole-0217｜广东肇庆市｜本户2人。独立住房设计建筑面积89.0㎡。
原合成持有设备：ac；本次EB纳入：ac；空调持有1台，本次可控1台。
收入、电费、设备习惯与控制偏好均为实验情境；事件当天是否有人在受控房间未知。",UNKNOWN,NOT_COLLECTED,D_G_RESULTS_NOT_IN_FIXED_ROLE_CSV,UNKNOWN,1,1,1,ac,ac,none
cityrole-0218,v2_control1_D_inputs,重庆市,重庆,1,1,1,mostly_occupied,mostly_home,regular,9500,720,电费有压力，需调整其他开支,本月收入已有其他固定支出安排，可灵活调整的预算较紧。,both_high,4,4,5,high_trust_auto,independent_dwelling,three_rooms,3,64.5,synthetic_H6_like_whole_dwelling_building_area,64.5,EXPERIMENTAL_DESIGN_NOT_OBSERVED,48.496241,48.496241,48.496241,0,NOT_APPLICABLE,apartment,cn-home-0218,self_contained_source_three_room,High-rise apartment(slab type)_Youyang_2001,CHN_Chongqing.Chongqing.Shapingba.575160_CSWD,5.879,D_selected_EB_devices_and_private_AC_zones,0,,"【v2隔离合成角色；无真人回答】cityrole-0218｜重庆重庆市｜本户1人；独立住房设计建筑面积64.5㎡。原合成持有设备：ac,electric_water_heater,washer；本次EB纳入：ac,electric_water_heater,washer；空调持有1台，本次可控1台。","【v2隔离合成角色；无真人回答】
cityrole-0218｜重庆重庆市｜本户1人。独立住房设计建筑面积64.5㎡。
原合成持有设备：ac,electric_water_heater,washer；本次EB纳入：ac,electric_water_heater,washer；空调持有1台，本次可控1台。
收入、电费、设备习惯与控制偏好均为实验情境；事件当天是否有人在受控房间未知。",UNKNOWN,NOT_COLLECTED,D_G_RESULTS_NOT_IN_FIXED_ROLE_CSV,UNKNOWN,1,1,1,"ac,electric_water_heater,washer","ac,electric_water_heater,washer",none
cityrole-0219,v2_control1_D_inputs,六安市,安徽,3,2,1,variable,varies,irregular,6000,360,电费可承担，但会留意变化,本月电费可承担，但家庭会留意它的变化。,saving_priority,4,2,3,confirm_required,independent_dwelling,two_rooms,2,103.5,synthetic_H6_like_whole_dwelling_building_area,103.5,EXPERIMENTAL_DESIGN_NOT_OBSERVED,77.819549,77.819549,77.819549,0,NOT_APPLICABLE,apartment,cn-home-0219,self_contained_openplan,High-rise apartment(slab type)_Huoshan_2010,CHN_Anhui.Huoshan.583140_CSWD,43.526,D_selected_EB_devices_and_private_AC_zones,1,m01,"【v2隔离合成角色；无真人回答】cityrole-0219｜安徽六安市｜本户3人；独立住房设计建筑面积103.5㎡。原合成持有设备：home_ev,washer；本次EB纳入：home_ev,washer；空调持有0台，本次可控0台。","【v2隔离合成角色；无真人回答】
cityrole-0219｜安徽六安市｜本户3人。独立住房设计建筑面积103.5㎡。
原合成持有设备：home_ev,washer；本次EB纳入：home_ev,washer；空调持有0台，本次可控0台。
收入、电费、设备习惯与控制偏好均为实验情境；事件当天是否有人在受控房间未知。",UNKNOWN,NOT_COLLECTED,D_G_RESULTS_NOT_IN_FIXED_ROLE_CSV,UNKNOWN,0,0,0,"home_ev,washer","home_ev,washer",none
cityrole-0220,v2_control1_D_inputs,慈溪市,浙江,5,3,0,mostly_occupied,partly_home,partly_regular,10000,120,电费不构成当前预算约束,本月电费已列入预算，按当前金额可以承担。,both_low,2,2,4,low_auto_accept,independent_dwelling,four_rooms,4,52.5,synthetic_H6_like_whole_dwelling_building_area,52.5,EXPERIMENTAL_DESIGN_NOT_OBSERVED,39.473684,39.473684,39.473684,0,NOT_APPLICABLE,apartment,cn-home-0220,self_contained_four_room_thermally_aggregated,Low-rise apartment_Hangzhou_2001,CHN_Zhejiang.Hangzhou.584570_CSWD,93.307,D_selected_EB_devices_and_private_AC_zones,0,,"【v2隔离合成角色；无真人回答】cityrole-0220｜浙江慈溪市｜本户5人；独立住房设计建筑面积52.5㎡。原合成持有设备：ac,electric_water_heater,washer；本次EB纳入：ac,electric_water_heater,washer；空调持有1台，本次可控1台。","【v2隔离合成角色；无真人回答】
cityrole-0220｜浙江慈溪市｜本户5人。独立住房设计建筑面积52.5㎡。
原合成持有设备：ac,electric_water_heater,washer；本次EB纳入：ac,electric_water_heater,washer；空调持有1台，本次可控1台。
收入、电费、设备习惯与控制偏好均为实验情境；事件当天是否有人在受控房间未知。",UNKNOWN,NOT_COLLECTED,D_G_RESULTS_NOT_IN_FIXED_ROLE_CSV,UNKNOWN,1,1,1,"ac,electric_water_heater,washer","ac,electric_water_heater,washer",none
cityrole-0221,v2_control1_D_inputs,武汉市,湖北,3,2,0,sometimes_occupied,partly_home,partly_regular,19500,520,电费超出预算会挤占必要支出,本月收入已有其他固定支出安排，可灵活调整的预算较紧。,both_low,1,1,3,confirm_required,independent_dwelling,three_rooms,3,43.5,synthetic_H6_like_whole_dwelling_building_area,43.5,EXPERIMENTAL_DESIGN_NOT_OBSERVED,32.706767,32.706767,32.706767,0,NOT_APPLICABLE,apartment,cn-home-0221,self_contained_source_three_room,Low-rise apartment_Wuhan_2001,CHN_Hubei.Wuhan.574940_CSWD,17.056,D_selected_EB_devices_and_private_AC_zones,0,,"【v2隔离合成角色；无真人回答】cityrole-0221｜湖北武汉市｜本户3人；独立住房设计建筑面积43.5㎡。原合成持有设备：ac,electric_water_heater,washer；本次EB纳入：ac,electric_water_heater,washer；空调持有2台，本次可控2台。","【v2隔离合成角色；无真人回答】
cityrole-0221｜湖北武汉市｜本户3人。独立住房设计建筑面积43.5㎡。
原合成持有设备：ac,electric_water_heater,washer；本次EB纳入：ac,electric_water_heater,washer；空调持有2台，本次可控2台。
收入、电费、设备习惯与控制偏好均为实验情境；事件当天是否有人在受控房间未知。",UNKNOWN,NOT_COLLECTED,D_G_RESULTS_NOT_IN_FIXED_ROLE_CSV,UNKNOWN,2,2,2,"ac,electric_water_heater,washer","ac,electric_water_heater,washer",none
cityrole-0222,v2_control1_D_inputs,兰州市,甘肃,1,1,0,mostly_occupied,mostly_home,regular,9500,220,电费可承担，但会留意变化,本月电费可承担，但家庭会留意它的变化。,comfort_priority,1,5,3,low_auto_accept,independent_dwelling,three_rooms,3,75.0,synthetic_H6_like_whole_dwelling_building_area,75.0,EXPERIMENTAL_DESIGN_NOT_OBSERVED,56.390977,56.390977,56.390977,0,NOT_APPLICABLE,apartment,cn-home-0222,self_contained_source_three_room,Low-rise apartment_Lanzhou_2010,CHN_Gansu.Lanzhou.528890_CSWD,6.983,D_selected_EB_devices_and_private_AC_zones,0,,"【v2隔离合成角色；无真人回答】cityrole-0222｜甘肃兰州市｜本户1人；独立住房设计建筑面积75.0㎡。原合成持有设备：ac,electric_water_heater,washer；本次EB纳入：ac,electric_water_heater,washer；空调持有1台，本次可控1台。","【v2隔离合成角色；无真人回答】
cityrole-0222｜甘肃兰州市｜本户1人。独立住房设计建筑面积75.0㎡。
原合成持有设备：ac,electric_water_heater,washer；本次EB纳入：ac,electric_water_heater,washer；空调持有1台，本次可控1台。
收入、电费、设备习惯与控制偏好均为实验情境；事件当天是否有人在受控房间未知。",UNKNOWN,NOT_COLLECTED,D_G_RESULTS_NOT_IN_FIXED_ROLE_CSV,UNKNOWN,1,1,1,"ac,electric_water_heater,washer","ac,electric_water_heater,washer",none
cityrole-0223,v2_control1_D_inputs,大理市,云南,4,2,1,mostly_occupied,partly_home,partly_regular,18000,240,电费有压力，需调整其他开支,必要生活开支较多，本月电费变化容易挤占其他项目。,comfort_priority,1,5,3,low_auto_accept,independent_dwelling,three_rooms,3,138.0,synthetic_H6_like_whole_dwelling_building_area,138.0,EXPERIMENTAL_DESIGN_NOT_OBSERVED,103.759398,103.759398,103.759398,0,NOT_APPLICABLE,apartment,cn-home-0223,self_contained_source_three_room,High-rise apartment(slab type)_Lijiang_2019,CHN_Yunnan.Lijiang.566510_CSWD,141.472,D_selected_EB_devices_and_private_AC_zones,0,,"【v2隔离合成角色；无真人回答】cityrole-0223｜云南大理市｜本户4人；独立住房设计建筑面积138.0㎡。原合成持有设备：ac,dryer,electric_water_heater,washer；本次EB纳入：ac,dryer,electric_water_heater,washer；空调持有1台，本次可控1台。","【v2隔离合成角色；无真人回答】
cityrole-0223｜云南大理市｜本户4人。独立住房设计建筑面积138.0㎡。
原合成持有设备：ac,dryer,electric_water_heater,washer；本次EB纳入：ac,dryer,electric_water_heater,washer；空调持有1台，本次可控1台。
收入、电费、设备习惯与控制偏好均为实验情境；事件当天是否有人在受控房间未知。",UNKNOWN,NOT_COLLECTED,D_G_RESULTS_NOT_IN_FIXED_ROLE_CSV,UNKNOWN,1,1,1,"ac,dryer,electric_water_heater,washer","ac,dryer,electric_water_heater,washer",none
cityrole-0224,v2_control1_D_inputs,江山市,浙江,4,3,1,sometimes_occupied,varies,irregular,26000,520,电费有余量，通常不需改变开支,本月电费占可安排预算较小。,saving_priority,5,1,5,high_trust_auto,independent_dwelling,three_rooms,3,138.0,synthetic_H6_like_whole_dwelling_building_area,138.0,EXPERIMENTAL_DESIGN_NOT_OBSERVED,103.759398,103.759398,103.759398,0,NOT_APPLICABLE,apartment,cn-home-0224,self_contained_source_three_room,High-rise apartment(slab type)_Wenzhou_2010,CHN_Zhejiang.Quxian.586330_CSWD,42.368,D_selected_EB_devices_and_private_AC_zones,0,,"【v2隔离合成角色；无真人回答】cityrole-0224｜浙江江山市｜本户4人；独立住房设计建筑面积138.0㎡。原合成持有设备：ac,dryer,electric_water_heater,washer；本次EB纳入：ac,dryer,electric_water_heater,washer；空调持有1台，本次可控1台。","【v2隔离合成角色；无真人回答】
cityrole-0224｜浙江江山市｜本户4人。独立住房设计建筑面积138.0㎡。
原合成持有设备：ac,dryer,electric_water_heater,washer；本次EB纳入：ac,dryer,electric_water_heater,washer；空调持有1台，本次可控1台。
收入、电费、设备习惯与控制偏好均为实验情境；事件当天是否有人在受控房间未知。",UNKNOWN,NOT_COLLECTED,D_G_RESULTS_NOT_IN_FIXED_ROLE_CSV,UNKNOWN,1,1,1,"ac,dryer,electric_water_heater,washer","ac,dryer,electric_water_heater,washer",none
cityrole-0225,v2_control1_D_inputs,深圳市,广东,2,1,1,mostly_occupied,mostly_home,regular,6400,520,电费可承担，但会留意变化,本月电费可承担，但家庭会留意它的变化。,middle,3,3,3,confirm_required,independent_dwelling,one_room,1,69.0,synthetic_H6_like_whole_dwelling_building_area,69.0,EXPERIMENTAL_DESIGN_NOT_OBSERVED,51.879699,51.879699,51.879699,0,NOT_APPLICABLE,apartment,cn-home-0225,self_contained_openplan,High-rise apartment(slab type)_Guangzhou_2003,CHN_Guangdong.Zhengcheng.592940_CSWD,71.504,D_selected_EB_devices_and_private_AC_zones,0,,【v2隔离合成角色；无真人回答】cityrole-0225｜广东深圳市｜本户2人；独立住房设计建筑面积69.0㎡。原合成持有设备：ac；本次EB纳入：ac；空调持有1台，本次可控1台。,"【v2隔离合成角色；无真人回答】
cityrole-0225｜广东深圳市｜本户2人。独立住房设计建筑面积69.0㎡。
原合成持有设备：ac；本次EB纳入：ac；空调持有1台，本次可控1台。
收入、电费、设备习惯与控制偏好均为实验情境；事件当天是否有人在受控房间未知。",UNKNOWN,NOT_COLLECTED,D_G_RESULTS_NOT_IN_FIXED_ROLE_CSV,UNKNOWN,1,1,1,ac,ac,none
cityrole-0226,v2_control1_D_inputs,武汉市,湖北,2,2,0,variable,varies,irregular,4000,480,电费有余量，通常不需改变开支,家庭已为当前电费预留预算，按这个金额可以承担；增加用电仍需重新权衡。,both_high,4,4,4,confirm_required,independent_dwelling,two_rooms,2,69.0,synthetic_H6_like_whole_dwelling_building_area,69.0,EXPERIMENTAL_DESIGN_NOT_OBSERVED,51.879699,51.879699,51.879699,0,NOT_APPLICABLE,apartment,cn-home-0226,self_contained_openplan,Low-rise apartment_Wuhan_2010,CHN_Hubei.Wuhan.574940_CSWD,17.056,D_selected_EB_devices_and_private_AC_zones,1,m01,"【v2隔离合成角色；无真人回答】cityrole-0226｜湖北武汉市｜本户2人；独立住房设计建筑面积69.0㎡。原合成持有设备：ac,dryer,home_ev,washer；本次EB纳入：ac,dryer,home_ev,washer；空调持有1台，本次可控1台。","【v2隔离合成角色；无真人回答】
cityrole-0226｜湖北武汉市｜本户2人。独立住房设计建筑面积69.0㎡。
原合成持有设备：ac,dryer,home_ev,washer；本次EB纳入：ac,dryer,home_ev,washer；空调持有1台，本次可控1台。
收入、电费、设备习惯与控制偏好均为实验情境；事件当天是否有人在受控房间未知。",UNKNOWN,NOT_COLLECTED,D_G_RESULTS_NOT_IN_FIXED_ROLE_CSV,UNKNOWN,1,1,1,"ac,dryer,home_ev,washer","ac,dryer,home_ev,washer",none
cityrole-0227,v2_control1_D_inputs,开封市,河南,2,2,0,mostly_occupied,mostly_home,regular,9000,120,电费不构成当前预算约束,本月电费占可安排预算较小。,middle,3,3,2,confirm_required,independent_dwelling,four_rooms,4,150.0,synthetic_H6_like_whole_dwelling_building_area,150.0,EXPERIMENTAL_DESIGN_NOT_OBSERVED,112.781955,112.781955,112.781955,0,NOT_APPLICABLE,apartment,cn-home-0227,self_contained_four_room_thermally_aggregated,High-rise apartment(slab type)_Zhengzhou_2018,CHN_Henan.Zhengzhou.570830_CSWD,63.974,D_selected_EB_devices_and_private_AC_zones,0,,"【v2隔离合成角色；无真人回答】cityrole-0227｜河南开封市｜本户2人；独立住房设计建筑面积150.0㎡。原合成持有设备：ac,washer；本次EB纳入：ac,washer；空调持有1台，本次可控1台。","【v2隔离合成角色；无真人回答】
cityrole-0227｜河南开封市｜本户2人。独立住房设计建筑面积150.0㎡。
原合成持有设备：ac,washer；本次EB纳入：ac,washer；空调持有1台，本次可控1台。
收入、电费、设备习惯与控制偏好均为实验情境；事件当天是否有人在受控房间未知。",UNKNOWN,NOT_COLLECTED,D_G_RESULTS_NOT_IN_FIXED_ROLE_CSV,UNKNOWN,1,1,1,"ac,washer","ac,washer",none
cityrole-0228,v2_control1_D_inputs,广州市,广东,6,3,0,mostly_occupied,partly_home,irregular,57000,720,电费有压力，需调整其他开支,本月收入已有其他固定支出安排，可灵活调整的预算较紧。,comfort_priority,2,4,3,confirm_required,independent_dwelling,two_rooms,2,63.0,synthetic_H6_like_whole_dwelling_building_area,63.0,EXPERIMENTAL_DESIGN_NOT_OBSERVED,47.368421,47.368421,47.368421,0,NOT_APPLICABLE,apartment,cn-home-0228,self_contained_openplan,High-rise apartment(slab type)_Guangzhou_2003,CHN_Guangdong.Guangzhou.592870_CSWD,5.46,D_selected_EB_devices_and_private_AC_zones,0,,"【v2隔离合成角色；无真人回答】cityrole-0228｜广东广州市｜本户6人；独立住房设计建筑面积63.0㎡。原合成持有设备：ac,electric_water_heater,washer；本次EB纳入：ac,electric_water_heater,washer；空调持有1台，本次可控1台。","【v2隔离合成角色；无真人回答】
cityrole-0228｜广东广州市｜本户6人。独立住房设计建筑面积63.0㎡。
原合成持有设备：ac,electric_water_heater,washer；本次EB纳入：ac,electric_water_heater,washer；空调持有1台，本次可控1台。
收入、电费、设备习惯与控制偏好均为实验情境；事件当天是否有人在受控房间未知。",UNKNOWN,NOT_COLLECTED,D_G_RESULTS_NOT_IN_FIXED_ROLE_CSV,UNKNOWN,1,1,1,"ac,electric_water_heater,washer","ac,electric_water_heater,washer",none
cityrole-0229,v2_control1_D_inputs,诸暨市,浙江,2,1,0,sometimes_occupied,partly_home,partly_regular,4000,120,电费不构成当前预算约束,本月电费已列入预算，按当前金额可以承担。,both_high,4,4,3,high_trust_auto,independent_dwelling,one_room,1,69.0,synthetic_H6_like_whole_dwelling_building_area,69.0,EXPERIMENTAL_DESIGN_NOT_OBSERVED,51.879699,51.879699,51.879699,0,NOT_APPLICABLE,apartment,cn-home-0229,self_contained_openplan,Low-rise apartment_Hangzhou_2001,CHN_Zhejiang.Hangzhou.584570_CSWD,57.23,D_selected_EB_devices_and_private_AC_zones,0,,【v2隔离合成角色；无真人回答】cityrole-0229｜浙江诸暨市｜本户2人；独立住房设计建筑面积69.0㎡。原合成持有设备：ac；本次EB纳入：ac；空调持有1台，本次可控1台。,"【v2隔离合成角色；无真人回答】
cityrole-0229｜浙江诸暨市｜本户2人。独立住房设计建筑面积69.0㎡。
原合成持有设备：ac；本次EB纳入：ac；空调持有1台，本次可控1台。
收入、电费、设备习惯与控制偏好均为实验情境；事件当天是否有人在受控房间未知。",UNKNOWN,NOT_COLLECTED,D_G_RESULTS_NOT_IN_FIXED_ROLE_CSV,UNKNOWN,1,1,1,ac,ac,none
cityrole-0230,v2_control1_D_inputs,衡水市,河北,1,1,0,sometimes_occupied,partly_home,partly_regular,9500,120,电费有余量，通常不需改变开支,本月电费占可安排预算较小。,middle,3,3,2,high_trust_auto,independent_dwelling,three_rooms,3,64.5,synthetic_H6_like_whole_dwelling_building_area,64.5,EXPERIMENTAL_DESIGN_NOT_OBSERVED,48.496241,48.496241,48.496241,0,NOT_APPLICABLE,apartment,cn-home-0230,self_contained_source_three_room,Low-rise apartment_Raoyang_1995,CHN_Hebei.Raoyang.546060_CSWD,54.988,D_selected_EB_devices_and_private_AC_zones,0,,"【v2隔离合成角色；无真人回答】cityrole-0230｜河北衡水市｜本户1人；独立住房设计建筑面积64.5㎡。原合成持有设备：ac,dryer,washer；本次EB纳入：ac,dryer,washer；空调持有1台，本次可控1台。","【v2隔离合成角色；无真人回答】
cityrole-0230｜河北衡水市｜本户1人。独立住房设计建筑面积64.5㎡。
原合成持有设备：ac,dryer,washer；本次EB纳入：ac,dryer,washer；空调持有1台，本次可控1台。
收入、电费、设备习惯与控制偏好均为实验情境；事件当天是否有人在受控房间未知。",UNKNOWN,NOT_COLLECTED,D_G_RESULTS_NOT_IN_FIXED_ROLE_CSV,UNKNOWN,1,1,1,"ac,dryer,washer","ac,dryer,washer",none
cityrole-0231,v2_control1_D_inputs,广州市,广东,2,1,0,variable,varies,irregular,6400,360,电费有余量，通常不需改变开支,本月电费已列入预算，按当前金额可以承担。,middle,3,3,4,low_auto_accept,independent_dwelling,three_rooms,3,49.0,synthetic_H6_like_whole_dwelling_building_area,49.0,EXPERIMENTAL_DESIGN_NOT_OBSERVED,36.842105,36.842105,36.842105,0,NOT_APPLICABLE,apartment,cn-home-0231,self_contained_source_three_room,High-rise apartment(slab type)_Guangzhou_2003,CHN_Guangdong.Guangzhou.592870_CSWD,5.46,D_selected_EB_devices_and_private_AC_zones,0,,"【v2隔离合成角色；无真人回答】cityrole-0231｜广东广州市｜本户2人；独立住房设计建筑面积49.0㎡。原合成持有设备：electric_water_heater,washer；本次EB纳入：electric_water_heater,washer；空调持有0台，本次可控0台。","【v2隔离合成角色；无真人回答】
cityrole-0231｜广东广州市｜本户2人。独立住房设计建筑面积49.0㎡。
原合成持有设备：electric_water_heater,washer；本次EB纳入：electric_water_heater,washer；空调持有0台，本次可控0台。
收入、电费、设备习惯与控制偏好均为实验情境；事件当天是否有人在受控房间未知。",UNKNOWN,NOT_COLLECTED,D_G_RESULTS_NOT_IN_FIXED_ROLE_CSV,UNKNOWN,0,0,0,"electric_water_heater,washer","electric_water_heater,washer",none
cityrole-0232,v2_control1_D_inputs,温州市,浙江,1,1,1,mostly_occupied,mostly_home,regular,2000,120,电费超出预算会挤占必要支出,必要生活开支较多，本月电费变化容易挤占其他项目。,middle,3,3,4,confirm_required,shared_dwelling_private_rooms_with_allocated_common_area,two_rooms,2,24.5,synthetic_H6_like_household_attributed_building_area_in_shared_dwelling,42.034893,EXPERIMENTAL_DESIGN_NOT_OBSERVED,23.275,39.933148,12.071924,11.203076,UNKNOWN,apartment,cn-home-0232,shared_flat_private_rooms,High-rise apartment(slab type)_Wenzhou_2001,CHN_Zhejiang.Wenzhou.586590_CSWD,2.523,D_selected_EB_devices_and_private_AC_zones,0,,"【v2隔离合成角色；无真人回答】cityrole-0232｜浙江温州市｜本户1人；合住：本户H6归属建筑面积24.5㎡；整套设计建筑面积42.034893㎡。其他住户人数未知。原合成持有设备：ac,washer；本次EB纳入：ac；空调持有1台，本次可控1台。","【v2隔离合成角色；无真人回答】
cityrole-0232｜浙江温州市｜本户1人。合住：本户H6归属建筑面积24.5㎡；整套设计建筑面积42.034893㎡。其他住户人数未知。
原合成持有设备：ac,washer；本次EB纳入：ac；空调持有1台，本次可控1台。
收入、电费、设备习惯与控制偏好均为实验情境；事件当天是否有人在受控房间未知。",UNKNOWN,NOT_COLLECTED,D_G_RESULTS_NOT_IN_FIXED_ROLE_CSV,UNKNOWN,1,1,1,"ac,washer",ac,washer
cityrole-0233,v2_control1_D_inputs,仙桃市,湖北,1,1,0,variable,varies,irregular,9500,720,电费有余量，通常不需改变开支,本月电费占可安排预算较小。,comfort_priority,1,5,1,confirm_required,independent_dwelling,three_rooms,3,75.0,synthetic_H6_like_whole_dwelling_building_area,75.0,EXPERIMENTAL_DESIGN_NOT_OBSERVED,56.390977,56.390977,56.390977,0,NOT_APPLICABLE,apartment,cn-home-0233,self_contained_source_three_room,Low-rise apartment_Wuhan_2001,CHN_Hubei.Wuhan.574940_CSWD,70.439,D_selected_EB_devices_and_private_AC_zones,0,,"【v2隔离合成角色；无真人回答】cityrole-0233｜湖北仙桃市｜本户1人；独立住房设计建筑面积75.0㎡。原合成持有设备：ac,electric_water_heater,washer；本次EB纳入：ac,electric_water_heater,washer；空调持有2台，本次可控2台。","【v2隔离合成角色；无真人回答】
cityrole-0233｜湖北仙桃市｜本户1人。独立住房设计建筑面积75.0㎡。
原合成持有设备：ac,electric_water_heater,washer；本次EB纳入：ac,electric_water_heater,washer；空调持有2台，本次可控2台。
收入、电费、设备习惯与控制偏好均为实验情境；事件当天是否有人在受控房间未知。",UNKNOWN,NOT_COLLECTED,D_G_RESULTS_NOT_IN_FIXED_ROLE_CSV,UNKNOWN,2,2,2,"ac,electric_water_heater,washer","ac,electric_water_heater,washer",none
cityrole-0234,v2_control1_D_inputs,肇东市,黑龙江,1,1,1,mostly_occupied,mostly_home,regular,4500,220,电费超出预算会挤占必要支出,必要生活开支较多，本月电费变化容易挤占其他项目。,saving_priority,5,1,5,low_auto_accept,independent_dwelling,three_rooms,3,44.5,synthetic_H6_like_whole_dwelling_building_area,44.5,EXPERIMENTAL_DESIGN_NOT_OBSERVED,33.458647,33.458647,33.458647,0,NOT_APPLICABLE,apartment,cn-home-0234,self_contained_source_three_room,Low-rise apartment_Anda_2018,CHN_Heilongjiang.Anda.508540_CSWD,62.107,D_selected_EB_devices_and_private_AC_zones,0,,"【v2隔离合成角色；无真人回答】cityrole-0234｜黑龙江肇东市｜本户1人；独立住房设计建筑面积44.5㎡。原合成持有设备：ac,washer；本次EB纳入：ac,washer；空调持有1台，本次可控1台。","【v2隔离合成角色；无真人回答】
cityrole-0234｜黑龙江肇东市｜本户1人。独立住房设计建筑面积44.5㎡。
原合成持有设备：ac,washer；本次EB纳入：ac,washer；空调持有1台，本次可控1台。
收入、电费、设备习惯与控制偏好均为实验情境；事件当天是否有人在受控房间未知。",UNKNOWN,NOT_COLLECTED,D_G_RESULTS_NOT_IN_FIXED_ROLE_CSV,UNKNOWN,1,1,1,"ac,washer","ac,washer",none
cityrole-0235,v2_control1_D_inputs,重庆市,重庆,1,1,0,sometimes_occupied,partly_home,partly_regular,9500,720,电费有余量，通常不需改变开支,本月电费占可安排预算较小。,both_low,1,1,5,confirm_required,independent_dwelling,two_rooms,2,75.0,synthetic_H6_like_whole_dwelling_building_area,75.0,EXPERIMENTAL_DESIGN_NOT_OBSERVED,56.390977,56.390977,56.390977,0,NOT_APPLICABLE,apartment,cn-home-0235,self_contained_openplan,Low-rise apartment_Youyang_2001,CHN_Chongqing.Chongqing.Shapingba.575160_CSWD,5.879,D_selected_EB_devices_and_private_AC_zones,0,,"【v2隔离合成角色；无真人回答】cityrole-0235｜重庆重庆市｜本户1人；独立住房设计建筑面积75.0㎡。原合成持有设备：dryer,washer；本次EB纳入：dryer,washer；空调持有0台，本次可控0台。","【v2隔离合成角色；无真人回答】
cityrole-0235｜重庆重庆市｜本户1人。独立住房设计建筑面积75.0㎡。
原合成持有设备：dryer,washer；本次EB纳入：dryer,washer；空调持有0台，本次可控0台。
收入、电费、设备习惯与控制偏好均为实验情境；事件当天是否有人在受控房间未知。",UNKNOWN,NOT_COLLECTED,D_G_RESULTS_NOT_IN_FIXED_ROLE_CSV,UNKNOWN,0,0,0,"dryer,washer","dryer,washer",none
cityrole-0236,v2_control1_D_inputs,深圳市,广东,2,1,0,variable,varies,irregular,9000,360,电费不构成当前预算约束,本月电费占可安排预算较小。,comfort_priority,2,4,4,high_trust_auto,independent_dwelling,one_room,1,49.0,synthetic_H6_like_whole_dwelling_building_area,49.0,EXPERIMENTAL_DESIGN_NOT_OBSERVED,36.842105,36.842105,36.842105,0,NOT_APPLICABLE,apartment,cn-home-0236,self_contained_openplan,Low-rise apartment_Guangzhou_2003,CHN_Guangdong.Zhengcheng.592940_CSWD,71.504,D_selected_EB_devices_and_private_AC_zones,0,,"【v2隔离合成角色；无真人回答】cityrole-0236｜广东深圳市｜本户2人；独立住房设计建筑面积49.0㎡。原合成持有设备：ac,washer；本次EB纳入：ac,washer；空调持有1台，本次可控1台。","【v2隔离合成角色；无真人回答】
cityrole-0236｜广东深圳市｜本户2人。独立住房设计建筑面积49.0㎡。
原合成持有设备：ac,washer；本次EB纳入：ac,washer；空调持有1台，本次可控1台。
收入、电费、设备习惯与控制偏好均为实验情境；事件当天是否有人在受控房间未知。",UNKNOWN,NOT_COLLECTED,D_G_RESULTS_NOT_IN_FIXED_ROLE_CSV,UNKNOWN,1,1,1,"ac,washer","ac,washer",none
cityrole-0237,v2_control1_D_inputs,南京市,江苏,1,1,0,mostly_occupied,mostly_home,regular,9500,120,电费不构成当前预算约束,本月电费占可安排预算较小。,saving_priority,4,2,4,high_trust_auto,independent_dwelling,one_room,1,64.5,synthetic_H6_like_whole_dwelling_building_area,64.5,EXPERIMENTAL_DESIGN_NOT_OBSERVED,48.496241,48.496241,48.496241,0,NOT_APPLICABLE,apartment,cn-home-0237,self_contained_openplan,High-rise apartment(slab type)_Nanjing_2001,CHN_Jiangsu.Nanjing.582380_CSWD,88.368,D_selected_EB_devices_and_private_AC_zones,0,,"【v2隔离合成角色；无真人回答】cityrole-0237｜江苏南京市｜本户1人；独立住房设计建筑面积64.5㎡。原合成持有设备：ac,washer；本次EB纳入：ac,washer；空调持有2台，本次可控2台。","【v2隔离合成角色；无真人回答】
cityrole-0237｜江苏南京市｜本户1人。独立住房设计建筑面积64.5㎡。
原合成持有设备：ac,washer；本次EB纳入：ac,washer；空调持有2台，本次可控2台。
收入、电费、设备习惯与控制偏好均为实验情境；事件当天是否有人在受控房间未知。",UNKNOWN,NOT_COLLECTED,D_G_RESULTS_NOT_IN_FIXED_ROLE_CSV,UNKNOWN,2,2,2,"ac,washer","ac,washer",none
cityrole-0238,v2_control1_D_inputs,泰安市,山东,1,1,0,variable,varies,irregular,2000,240,电费有压力，需调整其他开支,必要生活开支较多，本月电费变化容易挤占其他项目。,both_low,2,2,2,low_auto_accept,independent_dwelling,one_room,1,24.5,synthetic_H6_like_whole_dwelling_building_area,24.5,EXPERIMENTAL_DESIGN_NOT_OBSERVED,18.421053,18.421053,18.421053,0,NOT_APPLICABLE,apartment,cn-home-0238,self_contained_openplan,Low-rise apartment_Jinan_2010,CHN_Shandong.Jinan.548230_CSWD,46.059,D_selected_EB_devices_and_private_AC_zones,0,,【v2隔离合成角色；无真人回答】cityrole-0238｜山东泰安市｜本户1人；独立住房设计建筑面积24.5㎡。原合成持有设备：ac；本次EB纳入：ac；空调持有1台，本次可控1台。,"【v2隔离合成角色；无真人回答】
cityrole-0238｜山东泰安市｜本户1人。独立住房设计建筑面积24.5㎡。
原合成持有设备：ac；本次EB纳入：ac；空调持有1台，本次可控1台。
收入、电费、设备习惯与控制偏好均为实验情境；事件当天是否有人在受控房间未知。",UNKNOWN,NOT_COLLECTED,D_G_RESULTS_NOT_IN_FIXED_ROLE_CSV,UNKNOWN,1,1,1,ac,ac,none
cityrole-0239,v2_control1_D_inputs,潮州市,广东,2,1,1,sometimes_occupied,partly_home,partly_regular,6400,360,电费超出预算会挤占必要支出,必要生活开支较多，本月电费变化容易挤占其他项目。,saving_priority,4,2,2,low_auto_accept,independent_dwelling,two_rooms,2,49.0,synthetic_H6_like_whole_dwelling_building_area,49.0,EXPERIMENTAL_DESIGN_NOT_OBSERVED,36.842105,36.842105,36.842105,0,NOT_APPLICABLE,apartment,cn-home-0239,self_contained_openplan,Low-rise apartment_Shantou_2003,CHN_Guangdong.Shantou.593160_CSWD,46.236,D_selected_EB_devices_and_private_AC_zones,0,,"【v2隔离合成角色；无真人回答】cityrole-0239｜广东潮州市｜本户2人；独立住房设计建筑面积49.0㎡。原合成持有设备：ac,electric_water_heater,washer；本次EB纳入：ac,electric_water_heater,washer；空调持有1台，本次可控1台。","【v2隔离合成角色；无真人回答】
cityrole-0239｜广东潮州市｜本户2人。独立住房设计建筑面积49.0㎡。
原合成持有设备：ac,electric_water_heater,washer；本次EB纳入：ac,electric_water_heater,washer；空调持有1台，本次可控1台。
收入、电费、设备习惯与控制偏好均为实验情境；事件当天是否有人在受控房间未知。",UNKNOWN,NOT_COLLECTED,D_G_RESULTS_NOT_IN_FIXED_ROLE_CSV,UNKNOWN,1,1,1,"ac,electric_water_heater,washer","ac,electric_water_heater,washer",none
cityrole-0240,v2_control1_D_inputs,湘潭市,湖南,6,3,0,mostly_occupied,partly_home,partly_regular,57000,360,电费超出预算会挤占必要支出,本月收入已有其他固定支出安排，可灵活调整的预算较紧。,both_high,4,4,2,high_trust_auto,independent_dwelling,three_rooms,3,147.0,synthetic_H6_like_whole_dwelling_building_area,147.0,EXPERIMENTAL_DESIGN_NOT_OBSERVED,110.526316,110.526316,110.526316,0,NOT_APPLICABLE,apartment,cn-home-0240,self_contained_source_three_room,Low-rise apartment_Zhuzhou_2001,CHN_Hunan.Zhuzhou.577800_CSWD,22.733,D_selected_EB_devices_and_private_AC_zones,1,m04,"【v2隔离合成角色；无真人回答】cityrole-0240｜湖南湘潭市｜本户6人；独立住房设计建筑面积147.0㎡。原合成持有设备：electric_water_heater,home_ev,washer；本次EB纳入：electric_water_heater,home_ev,washer；空调持有0台，本次可控0台。","【v2隔离合成角色；无真人回答】
cityrole-0240｜湖南湘潭市｜本户6人。独立住房设计建筑面积147.0㎡。
原合成持有设备：electric_water_heater,home_ev,washer；本次EB纳入：electric_water_heater,home_ev,washer；空调持有0台，本次可控0台。
收入、电费、设备习惯与控制偏好均为实验情境；事件当天是否有人在受控房间未知。",UNKNOWN,NOT_COLLECTED,D_G_RESULTS_NOT_IN_FIXED_ROLE_CSV,UNKNOWN,0,0,0,"electric_water_heater,home_ev,washer","electric_water_heater,home_ev,washer",none
cityrole-0241,v2_control1_D_inputs,西安市,陕西,5,3,1,mostly_occupied,partly_home,irregular,47500,720,电费有余量，通常不需改变开支,本月电费占可安排预算较小。,comfort_priority,1,5,2,low_auto_accept,independent_dwelling,three_rooms,3,122.5,synthetic_H6_like_whole_dwelling_building_area,122.5,EXPERIMENTAL_DESIGN_NOT_OBSERVED,92.105263,92.105263,92.105263,0,NOT_APPLICABLE,apartment,cn-home-0241,self_contained_source_three_room,Low-rise apartment_Xian_2010,CHN_Shaanxi.Xian.570360_CSWD,5.251,D_selected_EB_devices_and_private_AC_zones,0,,"【v2隔离合成角色；无真人回答】cityrole-0241｜陕西西安市｜本户5人；独立住房设计建筑面积122.5㎡。原合成持有设备：ac,dishwasher,electric_water_heater,washer；本次EB纳入：ac,dishwasher,electric_water_heater,washer；空调持有2台，本次可控2台。","【v2隔离合成角色；无真人回答】
cityrole-0241｜陕西西安市｜本户5人。独立住房设计建筑面积122.5㎡。
原合成持有设备：ac,dishwasher,electric_water_heater,washer；本次EB纳入：ac,dishwasher,electric_water_heater,washer；空调持有2台，本次可控2台。
收入、电费、设备习惯与控制偏好均为实验情境；事件当天是否有人在受控房间未知。",UNKNOWN,NOT_COLLECTED,D_G_RESULTS_NOT_IN_FIXED_ROLE_CSV,UNKNOWN,2,2,2,"ac,dishwasher,electric_water_heater,washer","ac,dishwasher,electric_water_heater,washer",none
cityrole-0242,v2_control1_D_inputs,宝鸡市,陕西,2,2,0,mostly_occupied,partly_home,partly_regular,6400,120,电费不构成当前预算约束,本月电费已列入预算，按当前金额可以承担。,comfort_priority,1,5,5,high_trust_auto,independent_dwelling,three_rooms,3,150.0,synthetic_H6_like_whole_dwelling_building_area,150.0,EXPERIMENTAL_DESIGN_NOT_OBSERVED,112.781955,112.781955,112.781955,0,NOT_APPLICABLE,apartment,cn-home-0242,self_contained_source_three_room,Low-rise apartment_Hanzhong_2001,CHN_Shaanxi.Hanzhong.571270_CSWD,145.078,D_selected_EB_devices_and_private_AC_zones,0,,"【v2隔离合成角色；无真人回答】cityrole-0242｜陕西宝鸡市｜本户2人；独立住房设计建筑面积150.0㎡。原合成持有设备：ac,washer；本次EB纳入：ac,washer；空调持有1台，本次可控1台。","【v2隔离合成角色；无真人回答】
cityrole-0242｜陕西宝鸡市｜本户2人。独立住房设计建筑面积150.0㎡。
原合成持有设备：ac,washer；本次EB纳入：ac,washer；空调持有1台，本次可控1台。
收入、电费、设备习惯与控制偏好均为实验情境；事件当天是否有人在受控房间未知。",UNKNOWN,NOT_COLLECTED,D_G_RESULTS_NOT_IN_FIXED_ROLE_CSV,UNKNOWN,1,1,1,"ac,washer","ac,washer",none
cityrole-0243,v2_control1_D_inputs,南阳市,河南,3,2,0,mostly_occupied,partly_home,irregular,6000,720,电费有压力，需调整其他开支,必要生活开支较多，本月电费变化容易挤占其他项目。,both_low,1,1,1,confirm_required,independent_dwelling,five_or_more_rooms,5,73.5,synthetic_H6_like_whole_dwelling_building_area,73.5,EXPERIMENTAL_DESIGN_NOT_OBSERVED,55.263158,55.263158,55.263158,0,NOT_APPLICABLE,rowhouse,cn-home-0243,terraced_five_room_inferred,Terraced house_Nanyang_2010,CHN_Henan.Nanyang.571780_CSWD,6.005,D_selected_EB_devices_and_private_AC_zones,0,,"【v2隔离合成角色；无真人回答】cityrole-0243｜河南南阳市｜本户3人；独立住房设计建筑面积73.5㎡。原合成持有设备：ac,dishwasher,washer；本次EB纳入：ac,dishwasher,washer；空调持有1台，本次可控1台。","【v2隔离合成角色；无真人回答】
cityrole-0243｜河南南阳市｜本户3人。独立住房设计建筑面积73.5㎡。
原合成持有设备：ac,dishwasher,washer；本次EB纳入：ac,dishwasher,washer；空调持有1台，本次可控1台。
收入、电费、设备习惯与控制偏好均为实验情境；事件当天是否有人在受控房间未知。",UNKNOWN,NOT_COLLECTED,D_G_RESULTS_NOT_IN_FIXED_ROLE_CSV,UNKNOWN,1,1,1,"ac,dishwasher,washer","ac,dishwasher,washer",none
cityrole-0244,v2_control1_D_inputs,阜阳市,安徽,1,1,1,sometimes_occupied,partly_home,partly_regular,9500,220,电费不构成当前预算约束,本月电费占可安排预算较小。,saving_priority,5,1,2,high_trust_auto,independent_dwelling,one_room,1,75.0,synthetic_H6_like_whole_dwelling_building_area,75.0,EXPERIMENTAL_DESIGN_NOT_OBSERVED,56.390977,56.390977,56.390977,0,NOT_APPLICABLE,apartment,cn-home-0244,self_contained_openplan,Low-rise apartment_Shouxian_2010,CHN_Anhui.Shouxian.582150_CSWD,97.453,D_selected_EB_devices_and_private_AC_zones,0,,"【v2隔离合成角色；无真人回答】cityrole-0244｜安徽阜阳市｜本户1人；独立住房设计建筑面积75.0㎡。原合成持有设备：electric_water_heater,washer；本次EB纳入：electric_water_heater,washer；空调持有0台，本次可控0台。","【v2隔离合成角色；无真人回答】
cityrole-0244｜安徽阜阳市｜本户1人。独立住房设计建筑面积75.0㎡。
原合成持有设备：electric_water_heater,washer；本次EB纳入：electric_water_heater,washer；空调持有0台，本次可控0台。
收入、电费、设备习惯与控制偏好均为实验情境；事件当天是否有人在受控房间未知。",UNKNOWN,NOT_COLLECTED,D_G_RESULTS_NOT_IN_FIXED_ROLE_CSV,UNKNOWN,0,0,0,"electric_water_heater,washer","electric_water_heater,washer",none
cityrole-0245,v2_control1_D_inputs,杭州市,浙江,2,1,0,mostly_occupied,partly_home,partly_regular,4000,120,电费不构成当前预算约束,本月电费已列入预算，按当前金额可以承担。,both_high,5,5,4,confirm_required,independent_dwelling,two_rooms,2,89.0,synthetic_H6_like_whole_dwelling_building_area,89.0,EXPERIMENTAL_DESIGN_NOT_OBSERVED,66.917293,66.917293,66.917293,0,NOT_APPLICABLE,apartment,cn-home-0245,self_contained_openplan,Low-rise apartment_Hangzhou_2001,CHN_Zhejiang.Hangzhou.584570_CSWD,9.662,D_selected_EB_devices_and_private_AC_zones,0,,"【v2隔离合成角色；无真人回答】cityrole-0245｜浙江杭州市｜本户2人；独立住房设计建筑面积89.0㎡。原合成持有设备：ac,electric_water_heater,washer；本次EB纳入：ac,electric_water_heater,washer；空调持有2台，本次可控2台。","【v2隔离合成角色；无真人回答】
cityrole-0245｜浙江杭州市｜本户2人。独立住房设计建筑面积89.0㎡。
原合成持有设备：ac,electric_water_heater,washer；本次EB纳入：ac,electric_water_heater,washer；空调持有2台，本次可控2台。
收入、电费、设备习惯与控制偏好均为实验情境；事件当天是否有人在受控房间未知。",UNKNOWN,NOT_COLLECTED,D_G_RESULTS_NOT_IN_FIXED_ROLE_CSV,UNKNOWN,2,2,2,"ac,electric_water_heater,washer","ac,electric_water_heater,washer",none
cityrole-0246,v2_control1_D_inputs,广州市,广东,1,1,0,mostly_absent,mostly_home,regular,4500,520,电费超出预算会挤占必要支出,必要生活开支较多，本月电费变化容易挤占其他项目。,both_high,4,4,2,low_auto_accept,independent_dwelling,two_rooms,2,75.0,synthetic_H6_like_whole_dwelling_building_area,75.0,EXPERIMENTAL_DESIGN_NOT_OBSERVED,56.390977,56.390977,56.390977,0,NOT_APPLICABLE,apartment,cn-home-0246,self_contained_openplan,Low-rise apartment_Guangzhou_2003,CHN_Guangdong.Guangzhou.592870_CSWD,5.46,D_selected_EB_devices_and_private_AC_zones,0,,"【v2隔离合成角色；无真人回答】cityrole-0246｜广东广州市｜本户1人；独立住房设计建筑面积75.0㎡。原合成持有设备：dryer,electric_water_heater,washer；本次EB纳入：dryer,electric_water_heater,washer；空调持有0台，本次可控0台。","【v2隔离合成角色；无真人回答】
cityrole-0246｜广东广州市｜本户1人。独立住房设计建筑面积75.0㎡。
原合成持有设备：dryer,electric_water_heater,washer；本次EB纳入：dryer,electric_water_heater,washer；空调持有0台，本次可控0台。
收入、电费、设备习惯与控制偏好均为实验情境；事件当天是否有人在受控房间未知。",UNKNOWN,NOT_COLLECTED,D_G_RESULTS_NOT_IN_FIXED_ROLE_CSV,UNKNOWN,0,0,0,"dryer,electric_water_heater,washer","dryer,electric_water_heater,washer",none
cityrole-0247,v2_control1_D_inputs,扬州市,江苏,6,3,0,mostly_occupied,partly_home,partly_regular,57000,120,电费有压力，需调整其他开支,本月收入已有其他固定支出安排，可灵活调整的预算较紧。,comfort_priority,2,4,3,low_auto_accept,independent_dwelling,three_rooms,3,207.0,synthetic_H6_like_whole_dwelling_building_area,207.0,EXPERIMENTAL_DESIGN_NOT_OBSERVED,155.639098,155.639098,155.639098,0,NOT_APPLICABLE,apartment,cn-home-0247,self_contained_source_three_room,Low-rise apartment_Nanjing_2001,CHN_Jiangsu.Nanjing.582380_CSWD,75.813,D_selected_EB_devices_and_private_AC_zones,0,,"【v2隔离合成角色；无真人回答】cityrole-0247｜江苏扬州市｜本户6人；独立住房设计建筑面积207.0㎡。原合成持有设备：ac,washer；本次EB纳入：ac,washer；空调持有1台，本次可控1台。","【v2隔离合成角色；无真人回答】
cityrole-0247｜江苏扬州市｜本户6人。独立住房设计建筑面积207.0㎡。
原合成持有设备：ac,washer；本次EB纳入：ac,washer；空调持有1台，本次可控1台。
收入、电费、设备习惯与控制偏好均为实验情境；事件当天是否有人在受控房间未知。",UNKNOWN,NOT_COLLECTED,D_G_RESULTS_NOT_IN_FIXED_ROLE_CSV,UNKNOWN,1,1,1,"ac,washer","ac,washer",none
cityrole-0248,v2_control1_D_inputs,抚顺市,辽宁,1,1,0,variable,varies,irregular,6500,520,电费可承担，但会留意变化,本月电费可承担，但家庭会留意它的变化。,both_high,4,4,4,low_auto_accept,independent_dwelling,one_room,1,75.0,synthetic_H6_like_whole_dwelling_building_area,75.0,EXPERIMENTAL_DESIGN_NOT_OBSERVED,56.390977,56.390977,56.390977,0,NOT_APPLICABLE,apartment,cn-home-0248,self_contained_openplan,Low-rise apartment_Shenyang_2010,CHN_Liaoning.Shenyang.543420_CSWD,42.709,D_selected_EB_devices_and_private_AC_zones,0,,"【v2隔离合成角色；无真人回答】cityrole-0248｜辽宁抚顺市｜本户1人；独立住房设计建筑面积75.0㎡。原合成持有设备：electric_water_heater,washer；本次EB纳入：electric_water_heater,washer；空调持有0台，本次可控0台。","【v2隔离合成角色；无真人回答】
cityrole-0248｜辽宁抚顺市｜本户1人。独立住房设计建筑面积75.0㎡。
原合成持有设备：electric_water_heater,washer；本次EB纳入：electric_water_heater,washer；空调持有0台，本次可控0台。
收入、电费、设备习惯与控制偏好均为实验情境；事件当天是否有人在受控房间未知。",UNKNOWN,NOT_COLLECTED,D_G_RESULTS_NOT_IN_FIXED_ROLE_CSV,UNKNOWN,0,0,0,"electric_water_heater,washer","electric_water_heater,washer",none
cityrole-0249,v2_control1_D_inputs,广州市,广东,3,2,1,mostly_occupied,partly_home,irregular,9600,360,电费超出预算会挤占必要支出,必要生活开支较多，本月电费变化容易挤占其他项目。,comfort_priority,2,4,4,low_auto_accept,shared_dwelling_private_rooms_with_allocated_common_area,two_rooms,2,24.0,synthetic_H6_like_household_attributed_building_area_in_shared_dwelling,41.177038,EXPERIMENTAL_DESIGN_NOT_OBSERVED,22.8,39.118186,11.825558,10.974442,UNKNOWN,apartment,cn-home-0249,shared_flat_private_rooms,High-rise apartment(slab type)_Guangzhou_2003,CHN_Guangdong.Guangzhou.592870_CSWD,5.46,D_selected_EB_devices_and_private_AC_zones,0,,"【v2隔离合成角色；无真人回答】cityrole-0249｜广东广州市｜本户3人；合住：本户H6归属建筑面积24.0㎡；整套设计建筑面积41.177038㎡。其他住户人数未知。原合成持有设备：ac,electric_water_heater,washer；本次EB纳入：ac；空调持有2台，本次可控1台。","【v2隔离合成角色；无真人回答】
cityrole-0249｜广东广州市｜本户3人。合住：本户H6归属建筑面积24.0㎡；整套设计建筑面积41.177038㎡。其他住户人数未知。
原合成持有设备：ac,electric_water_heater,washer；本次EB纳入：ac；空调持有2台，本次可控1台。
收入、电费、设备习惯与控制偏好均为实验情境；事件当天是否有人在受控房间未知。",UNKNOWN,NOT_COLLECTED,D_G_RESULTS_NOT_IN_FIXED_ROLE_CSV,UNKNOWN,2,1,1,"ac,electric_water_heater,washer",ac,"electric_water_heater,washer"
cityrole-0250,v2_control1_D_inputs,鹤岗市,黑龙江,1,1,0,sometimes_occupied,partly_home,partly_regular,4500,540,电费不构成当前预算约束,家庭已为当前电费预留预算，按这个金额可以承担；增加用电仍需重新权衡。,middle,3,3,1,confirm_required,independent_dwelling,two_rooms,2,75.0,synthetic_H6_like_whole_dwelling_building_area,75.0,EXPERIMENTAL_DESIGN_NOT_OBSERVED,56.390977,56.390977,56.390977,0,NOT_APPLICABLE,apartment,cn-home-0250,self_contained_openplan,High-rise apartment(slab type)_Jiamusi_2010,CHN_Heilongjiang.Jiamusi.508730_CSWD,54.047,D_selected_EB_devices_and_private_AC_zones,0,,"【v2隔离合成角色；无真人回答】cityrole-0250｜黑龙江鹤岗市｜本户1人；独立住房设计建筑面积75.0㎡。原合成持有设备：electric_water_heater,washer；本次EB纳入：electric_water_heater,washer；空调持有0台，本次可控0台。","【v2隔离合成角色；无真人回答】
cityrole-0250｜黑龙江鹤岗市｜本户1人。独立住房设计建筑面积75.0㎡。
原合成持有设备：electric_water_heater,washer；本次EB纳入：electric_water_heater,washer；空调持有0台，本次可控0台。
收入、电费、设备习惯与控制偏好均为实验情境；事件当天是否有人在受控房间未知。",UNKNOWN,NOT_COLLECTED,D_G_RESULTS_NOT_IN_FIXED_ROLE_CSV,UNKNOWN,0,0,0,"electric_water_heater,washer","electric_water_heater,washer",none
cityrole-0251,v2_control1_D_inputs,清远市,广东,2,1,0,variable,varies,irregular,4000,360,电费可承担，但会留意变化,本月电费可承担，但家庭会留意它的变化。,both_high,5,5,3,high_trust_auto,independent_dwelling,one_room,1,49.0,synthetic_H6_like_whole_dwelling_building_area,49.0,EXPERIMENTAL_DESIGN_NOT_OBSERVED,36.842105,36.842105,36.842105,0,NOT_APPLICABLE,apartment,cn-home-0251,self_contained_openplan,Low-rise apartment_Guangzhou_2003,CHN_Guangdong.Guangzhou.592870_CSWD,69.577,D_selected_EB_devices_and_private_AC_zones,0,,"【v2隔离合成角色；无真人回答】cityrole-0251｜广东清远市｜本户2人；独立住房设计建筑面积49.0㎡。原合成持有设备：ac,washer；本次EB纳入：ac,washer；空调持有1台，本次可控1台。","【v2隔离合成角色；无真人回答】
cityrole-0251｜广东清远市｜本户2人。独立住房设计建筑面积49.0㎡。
原合成持有设备：ac,washer；本次EB纳入：ac,washer；空调持有1台，本次可控1台。
收入、电费、设备习惯与控制偏好均为实验情境；事件当天是否有人在受控房间未知。",UNKNOWN,NOT_COLLECTED,D_G_RESULTS_NOT_IN_FIXED_ROLE_CSV,UNKNOWN,1,1,1,"ac,washer","ac,washer",none
cityrole-0252,v2_control1_D_inputs,铜陵市,安徽,2,1,0,mostly_occupied,partly_home,partly_regular,9000,120,电费超出预算会挤占必要支出,必要生活开支较多，本月电费变化容易挤占其他项目。,comfort_priority,1,5,1,confirm_required,independent_dwelling,two_rooms,2,69.0,synthetic_H6_like_whole_dwelling_building_area,69.0,EXPERIMENTAL_DESIGN_NOT_OBSERVED,51.879699,51.879699,51.879699,0,NOT_APPLICABLE,apartment,cn-home-0252,self_contained_openplan,Low-rise apartment_Anqing_2001,CHN_Anhui.Dongcheng.583190_CSWD,83.415,D_selected_EB_devices_and_private_AC_zones,0,,"【v2隔离合成角色；无真人回答】cityrole-0252｜安徽铜陵市｜本户2人；独立住房设计建筑面积69.0㎡。原合成持有设备：ac,washer；本次EB纳入：ac,washer；空调持有1台，本次可控1台。","【v2隔离合成角色；无真人回答】
cityrole-0252｜安徽铜陵市｜本户2人。独立住房设计建筑面积69.0㎡。
原合成持有设备：ac,washer；本次EB纳入：ac,washer；空调持有1台，本次可控1台。
收入、电费、设备习惯与控制偏好均为实验情境；事件当天是否有人在受控房间未知。",UNKNOWN,NOT_COLLECTED,D_G_RESULTS_NOT_IN_FIXED_ROLE_CSV,UNKNOWN,1,1,1,"ac,washer","ac,washer",none
cityrole-0253,v2_control1_D_inputs,白山市,吉林,2,1,1,mostly_occupied,mostly_home,regular,6400,720,电费有余量，通常不需改变开支,家庭已为当前电费预留预算，按这个金额可以承担；增加用电仍需重新权衡。,comfort_priority,1,5,4,high_trust_auto,independent_dwelling,two_rooms,2,49.0,synthetic_H6_like_whole_dwelling_building_area,49.0,EXPERIMENTAL_DESIGN_NOT_OBSERVED,36.842105,36.842105,36.842105,0,NOT_APPLICABLE,apartment,cn-home-0253,self_contained_openplan,Low-rise apartment_Donggang_1986,CHN_Jilin.Donggang.542840_CSWD,96.322,D_selected_EB_devices_and_private_AC_zones,0,,"【v2隔离合成角色；无真人回答】cityrole-0253｜吉林白山市｜本户2人；独立住房设计建筑面积49.0㎡。原合成持有设备：ac,electric_water_heater,washer；本次EB纳入：ac,electric_water_heater,washer；空调持有2台，本次可控2台。","【v2隔离合成角色；无真人回答】
cityrole-0253｜吉林白山市｜本户2人。独立住房设计建筑面积49.0㎡。
原合成持有设备：ac,electric_water_heater,washer；本次EB纳入：ac,electric_water_heater,washer；空调持有2台，本次可控2台。
收入、电费、设备习惯与控制偏好均为实验情境；事件当天是否有人在受控房间未知。",UNKNOWN,NOT_COLLECTED,D_G_RESULTS_NOT_IN_FIXED_ROLE_CSV,UNKNOWN,2,2,2,"ac,electric_water_heater,washer","ac,electric_water_heater,washer",none
cityrole-0254,v2_control1_D_inputs,石家庄市,河北,2,1,0,sometimes_occupied,partly_home,partly_regular,13000,360,电费超出预算会挤占必要支出,本月收入已有其他固定支出安排，可灵活调整的预算较紧。,both_high,5,5,2,low_auto_accept,independent_dwelling,one_room,1,109.0,synthetic_H6_like_whole_dwelling_building_area,109.0,EXPERIMENTAL_DESIGN_NOT_OBSERVED,81.954887,81.954887,81.954887,0,NOT_APPLICABLE,apartment,cn-home-0254,self_contained_openplan,Low-rise apartment_Shijiazhuang_1995,CHN_Hebei.Shijiazhuang.536980_CSWD,6.066,D_selected_EB_devices_and_private_AC_zones,0,,"【v2隔离合成角色；无真人回答】cityrole-0254｜河北石家庄市｜本户2人；独立住房设计建筑面积109.0㎡。原合成持有设备：ac,electric_water_heater,washer；本次EB纳入：ac,electric_water_heater,washer；空调持有1台，本次可控1台。","【v2隔离合成角色；无真人回答】
cityrole-0254｜河北石家庄市｜本户2人。独立住房设计建筑面积109.0㎡。
原合成持有设备：ac,electric_water_heater,washer；本次EB纳入：ac,electric_water_heater,washer；空调持有1台，本次可控1台。
收入、电费、设备习惯与控制偏好均为实验情境；事件当天是否有人在受控房间未知。",UNKNOWN,NOT_COLLECTED,D_G_RESULTS_NOT_IN_FIXED_ROLE_CSV,UNKNOWN,1,1,1,"ac,electric_water_heater,washer","ac,electric_water_heater,washer",none
cityrole-0255,v2_control1_D_inputs,上海市,上海,3,2,1,mostly_occupied,partly_home,partly_regular,28500,720,电费有压力，需调整其他开支,本月收入已有其他固定支出安排，可灵活调整的预算较紧。,both_low,1,1,5,confirm_required,independent_dwelling,three_rooms,3,73.5,synthetic_H6_like_whole_dwelling_building_area,73.5,EXPERIMENTAL_DESIGN_NOT_OBSERVED,55.263158,55.263158,55.263158,0,NOT_APPLICABLE,apartment,cn-home-0255,self_contained_source_three_room,Low-rise apartment_Shanghai_2001,CHN_Shanghai.Shanghai.583620_CSWD,20.633,D_selected_EB_devices_and_private_AC_zones,0,,"【v2隔离合成角色；无真人回答】cityrole-0255｜上海上海市｜本户3人；独立住房设计建筑面积73.5㎡。原合成持有设备：dryer,electric_water_heater；本次EB纳入：dryer,electric_water_heater；空调持有0台，本次可控0台。","【v2隔离合成角色；无真人回答】
cityrole-0255｜上海上海市｜本户3人。独立住房设计建筑面积73.5㎡。
原合成持有设备：dryer,electric_water_heater；本次EB纳入：dryer,electric_water_heater；空调持有0台，本次可控0台。
收入、电费、设备习惯与控制偏好均为实验情境；事件当天是否有人在受控房间未知。",UNKNOWN,NOT_COLLECTED,D_G_RESULTS_NOT_IN_FIXED_ROLE_CSV,UNKNOWN,0,0,0,"dryer,electric_water_heater","dryer,electric_water_heater",none
cityrole-0256,v2_control1_D_inputs,青岛市,山东,3,2,0,sometimes_occupied,varies,irregular,28500,520,电费不构成当前预算约束,本月电费占可安排预算较小。,saving_priority,4,2,4,low_auto_accept,independent_dwelling,two_rooms,2,31.5,synthetic_H6_like_whole_dwelling_building_area,31.5,EXPERIMENTAL_DESIGN_NOT_OBSERVED,23.684211,23.684211,23.684211,0,NOT_APPLICABLE,apartment,cn-home-0256,self_contained_openplan,High-rise apartment(slab type)_Weifang_1986,CHN_Shandong.Weifang.548430_CSWD,126.287,D_selected_EB_devices_and_private_AC_zones,0,,"【v2隔离合成角色；无真人回答】cityrole-0256｜山东青岛市｜本户3人；独立住房设计建筑面积31.5㎡。原合成持有设备：ac,electric_water_heater,washer；本次EB纳入：ac,electric_water_heater,washer；空调持有1台，本次可控1台。","【v2隔离合成角色；无真人回答】
cityrole-0256｜山东青岛市｜本户3人。独立住房设计建筑面积31.5㎡。
原合成持有设备：ac,electric_water_heater,washer；本次EB纳入：ac,electric_water_heater,washer；空调持有1台，本次可控1台。
收入、电费、设备习惯与控制偏好均为实验情境；事件当天是否有人在受控房间未知。",UNKNOWN,NOT_COLLECTED,D_G_RESULTS_NOT_IN_FIXED_ROLE_CSV,UNKNOWN,1,1,1,"ac,electric_water_heater,washer","ac,electric_water_heater,washer",none
cityrole-0257,v2_control1_D_inputs,龙泉市,浙江,2,1,0,mostly_occupied,partly_home,partly_regular,19000,220,电费有余量，通常不需改变开支,本月电费占可安排预算较小。,both_high,4,4,5,confirm_required,independent_dwelling,four_rooms,4,89.0,synthetic_H6_like_whole_dwelling_building_area,89.0,EXPERIMENTAL_DESIGN_NOT_OBSERVED,66.917293,66.917293,66.917293,0,NOT_APPLICABLE,apartment,cn-home-0257,self_contained_four_room_thermally_aggregated,High-rise apartment(slab type)_Wenzhou_2010,CHN_Zhejiang.Quxian.586330_CSWD,105.629,D_selected_EB_devices_and_private_AC_zones,0,,"【v2隔离合成角色；无真人回答】cityrole-0257｜浙江龙泉市｜本户2人；独立住房设计建筑面积89.0㎡。原合成持有设备：ac,electric_water_heater,washer；本次EB纳入：ac,electric_water_heater,washer；空调持有2台，本次可控2台。","【v2隔离合成角色；无真人回答】
cityrole-0257｜浙江龙泉市｜本户2人。独立住房设计建筑面积89.0㎡。
原合成持有设备：ac,electric_water_heater,washer；本次EB纳入：ac,electric_water_heater,washer；空调持有2台，本次可控2台。
收入、电费、设备习惯与控制偏好均为实验情境；事件当天是否有人在受控房间未知。",UNKNOWN,NOT_COLLECTED,D_G_RESULTS_NOT_IN_FIXED_ROLE_CSV,UNKNOWN,2,2,2,"ac,electric_water_heater,washer","ac,electric_water_heater,washer",none
cityrole-0258,v2_control1_D_inputs,成都市,四川,2,1,0,sometimes_occupied,varies,irregular,13000,520,电费有余量，通常不需改变开支,本月电费占可安排预算较小。,saving_priority,4,2,4,low_auto_accept,independent_dwelling,three_rooms,3,69.0,synthetic_H6_like_whole_dwelling_building_area,69.0,EXPERIMENTAL_DESIGN_NOT_OBSERVED,51.879699,51.879699,51.879699,0,NOT_APPLICABLE,apartment,cn-home-0258,self_contained_source_three_room,Low-rise apartment_Chengdu_2010,CHN_Sichuan.Chengdu.562940_CSWD,2.503,D_selected_EB_devices_and_private_AC_zones,0,,"【v2隔离合成角色；无真人回答】cityrole-0258｜四川成都市｜本户2人；独立住房设计建筑面积69.0㎡。原合成持有设备：ac,washer；本次EB纳入：ac,washer；空调持有1台，本次可控1台。","【v2隔离合成角色；无真人回答】
cityrole-0258｜四川成都市｜本户2人。独立住房设计建筑面积69.0㎡。
原合成持有设备：ac,washer；本次EB纳入：ac,washer；空调持有1台，本次可控1台。
收入、电费、设备习惯与控制偏好均为实验情境；事件当天是否有人在受控房间未知。",UNKNOWN,NOT_COLLECTED,D_G_RESULTS_NOT_IN_FIXED_ROLE_CSV,UNKNOWN,1,1,1,"ac,washer","ac,washer",none
cityrole-0259,v2_control1_D_inputs,广安市,四川,4,3,0,sometimes_occupied,partly_home,partly_regular,26000,220,电费超出预算会挤占必要支出,本月收入已有其他固定支出安排，可灵活调整的预算较紧。,both_low,2,2,3,high_trust_auto,independent_dwelling,three_rooms,3,98.0,synthetic_H6_like_whole_dwelling_building_area,98.0,EXPERIMENTAL_DESIGN_NOT_OBSERVED,73.684211,73.684211,73.684211,0,NOT_APPLICABLE,apartment,cn-home-0259,self_contained_source_three_room,Low-rise apartment_Nanchong_2001,CHN_Sichuan.Nanchong.574110_CSWD,60.285,D_selected_EB_devices_and_private_AC_zones,0,,"【v2隔离合成角色；无真人回答】cityrole-0259｜四川广安市｜本户4人；独立住房设计建筑面积98.0㎡。原合成持有设备：ac,washer；本次EB纳入：ac,washer；空调持有1台，本次可控1台。","【v2隔离合成角色；无真人回答】
cityrole-0259｜四川广安市｜本户4人。独立住房设计建筑面积98.0㎡。
原合成持有设备：ac,washer；本次EB纳入：ac,washer；空调持有1台，本次可控1台。
收入、电费、设备习惯与控制偏好均为实验情境；事件当天是否有人在受控房间未知。",UNKNOWN,NOT_COLLECTED,D_G_RESULTS_NOT_IN_FIXED_ROLE_CSV,UNKNOWN,1,1,1,"ac,washer","ac,washer",none
cityrole-0260,v2_control1_D_inputs,宜春市,江西,1,1,1,sometimes_occupied,partly_home,partly_regular,4500,120,电费有余量，通常不需改变开支,本月电费占可安排预算较小。,comfort_priority,2,4,3,low_auto_accept,independent_dwelling,three_rooms,3,75.0,synthetic_H6_like_whole_dwelling_building_area,75.0,EXPERIMENTAL_DESIGN_NOT_OBSERVED,56.390977,56.390977,56.390977,0,NOT_APPLICABLE,apartment,cn-home-0260,self_contained_source_three_room,Low-rise apartment_Yichun_2010,CHN_Jiangxi.Yichun.577930_CSWD,0.468,D_selected_EB_devices_and_private_AC_zones,0,,"【v2隔离合成角色；无真人回答】cityrole-0260｜江西宜春市｜本户1人；独立住房设计建筑面积75.0㎡。原合成持有设备：ac,electric_water_heater,washer；本次EB纳入：ac,electric_water_heater,washer；空调持有1台，本次可控1台。","【v2隔离合成角色；无真人回答】
cityrole-0260｜江西宜春市｜本户1人。独立住房设计建筑面积75.0㎡。
原合成持有设备：ac,electric_water_heater,washer；本次EB纳入：ac,electric_water_heater,washer；空调持有1台，本次可控1台。
收入、电费、设备习惯与控制偏好均为实验情境；事件当天是否有人在受控房间未知。",UNKNOWN,NOT_COLLECTED,D_G_RESULTS_NOT_IN_FIXED_ROLE_CSV,UNKNOWN,1,1,1,"ac,electric_water_heater,washer","ac,electric_water_heater,washer",none
cityrole-0261,v2_control1_D_inputs,曲阜市,山东,3,2,1,sometimes_occupied,varies,irregular,19500,720,电费不构成当前预算约束,本月电费占可安排预算较小。,comfort_priority,1,5,4,high_trust_auto,independent_dwelling,three_rooms,3,103.5,synthetic_H6_like_whole_dwelling_building_area,103.5,EXPERIMENTAL_DESIGN_NOT_OBSERVED,77.819549,77.819549,77.819549,0,NOT_APPLICABLE,apartment,cn-home-0261,self_contained_source_three_room,High-rise apartment(slab type)_Yanzhou_2010,CHN_Shandong.Yanzhou.549160_CSWD,12.141,D_selected_EB_devices_and_private_AC_zones,1,m01,"【v2隔离合成角色；无真人回答】cityrole-0261｜山东曲阜市｜本户3人；独立住房设计建筑面积103.5㎡。原合成持有设备：ac,electric_water_heater,home_ev,washer；本次EB纳入：ac,electric_water_heater,home_ev,washer；空调持有2台，本次可控2台。","【v2隔离合成角色；无真人回答】
cityrole-0261｜山东曲阜市｜本户3人。独立住房设计建筑面积103.5㎡。
原合成持有设备：ac,electric_water_heater,home_ev,washer；本次EB纳入：ac,electric_water_heater,home_ev,washer；空调持有2台，本次可控2台。
收入、电费、设备习惯与控制偏好均为实验情境；事件当天是否有人在受控房间未知。",UNKNOWN,NOT_COLLECTED,D_G_RESULTS_NOT_IN_FIXED_ROLE_CSV,UNKNOWN,2,2,2,"ac,electric_water_heater,home_ev,washer","ac,electric_water_heater,home_ev,washer",none
cityrole-0262,v2_control1_D_inputs,邯郸市,河北,3,2,0,mostly_occupied,partly_home,partly_regular,13500,360,电费有压力，需调整其他开支,必要生活开支较多，本月电费变化容易挤占其他项目。,middle,3,3,5,confirm_required,independent_dwelling,three_rooms,3,133.5,synthetic_H6_like_whole_dwelling_building_area,133.5,EXPERIMENTAL_DESIGN_NOT_OBSERVED,100.37594,100.37594,100.37594,0,NOT_APPLICABLE,apartment,cn-home-0262,self_contained_source_three_room,Low-rise apartment_Xingtai_1995,CHN_Hebei.Xingtai.537980_CSWD,52.61,D_selected_EB_devices_and_private_AC_zones,1,m03,"【v2隔离合成角色；无真人回答】cityrole-0262｜河北邯郸市｜本户3人；独立住房设计建筑面积133.5㎡。原合成持有设备：ac,dishwasher,home_ev,washer；本次EB纳入：ac,dishwasher,home_ev,washer；空调持有1台，本次可控1台。","【v2隔离合成角色；无真人回答】
cityrole-0262｜河北邯郸市｜本户3人。独立住房设计建筑面积133.5㎡。
原合成持有设备：ac,dishwasher,home_ev,washer；本次EB纳入：ac,dishwasher,home_ev,washer；空调持有1台，本次可控1台。
收入、电费、设备习惯与控制偏好均为实验情境；事件当天是否有人在受控房间未知。",UNKNOWN,NOT_COLLECTED,D_G_RESULTS_NOT_IN_FIXED_ROLE_CSV,UNKNOWN,1,1,1,"ac,dishwasher,home_ev,washer","ac,dishwasher,home_ev,washer",none
cityrole-0263,v2_control1_D_inputs,鞍山市,辽宁,2,1,1,sometimes_occupied,partly_home,partly_regular,13000,520,电费有压力，需调整其他开支,本月收入已有其他固定支出安排，可灵活调整的预算较紧。,saving_priority,5,1,4,confirm_required,independent_dwelling,two_rooms,2,89.0,synthetic_H6_like_whole_dwelling_building_area,89.0,EXPERIMENTAL_DESIGN_NOT_OBSERVED,66.917293,66.917293,66.917293,0,NOT_APPLICABLE,apartment,cn-home-0263,self_contained_openplan,Low-rise apartment_Benxi_2010,CHN_Liaoning.Benxi.543460_CSWD,69.877,D_selected_EB_devices_and_private_AC_zones,0,,"【v2隔离合成角色；无真人回答】cityrole-0263｜辽宁鞍山市｜本户2人；独立住房设计建筑面积89.0㎡。原合成持有设备：dishwasher,washer；本次EB纳入：dishwasher,washer；空调持有0台，本次可控0台。","【v2隔离合成角色；无真人回答】
cityrole-0263｜辽宁鞍山市｜本户2人。独立住房设计建筑面积89.0㎡。
原合成持有设备：dishwasher,washer；本次EB纳入：dishwasher,washer；空调持有0台，本次可控0台。
收入、电费、设备习惯与控制偏好均为实验情境；事件当天是否有人在受控房间未知。",UNKNOWN,NOT_COLLECTED,D_G_RESULTS_NOT_IN_FIXED_ROLE_CSV,UNKNOWN,0,0,0,"dishwasher,washer","dishwasher,washer",none
cityrole-0264,v2_control1_D_inputs,绵竹市,四川,1,1,0,sometimes_occupied,partly_home,partly_regular,9500,220,电费超出预算会挤占必要支出,本月收入已有其他固定支出安排，可灵活调整的预算较紧。,both_low,1,1,4,high_trust_auto,independent_dwelling,two_rooms,2,64.5,synthetic_H6_like_whole_dwelling_building_area,64.5,EXPERIMENTAL_DESIGN_NOT_OBSERVED,48.496241,48.496241,48.496241,0,NOT_APPLICABLE,apartment,cn-home-0264,self_contained_openplan,Low-rise apartment_Mianyang_2010,CHN_Sichuan.Mianyang.561960_CSWD,51.487,D_selected_EB_devices_and_private_AC_zones,0,,"【v2隔离合成角色；无真人回答】cityrole-0264｜四川绵竹市｜本户1人；独立住房设计建筑面积64.5㎡。原合成持有设备：ac,washer；本次EB纳入：ac,washer；空调持有1台，本次可控1台。","【v2隔离合成角色；无真人回答】
cityrole-0264｜四川绵竹市｜本户1人。独立住房设计建筑面积64.5㎡。
原合成持有设备：ac,washer；本次EB纳入：ac,washer；空调持有1台，本次可控1台。
收入、电费、设备习惯与控制偏好均为实验情境；事件当天是否有人在受控房间未知。",UNKNOWN,NOT_COLLECTED,D_G_RESULTS_NOT_IN_FIXED_ROLE_CSV,UNKNOWN,1,1,1,"ac,washer","ac,washer",none
cityrole-0265,v2_control1_D_inputs,三亚市,海南,2,1,0,mostly_occupied,partly_home,partly_regular,6400,520,电费有余量，通常不需改变开支,家庭已为当前电费预留预算，按这个金额可以承担；增加用电仍需重新权衡。,middle,3,3,4,high_trust_auto,shared_dwelling_private_rooms_with_allocated_common_area,one_room,1,16.0,synthetic_H6_like_household_attributed_building_area_in_shared_dwelling,75.333323,EXPERIMENTAL_DESIGN_NOT_OBSERVED,15.2,71.566657,12.783607,2.416393,UNKNOWN,apartment,cn-home-0265,shared_flat_private_rooms,Low-rise apartment_Dongfang_2003,CHN_Hainan.Dongfang.598380_CSWD,130.919,D_selected_EB_devices_and_private_AC_zones,0,,【v2隔离合成角色；无真人回答】cityrole-0265｜海南三亚市｜本户2人；合住：本户H6归属建筑面积16.0㎡；整套设计建筑面积75.333323㎡。其他住户人数未知。原合成持有设备：ac；本次EB纳入：ac；空调持有1台，本次可控1台。,"【v2隔离合成角色；无真人回答】
cityrole-0265｜海南三亚市｜本户2人。合住：本户H6归属建筑面积16.0㎡；整套设计建筑面积75.333323㎡。其他住户人数未知。
原合成持有设备：ac；本次EB纳入：ac；空调持有1台，本次可控1台。
收入、电费、设备习惯与控制偏好均为实验情境；事件当天是否有人在受控房间未知。",UNKNOWN,NOT_COLLECTED,D_G_RESULTS_NOT_IN_FIXED_ROLE_CSV,UNKNOWN,1,1,1,ac,ac,none
cityrole-0266,v2_control1_D_inputs,惠州市,广东,3,2,0,sometimes_occupied,varies,irregular,19500,520,电费超出预算会挤占必要支出,本月收入已有其他固定支出安排，可灵活调整的预算较紧。,middle,3,3,1,low_auto_accept,independent_dwelling,four_rooms,4,54.0,synthetic_H6_like_whole_dwelling_building_area,54.0,EXPERIMENTAL_DESIGN_NOT_OBSERVED,40.601504,40.601504,40.601504,0,NOT_APPLICABLE,apartment,cn-home-0266,self_contained_four_room_thermally_aggregated,Low-rise apartment_Heyuan_2012,CHN_Guangdong.Zhengcheng.592940_CSWD,65.458,D_selected_EB_devices_and_private_AC_zones,0,,"【v2隔离合成角色；无真人回答】cityrole-0266｜广东惠州市｜本户3人；独立住房设计建筑面积54.0㎡。原合成持有设备：ac,electric_water_heater,washer；本次EB纳入：ac,electric_water_heater,washer；空调持有1台，本次可控1台。","【v2隔离合成角色；无真人回答】
cityrole-0266｜广东惠州市｜本户3人。独立住房设计建筑面积54.0㎡。
原合成持有设备：ac,electric_water_heater,washer；本次EB纳入：ac,electric_water_heater,washer；空调持有1台，本次可控1台。
收入、电费、设备习惯与控制偏好均为实验情境；事件当天是否有人在受控房间未知。",UNKNOWN,NOT_COLLECTED,D_G_RESULTS_NOT_IN_FIXED_ROLE_CSV,UNKNOWN,1,1,1,"ac,electric_water_heater,washer","ac,electric_water_heater,washer",none
cityrole-0267,v2_control1_D_inputs,瓦房店市,辽宁,3,2,1,sometimes_occupied,partly_home,partly_regular,13500,360,电费可承担，但会留意变化,本月电费可承担，但家庭会留意它的变化。,both_low,2,2,5,low_auto_accept,independent_dwelling,one_room,1,73.5,synthetic_H6_like_whole_dwelling_building_area,73.5,EXPERIMENTAL_DESIGN_NOT_OBSERVED,55.263158,55.263158,55.263158,0,NOT_APPLICABLE,apartment,cn-home-0267,self_contained_openplan,Low-rise apartment_Dalian_1995,CHN_Liaoning.Dalian.546620_CSWD,85.811,D_selected_EB_devices_and_private_AC_zones,0,,"【v2隔离合成角色；无真人回答】cityrole-0267｜辽宁瓦房店市｜本户3人；独立住房设计建筑面积73.5㎡。原合成持有设备：ac,dishwasher,electric_water_heater,washer；本次EB纳入：ac,dishwasher,electric_water_heater,washer；空调持有1台，本次可控1台。","【v2隔离合成角色；无真人回答】
cityrole-0267｜辽宁瓦房店市｜本户3人。独立住房设计建筑面积73.5㎡。
原合成持有设备：ac,dishwasher,electric_water_heater,washer；本次EB纳入：ac,dishwasher,electric_water_heater,washer；空调持有1台，本次可控1台。
收入、电费、设备习惯与控制偏好均为实验情境；事件当天是否有人在受控房间未知。",UNKNOWN,NOT_COLLECTED,D_G_RESULTS_NOT_IN_FIXED_ROLE_CSV,UNKNOWN,1,1,1,"ac,dishwasher,electric_water_heater,washer","ac,dishwasher,electric_water_heater,washer",none
cityrole-0268,v2_control1_D_inputs,茂名市,广东,3,2,0,mostly_occupied,partly_home,irregular,6000,720,电费有余量，通常不需改变开支,家庭已为当前电费预留预算，按这个金额可以承担；增加用电仍需重新权衡。,both_high,4,4,1,confirm_required,independent_dwelling,five_or_more_rooms,5,73.5,synthetic_H6_like_whole_dwelling_building_area,73.5,EXPERIMENTAL_DESIGN_NOT_OBSERVED,55.263158,55.263158,55.263158,0,NOT_APPLICABLE,rowhouse,cn-home-0268,terraced_five_room_inferred,Terraced house_Dianbai_2012,CHN_Guangdong.Dianbai.596640_CSWD,22.411,D_selected_EB_devices_and_private_AC_zones,0,,"【v2隔离合成角色；无真人回答】cityrole-0268｜广东茂名市｜本户3人；独立住房设计建筑面积73.5㎡。原合成持有设备：ac,electric_water_heater,washer；本次EB纳入：ac,electric_water_heater,washer；空调持有1台，本次可控1台。","【v2隔离合成角色；无真人回答】
cityrole-0268｜广东茂名市｜本户3人。独立住房设计建筑面积73.5㎡。
原合成持有设备：ac,electric_water_heater,washer；本次EB纳入：ac,electric_water_heater,washer；空调持有1台，本次可控1台。
收入、电费、设备习惯与控制偏好均为实验情境；事件当天是否有人在受控房间未知。",UNKNOWN,NOT_COLLECTED,D_G_RESULTS_NOT_IN_FIXED_ROLE_CSV,UNKNOWN,1,1,1,"ac,electric_water_heater,washer","ac,electric_water_heater,washer",none
cityrole-0269,v2_control1_D_inputs,武汉市,湖北,3,3,1,mostly_occupied,mostly_home,regular,19500,220,电费有余量，通常不需改变开支,本月电费占可安排预算较小。,both_high,4,4,4,high_trust_auto,independent_dwelling,three_rooms,3,73.5,synthetic_H6_like_whole_dwelling_building_area,73.5,EXPERIMENTAL_DESIGN_NOT_OBSERVED,55.263158,55.263158,55.263158,0,NOT_APPLICABLE,apartment,cn-home-0269,self_contained_source_three_room,High-rise apartment(slab type)_Wuhan_2001,CHN_Hubei.Wuhan.574940_CSWD,17.056,D_selected_EB_devices_and_private_AC_zones,0,,"【v2隔离合成角色；无真人回答】cityrole-0269｜湖北武汉市｜本户3人；独立住房设计建筑面积73.5㎡。原合成持有设备：ac,washer；本次EB纳入：ac,washer；空调持有2台，本次可控2台。","【v2隔离合成角色；无真人回答】
cityrole-0269｜湖北武汉市｜本户3人。独立住房设计建筑面积73.5㎡。
原合成持有设备：ac,washer；本次EB纳入：ac,washer；空调持有2台，本次可控2台。
收入、电费、设备习惯与控制偏好均为实验情境；事件当天是否有人在受控房间未知。",UNKNOWN,NOT_COLLECTED,D_G_RESULTS_NOT_IN_FIXED_ROLE_CSV,UNKNOWN,2,2,2,"ac,washer","ac,washer",none
cityrole-0270,v2_control1_D_inputs,东营市,山东,4,2,0,mostly_occupied,partly_home,partly_regular,26000,120,电费可承担，但会留意变化,本月电费可承担，但家庭会留意它的变化。,saving_priority,4,2,4,high_trust_auto,independent_dwelling,three_rooms,3,58.0,synthetic_H6_like_whole_dwelling_building_area,58.0,EXPERIMENTAL_DESIGN_NOT_OBSERVED,43.609023,43.609023,43.609023,0,NOT_APPLICABLE,apartment,cn-home-0270,self_contained_source_three_room,High-rise apartment(slab type)_Weifang_2010,CHN_Shandong.Huimin.Xian.547250_CSWD,86.608,D_selected_EB_devices_and_private_AC_zones,0,,"【v2隔离合成角色；无真人回答】cityrole-0270｜山东东营市｜本户4人；独立住房设计建筑面积58.0㎡。原合成持有设备：ac,dishwasher,washer；本次EB纳入：ac,dishwasher,washer；空调持有1台，本次可控1台。","【v2隔离合成角色；无真人回答】
cityrole-0270｜山东东营市｜本户4人。独立住房设计建筑面积58.0㎡。
原合成持有设备：ac,dishwasher,washer；本次EB纳入：ac,dishwasher,washer；空调持有1台，本次可控1台。
收入、电费、设备习惯与控制偏好均为实验情境；事件当天是否有人在受控房间未知。",UNKNOWN,NOT_COLLECTED,D_G_RESULTS_NOT_IN_FIXED_ROLE_CSV,UNKNOWN,1,1,1,"ac,dishwasher,washer","ac,dishwasher,washer",none
cityrole-0271,v2_control1_D_inputs,北京市,北京,4,2,1,mostly_occupied,partly_home,irregular,26000,360,电费不构成当前预算约束,本月电费占可安排预算较小。,comfort_priority,1,5,4,low_auto_accept,independent_dwelling,two_rooms,2,98.0,synthetic_H6_like_whole_dwelling_building_area,98.0,EXPERIMENTAL_DESIGN_NOT_OBSERVED,73.684211,73.684211,73.684211,0,NOT_APPLICABLE,apartment,cn-home-0271,self_contained_openplan,High-rise apartment(slab type)_Beijing_2018,CHN_Beijing.Beijing.545110_CSWD,16.45,D_selected_EB_devices_and_private_AC_zones,0,,"【v2隔离合成角色；无真人回答】cityrole-0271｜北京北京市｜本户4人；独立住房设计建筑面积98.0㎡。原合成持有设备：electric_water_heater,washer；本次EB纳入：electric_water_heater,washer；空调持有0台，本次可控0台。","【v2隔离合成角色；无真人回答】
cityrole-0271｜北京北京市｜本户4人。独立住房设计建筑面积98.0㎡。
原合成持有设备：electric_water_heater,washer；本次EB纳入：electric_water_heater,washer；空调持有0台，本次可控0台。
收入、电费、设备习惯与控制偏好均为实验情境；事件当天是否有人在受控房间未知。",UNKNOWN,NOT_COLLECTED,D_G_RESULTS_NOT_IN_FIXED_ROLE_CSV,UNKNOWN,0,0,0,"electric_water_heater,washer","electric_water_heater,washer",none
cityrole-0272,v2_control1_D_inputs,南昌市,江西,2,1,1,mostly_occupied,partly_home,partly_regular,9000,120,电费有压力，需调整其他开支,必要生活开支较多，本月电费变化容易挤占其他项目。,middle,3,3,3,low_auto_accept,independent_dwelling,two_rooms,2,109.0,synthetic_H6_like_whole_dwelling_building_area,109.0,EXPERIMENTAL_DESIGN_NOT_OBSERVED,81.954887,81.954887,81.954887,0,NOT_APPLICABLE,apartment,cn-home-0272,self_contained_openplan,Low-rise apartment_Nanchang_2010,CHN_Jiangxi.Nanchang.586060_CSWD,9.144,D_selected_EB_devices_and_private_AC_zones,0,,"【v2隔离合成角色；无真人回答】cityrole-0272｜江西南昌市｜本户2人；独立住房设计建筑面积109.0㎡。原合成持有设备：ac,washer；本次EB纳入：ac,washer；空调持有1台，本次可控1台。","【v2隔离合成角色；无真人回答】
cityrole-0272｜江西南昌市｜本户2人。独立住房设计建筑面积109.0㎡。
原合成持有设备：ac,washer；本次EB纳入：ac,washer；空调持有1台，本次可控1台。
收入、电费、设备习惯与控制偏好均为实验情境；事件当天是否有人在受控房间未知。",UNKNOWN,NOT_COLLECTED,D_G_RESULTS_NOT_IN_FIXED_ROLE_CSV,UNKNOWN,1,1,1,"ac,washer","ac,washer",none
cityrole-0273,v2_control1_D_inputs,成都市,四川,3,3,0,sometimes_occupied,varies,irregular,28500,520,电费可承担，但会留意变化,本月电费可承担，但家庭会留意它的变化。,both_low,1,1,2,confirm_required,independent_dwelling,two_rooms,2,73.5,synthetic_H6_like_whole_dwelling_building_area,73.5,EXPERIMENTAL_DESIGN_NOT_OBSERVED,55.263158,55.263158,55.263158,0,NOT_APPLICABLE,apartment,cn-home-0273,self_contained_openplan,Low-rise apartment_Chengdu_2010,CHN_Sichuan.Chengdu.562940_CSWD,2.503,D_selected_EB_devices_and_private_AC_zones,0,,"【v2隔离合成角色；无真人回答】cityrole-0273｜四川成都市｜本户3人；独立住房设计建筑面积73.5㎡。原合成持有设备：ac,washer；本次EB纳入：ac,washer；空调持有2台，本次可控2台。","【v2隔离合成角色；无真人回答】
cityrole-0273｜四川成都市｜本户3人。独立住房设计建筑面积73.5㎡。
原合成持有设备：ac,washer；本次EB纳入：ac,washer；空调持有2台，本次可控2台。
收入、电费、设备习惯与控制偏好均为实验情境；事件当天是否有人在受控房间未知。",UNKNOWN,NOT_COLLECTED,D_G_RESULTS_NOT_IN_FIXED_ROLE_CSV,UNKNOWN,2,2,2,"ac,washer","ac,washer",none
cityrole-0274,v2_control1_D_inputs,上海市,上海,2,1,0,sometimes_occupied,partly_home,partly_regular,19000,360,电费可承担，但会留意变化,本月电费可承担，但家庭会留意它的变化。,comfort_priority,1,5,1,confirm_required,independent_dwelling,three_rooms,3,89.0,synthetic_H6_like_whole_dwelling_building_area,89.0,EXPERIMENTAL_DESIGN_NOT_OBSERVED,66.917293,66.917293,66.917293,0,NOT_APPLICABLE,apartment,cn-home-0274,self_contained_source_three_room,Low-rise apartment_Shanghai_2010,CHN_Shanghai.Shanghai.583620_CSWD,20.633,D_selected_EB_devices_and_private_AC_zones,0,,"【v2隔离合成角色；无真人回答】cityrole-0274｜上海上海市｜本户2人；独立住房设计建筑面积89.0㎡。原合成持有设备：ac,electric_water_heater,washer；本次EB纳入：ac,electric_water_heater,washer；空调持有1台，本次可控1台。","【v2隔离合成角色；无真人回答】
cityrole-0274｜上海上海市｜本户2人。独立住房设计建筑面积89.0㎡。
原合成持有设备：ac,electric_water_heater,washer；本次EB纳入：ac,electric_water_heater,washer；空调持有1台，本次可控1台。
收入、电费、设备习惯与控制偏好均为实验情境；事件当天是否有人在受控房间未知。",UNKNOWN,NOT_COLLECTED,D_G_RESULTS_NOT_IN_FIXED_ROLE_CSV,UNKNOWN,1,1,1,"ac,electric_water_heater,washer","ac,electric_water_heater,washer",none
cityrole-0275,v2_control1_D_inputs,北京市,北京,1,1,1,mostly_absent,mostly_home,regular,2000,240,电费不构成当前预算约束,家庭已为当前电费预留预算，按这个金额可以承担；增加用电仍需重新权衡。,both_low,1,1,2,high_trust_auto,shared_dwelling_private_rooms_with_allocated_common_area,two_rooms,2,24.5,synthetic_H6_like_household_attributed_building_area_in_shared_dwelling,41.904066,EXPERIMENTAL_DESIGN_NOT_OBSERVED,23.275,39.808863,12.145244,11.129756,UNKNOWN,apartment,cn-home-0275,shared_flat_private_rooms,High-rise apartment(slab type)_Beijing_1995,CHN_Beijing.Beijing.545110_CSWD,16.45,D_selected_EB_devices_and_private_AC_zones,0,,"【v2隔离合成角色；无真人回答】cityrole-0275｜北京北京市｜本户1人；合住：本户H6归属建筑面积24.5㎡；整套设计建筑面积41.904066㎡。其他住户人数未知。原合成持有设备：dryer,washer；本次EB纳入：无；空调持有0台，本次可控0台。","【v2隔离合成角色；无真人回答】
cityrole-0275｜北京北京市｜本户1人。合住：本户H6归属建筑面积24.5㎡；整套设计建筑面积41.904066㎡。其他住户人数未知。
原合成持有设备：dryer,washer；本次EB纳入：无；空调持有0台，本次可控0台。
收入、电费、设备习惯与控制偏好均为实验情境；事件当天是否有人在受控房间未知。",UNKNOWN,NOT_COLLECTED,D_G_RESULTS_NOT_IN_FIXED_ROLE_CSV,UNKNOWN,0,0,0,"dryer,washer",none,"dryer,washer"
cityrole-0276,v2_control1_D_inputs,长沙市,湖南,2,2,1,sometimes_occupied,varies,irregular,4000,480,电费有压力，需调整其他开支,必要生活开支较多，本月电费变化容易挤占其他项目。,comfort_priority,2,4,1,low_auto_accept,independent_dwelling,three_rooms,3,89.0,synthetic_H6_like_whole_dwelling_building_area,89.0,EXPERIMENTAL_DESIGN_NOT_OBSERVED,66.917293,66.917293,66.917293,0,NOT_APPLICABLE,apartment,cn-home-0276,self_contained_source_three_room,High-rise apartment(slab type)_Changsha_2001,CHN_Hunan.Changsha.576870_CSWD,7.432,D_selected_EB_devices_and_private_AC_zones,0,,"【v2隔离合成角色；无真人回答】cityrole-0276｜湖南长沙市｜本户2人；独立住房设计建筑面积89.0㎡。原合成持有设备：ac,electric_water_heater,washer；本次EB纳入：ac,electric_water_heater,washer；空调持有1台，本次可控1台。","【v2隔离合成角色；无真人回答】
cityrole-0276｜湖南长沙市｜本户2人。独立住房设计建筑面积89.0㎡。
原合成持有设备：ac,electric_water_heater,washer；本次EB纳入：ac,electric_water_heater,washer；空调持有1台，本次可控1台。
收入、电费、设备习惯与控制偏好均为实验情境；事件当天是否有人在受控房间未知。",UNKNOWN,NOT_COLLECTED,D_G_RESULTS_NOT_IN_FIXED_ROLE_CSV,UNKNOWN,1,1,1,"ac,electric_water_heater,washer","ac,electric_water_heater,washer",none
cityrole-0277,v2_control1_D_inputs,射洪市,四川,4,2,1,mostly_occupied,partly_home,irregular,18000,360,电费可承担，但会留意变化,本月电费可承担，但家庭会留意它的变化。,both_high,4,4,1,confirm_required,independent_dwelling,three_rooms,3,98.0,synthetic_H6_like_whole_dwelling_building_area,98.0,EXPERIMENTAL_DESIGN_NOT_OBSERVED,73.684211,73.684211,73.684211,0,NOT_APPLICABLE,apartment,cn-home-0277,self_contained_source_three_room,High-rise apartment(slab type)_Nanchong_2001,CHN_Sichuan.Nanchong.574110_CSWD,69.726,D_selected_EB_devices_and_private_AC_zones,1,m03,"【v2隔离合成角色；无真人回答】cityrole-0277｜四川射洪市｜本户4人；独立住房设计建筑面积98.0㎡。原合成持有设备：ac,electric_water_heater,home_ev,washer；本次EB纳入：ac,electric_water_heater,home_ev,washer；空调持有2台，本次可控2台。","【v2隔离合成角色；无真人回答】
cityrole-0277｜四川射洪市｜本户4人。独立住房设计建筑面积98.0㎡。
原合成持有设备：ac,electric_water_heater,home_ev,washer；本次EB纳入：ac,electric_water_heater,home_ev,washer；空调持有2台，本次可控2台。
收入、电费、设备习惯与控制偏好均为实验情境；事件当天是否有人在受控房间未知。",UNKNOWN,NOT_COLLECTED,D_G_RESULTS_NOT_IN_FIXED_ROLE_CSV,UNKNOWN,2,2,2,"ac,electric_water_heater,home_ev,washer","ac,electric_water_heater,home_ev,washer",none
cityrole-0278,v2_control1_D_inputs,酒泉市,甘肃,3,2,0,mostly_occupied,partly_home,irregular,9600,520,电费可承担，但会留意变化,本月电费可承担，但家庭会留意它的变化。,comfort_priority,2,4,2,high_trust_auto,independent_dwelling,three_rooms,3,73.5,synthetic_H6_like_whole_dwelling_building_area,73.5,EXPERIMENTAL_DESIGN_NOT_OBSERVED,55.263158,55.263158,55.263158,0,NOT_APPLICABLE,apartment,cn-home-0278,self_contained_source_three_room,High-rise apartment(slab type)_Jiuquan_2010,CHN_Gansu.Jiuquan.525330_CSWD,6.22,D_selected_EB_devices_and_private_AC_zones,0,,"【v2隔离合成角色；无真人回答】cityrole-0278｜甘肃酒泉市｜本户3人；独立住房设计建筑面积73.5㎡。原合成持有设备：ac,washer；本次EB纳入：ac,washer；空调持有1台，本次可控1台。","【v2隔离合成角色；无真人回答】
cityrole-0278｜甘肃酒泉市｜本户3人。独立住房设计建筑面积73.5㎡。
原合成持有设备：ac,washer；本次EB纳入：ac,washer；空调持有1台，本次可控1台。
收入、电费、设备习惯与控制偏好均为实验情境；事件当天是否有人在受控房间未知。",UNKNOWN,NOT_COLLECTED,D_G_RESULTS_NOT_IN_FIXED_ROLE_CSV,UNKNOWN,1,1,1,"ac,washer","ac,washer",none
cityrole-0279,v2_control1_D_inputs,潮州市,广东,1,1,0,sometimes_occupied,partly_home,partly_regular,3200,360,电费超出预算会挤占必要支出,必要生活开支较多，本月电费变化容易挤占其他项目。,saving_priority,4,2,4,confirm_required,shared_dwelling_private_rooms_with_allocated_common_area,two_rooms,2,24.5,synthetic_H6_like_household_attributed_building_area_in_shared_dwelling,41.904066,EXPERIMENTAL_DESIGN_NOT_OBSERVED,23.275,39.808863,12.145244,11.129756,UNKNOWN,apartment,cn-home-0279,shared_flat_private_rooms,Low-rise apartment_Shantou_2003,CHN_Guangdong.Shantou.593160_CSWD,46.236,D_selected_EB_devices_and_private_AC_zones,0,,"【v2隔离合成角色；无真人回答】cityrole-0279｜广东潮州市｜本户1人；合住：本户H6归属建筑面积24.5㎡；整套设计建筑面积41.904066㎡。其他住户人数未知。原合成持有设备：ac,dishwasher,washer；本次EB纳入：ac；空调持有1台，本次可控1台。","【v2隔离合成角色；无真人回答】
cityrole-0279｜广东潮州市｜本户1人。合住：本户H6归属建筑面积24.5㎡；整套设计建筑面积41.904066㎡。其他住户人数未知。
原合成持有设备：ac,dishwasher,washer；本次EB纳入：ac；空调持有1台，本次可控1台。
收入、电费、设备习惯与控制偏好均为实验情境；事件当天是否有人在受控房间未知。",UNKNOWN,NOT_COLLECTED,D_G_RESULTS_NOT_IN_FIXED_ROLE_CSV,UNKNOWN,1,1,1,"ac,dishwasher,washer",ac,"dishwasher,washer"
cityrole-0280,v2_control1_D_inputs,北京市,北京,1,1,0,sometimes_occupied,partly_home,partly_regular,3200,380,电费不构成当前预算约束,家庭已为当前电费预留预算，按这个金额可以承担；增加用电仍需重新权衡。,saving_priority,4,2,5,high_trust_auto,independent_dwelling,one_room,1,75.0,synthetic_H6_like_whole_dwelling_building_area,75.0,EXPERIMENTAL_DESIGN_NOT_OBSERVED,56.390977,56.390977,56.390977,0,NOT_APPLICABLE,apartment,cn-home-0280,self_contained_openplan,High-rise apartment(slab type)_Beijing_1986,CHN_Beijing.Beijing.545110_CSWD,16.45,D_selected_EB_devices_and_private_AC_zones,0,,【v2隔离合成角色；无真人回答】cityrole-0280｜北京北京市｜本户1人；独立住房设计建筑面积75.0㎡。原合成持有设备：ac；本次EB纳入：ac；空调持有1台，本次可控1台。,"【v2隔离合成角色；无真人回答】
cityrole-0280｜北京北京市｜本户1人。独立住房设计建筑面积75.0㎡。
原合成持有设备：ac；本次EB纳入：ac；空调持有1台，本次可控1台。
收入、电费、设备习惯与控制偏好均为实验情境；事件当天是否有人在受控房间未知。",UNKNOWN,NOT_COLLECTED,D_G_RESULTS_NOT_IN_FIXED_ROLE_CSV,UNKNOWN,1,1,1,ac,ac,none
cityrole-0281,v2_control1_D_inputs,广州市,广东,2,1,0,variable,varies,irregular,4000,480,电费有压力，需调整其他开支,必要生活开支较多，本月电费变化容易挤占其他项目。,middle,3,3,5,low_auto_accept,independent_dwelling,one_room,1,49.0,synthetic_H6_like_whole_dwelling_building_area,49.0,EXPERIMENTAL_DESIGN_NOT_OBSERVED,36.842105,36.842105,36.842105,0,NOT_APPLICABLE,apartment,cn-home-0281,self_contained_openplan,Low-rise apartment_Guangzhou_2003,CHN_Guangdong.Guangzhou.592870_CSWD,5.46,D_selected_EB_devices_and_private_AC_zones,0,,"【v2隔离合成角色；无真人回答】cityrole-0281｜广东广州市｜本户2人；独立住房设计建筑面积49.0㎡。原合成持有设备：ac,dishwasher,washer；本次EB纳入：ac,dishwasher,washer；空调持有2台，本次可控2台。","【v2隔离合成角色；无真人回答】
cityrole-0281｜广东广州市｜本户2人。独立住房设计建筑面积49.0㎡。
原合成持有设备：ac,dishwasher,washer；本次EB纳入：ac,dishwasher,washer；空调持有2台，本次可控2台。
收入、电费、设备习惯与控制偏好均为实验情境；事件当天是否有人在受控房间未知。",UNKNOWN,NOT_COLLECTED,D_G_RESULTS_NOT_IN_FIXED_ROLE_CSV,UNKNOWN,2,2,2,"ac,dishwasher,washer","ac,dishwasher,washer",none
cityrole-0282,v2_control1_D_inputs,神木市,陕西,2,1,1,mostly_occupied,mostly_home,regular,13000,360,电费超出预算会挤占必要支出,本月收入已有其他固定支出安排，可灵活调整的预算较紧。,both_low,1,1,1,low_auto_accept,independent_dwelling,two_rooms,2,89.0,synthetic_H6_like_whole_dwelling_building_area,89.0,EXPERIMENTAL_DESIGN_NOT_OBSERVED,66.917293,66.917293,66.917293,0,NOT_APPLICABLE,apartment,cn-home-0282,self_contained_openplan,Low-rise apartment_Yulin_2010,CHN_Shaanxi.Yulin.536460_CSWD,96.212,D_selected_EB_devices_and_private_AC_zones,1,m02,"【v2隔离合成角色；无真人回答】cityrole-0282｜陕西神木市｜本户2人；独立住房设计建筑面积89.0㎡。原合成持有设备：electric_water_heater,home_ev；本次EB纳入：electric_water_heater,home_ev；空调持有0台，本次可控0台。","【v2隔离合成角色；无真人回答】
cityrole-0282｜陕西神木市｜本户2人。独立住房设计建筑面积89.0㎡。
原合成持有设备：electric_water_heater,home_ev；本次EB纳入：electric_water_heater,home_ev；空调持有0台，本次可控0台。
收入、电费、设备习惯与控制偏好均为实验情境；事件当天是否有人在受控房间未知。",UNKNOWN,NOT_COLLECTED,D_G_RESULTS_NOT_IN_FIXED_ROLE_CSV,UNKNOWN,0,0,0,"electric_water_heater,home_ev","electric_water_heater,home_ev",none
cityrole-0283,v2_control1_D_inputs,株洲市,湖南,2,1,0,sometimes_occupied,varies,irregular,13000,360,电费超出预算会挤占必要支出,本月收入已有其他固定支出安排，可灵活调整的预算较紧。,both_low,1,1,1,low_auto_accept,independent_dwelling,three_rooms,3,129.0,synthetic_H6_like_whole_dwelling_building_area,129.0,EXPERIMENTAL_DESIGN_NOT_OBSERVED,96.992481,96.992481,96.992481,0,NOT_APPLICABLE,apartment,cn-home-0283,self_contained_source_three_room,Low-rise apartment_Zhuzhou_2001,CHN_Hunan.Zhuzhou.577800_CSWD,3.194,D_selected_EB_devices_and_private_AC_zones,0,,【v2隔离合成角色；无真人回答】cityrole-0283｜湖南株洲市｜本户2人；独立住房设计建筑面积129.0㎡。原合成持有设备：washer；本次EB纳入：washer；空调持有0台，本次可控0台。,"【v2隔离合成角色；无真人回答】
cityrole-0283｜湖南株洲市｜本户2人。独立住房设计建筑面积129.0㎡。
原合成持有设备：washer；本次EB纳入：washer；空调持有0台，本次可控0台。
收入、电费、设备习惯与控制偏好均为实验情境；事件当天是否有人在受控房间未知。",UNKNOWN,NOT_COLLECTED,D_G_RESULTS_NOT_IN_FIXED_ROLE_CSV,UNKNOWN,0,0,0,washer,washer,none
cityrole-0284,v2_control1_D_inputs,济源市,河南,6,3,0,sometimes_occupied,varies,irregular,27000,360,电费可承担，但会留意变化,本月电费可承担，但家庭会留意它的变化。,middle,3,3,1,low_auto_accept,independent_dwelling,five_or_more_rooms,5,147.0,synthetic_H6_like_whole_dwelling_building_area,147.0,EXPERIMENTAL_DESIGN_NOT_OBSERVED,110.526316,110.526316,110.526316,0,NOT_APPLICABLE,rowhouse,cn-home-0284,terraced_five_room_inferred,Terraced house_Zhengzhou_2010,CHN_Henan.Zhengzhou.570830_CSWD,105.779,D_selected_EB_devices_and_private_AC_zones,0,,"【v2隔离合成角色；无真人回答】cityrole-0284｜河南济源市｜本户6人；独立住房设计建筑面积147.0㎡。原合成持有设备：ac,electric_water_heater,washer；本次EB纳入：ac,electric_water_heater,washer；空调持有1台，本次可控1台。","【v2隔离合成角色；无真人回答】
cityrole-0284｜河南济源市｜本户6人。独立住房设计建筑面积147.0㎡。
原合成持有设备：ac,electric_water_heater,washer；本次EB纳入：ac,electric_water_heater,washer；空调持有1台，本次可控1台。
收入、电费、设备习惯与控制偏好均为实验情境；事件当天是否有人在受控房间未知。",UNKNOWN,NOT_COLLECTED,D_G_RESULTS_NOT_IN_FIXED_ROLE_CSV,UNKNOWN,1,1,1,"ac,electric_water_heater,washer","ac,electric_water_heater,washer",none
cityrole-0285,v2_control1_D_inputs,汝州市,河南,2,1,0,mostly_occupied,partly_home,partly_regular,13000,520,电费不构成当前预算约束,本月电费占可安排预算较小。,both_high,5,5,2,low_auto_accept,independent_dwelling,one_room,1,109.0,synthetic_H6_like_whole_dwelling_building_area,109.0,EXPERIMENTAL_DESIGN_NOT_OBSERVED,81.954887,81.954887,81.954887,0,NOT_APPLICABLE,apartment,cn-home-0285,self_contained_openplan,High-rise apartment(slab type)_Zhengzhou_2010,CHN_Henan.Zhengzhou.570830_CSWD,96.283,D_selected_EB_devices_and_private_AC_zones,0,,【v2隔离合成角色；无真人回答】cityrole-0285｜河南汝州市｜本户2人；独立住房设计建筑面积109.0㎡。原合成持有设备：ac；本次EB纳入：ac；空调持有1台，本次可控1台。,"【v2隔离合成角色；无真人回答】
cityrole-0285｜河南汝州市｜本户2人。独立住房设计建筑面积109.0㎡。
原合成持有设备：ac；本次EB纳入：ac；空调持有1台，本次可控1台。
收入、电费、设备习惯与控制偏好均为实验情境；事件当天是否有人在受控房间未知。",UNKNOWN,NOT_COLLECTED,D_G_RESULTS_NOT_IN_FIXED_ROLE_CSV,UNKNOWN,1,1,1,ac,ac,none
cityrole-0286,v2_control1_D_inputs,牡丹江市,黑龙江,5,2,0,mostly_occupied,partly_home,irregular,47500,720,电费有余量，通常不需改变开支,本月电费占可安排预算较小。,both_high,4,4,1,low_auto_accept,independent_dwelling,two_rooms,2,72.5,synthetic_H6_like_whole_dwelling_building_area,72.5,EXPERIMENTAL_DESIGN_NOT_OBSERVED,54.511278,54.511278,54.511278,0,NOT_APPLICABLE,apartment,cn-home-0286,self_contained_openplan,Low-rise apartment_Mudanjiang_2010,CHN_Heilongjiang.Mudanjiang.540940_CSWD,1.017,D_selected_EB_devices_and_private_AC_zones,0,,"【v2隔离合成角色；无真人回答】cityrole-0286｜黑龙江牡丹江市｜本户5人；独立住房设计建筑面积72.5㎡。原合成持有设备：ac,dishwasher,electric_water_heater,washer；本次EB纳入：ac,dishwasher,electric_water_heater,washer；空调持有1台，本次可控1台。","【v2隔离合成角色；无真人回答】
cityrole-0286｜黑龙江牡丹江市｜本户5人。独立住房设计建筑面积72.5㎡。
原合成持有设备：ac,dishwasher,electric_water_heater,washer；本次EB纳入：ac,dishwasher,electric_water_heater,washer；空调持有1台，本次可控1台。
收入、电费、设备习惯与控制偏好均为实验情境；事件当天是否有人在受控房间未知。",UNKNOWN,NOT_COLLECTED,D_G_RESULTS_NOT_IN_FIXED_ROLE_CSV,UNKNOWN,1,1,1,"ac,dishwasher,electric_water_heater,washer","ac,dishwasher,electric_water_heater,washer",none
cityrole-0287,v2_control1_D_inputs,广州市,广东,5,3,1,sometimes_occupied,partly_home,partly_regular,10000,360,电费超出预算会挤占必要支出,必要生活开支较多，本月电费变化容易挤占其他项目。,middle,3,3,1,confirm_required,independent_dwelling,five_or_more_rooms,5,72.5,synthetic_H6_like_whole_dwelling_building_area,72.5,EXPERIMENTAL_DESIGN_NOT_OBSERVED,54.511278,54.511278,54.511278,0,NOT_APPLICABLE,rowhouse,cn-home-0287,terraced_five_room_inferred,Terraced house_Guangzhou_2003,CHN_Guangdong.Guangzhou.592870_CSWD,5.46,D_selected_EB_devices_and_private_AC_zones,0,,"【v2隔离合成角色；无真人回答】cityrole-0287｜广东广州市｜本户5人；独立住房设计建筑面积72.5㎡。原合成持有设备：ac,dishwasher,electric_water_heater,washer；本次EB纳入：ac,dishwasher,electric_water_heater,washer；空调持有1台，本次可控1台。","【v2隔离合成角色；无真人回答】
cityrole-0287｜广东广州市｜本户5人。独立住房设计建筑面积72.5㎡。
原合成持有设备：ac,dishwasher,electric_water_heater,washer；本次EB纳入：ac,dishwasher,electric_water_heater,washer；空调持有1台，本次可控1台。
收入、电费、设备习惯与控制偏好均为实验情境；事件当天是否有人在受控房间未知。",UNKNOWN,NOT_COLLECTED,D_G_RESULTS_NOT_IN_FIXED_ROLE_CSV,UNKNOWN,1,1,1,"ac,dishwasher,electric_water_heater,washer","ac,dishwasher,electric_water_heater,washer",none
cityrole-0288,v2_control1_D_inputs,佳木斯市,黑龙江,3,2,1,mostly_occupied,partly_home,partly_regular,28500,520,电费超出预算会挤占必要支出,本月收入已有其他固定支出安排，可灵活调整的预算较紧。,both_high,4,4,4,confirm_required,independent_dwelling,three_rooms,3,103.5,synthetic_H6_like_whole_dwelling_building_area,103.5,EXPERIMENTAL_DESIGN_NOT_OBSERVED,77.819549,77.819549,77.819549,0,NOT_APPLICABLE,apartment,cn-home-0288,self_contained_source_three_room,Low-rise apartment_Jiamusi_2010,CHN_Heilongjiang.Jiamusi.508730_CSWD,7.51,D_selected_EB_devices_and_private_AC_zones,0,,"【v2隔离合成角色；无真人回答】cityrole-0288｜黑龙江佳木斯市｜本户3人；独立住房设计建筑面积103.5㎡。原合成持有设备：electric_water_heater,washer；本次EB纳入：electric_water_heater,washer；空调持有0台，本次可控0台。","【v2隔离合成角色；无真人回答】
cityrole-0288｜黑龙江佳木斯市｜本户3人。独立住房设计建筑面积103.5㎡。
原合成持有设备：electric_water_heater,washer；本次EB纳入：electric_water_heater,washer；空调持有0台，本次可控0台。
收入、电费、设备习惯与控制偏好均为实验情境；事件当天是否有人在受控房间未知。",UNKNOWN,NOT_COLLECTED,D_G_RESULTS_NOT_IN_FIXED_ROLE_CSV,UNKNOWN,0,0,0,"electric_water_heater,washer","electric_water_heater,washer",none
cityrole-0289,v2_control1_D_inputs,深圳市,广东,3,1,0,sometimes_occupied,varies,irregular,13500,220,电费有余量，通常不需改变开支,本月电费占可安排预算较小。,both_high,4,4,5,high_trust_auto,independent_dwelling,three_rooms,3,43.5,synthetic_H6_like_whole_dwelling_building_area,43.5,EXPERIMENTAL_DESIGN_NOT_OBSERVED,32.706767,32.706767,32.706767,0,NOT_APPLICABLE,apartment,cn-home-0289,self_contained_source_three_room,Low-rise apartment_Guangzhou_2012,CHN_Guangdong.Zhengcheng.592940_CSWD,71.504,D_selected_EB_devices_and_private_AC_zones,0,,"【v2隔离合成角色；无真人回答】cityrole-0289｜广东深圳市｜本户3人；独立住房设计建筑面积43.5㎡。原合成持有设备：ac,washer；本次EB纳入：ac,washer；空调持有2台，本次可控2台。","【v2隔离合成角色；无真人回答】
cityrole-0289｜广东深圳市｜本户3人。独立住房设计建筑面积43.5㎡。
原合成持有设备：ac,washer；本次EB纳入：ac,washer；空调持有2台，本次可控2台。
收入、电费、设备习惯与控制偏好均为实验情境；事件当天是否有人在受控房间未知。",UNKNOWN,NOT_COLLECTED,D_G_RESULTS_NOT_IN_FIXED_ROLE_CSV,UNKNOWN,2,2,2,"ac,washer","ac,washer",none
cityrole-0290,v2_control1_D_inputs,北京市,北京,5,1,0,mostly_occupied,partly_home,irregular,47500,720,电费超出预算会挤占必要支出,本月收入已有其他固定支出安排，可灵活调整的预算较紧。,both_high,4,4,3,high_trust_auto,independent_dwelling,three_rooms,3,40.0,synthetic_H6_like_whole_dwelling_building_area,40.0,EXPERIMENTAL_DESIGN_NOT_OBSERVED,30.075188,30.075188,30.075188,0,NOT_APPLICABLE,apartment,cn-home-0290,self_contained_source_three_room,Low-rise apartment_Beijing_1995,CHN_Beijing.Beijing.545110_CSWD,16.45,D_selected_EB_devices_and_private_AC_zones,0,,"【v2隔离合成角色；无真人回答】cityrole-0290｜北京北京市｜本户5人；独立住房设计建筑面积40.0㎡。原合成持有设备：ac,washer；本次EB纳入：ac,washer；空调持有1台，本次可控1台。","【v2隔离合成角色；无真人回答】
cityrole-0290｜北京北京市｜本户5人。独立住房设计建筑面积40.0㎡。
原合成持有设备：ac,washer；本次EB纳入：ac,washer；空调持有1台，本次可控1台。
收入、电费、设备习惯与控制偏好均为实验情境；事件当天是否有人在受控房间未知。",UNKNOWN,NOT_COLLECTED,D_G_RESULTS_NOT_IN_FIXED_ROLE_CSV,UNKNOWN,1,1,1,"ac,washer","ac,washer",none
cityrole-0291,v2_control1_D_inputs,南宁市,广西,3,2,0,sometimes_occupied,partly_home,partly_regular,19500,520,电费超出预算会挤占必要支出,本月收入已有其他固定支出安排，可灵活调整的预算较紧。,middle,3,3,2,low_auto_accept,independent_dwelling,two_rooms,2,73.5,synthetic_H6_like_whole_dwelling_building_area,73.5,EXPERIMENTAL_DESIGN_NOT_OBSERVED,55.263158,55.263158,55.263158,0,NOT_APPLICABLE,apartment,cn-home-0291,self_contained_openplan,High-rise apartment(slab type)_Nanning_2012,CHN_Guangxi.Zhuang.Nanning.594310_CSWD,23.692,D_selected_EB_devices_and_private_AC_zones,0,,"【v2隔离合成角色；无真人回答】cityrole-0291｜广西南宁市｜本户3人；独立住房设计建筑面积73.5㎡。原合成持有设备：ac,dryer,washer；本次EB纳入：ac,dryer,washer；空调持有1台，本次可控1台。","【v2隔离合成角色；无真人回答】
cityrole-0291｜广西南宁市｜本户3人。独立住房设计建筑面积73.5㎡。
原合成持有设备：ac,dryer,washer；本次EB纳入：ac,dryer,washer；空调持有1台，本次可控1台。
收入、电费、设备习惯与控制偏好均为实验情境；事件当天是否有人在受控房间未知。",UNKNOWN,NOT_COLLECTED,D_G_RESULTS_NOT_IN_FIXED_ROLE_CSV,UNKNOWN,1,1,1,"ac,dryer,washer","ac,dryer,washer",none
cityrole-0292,v2_control1_D_inputs,无锡市,江苏,3,2,0,mostly_occupied,partly_home,partly_regular,9600,120,电费可承担，但会留意变化,本月电费可承担，但家庭会留意它的变化。,saving_priority,5,1,4,confirm_required,independent_dwelling,four_rooms,4,225.0,synthetic_H6_like_whole_dwelling_building_area,225.0,EXPERIMENTAL_DESIGN_NOT_OBSERVED,169.172932,169.172932,169.172932,0,NOT_APPLICABLE,apartment,cn-home-0292,self_contained_four_room_thermally_aggregated,Low-rise apartment_Dongtai_2001,CHN_Jiangsu.Lusi.582650_CSWD,135.268,D_selected_EB_devices_and_private_AC_zones,0,,"【v2隔离合成角色；无真人回答】cityrole-0292｜江苏无锡市｜本户3人；独立住房设计建筑面积225.0㎡。原合成持有设备：dryer,electric_water_heater；本次EB纳入：dryer,electric_water_heater；空调持有0台，本次可控0台。","【v2隔离合成角色；无真人回答】
cityrole-0292｜江苏无锡市｜本户3人。独立住房设计建筑面积225.0㎡。
原合成持有设备：dryer,electric_water_heater；本次EB纳入：dryer,electric_water_heater；空调持有0台，本次可控0台。
收入、电费、设备习惯与控制偏好均为实验情境；事件当天是否有人在受控房间未知。",UNKNOWN,NOT_COLLECTED,D_G_RESULTS_NOT_IN_FIXED_ROLE_CSV,UNKNOWN,0,0,0,"dryer,electric_water_heater","dryer,electric_water_heater",none
cityrole-0293,v2_control1_D_inputs,昆明市,云南,2,1,0,sometimes_occupied,varies,irregular,6400,360,电费可承担，但会留意变化,本月电费可承担，但家庭会留意它的变化。,middle,3,3,4,high_trust_auto,independent_dwelling,two_rooms,2,150.0,synthetic_H6_like_whole_dwelling_building_area,150.0,EXPERIMENTAL_DESIGN_NOT_OBSERVED,112.781955,112.781955,112.781955,0,NOT_APPLICABLE,apartment,cn-home-0293,self_contained_openplan,Low-rise apartment_Kunming_2019,CHN_Yunnan.Kunming.567780_CSWD,4.802,D_selected_EB_devices_and_private_AC_zones,0,,【v2隔离合成角色；无真人回答】cityrole-0293｜云南昆明市｜本户2人；独立住房设计建筑面积150.0㎡。原合成持有设备：electric_water_heater；本次EB纳入：electric_water_heater；空调持有0台，本次可控0台。,"【v2隔离合成角色；无真人回答】
cityrole-0293｜云南昆明市｜本户2人。独立住房设计建筑面积150.0㎡。
原合成持有设备：electric_water_heater；本次EB纳入：electric_water_heater；空调持有0台，本次可控0台。
收入、电费、设备习惯与控制偏好均为实验情境；事件当天是否有人在受控房间未知。",UNKNOWN,NOT_COLLECTED,D_G_RESULTS_NOT_IN_FIXED_ROLE_CSV,UNKNOWN,0,0,0,electric_water_heater,electric_water_heater,none
cityrole-0294,v2_control1_D_inputs,潍坊市,山东,3,2,0,sometimes_occupied,varies,irregular,9600,120,电费不构成当前预算约束,本月电费已列入预算，按当前金额可以承担。,saving_priority,5,1,1,confirm_required,independent_dwelling,two_rooms,2,73.5,synthetic_H6_like_whole_dwelling_building_area,73.5,EXPERIMENTAL_DESIGN_NOT_OBSERVED,55.263158,55.263158,55.263158,0,NOT_APPLICABLE,apartment,cn-home-0294,self_contained_openplan,High-rise apartment(slab type)_Weifang_2010,CHN_Shandong.Weifang.548430_CSWD,6.523,D_selected_EB_devices_and_private_AC_zones,0,,【v2隔离合成角色；无真人回答】cityrole-0294｜山东潍坊市｜本户3人；独立住房设计建筑面积73.5㎡。原合成持有设备：ac；本次EB纳入：ac；空调持有1台，本次可控1台。,"【v2隔离合成角色；无真人回答】
cityrole-0294｜山东潍坊市｜本户3人。独立住房设计建筑面积73.5㎡。
原合成持有设备：ac；本次EB纳入：ac；空调持有1台，本次可控1台。
收入、电费、设备习惯与控制偏好均为实验情境；事件当天是否有人在受控房间未知。",UNKNOWN,NOT_COLLECTED,D_G_RESULTS_NOT_IN_FIXED_ROLE_CSV,UNKNOWN,1,1,1,ac,ac,none
cityrole-0295,v2_control1_D_inputs,莆田市,福建,1,1,1,mostly_absent,mostly_home,regular,3200,380,电费有压力，需调整其他开支,必要生活开支较多，本月电费变化容易挤占其他项目。,both_high,5,5,4,confirm_required,independent_dwelling,one_room,1,75.0,synthetic_H6_like_whole_dwelling_building_area,75.0,EXPERIMENTAL_DESIGN_NOT_OBSERVED,56.390977,56.390977,56.390977,0,NOT_APPLICABLE,apartment,cn-home-0295,self_contained_openplan,Low-rise apartment_Fuzhou_2012,CHN_Fujian.Congwu.591330_CSWD,60.992,D_selected_EB_devices_and_private_AC_zones,0,,"【v2隔离合成角色；无真人回答】cityrole-0295｜福建莆田市｜本户1人；独立住房设计建筑面积75.0㎡。原合成持有设备：ac,washer；本次EB纳入：ac,washer；空调持有1台，本次可控1台。","【v2隔离合成角色；无真人回答】
cityrole-0295｜福建莆田市｜本户1人。独立住房设计建筑面积75.0㎡。
原合成持有设备：ac,washer；本次EB纳入：ac,washer；空调持有1台，本次可控1台。
收入、电费、设备习惯与控制偏好均为实验情境；事件当天是否有人在受控房间未知。",UNKNOWN,NOT_COLLECTED,D_G_RESULTS_NOT_IN_FIXED_ROLE_CSV,UNKNOWN,1,1,1,"ac,washer","ac,washer",none
cityrole-0296,v2_control1_D_inputs,常州市,江苏,6,2,0,mostly_occupied,partly_home,irregular,39000,720,电费不构成当前预算约束,本月电费占可安排预算较小。,saving_priority,4,2,5,confirm_required,independent_dwelling,three_rooms,3,147.0,synthetic_H6_like_whole_dwelling_building_area,147.0,EXPERIMENTAL_DESIGN_NOT_OBSERVED,110.526316,110.526316,110.526316,0,NOT_APPLICABLE,apartment,cn-home-0296,self_contained_source_three_room,High-rise apartment(slab type)_Dongtai_2001,CHN_Jiangsu.Dongtai.582510_CSWD,126.928,D_selected_EB_devices_and_private_AC_zones,0,,"【v2隔离合成角色；无真人回答】cityrole-0296｜江苏常州市｜本户6人；独立住房设计建筑面积147.0㎡。原合成持有设备：ac,dryer,electric_water_heater,washer；本次EB纳入：ac,dryer,electric_water_heater,washer；空调持有1台，本次可控1台。","【v2隔离合成角色；无真人回答】
cityrole-0296｜江苏常州市｜本户6人。独立住房设计建筑面积147.0㎡。
原合成持有设备：ac,dryer,electric_water_heater,washer；本次EB纳入：ac,dryer,electric_water_heater,washer；空调持有1台，本次可控1台。
收入、电费、设备习惯与控制偏好均为实验情境；事件当天是否有人在受控房间未知。",UNKNOWN,NOT_COLLECTED,D_G_RESULTS_NOT_IN_FIXED_ROLE_CSV,UNKNOWN,1,1,1,"ac,dryer,electric_water_heater,washer","ac,dryer,electric_water_heater,washer",none
cityrole-0297,v2_control1_D_inputs,高平市,山西,5,3,0,mostly_occupied,partly_home,partly_regular,47500,120,电费有压力，需调整其他开支,本月收入已有其他固定支出安排，可灵活调整的预算较紧。,comfort_priority,2,4,3,confirm_required,independent_dwelling,three_rooms,3,322.5,synthetic_H6_like_whole_dwelling_building_area,322.5,EXPERIMENTAL_DESIGN_NOT_OBSERVED,242.481203,242.481203,242.481203,0,NOT_APPLICABLE,apartment,cn-home-0297,self_contained_source_three_room,High-rise apartment(slab type)_Houma_2010,CHN_Shanxi.Houma.539630_CSWD,141.575,D_selected_EB_devices_and_private_AC_zones,0,,"【v2隔离合成角色；无真人回答】cityrole-0297｜山西高平市｜本户5人；独立住房设计建筑面积322.5㎡。原合成持有设备：electric_water_heater,washer；本次EB纳入：electric_water_heater,washer；空调持有0台，本次可控0台。","【v2隔离合成角色；无真人回答】
cityrole-0297｜山西高平市｜本户5人。独立住房设计建筑面积322.5㎡。
原合成持有设备：electric_water_heater,washer；本次EB纳入：electric_water_heater,washer；空调持有0台，本次可控0台。
收入、电费、设备习惯与控制偏好均为实验情境；事件当天是否有人在受控房间未知。",UNKNOWN,NOT_COLLECTED,D_G_RESULTS_NOT_IN_FIXED_ROLE_CSV,UNKNOWN,0,0,0,"electric_water_heater,washer","electric_water_heater,washer",none
cityrole-0298,v2_control1_D_inputs,六盘水市,贵州,1,1,0,variable,varies,irregular,3200,380,电费有余量，通常不需改变开支,家庭已为当前电费预留预算，按这个金额可以承担；增加用电仍需重新权衡。,saving_priority,4,2,3,confirm_required,independent_dwelling,three_rooms,3,75.0,synthetic_H6_like_whole_dwelling_building_area,75.0,EXPERIMENTAL_DESIGN_NOT_OBSERVED,56.390977,56.390977,56.390977,0,NOT_APPLICABLE,apartment,cn-home-0298,self_contained_source_three_room,Low-rise apartment_Weining_2019,CHN_Guizhou.Weining.566910_CSWD,63.981,D_selected_EB_devices_and_private_AC_zones,0,,"【v2隔离合成角色；无真人回答】cityrole-0298｜贵州六盘水市｜本户1人；独立住房设计建筑面积75.0㎡。原合成持有设备：ac,electric_water_heater；本次EB纳入：ac,electric_water_heater；空调持有1台，本次可控1台。","【v2隔离合成角色；无真人回答】
cityrole-0298｜贵州六盘水市｜本户1人。独立住房设计建筑面积75.0㎡。
原合成持有设备：ac,electric_water_heater；本次EB纳入：ac,electric_water_heater；空调持有1台，本次可控1台。
收入、电费、设备习惯与控制偏好均为实验情境；事件当天是否有人在受控房间未知。",UNKNOWN,NOT_COLLECTED,D_G_RESULTS_NOT_IN_FIXED_ROLE_CSV,UNKNOWN,1,1,1,"ac,electric_water_heater","ac,electric_water_heater",none
cityrole-0299,v2_control1_D_inputs,天津市,天津,5,3,0,mostly_occupied,partly_home,partly_regular,22500,360,电费有余量，通常不需改变开支,本月电费占可安排预算较小。,saving_priority,4,2,5,confirm_required,independent_dwelling,two_rooms,2,72.5,synthetic_H6_like_whole_dwelling_building_area,72.5,EXPERIMENTAL_DESIGN_NOT_OBSERVED,54.511278,54.511278,54.511278,0,NOT_APPLICABLE,apartment,cn-home-0299,self_contained_openplan,Low-rise apartment_Tianjin_2010,CHN_Tianjin.Tianjin.545270_CSWD,12.212,D_selected_EB_devices_and_private_AC_zones,0,,"【v2隔离合成角色；无真人回答】cityrole-0299｜天津天津市｜本户5人；独立住房设计建筑面积72.5㎡。原合成持有设备：ac,electric_water_heater,washer；本次EB纳入：ac,electric_water_heater,washer；空调持有1台，本次可控1台。","【v2隔离合成角色；无真人回答】
cityrole-0299｜天津天津市｜本户5人。独立住房设计建筑面积72.5㎡。
原合成持有设备：ac,electric_water_heater,washer；本次EB纳入：ac,electric_water_heater,washer；空调持有1台，本次可控1台。
收入、电费、设备习惯与控制偏好均为实验情境；事件当天是否有人在受控房间未知。",UNKNOWN,NOT_COLLECTED,D_G_RESULTS_NOT_IN_FIXED_ROLE_CSV,UNKNOWN,1,1,1,"ac,electric_water_heater,washer","ac,electric_water_heater,washer",none
cityrole-0300,v2_control1_D_inputs,广州市,广东,1,1,0,sometimes_occupied,partly_home,partly_regular,2000,240,电费有余量，通常不需改变开支,家庭已为当前电费预留预算，按这个金额可以承担；增加用电仍需重新权衡。,both_low,2,2,3,high_trust_auto,independent_dwelling,three_rooms,3,75.0,synthetic_H6_like_whole_dwelling_building_area,75.0,EXPERIMENTAL_DESIGN_NOT_OBSERVED,56.390977,56.390977,56.390977,0,NOT_APPLICABLE,apartment,cn-home-0300,self_contained_source_three_room,Low-rise apartment_Guangzhou_2003,CHN_Guangdong.Guangzhou.592870_CSWD,5.46,D_selected_EB_devices_and_private_AC_zones,0,,"【v2隔离合成角色；无真人回答】cityrole-0300｜广东广州市｜本户1人；独立住房设计建筑面积75.0㎡。原合成持有设备：ac,dryer,electric_water_heater,washer；本次EB纳入：ac,dryer,electric_water_heater,washer；空调持有1台，本次可控1台。","【v2隔离合成角色；无真人回答】
cityrole-0300｜广东广州市｜本户1人。独立住房设计建筑面积75.0㎡。
原合成持有设备：ac,dryer,electric_water_heater,washer；本次EB纳入：ac,dryer,electric_water_heater,washer；空调持有1台，本次可控1台。
收入、电费、设备习惯与控制偏好均为实验情境；事件当天是否有人在受控房间未知。",UNKNOWN,NOT_COLLECTED,D_G_RESULTS_NOT_IN_FIXED_ROLE_CSV,UNKNOWN,1,1,1,"ac,dryer,electric_water_heater,washer","ac,dryer,electric_water_heater,washer",none
