role_id,source_version,city,province,administrative_city_code,family_size,generation_category,older_member_present,weekday_day_presence,evening_presence,routine_regularity,monthly_income_scenario_yuan,monthly_bill_scenario_yuan,bill_pressure_design_level,bill_pressure_description,budget_explanation,tradeoff_condition,cost_importance_1_5,comfort_importance_1_5,grid_importance_1_5,control_condition,notice_hours,housing_form,h7_room_category,h7_room_minimum,h6_per_capita_area_bin_m2,h6_design_building_area_m2,h6_area_basis,whole_dwelling_building_area_m2,whole_dwelling_area_status,x_area_answer_code,x_area_semantic_status,building_type,floor_position,source_floor,virtual_building_id,housing_mode,source_catalog_key,source_unit_exposure,household_accounted_net_area_m2,selected_controlled_zone_area_m2,common_allocated_area_m2,weather_station_key,weather_station_distance_km,weather_epw_sha256,idf_sha256,owned_zone_count,ac_candidate_zone_count,selected_window_count,private_control_scope,home_charging_access,home_ev_driver_member_id,role_card_short,actor_card_full,event_presence_status,participant_feedback_status,simulation_result_status,population_weight_status
cityrole-0001,eb.synthetic_fixed_profile_300.v1,南昌市,江西,360100,2,2,0,mostly_absent,mostly_home,regular,6400,360,4,电费有余量，通常不需改变开支,本月电费已列入预算，按当前金额可以承担。,middle,3,3,2,high_trust_auto,24,independent_dwelling,two_rooms,2,20-29,49.0,synthetic_H6_like_whole_dwelling_building_area,49.0,known_synthetic_whole_dwelling,lt50,matches_synthetic_whole_dwelling,apartment,top,4,cn-home-0001,self_contained_openplan,Low-rise apartment_Nanchang_2001,middle,36.842105,36.842105,0,CHN_Jiangxi.Nanchang.586060_CSWD,9.144,73d03ab850f06771026955a09e1547da0a36e8847a2aea66dde125273e292715,c55ae95e788eb2d4f685ecc22d9cdd0208bd17ab8ddb9869f0ee42811ded68fd,7,7,8,household_selected_devices,0,,南昌市的2人家庭。独立住房建筑面积约49平方米，七普口径至少2间自然房间。主要说明人（37岁，通常定时外出）、子女（17岁，通常定时外出）。通常白天多在外。家庭月收入情境约6400元，通常月电费情境约360元；电费有余量，通常不需改变开支。本月电费已列入预算，按当前金额可以承担。纳入安排的设备：空调、洗衣机。节费重视3/5，舒适重视3/5，系统控制边界是约定范围内可自动调整；希望提前24小时通知。费用压力描述的是当前预算余量；节费重视描述的是调整方案时的取舍，两者分别考虑。洗衣等任务需有人在家完成装载。空屋提前开空调须另确认预约或远控与本人许可。,"【合成角色条件；尚无真人回答】
cityrole-0001｜江西南昌市｜2人｜独立住宅，H7 至少2间自然房；整套设计建筑面积49㎡。
楼房中的一套住宅，楼层位置 顶层，房龄背景 2000—2009年；住宅原型 Low-rise apartment_Nanchang_2001，源户位 middle，天气代理站 CHN_Jiangxi.Nanchang.586060_CSWD（距城市约9.1km）；天气/原型及房龄并非本户实测。
m01 主要说明人，37岁，在外工作 / 通常固定时间外出工作或学习；工作日通常在家 00:00–07:30、18:30–24:00；室温感受：不太敏感，室温变化较大也通常能适应；电器时间：只要按时完成，具体运行时间都可以；参与安排：通常主要由这位成员决定；需求优先：没有特别优先；节费/错峰重视 3/1；系统控制：在约定范围内，可以让系统自动调整。
m02 子女，17岁，上学 / 通常固定时间外出工作或学习；工作日通常在家 00:00–07:30、18:30–24:00；室温感受：能接受小幅变化，变化较大会不舒服；电器时间：只要按时完成，具体运行时间都可以；参与安排：通常与家人共同商量决定；需求优先：通常会优先考虑；节费/错峰重视 3/2；系统控制：更愿意自己安排，尽量不让系统调整。
通常白天：大部分时间没人；晚间：大部分时间有人；作息：大体固定；深夜用电：很少或没有；事件当天是否在受控房间另核。
家庭月收入情境 6400元、上月电费情境 360元；电费压力 4/5。本月电费已列入预算，按当前金额可以承担。
节费/舒适/错峰重视 3/3/2；控制边界：在约定范围内，可以让系统自动调整；提前通知 一天；受保护活动：睡眠休息, 做饭用餐, 照顾家人。
居住方式：整套租住；电价背景：单一时段电价；定时/自动控制经验：经常使用；既有错峰经验：参加过；受扰后恢复偏好：改回原安排；其他背景设备：冰箱。
空调 2台，每周 2—3天；傍晚到睡前（18:00—23:00），制冷设定 25℃，室温希望范围 24—26℃，可接受变化 0.5℃。条件：有人在受控房间时使用；18:00–18:30若空屋预冷，须当天确认家户许可及实际预约/远控能力，否则到家后开启；空屋冷量不算舒适收益。
洗衣机 1台，每周 2—3天；默认 19:50，可从 19:00 开始，最晚 23:00 完成，一次 60 分钟。条件：默认时刻须有成员在家并完成装载；轮班或事件日另核，不默认预约或远程启动。
参与者对十天方案的选择、理由和评分尚未填写。",UNKNOWN,NOT_COLLECTED,NOT_EXPORTED_PENDING_D_ACCEPTANCE,UNKNOWN
cityrole-0002,eb.synthetic_fixed_profile_300.v1,广州市,广东,440100,4,3,0,mostly_occupied,partly_home,irregular,26000,720,5,电费不构成当前预算约束,本月电费占可安排预算较小。,both_high,5,5,1,confirm_required,48,independent_dwelling,three_rooms,3,20-29,98.0,synthetic_H6_like_whole_dwelling_building_area,98.0,known_synthetic_whole_dwelling,90_119,matches_synthetic_whole_dwelling,apartment,middle,2,cn-home-0002,self_contained_source_three_room,Low-rise apartment_Guangzhou_2012,middle,73.684211,73.684211,0,CHN_Guangdong.Guangzhou.592870_CSWD,5.46,8aba1405cf372b1266858ed2455d3b45d43a20315f9e450e72373d5a70b4a026,10c9f38c3a309606a7c5683ea3690306efe3aab73d9f7cbba8a9bbed84a0bf27,7,7,8,household_selected_devices,0,,广州市的4人家庭。独立住房建筑面积约98平方米，七普口径至少3间自然房间。长辈（59岁，通常主要在家）、主要说明人（40岁，在家外出交替）、子女（20岁，通常定时外出）、伴侣（39岁，轮班或时间多变）。通常白天有人在家。家庭月收入情境约26000元，通常月电费情境约720元；电费不构成当前预算约束。本月电费占可安排预算较小。纳入安排的设备：空调。节费重视5/5，舒适重视5/5，系统控制边界是每次先确认；希望提前48小时通知。当前电费负担不重，但仍重视避免浪费。空屋提前开空调须另确认预约或远控与本人许可。轮班日按当天在家情况确认。,"【合成角色条件；尚无真人回答】
cityrole-0002｜广东广州市｜4人｜独立住宅，H7 至少3间自然房；整套设计建筑面积98㎡。
楼房中的一套住宅，楼层位置 中间层，房龄背景 2010—2019年；住宅原型 Low-rise apartment_Guangzhou_2012，源户位 middle，天气代理站 CHN_Guangdong.Guangzhou.592870_CSWD（距城市约5.5km）；天气/原型及房龄并非本户实测。
m01 长辈，59岁，居家工作/学习 / 主要在家生活，包括居家工作、学习、休息或照护；工作日通常在家 00:00–24:00；室温感受：比较敏感，小幅变化也容易不舒服；电器时间：希望按原定时间运行，尽量不调整；参与安排：通常主要由这位成员决定；需求优先：没有特别优先；节费/错峰重视 5/4；系统控制：每次先问，得到明确同意后再调整。
m02 主要说明人，40岁，照顾家人 / 部分时间在家，部分时间外出；工作日通常在家 00:00–09:00、12:00–15:00、19:00–24:00；室温感受：不太敏感，室温变化较大也通常能适应；电器时间：只要按时完成，具体运行时间都可以；参与安排：通常与家人共同商量决定；需求优先：没有特别优先；节费/错峰重视 4/5；系统控制：在约定范围内，可以让系统自动调整。
m03 子女，20岁，在外工作 / 通常固定时间外出工作或学习；工作日通常在家 00:00–07:30、18:30–24:00；室温感受：能接受小幅变化，变化较大会不舒服；电器时间：只要按时完成，具体运行时间都可以；参与安排：通常与家人共同商量决定；需求优先：没有特别优先；节费/错峰重视 1/1；系统控制：更愿意自己安排，尽量不让系统调整。
m04 伴侣，39岁，轮班工作 / 轮班或时间经常变化；工作日到家时段不固定；室温感受：比较敏感，小幅变化也容易不舒服；电器时间：只接受小幅提前或推迟；参与安排：通常与家人共同商量决定；需求优先：没有特别优先；节费/错峰重视 3/2；系统控制：每次先问，得到明确同意后再调整。
通常白天：大部分时间有人；晚间：部分时间有人；作息：变化较多；深夜用电：偶尔；事件当天是否在受控房间另核。
家庭月收入情境 26000元、上月电费情境 720元；电费压力 5/5。本月电费占可安排预算较小。
节费/舒适/错峰重视 5/5/1；控制边界：每次先问我，得到明确同意后再调整；提前通知 两天；受保护活动：睡眠休息, 做饭用餐。
居住方式：自有住房；电价背景：单一时段电价；定时/自动控制经验：经常使用；既有错峰经验：没有参加过；受扰后恢复偏好：改回原安排；其他背景设备：冰箱。
空调 1台，每周 4—6天；傍晚到睡前（18:00—23:00），制冷设定 26℃，室温希望范围 25—27℃，可接受变化 1℃。条件：有人在受控房间时使用；18:00–18:30若空屋预冷，须当天确认家户许可及实际预约/远控能力，否则到家后开启；空屋冷量不算舒适收益。
参与者对十天方案的选择、理由和评分尚未填写。",UNKNOWN,NOT_COLLECTED,NOT_EXPORTED_PENDING_D_ACCEPTANCE,UNKNOWN
cityrole-0003,eb.synthetic_fixed_profile_300.v1,潮州市,广东,445100,2,1,0,sometimes_occupied,varies,irregular,6400,360,1,电费超出预算会挤占必要支出,必要生活开支较多，本月电费变化容易挤占其他项目。,middle,3,3,3,low_auto_accept,72,independent_dwelling,one_room,1,20-29,49.0,synthetic_H6_like_whole_dwelling_building_area,49.0,known_synthetic_whole_dwelling,lt50,matches_synthetic_whole_dwelling,apartment,top,4,cn-home-0003,self_contained_openplan,Low-rise apartment_Shantou_2003,edge,36.842105,36.842105,0,CHN_Guangdong.Shantou.593160_CSWD,46.236,9d7c38012670bd5c44cda35836c101ab9e13fccf84929691f8513c83a14e7001,ce21d4a3e71ac4e92a4bd83cd9a3773dadecc1cc7da9bdeda2d05d8629020f90,7,7,10,household_selected_devices,0,,潮州市的2人家庭。独立住房建筑面积约49平方米，七普口径至少1间自然房间。主要说明人（34岁，轮班或时间多变）、伴侣（31岁，在家外出交替）。通常白天部分时间有人。家庭月收入情境约6400元，通常月电费情境约360元；电费超出预算会挤占必要支出。必要生活开支较多，本月电费变化容易挤占其他项目。纳入安排的设备：电热水器。节费重视3/5，舒适重视3/5，系统控制边界是以自己安排为主；希望提前72小时通知。费用压力描述的是当前预算余量；节费重视描述的是调整方案时的取舍，两者分别考虑。轮班日按当天在家情况确认。,"【合成角色条件；尚无真人回答】
cityrole-0003｜广东潮州市｜2人｜独立住宅，H7 至少1间自然房；整套设计建筑面积49㎡。
楼房中的一套住宅，楼层位置 顶层，房龄背景 2000—2009年；住宅原型 Low-rise apartment_Shantou_2003，源户位 edge，天气代理站 CHN_Guangdong.Shantou.593160_CSWD（距城市约46.2km）；天气/原型及房龄并非本户实测。
m01 主要说明人，34岁，轮班工作 / 轮班或时间经常变化；工作日到家时段不固定；室温感受：能接受小幅变化，变化较大会不舒服；电器时间：希望按原定时间运行，尽量不调整；参与安排：通常主要由这位成员决定；需求优先：没有特别优先；节费/错峰重视 3/2；系统控制：更愿意自己安排，尽量不让系统调整。
m02 伴侣，31岁，暂未工作（非退休） / 部分时间在家，部分时间外出；工作日通常在家 00:00–09:00、12:00–15:00、19:00–24:00；室温感受：比较敏感，小幅变化也容易不舒服；电器时间：希望按原定时间运行，尽量不调整；参与安排：通常与家人共同商量决定；需求优先：没有特别优先；节费/错峰重视 5/3；系统控制：每次先问，得到明确同意后再调整。
通常白天：部分时间有人；晚间：每天不太固定；作息：变化较多；深夜用电：偶尔；事件当天是否在受控房间另核。
家庭月收入情境 6400元、上月电费情境 360元；电费压力 1/5。必要生活开支较多，本月电费变化容易挤占其他项目。
节费/舒适/错峰重视 3/3/3；控制边界：更愿意自己安排，尽量不让系统调整；提前通知 三天或更早；受保护活动：睡眠休息, 做饭用餐。
居住方式：与他人合租；电价背景：峰谷分时电价；定时/自动控制经验：偶尔使用；既有错峰经验：没有参加过；受扰后恢复偏好：先看影响再决定；其他背景设备：冰箱。
电热水器 1台，每周 每天（7天）；加热 19:50–22:00，需热水 21:00，提前加热：不希望提前加热。条件：普通加热须对准有人需要热水的时段；事件日及额外提前加热按当次许可确认。
参与者对十天方案的选择、理由和评分尚未填写。",UNKNOWN,NOT_COLLECTED,NOT_EXPORTED_PENDING_D_ACCEPTANCE,UNKNOWN
cityrole-0004,eb.synthetic_fixed_profile_300.v1,漳州市,福建,350600,1,1,0,sometimes_occupied,partly_home,partly_regular,2000,120,5,电费不构成当前预算约束,本月电费已列入预算，按当前金额可以承担。,both_high,5,5,3,high_trust_auto,48,shared_dwelling_private_rooms_with_allocated_common_area,one_room,1,8及以下,8.0,synthetic_H6_like_household_attributed_building_area_in_shared_dwelling,37.666661,experimental_F_scaled_whole_dwelling,lt50,matches_F_experimental_whole_dwelling,apartment,middle,6,cn-home-0004,shared_flat_private_rooms,High-rise apartment(slab type)_Xiamen_2003,middle,7.6,6.391803,1.208197,CHN_Fujian.Xiamen.591340_CSWD,37.304,a6d1d0b52a3193b3246c432c0a8a27f22c1c2d64cfa1bb9ad60f2851385d2939,613303629a0c8e2c959b418a64fe60d6cd95e3b5e9627d6d307e6c38bdfa7ba5,1,1,1,assigned_private_rooms_ac_only,0,,漳州市的1人家庭。合住住房中本户独用1间房，分摊建筑面积约8平方米；整套住房设计建筑面积约37.6667平方米（按模型整套净面积和实验0.95比值换算）；仅私有房间的1台空调可由本户安排，公共设备不纳入。主要说明人（23岁，在家外出交替）。通常白天部分时间有人。家庭月收入情境约2000元，通常月电费情境约120元；电费不构成当前预算约束。本月电费已列入预算，按当前金额可以承担。纳入安排的设备：空调。节费重视5/5，舒适重视5/5，系统控制边界是约定范围内可自动调整；希望提前48小时通知。当前电费负担不重，但仍重视避免浪费。,"【合成角色条件；尚无真人回答】
cityrole-0004｜福建漳州市｜1人｜合住，本户独用1间自然房；8㎡是本户分摊建筑面积，整套住房设计建筑面积约37.6667㎡，按冻结源单元净面积和实验 0.95 比值换算，并非实测。
楼房中的一套住宅，楼层位置 中间层，房龄背景 2000—2009年；住宅原型 High-rise apartment(slab type)_Xiamen_2003，源户位 middle，天气代理站 CHN_Fujian.Xiamen.591340_CSWD（距城市约37.3km）；天气/原型及房龄并非本户实测。
m01 主要说明人，23岁，照顾家人 / 部分时间在家，部分时间外出；工作日通常在家 00:00–09:00、12:00–15:00、19:00–24:00；室温感受：不太敏感，室温变化较大也通常能适应；电器时间：只接受小幅提前或推迟；参与安排：通常主要由这位成员决定；需求优先：没有特别优先；节费/错峰重视 5/5；系统控制：在约定范围内，可以让系统自动调整。
通常白天：部分时间有人；晚间：部分时间有人；作息：部分成员或部分日期固定；深夜用电：很少或没有；事件当天是否在受控房间另核。
家庭月收入情境 2000元、上月电费情境 120元；电费压力 5/5。本月电费已列入预算，按当前金额可以承担。
节费/舒适/错峰重视 5/5/3；控制边界：在约定范围内，可以让系统自动调整；提前通知 两天；受保护活动：睡眠休息, 做饭用餐。
居住方式：与他人合租；电价背景：单一时段电价；定时/自动控制经验：经常使用；既有错峰经验：没有参加过；受扰后恢复偏好：保留自动安排；其他背景设备：没有上述设备。
空调 1台，每周 2—3天；自己选择使用时段（可跨午夜），制冷设定 24℃，室温希望范围 23—25℃，可接受变化 0.5℃，自选时段 19:00–23:00。条件：有人在受控房间时使用；轮班或事件日另核，不把空屋冷量算作舒适收益。
参与者对十天方案的选择、理由和评分尚未填写。",UNKNOWN,NOT_COLLECTED,NOT_EXPORTED_PENDING_D_ACCEPTANCE,UNKNOWN
cityrole-0005,eb.synthetic_fixed_profile_300.v1,莆田市,福建,350300,4,2,0,sometimes_occupied,partly_home,partly_regular,26000,720,5,电费不构成当前预算约束,本月电费占可安排预算较小。,saving_priority,5,1,5,confirm_required,3,independent_dwelling,three_rooms,3,13-16,58.0,synthetic_H6_like_whole_dwelling_building_area,58.0,known_synthetic_whole_dwelling,50_89,matches_synthetic_whole_dwelling,apartment,top,4,cn-home-0005,self_contained_source_three_room,Low-rise apartment_Fuzhou_2012,middle,43.609023,43.609023,0,CHN_Fujian.Congwu.591330_CSWD,60.992,d7ed89be32b75cb225cf9fffd8355264b5fa5f6005df6f40e05d2841dbc6b753,c305c0687ff8fbd3f830d1044f47d7025adb40e2ed5acec5dd7669d5567b6c89,7,7,8,household_selected_devices,0,,莆田市的4人家庭。独立住房建筑面积约58平方米，七普口径至少3间自然房间。主要说明人（49岁，在家外出交替）、子女（14岁，通常定时外出）、伴侣（48岁，在家外出交替）、子女（10岁，通常定时外出）。通常白天部分时间有人。家庭月收入情境约26000元，通常月电费情境约720元；电费不构成当前预算约束。本月电费占可安排预算较小。纳入安排的设备：空调、洗衣机。节费重视5/5，舒适重视1/5，系统控制边界是每次先确认；希望提前3小时通知。当前电费负担不重，但仍重视避免浪费。洗衣等任务需有人在家完成装载。空屋提前开空调须另确认预约或远控与本人许可。,"【合成角色条件；尚无真人回答】
cityrole-0005｜福建莆田市｜4人｜独立住宅，H7 至少3间自然房；整套设计建筑面积58㎡。
楼房中的一套住宅，楼层位置 顶层，房龄背景 2010—2019年；住宅原型 Low-rise apartment_Fuzhou_2012，源户位 middle，天气代理站 CHN_Fujian.Congwu.591330_CSWD（距城市约61.0km）；天气/原型及房龄并非本户实测。
m01 主要说明人，49岁，暂未工作（非退休） / 部分时间在家，部分时间外出；工作日通常在家 00:00–09:00、12:00–15:00、19:00–24:00；室温感受：比较敏感，小幅变化也容易不舒服；电器时间：只接受小幅提前或推迟；参与安排：通常主要由这位成员决定；需求优先：没有特别优先；节费/错峰重视 5/3；系统控制：每次先问，得到明确同意后再调整。
m02 子女，14岁，上学 / 通常固定时间外出工作或学习；工作日通常在家 00:00–07:30、18:30–24:00；室温感受：不太敏感，室温变化较大也通常能适应；电器时间：只接受小幅提前或推迟；参与安排：通常与家人共同商量决定；需求优先：通常会优先考虑；节费/错峰重视 2/4；系统控制：在约定范围内，可以让系统自动调整。
m03 伴侣，48岁，照顾家人 / 部分时间在家，部分时间外出；工作日通常在家 00:00–09:00、12:00–15:00、19:00–24:00；室温感受：能接受小幅变化，变化较大会不舒服；电器时间：希望按原定时间运行，尽量不调整；参与安排：通常与家人共同商量决定；需求优先：没有特别优先；节费/错峰重视 4/5；系统控制：更愿意自己安排，尽量不让系统调整。
m04 子女，10岁，上学 / 通常固定时间外出工作或学习；工作日通常在家 00:00–07:30、18:30–24:00；室温感受：比较敏感，小幅变化也容易不舒服；电器时间：希望按原定时间运行，尽量不调整；参与安排：通常与家人共同商量决定；需求优先：通常会优先考虑；节费/错峰重视 1/1；系统控制：每次先问，得到明确同意后再调整。
通常白天：部分时间有人；晚间：部分时间有人；作息：部分成员或部分日期固定；深夜用电：很少或没有；事件当天是否在受控房间另核。
家庭月收入情境 26000元、上月电费情境 720元；电费压力 5/5。本月电费占可安排预算较小。
节费/舒适/错峰重视 5/1/5；控制边界：每次先问我，得到明确同意后再调整；提前通知 3 小时；受保护活动：睡眠休息, 做饭用餐, 照顾家人。
居住方式：整套租住；电价背景：单一时段电价；定时/自动控制经验：没有使用过；既有错峰经验：没有参加过；受扰后恢复偏好：先看影响再决定；其他背景设备：冰箱。
空调 2台，每周 4—6天；傍晚到睡前（18:00—23:00），制冷设定 25℃，室温希望范围 24—26℃，可接受变化 1℃。条件：有人在受控房间时使用；18:00–18:30若空屋预冷，须当天确认家户许可及实际预约/远控能力，否则到家后开启；空屋冷量不算舒适收益。
洗衣机 1台，每周 4—6天；默认 21:00，可从 19:00 开始，最晚 24:00 完成，一次 60 分钟。条件：默认时刻须有成员在家并完成装载；轮班或事件日另核，不默认预约或远程启动。
参与者对十天方案的选择、理由和评分尚未填写。",UNKNOWN,NOT_COLLECTED,NOT_EXPORTED_PENDING_D_ACCEPTANCE,UNKNOWN
cityrole-0006,eb.synthetic_fixed_profile_300.v1,赤峰市,内蒙古,150400,3,2,1,mostly_occupied,partly_home,irregular,6000,520,3,电费可承担，但会留意变化,本月电费可承担，但家庭会留意它的变化。,saving_priority,4,2,3,high_trust_auto,12,independent_dwelling,three_rooms,3,30-39,103.5,synthetic_H6_like_whole_dwelling_building_area,103.5,known_synthetic_whole_dwelling,90_119,matches_synthetic_whole_dwelling,apartment,ground,1,cn-home-0006,self_contained_source_three_room,Low-rise apartment_Chifeng_2010,edge,77.819549,77.819549,0,CHN_Nei.Mongol.Chifeng.542180_CSWD,0.69,cbf5cb1168fd94d0da388788f0fbbf22b0b4a56e00b5273a280fcb23f0474c66,ab12f0173356b014f06153a401e3e9bdb91bc57b382835db1166632df6f46572,7,7,10,household_selected_devices,1,m03,赤峰市的3人家庭。独立住房建筑面积约103.5平方米，七普口径至少3间自然房间。主要说明人（61岁，通常主要在家）、子女（33岁，轮班或时间多变）、子女（32岁，在家外出交替）。通常白天有人在家。家庭月收入情境约6000元，通常月电费情境约520元；电费可承担，但会留意变化。本月电费可承担，但家庭会留意它的变化。纳入安排的设备：洗衣机、电热水器、可在家充电的电动车。节费重视4/5，舒适重视2/5，系统控制边界是约定范围内可自动调整；希望提前12小时通知。费用压力描述的是当前预算余量；节费重视描述的是调整方案时的取舍，两者分别考虑。洗衣等任务需有人在家完成装载。轮班日按当天在家情况确认。,"【合成角色条件；尚无真人回答】
cityrole-0006｜内蒙古赤峰市｜3人｜独立住宅，H7 至少3间自然房；整套设计建筑面积103.5㎡。
楼房中的一套住宅，楼层位置 底层，房龄背景 2010—2019年；住宅原型 Low-rise apartment_Chifeng_2010，源户位 edge，天气代理站 CHN_Nei.Mongol.Chifeng.542180_CSWD（距城市约0.7km）；天气/原型及房龄并非本户实测。
m01 主要说明人，61岁，照顾家人 / 主要在家生活，包括居家工作、学习、休息或照护；工作日通常在家 00:00–24:00；室温感受：能接受小幅变化，变化较大会不舒服；电器时间：只要按时完成，具体运行时间都可以；参与安排：通常主要由这位成员决定；需求优先：没有特别优先；节费/错峰重视 4/1；系统控制：在约定范围内，可以让系统自动调整。
m02 子女，33岁，轮班工作 / 轮班或时间经常变化；工作日到家时段不固定；室温感受：比较敏感，小幅变化也容易不舒服；电器时间：只接受小幅提前或推迟；参与安排：通常与家人共同商量决定；需求优先：没有特别优先；节费/错峰重视 3/2；系统控制：每次先问，得到明确同意后再调整。
m03 子女，32岁，暂未工作（非退休） / 部分时间在家，部分时间外出；工作日通常在家 00:00–09:00、12:00–15:00、19:00–24:00；室温感受：不太敏感，室温变化较大也通常能适应；电器时间：只接受小幅提前或推迟；参与安排：通常与家人共同商量决定；需求优先：没有特别优先；节费/错峰重视 5/3；系统控制：在约定范围内，可以让系统自动调整。
通常白天：大部分时间有人；晚间：部分时间有人；作息：变化较多；深夜用电：偶尔；事件当天是否在受控房间另核。
家庭月收入情境 6000元、上月电费情境 520元；电费压力 3/5。本月电费可承担，但家庭会留意它的变化。
节费/舒适/错峰重视 4/2/3；控制边界：在约定范围内，可以让系统自动调整；提前通知 半天；受保护活动：睡眠休息, 做饭用餐。
居住方式：与他人合租；电价背景：峰谷分时电价；定时/自动控制经验：偶尔使用；既有错峰经验：没有参加过；受扰后恢复偏好：先看影响再决定；其他背景设备：冰箱。
洗衣机 1台，每周 每天（7天）；默认 19:00，可从 19:00 开始，最晚 23:00 完成，一次 60 分钟。条件：默认时刻须有成员在家并完成装载；轮班或事件日另核，不默认预约或远程启动。
电热水器 1台，每周 每天（7天）；加热 19:50–22:00，需热水 21:00，提前加热：不希望提前加热。条件：普通加热须对准有人需要热水的时段；事件日及额外提前加热按当次许可确认。
可在家充电的电动汽车 1辆，每周 每天（7天）；接入 21:00，次日离家 08:30，目标/保底电量 70%/40%，驾驶成员 m03。条件：由m03在典型外出日返家后接入；车辆实际到家、次日离家与充电权限按当天确认。
参与者对十天方案的选择、理由和评分尚未填写。",UNKNOWN,NOT_COLLECTED,NOT_EXPORTED_PENDING_D_ACCEPTANCE,UNKNOWN
cityrole-0007,eb.synthetic_fixed_profile_300.v1,广州市,广东,440100,2,1,0,mostly_occupied,partly_home,partly_regular,19000,720,5,电费不构成当前预算约束,本月电费占可安排预算较小。,both_low,2,2,3,low_auto_accept,48,shared_dwelling_private_rooms_with_allocated_common_area,one_room,1,8及以下,16.0,synthetic_H6_like_household_attributed_building_area_in_shared_dwelling,75.333323,experimental_F_scaled_whole_dwelling,50_89,matches_F_experimental_whole_dwelling,apartment,ground,1,cn-home-0007,shared_flat_private_rooms,Low-rise apartment_Guangzhou_2003,middle,15.2,12.783607,2.416393,CHN_Guangdong.Guangzhou.592870_CSWD,5.46,8aba1405cf372b1266858ed2455d3b45d43a20315f9e450e72373d5a70b4a026,cdeca7d125c4a77f75cbd591a9201188a8ba64854c7f63fa5c7333f6afdcdba5,1,1,1,assigned_private_rooms_ac_only,0,,广州市的2人家庭。合住住房中本户独用1间房，分摊建筑面积约16平方米；整套住房设计建筑面积约75.3333平方米（按模型整套净面积和实验0.95比值换算）；仅私有房间的1台空调可由本户安排，公共设备不纳入。主要说明人（38岁，通常主要在家）、伴侣（38岁，在家外出交替）。通常白天有人在家。家庭月收入情境约19000元，通常月电费情境约720元；电费不构成当前预算约束。本月电费占可安排预算较小。纳入安排的设备：空调。节费重视2/5，舒适重视2/5，系统控制边界是以自己安排为主；希望提前48小时通知。费用与室温都不是首要判断项，家里更关注日常任务是否照计划完成。,"【合成角色条件；尚无真人回答】
cityrole-0007｜广东广州市｜2人｜合住，本户独用1间自然房；16㎡是本户分摊建筑面积，整套住房设计建筑面积约75.3333㎡，按冻结源单元净面积和实验 0.95 比值换算，并非实测。
楼房中的一套住宅，楼层位置 底层，房龄背景 2000—2009年；住宅原型 Low-rise apartment_Guangzhou_2003，源户位 middle，天气代理站 CHN_Guangdong.Guangzhou.592870_CSWD（距城市约5.5km）；天气/原型及房龄并非本户实测。
m01 主要说明人，38岁，居家工作/学习 / 主要在家生活，包括居家工作、学习、休息或照护；工作日通常在家 00:00–24:00；室温感受：不太敏感，室温变化较大也通常能适应；电器时间：只要按时完成，具体运行时间都可以；参与安排：通常主要由这位成员决定；需求优先：没有特别优先；节费/错峰重视 2/4；系统控制：更愿意自己安排，尽量不让系统调整。
m02 伴侣，38岁，照顾家人 / 部分时间在家，部分时间外出；工作日通常在家 00:00–09:00、12:00–15:00、19:00–24:00；室温感受：能接受小幅变化，变化较大会不舒服；电器时间：只要按时完成，具体运行时间都可以；参与安排：通常与家人共同商量决定；需求优先：没有特别优先；节费/错峰重视 4/5；系统控制：更愿意自己安排，尽量不让系统调整。
通常白天：大部分时间有人；晚间：部分时间有人；作息：部分成员或部分日期固定；深夜用电：很少或没有；事件当天是否在受控房间另核。
家庭月收入情境 19000元、上月电费情境 720元；电费压力 5/5。本月电费占可安排预算较小。
节费/舒适/错峰重视 2/2/3；控制边界：更愿意自己安排，尽量不让系统调整；提前通知 两天；受保护活动：睡眠休息, 做饭用餐。
居住方式：与他人合租；电价背景：峰谷分时电价；定时/自动控制经验：经常使用；既有错峰经验：没有参加过；受扰后恢复偏好：改回原安排；其他背景设备：没有上述设备。
空调 1台，每周 2—3天；全天使用，制冷设定 27℃，室温希望范围 26—28℃，可接受变化 0.5℃。条件：有人在受控房间时使用；轮班或事件日另核，不把空屋冷量算作舒适收益。
参与者对十天方案的选择、理由和评分尚未填写。",UNKNOWN,NOT_COLLECTED,NOT_EXPORTED_PENDING_D_ACCEPTANCE,UNKNOWN
cityrole-0008,eb.synthetic_fixed_profile_300.v1,马鞍山市,安徽,340500,2,1,0,sometimes_occupied,varies,irregular,9000,720,2,电费有压力，需调整其他开支,必要生活开支较多，本月电费变化容易挤占其他项目。,saving_priority,4,2,5,low_auto_accept,0.5,independent_dwelling,three_rooms,3,60-69,129.0,synthetic_H6_like_whole_dwelling_building_area,129.0,known_synthetic_whole_dwelling,120_159,matches_synthetic_whole_dwelling,apartment,ground,1,cn-home-0008,self_contained_source_three_room,High-rise apartment(slab type)_Hefei_2001,edge,96.992481,96.992481,0,CHN_Anhui.Hefei.583210_CSWD,121.71,c3ae181f5e9fcdc0ed763f477bad819f87cc7a105772aeef66c921526394f1f5,7f08394bfb7082e6b70da870b9ea9ad953618b8d0e5a20b431a6837e58c64d2d,7,7,10,household_selected_devices,0,,马鞍山市的2人家庭。独立住房建筑面积约129平方米，七普口径至少3间自然房间。主要说明人（36岁，轮班或时间多变）、伴侣（40岁，在家外出交替）。通常白天部分时间有人。家庭月收入情境约9000元，通常月电费情境约720元；电费有压力，需调整其他开支。必要生活开支较多，本月电费变化容易挤占其他项目。纳入安排的设备：空调、洗衣机、电热水器。节费重视4/5，舒适重视2/5，系统控制边界是以自己安排为主；希望提前0.5小时通知。费用压力描述的是当前预算余量；节费重视描述的是调整方案时的取舍，两者分别考虑。洗衣等任务需有人在家完成装载。轮班日按当天在家情况确认。,"【合成角色条件；尚无真人回答】
cityrole-0008｜安徽马鞍山市｜2人｜独立住宅，H7 至少3间自然房；整套设计建筑面积129㎡。
楼房中的一套住宅，楼层位置 底层，房龄背景 2000—2009年；住宅原型 High-rise apartment(slab type)_Hefei_2001，源户位 edge，天气代理站 CHN_Anhui.Hefei.583210_CSWD（距城市约121.7km）；天气/原型及房龄并非本户实测。
m01 主要说明人，36岁，轮班工作 / 轮班或时间经常变化；工作日到家时段不固定；室温感受：比较敏感，小幅变化也容易不舒服；电器时间：希望按原定时间运行，尽量不调整；参与安排：通常主要由这位成员决定；需求优先：没有特别优先；节费/错峰重视 4/2；系统控制：更愿意自己安排，尽量不让系统调整。
m02 伴侣，40岁，暂未工作（非退休） / 部分时间在家，部分时间外出；工作日通常在家 00:00–09:00、12:00–15:00、19:00–24:00；室温感受：不太敏感，室温变化较大也通常能适应；电器时间：只要按时完成，具体运行时间都可以；参与安排：通常与家人共同商量决定；需求优先：没有特别优先；节费/错峰重视 5/3；系统控制：在约定范围内，可以让系统自动调整。
通常白天：部分时间有人；晚间：每天不太固定；作息：变化较多；深夜用电：偶尔；事件当天是否在受控房间另核。
家庭月收入情境 9000元、上月电费情境 720元；电费压力 2/5。必要生活开支较多，本月电费变化容易挤占其他项目。
节费/舒适/错峰重视 4/2/5；控制边界：更愿意自己安排，尽量不让系统调整；提前通知 半小时；受保护活动：睡眠休息, 做饭用餐。
居住方式：自有住房；电价背景：峰谷分时电价；定时/自动控制经验：偶尔使用；既有错峰经验：参加过；受扰后恢复偏好：保留自动安排；其他背景设备：冰箱。
空调 1台，每周 4—6天；自己选择使用时段（可跨午夜），制冷设定 24℃，室温希望范围 23—25℃，可接受变化 1℃，自选时段 19:00–23:00。条件：有人在受控房间时使用；轮班或事件日另核，不把空屋冷量算作舒适收益。
洗衣机 1台，每周 4—6天；默认 21:00，可从 19:00 开始，最晚 24:00 完成，一次 60 分钟。条件：默认时刻须有成员在家并完成装载；轮班或事件日另核，不默认预约或远程启动。
电热水器 1台，每周 4—6天；加热 19:00–22:00，需热水 21:00，提前加热：每次先确认。条件：普通加热须对准有人需要热水的时段；事件日及额外提前加热按当次许可确认。
参与者对十天方案的选择、理由和评分尚未填写。",UNKNOWN,NOT_COLLECTED,NOT_EXPORTED_PENDING_D_ACCEPTANCE,UNKNOWN
cityrole-0009,eb.synthetic_fixed_profile_300.v1,周口市,河南,411600,2,2,1,mostly_occupied,mostly_home,regular,4000,220,4,电费有余量，通常不需改变开支,本月电费已列入预算，按当前金额可以承担。,both_low,2,2,1,high_trust_auto,0,independent_dwelling,three_rooms,3,70及以上,150.0,synthetic_H6_like_whole_dwelling_building_area,150.0,known_synthetic_whole_dwelling,120_159,matches_synthetic_whole_dwelling,apartment,top,4,cn-home-0009,self_contained_source_three_room,Low-rise apartment_Zhumadian_2001,middle,112.781955,112.781955,0,CHN_Henan.Zhumadian.572900_CSWD,90.292,1d433f16aae5cf035575a03ad3c3a637bdd13e354c625b94a9b193b17efc27f9,7b88ba70fc82e33fe72a41f8ecd903489517099f34bc9df8d475bcf1103d91a7,7,7,8,household_selected_devices,0,,周口市的2人家庭。独立住房建筑面积约150平方米，七普口径至少3间自然房间。主要说明人（63岁，通常主要在家）、子女（32岁，通常定时外出）。通常白天有人在家。家庭月收入情境约4000元，通常月电费情境约220元；电费有余量，通常不需改变开支。本月电费已列入预算，按当前金额可以承担。纳入安排的设备：空调、洗衣机。节费重视2/5，舒适重视2/5，系统控制边界是约定范围内可自动调整；希望提前0小时通知。费用与室温都不是首要判断项，家里更关注日常任务是否照计划完成。洗衣等任务需有人在家完成装载。,"【合成角色条件；尚无真人回答】
cityrole-0009｜河南周口市｜2人｜独立住宅，H7 至少3间自然房；整套设计建筑面积150㎡。
楼房中的一套住宅，楼层位置 顶层，房龄背景 2000—2009年；住宅原型 Low-rise apartment_Zhumadian_2001，源户位 middle，天气代理站 CHN_Henan.Zhumadian.572900_CSWD（距城市约90.3km）；天气/原型及房龄并非本户实测。
m01 主要说明人，63岁，退休 / 主要在家生活，包括居家工作、学习、休息或照护；工作日通常在家 00:00–24:00；室温感受：能接受小幅变化，变化较大会不舒服；电器时间：希望按原定时间运行，尽量不调整；参与安排：通常主要由这位成员决定；需求优先：没有特别优先；节费/错峰重视 2/5；系统控制：在约定范围内，可以让系统自动调整。
m02 子女，32岁，在外工作 / 通常固定时间外出工作或学习；工作日通常在家 00:00–07:30、18:30–24:00；室温感受：比较敏感，小幅变化也容易不舒服；电器时间：希望按原定时间运行，尽量不调整；参与安排：通常与家人共同商量决定；需求优先：没有特别优先；节费/错峰重视 1/1；系统控制：每次先问，得到明确同意后再调整。
通常白天：大部分时间有人；晚间：大部分时间有人；作息：大体固定；深夜用电：很少或没有；事件当天是否在受控房间另核。
家庭月收入情境 4000元、上月电费情境 220元；电费压力 4/5。本月电费已列入预算，按当前金额可以承担。
节费/舒适/错峰重视 2/2/1；控制边界：在约定范围内，可以让系统自动调整；提前通知 无需提前；受保护活动：睡眠休息, 做饭用餐。
居住方式：与他人合租；电价背景：峰谷分时电价；定时/自动控制经验：经常使用；既有错峰经验：没有参加过；受扰后恢复偏好：保留自动安排；其他背景设备：冰箱。
空调 2台，每周 每天（7天）；下午到睡前（14:00—23:00），制冷设定 25℃，室温希望范围 24—26℃，可接受变化 1.5℃。条件：有人在受控房间时使用；轮班或事件日另核，不把空屋冷量算作舒适收益。
洗衣机 1台，每周 每天（7天）；默认 19:00，可从 19:00 开始，最晚 23:00 完成，一次 60 分钟。条件：默认时刻须有成员在家并完成装载；轮班或事件日另核，不默认预约或远程启动。
参与者对十天方案的选择、理由和评分尚未填写。",UNKNOWN,NOT_COLLECTED,NOT_EXPORTED_PENDING_D_ACCEPTANCE,UNKNOWN
cityrole-0010,eb.synthetic_fixed_profile_300.v1,郑州市,河南,410100,1,1,0,sometimes_occupied,partly_home,partly_regular,9500,120,2,电费有压力，需调整其他开支,本月收入已有其他固定支出安排，可灵活调整的预算较紧。,middle,3,3,2,low_auto_accept,24,independent_dwelling,three_rooms,3,70及以上,75.0,synthetic_H6_like_whole_dwelling_building_area,75.0,known_synthetic_whole_dwelling,50_89,matches_synthetic_whole_dwelling,apartment,middle,8,cn-home-0010,self_contained_source_three_room,High-rise apartment(slab type)_Zhengzhou_2010,edge,56.390977,56.390977,0,CHN_Henan.Zhengzhou.570830_CSWD,5.229,5c7f20613a94f695be63734559173574f32406af8c0f407e0ea7eb63f5228c64,a4a6f7e79702515028c10b007d1b517cca1a1f81632d422b01790f2d4e4d26cd,7,7,10,household_selected_devices,0,,郑州市的1人家庭。独立住房建筑面积约75平方米，七普口径至少3间自然房间。主要说明人（28岁，在家外出交替）。通常白天部分时间有人。家庭月收入情境约9500元，通常月电费情境约120元；电费有压力，需调整其他开支。本月收入已有其他固定支出安排，可灵活调整的预算较紧。纳入安排的设备：空调、洗衣机、电热水器。节费重视3/5，舒适重视3/5，系统控制边界是以自己安排为主；希望提前24小时通知。费用压力描述的是当前预算余量；节费重视描述的是调整方案时的取舍，两者分别考虑。洗衣等任务需有人在家完成装载。空屋提前开空调须另确认预约或远控与本人许可。,"【合成角色条件；尚无真人回答】
cityrole-0010｜河南郑州市｜1人｜独立住宅，H7 至少3间自然房；整套设计建筑面积75㎡。
楼房中的一套住宅，楼层位置 中间层，房龄背景 2010—2019年；住宅原型 High-rise apartment(slab type)_Zhengzhou_2010，源户位 edge，天气代理站 CHN_Henan.Zhengzhou.570830_CSWD（距城市约5.2km）；天气/原型及房龄并非本户实测。
m01 主要说明人，28岁，暂未工作（非退休） / 部分时间在家，部分时间外出；工作日通常在家 00:00–09:00、12:00–15:00、19:00–24:00；室温感受：不太敏感，室温变化较大也通常能适应；电器时间：只接受小幅提前或推迟；参与安排：通常主要由这位成员决定；需求优先：没有特别优先；节费/错峰重视 3/3；系统控制：更愿意自己安排，尽量不让系统调整。
通常白天：部分时间有人；晚间：部分时间有人；作息：部分成员或部分日期固定；深夜用电：很少或没有；事件当天是否在受控房间另核。
家庭月收入情境 9500元、上月电费情境 120元；电费压力 2/5。本月收入已有其他固定支出安排，可灵活调整的预算较紧。
节费/舒适/错峰重视 3/3/2；控制边界：更愿意自己安排，尽量不让系统调整；提前通知 一天；受保护活动：睡眠休息, 做饭用餐。
居住方式：整套租住；电价背景：单一时段电价；定时/自动控制经验：经常使用；既有错峰经验：没有参加过；受扰后恢复偏好：保留自动安排；其他背景设备：冰箱。
空调 1台，每周 2—3天；傍晚到睡前（18:00—23:00），制冷设定 26℃，室温希望范围 25—27℃，可接受变化 0.5℃。条件：有人在受控房间时使用；18:00–18:30若空屋预冷，须当天确认家户许可及实际预约/远控能力，否则到家后开启；空屋冷量不算舒适收益。
洗衣机 1台，每周 2—3天；默认 19:50，可从 19:00 开始，最晚 23:00 完成，一次 60 分钟。条件：默认时刻须有成员在家并完成装载；轮班或事件日另核，不默认预约或远程启动。
电热水器 1台，每周 2—3天；加热 06:00–08:00，需热水 07:00，提前加热：可以提前安排。条件：普通加热须对准有人需要热水的时段；事件日及额外提前加热按当次许可确认。
参与者对十天方案的选择、理由和评分尚未填写。",UNKNOWN,NOT_COLLECTED,NOT_EXPORTED_PENDING_D_ACCEPTANCE,UNKNOWN
cityrole-0011,eb.synthetic_fixed_profile_300.v1,西安市,陕西,610100,2,1,1,sometimes_occupied,partly_home,partly_regular,6400,520,3,电费可承担，但会留意变化,本月电费可承担，但家庭会留意它的变化。,comfort_priority,1,5,2,confirm_required,72,independent_dwelling,two_rooms,2,50-59,109.0,synthetic_H6_like_whole_dwelling_building_area,109.0,known_synthetic_whole_dwelling,90_119,matches_synthetic_whole_dwelling,apartment,top,4,cn-home-0011,self_contained_openplan,Low-rise apartment_Xian_2010,middle,81.954887,81.954887,0,CHN_Shaanxi.Xian.570360_CSWD,5.251,a57847ea71bccc3e890839d9675e49b7b95aa9d2f5a76068343ec60b5211dba7,91b3b382938c73675f530b5dec4f887f98aec50207a597328cd33a11e1fb3156,7,7,8,household_selected_devices,0,,西安市的2人家庭。独立住房建筑面积约109平方米，七普口径至少2间自然房间。主要说明人（74岁，通常定时外出）、伴侣（71岁，在家外出交替）。通常白天部分时间有人。家庭月收入情境约6400元，通常月电费情境约520元；电费可承担，但会留意变化。本月电费可承担，但家庭会留意它的变化。纳入安排的设备：空调、洗衣机、洗碗机。节费重视1/5，舒适重视5/5，系统控制边界是每次先确认；希望提前72小时通知。费用压力描述的是当前预算余量；节费重视描述的是调整方案时的取舍，两者分别考虑。洗衣等任务需有人在家完成装载。空屋提前开空调须另确认预约或远控与本人许可。,"【合成角色条件；尚无真人回答】
cityrole-0011｜陕西西安市｜2人｜独立住宅，H7 至少2间自然房；整套设计建筑面积109㎡。
楼房中的一套住宅，楼层位置 顶层，房龄背景 2010—2019年；住宅原型 Low-rise apartment_Xian_2010，源户位 middle，天气代理站 CHN_Shaanxi.Xian.570360_CSWD（距城市约5.3km）；天气/原型及房龄并非本户实测。
m01 主要说明人，74岁，在外工作 / 通常固定时间外出工作或学习；工作日通常在家 00:00–07:30、18:30–24:00；室温感受：比较敏感，小幅变化也容易不舒服；电器时间：只接受小幅提前或推迟；参与安排：通常主要由这位成员决定；需求优先：没有特别优先；节费/错峰重视 1/1；系统控制：每次先问，得到明确同意后再调整。
m02 伴侣，71岁，居家工作/学习 / 部分时间在家，部分时间外出；工作日通常在家 00:00–09:00、12:00–15:00、19:00–24:00；室温感受：不太敏感，室温变化较大也通常能适应；电器时间：只接受小幅提前或推迟；参与安排：通常与家人共同商量决定；需求优先：没有特别优先；节费/错峰重视 3/2；系统控制：在约定范围内，可以让系统自动调整。
通常白天：部分时间有人；晚间：部分时间有人；作息：部分成员或部分日期固定；深夜用电：很少或没有；事件当天是否在受控房间另核。
家庭月收入情境 6400元、上月电费情境 520元；电费压力 3/5。本月电费可承担，但家庭会留意它的变化。
节费/舒适/错峰重视 1/5/2；控制边界：每次先问我，得到明确同意后再调整；提前通知 三天或更早；受保护活动：睡眠休息, 做饭用餐。
居住方式：与他人合租；电价背景：峰谷分时电价；定时/自动控制经验：偶尔使用；既有错峰经验：没有参加过；受扰后恢复偏好：保留自动安排；其他背景设备：冰箱。
空调 1台，每周 4—6天；傍晚到睡前（18:00—23:00），制冷设定 27℃，室温希望范围 26—28℃，可接受变化 1℃。条件：有人在受控房间时使用；18:00–18:30若空屋预冷，须当天确认家户许可及实际预约/远控能力，否则到家后开启；空屋冷量不算舒适收益。
洗衣机 1台，每周 4—6天；默认 21:00，可从 19:00 开始，最晚 24:00 完成，一次 60 分钟。条件：默认时刻须有成员在家并完成装载；轮班或事件日另核，不默认预约或远程启动。
洗碗机 1台，每周 4—6天；默认 19:00，可从 19:00 开始，最晚 23:00 完成，一次 60 分钟。条件：默认时刻须有成员在家并完成装载；轮班或事件日另核，不默认预约或远程启动。
参与者对十天方案的选择、理由和评分尚未填写。",UNKNOWN,NOT_COLLECTED,NOT_EXPORTED_PENDING_D_ACCEPTANCE,UNKNOWN
cityrole-0012,eb.synthetic_fixed_profile_300.v1,重庆市,重庆,500000,1,1,1,sometimes_occupied,partly_home,partly_regular,2000,120,3,电费可承担，但会留意变化,本月电费可承担，但家庭会留意它的变化。,saving_priority,5,1,1,confirm_required,0,independent_dwelling,one_room,1,40-49,44.5,synthetic_H6_like_whole_dwelling_building_area,44.5,known_synthetic_whole_dwelling,lt50,matches_synthetic_whole_dwelling,apartment,top,4,cn-home-0012,self_contained_openplan,Low-rise apartment_Youyang_2001,edge,33.458647,33.458647,0,CHN_Chongqing.Chongqing.Shapingba.575160_CSWD,5.879,454a6f076037de18c42c492b2db58bd57789e0464fbca049b4616ca770465130,df28602f7a6acea0b319530e83c2ad3b220c522ef4a4c19c130620a75a528ae3,7,7,10,household_selected_devices,0,,重庆市的1人家庭。独立住房建筑面积约44.5平方米，七普口径至少1间自然房间。主要说明人（81岁，在家外出交替）。通常白天部分时间有人。家庭月收入情境约2000元，通常月电费情境约120元；电费可承担，但会留意变化。本月电费可承担，但家庭会留意它的变化。纳入安排的设备：洗衣机、烘干机。节费重视5/5，舒适重视1/5，系统控制边界是每次先确认；希望提前0小时通知。费用压力描述的是当前预算余量；节费重视描述的是调整方案时的取舍，两者分别考虑。洗衣等任务需有人在家完成装载。,"【合成角色条件；尚无真人回答】
cityrole-0012｜重庆重庆市｜1人｜独立住宅，H7 至少1间自然房；整套设计建筑面积44.5㎡。
楼房中的一套住宅，楼层位置 顶层，房龄背景 2000—2009年；住宅原型 Low-rise apartment_Youyang_2001，源户位 edge，天气代理站 CHN_Chongqing.Chongqing.Shapingba.575160_CSWD（距城市约5.9km）；天气/原型及房龄并非本户实测。
m01 主要说明人，81岁，照顾家人 / 部分时间在家，部分时间外出；工作日通常在家 00:00–09:00、12:00–15:00、19:00–24:00；室温感受：能接受小幅变化，变化较大会不舒服；电器时间：只要按时完成，具体运行时间都可以；参与安排：通常主要由这位成员决定；需求优先：没有特别优先；节费/错峰重视 5/4；系统控制：每次先问，得到明确同意后再调整。
通常白天：部分时间有人；晚间：部分时间有人；作息：部分成员或部分日期固定；深夜用电：很少或没有；事件当天是否在受控房间另核。
家庭月收入情境 2000元、上月电费情境 120元；电费压力 3/5。本月电费可承担，但家庭会留意它的变化。
节费/舒适/错峰重视 5/1/1；控制边界：每次先问我，得到明确同意后再调整；提前通知 无需提前；受保护活动：睡眠休息, 做饭用餐。
居住方式：自有住房；电价背景：单一时段电价；定时/自动控制经验：没有使用过；既有错峰经验：没有参加过；受扰后恢复偏好：改回原安排；其他背景设备：冰箱。
洗衣机 1台，每周 每天（7天）；默认 19:00，可从 19:00 开始，最晚 23:00 完成，一次 60 分钟。条件：默认时刻须有成员在家并完成装载；轮班或事件日另核，不默认预约或远程启动。
烘干机 1台，每周 每天（7天）；默认 21:00，可从 19:00 开始，最晚 24:00 完成，一次 90 分钟。条件：默认时刻须有成员在家并完成装载；轮班或事件日另核，不默认预约或远程启动。
参与者对十天方案的选择、理由和评分尚未填写。",UNKNOWN,NOT_COLLECTED,NOT_EXPORTED_PENDING_D_ACCEPTANCE,UNKNOWN
cityrole-0013,eb.synthetic_fixed_profile_300.v1,重庆市,重庆,500000,2,2,0,mostly_occupied,partly_home,irregular,13000,520,3,电费可承担，但会留意变化,本月电费可承担，但家庭会留意它的变化。,both_high,5,5,1,low_auto_accept,12,independent_dwelling,three_rooms,3,20-29,49.0,synthetic_H6_like_whole_dwelling_building_area,49.0,known_synthetic_whole_dwelling,lt50,matches_synthetic_whole_dwelling,apartment,middle,3,cn-home-0013,self_contained_source_three_room,Low-rise apartment_Youyang_2001,edge,36.842105,36.842105,0,CHN_Chongqing.Chongqing.Shapingba.575160_CSWD,5.879,454a6f076037de18c42c492b2db58bd57789e0464fbca049b4616ca770465130,4b4ac1aebd6a2435da18c373a4abefe5979dfa15aa0f3cb51358481f0c4bfa4d,7,7,10,household_selected_devices,0,,重庆市的2人家庭。独立住房建筑面积约49平方米，七普口径至少3间自然房间。主要说明人（50岁，轮班或时间多变）、子女（5岁，通常主要在家）。通常白天有人在家。家庭月收入情境约13000元，通常月电费情境约520元；电费可承担，但会留意变化。本月电费可承担，但家庭会留意它的变化。纳入安排的设备：空调、洗衣机。节费重视5/5，舒适重视5/5，系统控制边界是以自己安排为主；希望提前12小时通知。费用压力描述的是当前预算余量；节费重视描述的是调整方案时的取舍，两者分别考虑。洗衣等任务需有人在家完成装载。轮班日按当天在家情况确认。,"【合成角色条件；尚无真人回答】
cityrole-0013｜重庆重庆市｜2人｜独立住宅，H7 至少3间自然房；整套设计建筑面积49㎡。
楼房中的一套住宅，楼层位置 中间层，房龄背景 2000—2009年；住宅原型 Low-rise apartment_Youyang_2001，源户位 edge，天气代理站 CHN_Chongqing.Chongqing.Shapingba.575160_CSWD（距城市约5.9km）；天气/原型及房龄并非本户实测。
m01 主要说明人，50岁，轮班工作 / 轮班或时间经常变化；工作日到家时段不固定；室温感受：不太敏感，室温变化较大也通常能适应；电器时间：只要按时完成，具体运行时间都可以；参与安排：通常主要由这位成员决定；需求优先：没有特别优先；节费/错峰重视 5/2；系统控制：更愿意自己安排，尽量不让系统调整。
m02 子女，5岁，尚未入学 / 主要在家生活，包括居家工作、学习、休息或照护；工作日通常在家 00:00–24:00；室温感受：能接受小幅变化，变化较大会不舒服；电器时间：只要按时完成，具体运行时间都可以；参与安排：通常与家人共同商量决定；需求优先：通常会优先考虑；节费/错峰重视 5/3；系统控制：更愿意自己安排，尽量不让系统调整。
通常白天：大部分时间有人；晚间：部分时间有人；作息：变化较多；深夜用电：偶尔；事件当天是否在受控房间另核。
家庭月收入情境 13000元、上月电费情境 520元；电费压力 3/5。本月电费可承担，但家庭会留意它的变化。
节费/舒适/错峰重视 5/5/1；控制边界：更愿意自己安排，尽量不让系统调整；提前通知 半天；受保护活动：睡眠休息, 做饭用餐, 照顾家人。
居住方式：与他人合租；电价背景：单一时段电价；定时/自动控制经验：偶尔使用；既有错峰经验：没有参加过；受扰后恢复偏好：保留自动安排；其他背景设备：冰箱。
空调 2台，每周 2—3天；下午到睡前（14:00—23:00），制冷设定 25℃，室温希望范围 24—26℃，可接受变化 0.5℃。条件：有人在受控房间时使用；轮班或事件日另核，不把空屋冷量算作舒适收益。
洗衣机 1台，每周 2—3天；默认 19:50，可从 19:00 开始，最晚 23:00 完成，一次 60 分钟。条件：默认时刻须有成员在家并完成装载；轮班或事件日另核，不默认预约或远程启动。
参与者对十天方案的选择、理由和评分尚未填写。",UNKNOWN,NOT_COLLECTED,NOT_EXPORTED_PENDING_D_ACCEPTANCE,UNKNOWN
cityrole-0014,eb.synthetic_fixed_profile_300.v1,北京市,北京,110000,2,2,0,sometimes_occupied,partly_home,partly_regular,4000,220,1,电费超出预算会挤占必要支出,必要生活开支较多，本月电费变化容易挤占其他项目。,saving_priority,5,1,3,high_trust_auto,0.5,independent_dwelling,two_rooms,2,30-39,69.0,synthetic_H6_like_whole_dwelling_building_area,69.0,known_synthetic_whole_dwelling,50_89,matches_synthetic_whole_dwelling,apartment,middle,5,cn-home-0014,self_contained_openplan,High-rise apartment(slab type)_Beijing_2010,edge,51.879699,51.879699,0,CHN_Beijing.Beijing.545110_CSWD,16.45,c5a000246fd9c838eefeea8ddaa808bc1ed349ea33ced3f620f24f8ccebd2a3e,3d57a0ba52a64a6aef6fea64d784e84e7cf4d0648794bc73c0463dcdf3eb2e51,7,7,10,household_selected_devices,0,,北京市的2人家庭。独立住房建筑面积约69平方米，七普口径至少2间自然房间。主要说明人（58岁，在家外出交替）、子女（19岁，通常定时外出）。通常白天部分时间有人。家庭月收入情境约4000元，通常月电费情境约220元；电费超出预算会挤占必要支出。必要生活开支较多，本月电费变化容易挤占其他项目。纳入安排的设备：空调、洗衣机。节费重视5/5，舒适重视1/5，系统控制边界是约定范围内可自动调整；希望提前0.5小时通知。费用压力描述的是当前预算余量；节费重视描述的是调整方案时的取舍，两者分别考虑。洗衣等任务需有人在家完成装载。空屋提前开空调须另确认预约或远控与本人许可。,"【合成角色条件；尚无真人回答】
cityrole-0014｜北京北京市｜2人｜独立住宅，H7 至少2间自然房；整套设计建筑面积69㎡。
楼房中的一套住宅，楼层位置 中间层，房龄背景 2010—2019年；住宅原型 High-rise apartment(slab type)_Beijing_2010，源户位 edge，天气代理站 CHN_Beijing.Beijing.545110_CSWD（距城市约16.4km）；天气/原型及房龄并非本户实测。
m01 主要说明人，58岁，照顾家人 / 部分时间在家，部分时间外出；工作日通常在家 00:00–09:00、12:00–15:00、19:00–24:00；室温感受：比较敏感，小幅变化也容易不舒服；电器时间：希望按原定时间运行，尽量不调整；参与安排：通常主要由这位成员决定；需求优先：没有特别优先；节费/错峰重视 5/5；系统控制：在约定范围内，可以让系统自动调整。
m02 子女，19岁，在外工作 / 通常固定时间外出工作或学习；工作日通常在家 00:00–07:30、18:30–24:00；室温感受：不太敏感，室温变化较大也通常能适应；电器时间：只要按时完成，具体运行时间都可以；参与安排：通常与家人共同商量决定；需求优先：没有特别优先；节费/错峰重视 1/1；系统控制：在约定范围内，可以让系统自动调整。
通常白天：部分时间有人；晚间：部分时间有人；作息：部分成员或部分日期固定；深夜用电：很少或没有；事件当天是否在受控房间另核。
家庭月收入情境 4000元、上月电费情境 220元；电费压力 1/5。必要生活开支较多，本月电费变化容易挤占其他项目。
节费/舒适/错峰重视 5/1/3；控制边界：在约定范围内，可以让系统自动调整；提前通知 半小时；受保护活动：睡眠休息, 做饭用餐。
居住方式：自有住房；电价背景：单一时段电价；定时/自动控制经验：偶尔使用；既有错峰经验：没有参加过；受扰后恢复偏好：先看影响再决定；其他背景设备：冰箱。
空调 1台，每周 4—6天；傍晚到睡前（18:00—23:00），制冷设定 26℃，室温希望范围 25—27℃，可接受变化 1℃。条件：有人在受控房间时使用；18:00–18:30若空屋预冷，须当天确认家户许可及实际预约/远控能力，否则到家后开启；空屋冷量不算舒适收益。
洗衣机 1台，每周 4—6天；默认 21:00，可从 19:00 开始，最晚 24:00 完成，一次 60 分钟。条件：默认时刻须有成员在家并完成装载；轮班或事件日另核，不默认预约或远程启动。
参与者对十天方案的选择、理由和评分尚未填写。",UNKNOWN,NOT_COLLECTED,NOT_EXPORTED_PENDING_D_ACCEPTANCE,UNKNOWN
cityrole-0015,eb.synthetic_fixed_profile_300.v1,长春市,吉林,220100,4,3,0,mostly_occupied,partly_home,partly_regular,18000,720,5,电费不构成当前预算约束,本月电费占可安排预算较小。,saving_priority,5,1,5,low_auto_accept,48,independent_dwelling,two_rooms,2,30-39,138.0,synthetic_H6_like_whole_dwelling_building_area,138.0,known_synthetic_whole_dwelling,120_159,matches_synthetic_whole_dwelling,apartment,middle,3,cn-home-0015,self_contained_openplan,Low-rise apartment_Changchun_2010,middle,103.759398,103.759398,0,CHN_Jilin.Changchun.541610_CSWD,7.064,bed99a863f30c24b87f7a12ca4663803558eb0c4f146f62ebd8bc152ac75a9ef,39eab9368bfbe1e2c4d26ef5bc580a216c62d62e868f788a3d5d7b4e46e0dc42,7,7,8,household_selected_devices,0,,长春市的4人家庭。独立住房建筑面积约138平方米，七普口径至少2间自然房间。长辈（55岁，在家外出交替）、主要说明人（36岁，通常主要在家）、子女（8岁，通常定时外出）、子女（6岁，通常定时外出）。通常白天有人在家。家庭月收入情境约18000元，通常月电费情境约720元；电费不构成当前预算约束。本月电费占可安排预算较小。纳入安排的设备：空调、洗衣机。节费重视5/5，舒适重视1/5，系统控制边界是以自己安排为主；希望提前48小时通知。当前电费负担不重，但仍重视避免浪费。洗衣等任务需有人在家完成装载。,"【合成角色条件；尚无真人回答】
cityrole-0015｜吉林长春市｜4人｜独立住宅，H7 至少2间自然房；整套设计建筑面积138㎡。
楼房中的一套住宅，楼层位置 中间层，房龄背景 2010—2019年；住宅原型 Low-rise apartment_Changchun_2010，源户位 middle，天气代理站 CHN_Jilin.Changchun.541610_CSWD（距城市约7.1km）；天气/原型及房龄并非本户实测。
m01 长辈，55岁，暂未工作（非退休） / 部分时间在家，部分时间外出；工作日通常在家 00:00–09:00、12:00–15:00、19:00–24:00；室温感受：能接受小幅变化，变化较大会不舒服；电器时间：希望按原定时间运行，尽量不调整；参与安排：通常主要由这位成员决定；需求优先：没有特别优先；节费/错峰重视 5/3；系统控制：更愿意自己安排，尽量不让系统调整。
m02 主要说明人，36岁，居家工作/学习 / 主要在家生活，包括居家工作、学习、休息或照护；工作日通常在家 00:00–24:00；室温感受：比较敏感，小幅变化也容易不舒服；电器时间：希望按原定时间运行，尽量不调整；参与安排：通常与家人共同商量决定；需求优先：没有特别优先；节费/错峰重视 2/4；系统控制：每次先问，得到明确同意后再调整。
m03 子女，8岁，上学 / 通常固定时间外出工作或学习；工作日通常在家 00:00–07:30、18:30–24:00；室温感受：不太敏感，室温变化较大也通常能适应；电器时间：只要按时完成，具体运行时间都可以；参与安排：通常与家人共同商量决定；需求优先：通常会优先考虑；节费/错峰重视 4/5；系统控制：在约定范围内，可以让系统自动调整。
m04 子女，6岁，上学 / 通常固定时间外出工作或学习；工作日通常在家 00:00–07:30、18:30–24:00；室温感受：能接受小幅变化，变化较大会不舒服；电器时间：只要按时完成，具体运行时间都可以；参与安排：通常与家人共同商量决定；需求优先：通常会优先考虑；节费/错峰重视 1/1；系统控制：更愿意自己安排，尽量不让系统调整。
通常白天：大部分时间有人；晚间：部分时间有人；作息：部分成员或部分日期固定；深夜用电：很少或没有；事件当天是否在受控房间另核。
家庭月收入情境 18000元、上月电费情境 720元；电费压力 5/5。本月电费占可安排预算较小。
节费/舒适/错峰重视 5/1/5；控制边界：更愿意自己安排，尽量不让系统调整；提前通知 两天；受保护活动：睡眠休息, 做饭用餐, 照顾家人。
居住方式：与他人合租；电价背景：峰谷分时电价；定时/自动控制经验：偶尔使用；既有错峰经验：参加过；受扰后恢复偏好：改回原安排；其他背景设备：冰箱。
空调 1台，每周 每天（7天）；全天使用，制冷设定 27℃，室温希望范围 26—28℃，可接受变化 1.5℃。条件：有人在受控房间时使用；轮班或事件日另核，不把空屋冷量算作舒适收益。
洗衣机 1台，每周 每天（7天）；默认 19:00，可从 19:00 开始，最晚 23:00 完成，一次 60 分钟。条件：默认时刻须有成员在家并完成装载；轮班或事件日另核，不默认预约或远程启动。
参与者对十天方案的选择、理由和评分尚未填写。",UNKNOWN,NOT_COLLECTED,NOT_EXPORTED_PENDING_D_ACCEPTANCE,UNKNOWN
cityrole-0016,eb.synthetic_fixed_profile_300.v1,上海市,上海,310000,2,1,0,variable,varies,irregular,13000,520,2,电费有压力，需调整其他开支,本月收入已有其他固定支出安排，可灵活调整的预算较紧。,both_low,2,2,5,low_auto_accept,6,independent_dwelling,two_rooms,2,30-39,69.0,synthetic_H6_like_whole_dwelling_building_area,69.0,known_synthetic_whole_dwelling,50_89,matches_synthetic_whole_dwelling,apartment,middle,4,cn-home-0016,self_contained_openplan,High-rise apartment(slab type)_Shanghai_2001,middle,51.879699,51.879699,0,CHN_Shanghai.Shanghai.583620_CSWD,20.633,aba93c03542042b4da278198119f5b6966aff75e1b2c1eb04acd749f5e5671f3,4fe53cc1fdfa1d12b8625434d29a22f3d0c3ae78d4bf9f7ee0cb236556cdf418,7,7,8,household_selected_devices,0,,上海市的2人家庭。独立住房建筑面积约69平方米，七普口径至少2间自然房间。主要说明人（33岁，通常定时外出）、伴侣（36岁，轮班或时间多变）。通常白天不固定。家庭月收入情境约13000元，通常月电费情境约520元；电费有压力，需调整其他开支。本月收入已有其他固定支出安排，可灵活调整的预算较紧。纳入安排的设备：空调、洗衣机、烘干机。节费重视2/5，舒适重视2/5，系统控制边界是以自己安排为主；希望提前6小时通知。虽然电费挤压预算，但家里更在意任务按原计划完成，不愿为了少量节费频繁改时间。洗衣等任务需有人在家完成装载。轮班日按当天在家情况确认。,"【合成角色条件；尚无真人回答】
cityrole-0016｜上海上海市｜2人｜独立住宅，H7 至少2间自然房；整套设计建筑面积69㎡。
楼房中的一套住宅，楼层位置 中间层，房龄背景 2000—2009年；住宅原型 High-rise apartment(slab type)_Shanghai_2001，源户位 middle，天气代理站 CHN_Shanghai.Shanghai.583620_CSWD（距城市约20.6km）；天气/原型及房龄并非本户实测。
m01 主要说明人，33岁，在外工作 / 通常固定时间外出工作或学习；工作日通常在家 00:00–07:30、18:30–24:00；室温感受：不太敏感，室温变化较大也通常能适应；电器时间：只接受小幅提前或推迟；参与安排：通常主要由这位成员决定；需求优先：没有特别优先；节费/错峰重视 2/1；系统控制：更愿意自己安排，尽量不让系统调整。
m02 伴侣，36岁，轮班工作 / 轮班或时间经常变化；工作日到家时段不固定；室温感受：能接受小幅变化，变化较大会不舒服；电器时间：希望按原定时间运行，尽量不调整；参与安排：通常与家人共同商量决定；需求优先：没有特别优先；节费/错峰重视 3/2；系统控制：更愿意自己安排，尽量不让系统调整。
通常白天：不固定，很难概括；晚间：每天不太固定；作息：变化较多；深夜用电：偶尔；事件当天是否在受控房间另核。
家庭月收入情境 13000元、上月电费情境 520元；电费压力 2/5。本月收入已有其他固定支出安排，可灵活调整的预算较紧。
节费/舒适/错峰重视 2/2/5；控制边界：更愿意自己安排，尽量不让系统调整；提前通知 6 小时；受保护活动：睡眠休息, 做饭用餐。
居住方式：与他人合租；电价背景：单一时段电价；定时/自动控制经验：偶尔使用；既有错峰经验：没有参加过；受扰后恢复偏好：保留自动安排；其他背景设备：冰箱。
空调 1台，每周 2—3天；自己选择使用时段（可跨午夜），制冷设定 24℃，室温希望范围 23—25℃，可接受变化 0.5℃，自选时段 19:00–23:00。条件：有人在受控房间时使用；轮班或事件日另核，不把空屋冷量算作舒适收益。
洗衣机 1台，每周 2—3天；默认 19:50，可从 19:00 开始，最晚 23:00 完成，一次 60 分钟。条件：默认时刻须有成员在家并完成装载；轮班或事件日另核，不默认预约或远程启动。
烘干机 1台，每周 2—3天；默认 19:00，可从 19:00 开始，最晚 23:00 完成，一次 90 分钟。条件：默认时刻须有成员在家并完成装载；轮班或事件日另核，不默认预约或远程启动。
参与者对十天方案的选择、理由和评分尚未填写。",UNKNOWN,NOT_COLLECTED,NOT_EXPORTED_PENDING_D_ACCEPTANCE,UNKNOWN
cityrole-0017,eb.synthetic_fixed_profile_300.v1,南京市,江苏,320100,1,1,1,sometimes_occupied,partly_home,partly_regular,6500,120,2,电费有压力，需调整其他开支,本月收入已有其他固定支出安排，可灵活调整的预算较紧。,comfort_priority,2,4,1,high_trust_auto,6,independent_dwelling,two_rooms,2,70及以上,75.0,synthetic_H6_like_whole_dwelling_building_area,75.0,known_synthetic_whole_dwelling,50_89,matches_synthetic_whole_dwelling,apartment,ground,1,cn-home-0017,self_contained_openplan,High-rise apartment(slab type)_Nanjing_2001,edge,56.390977,56.390977,0,CHN_Jiangsu.Nanjing.582380_CSWD,88.368,a3597e683006c39186eb8fa774c0a811de2174e42e644672ddb64057cabe52e2,d6f9f8584d6fe8a1cbe53cb88d4010f4be449f680e9d4b7b2c5c269cc6542e95,7,7,10,household_selected_devices,0,,南京市的1人家庭。独立住房建筑面积约75平方米，七普口径至少2间自然房间。主要说明人（87岁，在家外出交替）。通常白天部分时间有人。家庭月收入情境约6500元，通常月电费情境约120元；电费有压力，需调整其他开支。本月收入已有其他固定支出安排，可灵活调整的预算较紧。纳入安排的设备：空调、洗衣机。节费重视2/5，舒适重视4/5，系统控制边界是约定范围内可自动调整；希望提前6小时通知。虽然电费挤压预算，但家里更在意任务按原计划完成，不愿为了少量节费频繁改时间。洗衣等任务需有人在家完成装载。空屋提前开空调须另确认预约或远控与本人许可。,"【合成角色条件；尚无真人回答】
cityrole-0017｜江苏南京市｜1人｜独立住宅，H7 至少2间自然房；整套设计建筑面积75㎡。
楼房中的一套住宅，楼层位置 底层，房龄背景 2000—2009年；住宅原型 High-rise apartment(slab type)_Nanjing_2001，源户位 edge，天气代理站 CHN_Jiangsu.Nanjing.582380_CSWD（距城市约88.4km）；天气/原型及房龄并非本户实测。
m01 主要说明人，87岁，居家工作/学习 / 部分时间在家，部分时间外出；工作日通常在家 00:00–09:00、12:00–15:00、19:00–24:00；室温感受：比较敏感，小幅变化也容易不舒服；电器时间：只接受小幅提前或推迟；参与安排：通常主要由这位成员决定；需求优先：没有特别优先；节费/错峰重视 2/4；系统控制：在约定范围内，可以让系统自动调整。
通常白天：部分时间有人；晚间：部分时间有人；作息：部分成员或部分日期固定；深夜用电：很少或没有；事件当天是否在受控房间另核。
家庭月收入情境 6500元、上月电费情境 120元；电费压力 2/5。本月收入已有其他固定支出安排，可灵活调整的预算较紧。
节费/舒适/错峰重视 2/4/1；控制边界：在约定范围内，可以让系统自动调整；提前通知 6 小时；受保护活动：睡眠休息, 做饭用餐。
居住方式：自有住房；电价背景：单一时段电价；定时/自动控制经验：偶尔使用；既有错峰经验：没有参加过；受扰后恢复偏好：保留自动安排；其他背景设备：冰箱。
空调 2台，每周 4—6天；傍晚到睡前（18:00—23:00），制冷设定 25℃，室温希望范围 24—26℃，可接受变化 1℃。条件：有人在受控房间时使用；18:00–18:30若空屋预冷，须当天确认家户许可及实际预约/远控能力，否则到家后开启；空屋冷量不算舒适收益。
洗衣机 1台，每周 4—6天；默认 21:00，可从 19:00 开始，最晚 24:00 完成，一次 60 分钟。条件：默认时刻须有成员在家并完成装载；轮班或事件日另核，不默认预约或远程启动。
参与者对十天方案的选择、理由和评分尚未填写。",UNKNOWN,NOT_COLLECTED,NOT_EXPORTED_PENDING_D_ACCEPTANCE,UNKNOWN
cityrole-0018,eb.synthetic_fixed_profile_300.v1,包头市,内蒙古,150200,1,1,0,variable,varies,irregular,4500,540,1,电费超出预算会挤占必要支出,必要生活开支较多，本月电费变化容易挤占其他项目。,middle,3,3,4,high_trust_auto,6,independent_dwelling,two_rooms,2,50-59,54.5,synthetic_H6_like_whole_dwelling_building_area,54.5,known_synthetic_whole_dwelling,50_89,matches_synthetic_whole_dwelling,apartment,middle,2,cn-home-0018,self_contained_openplan,Low-rise apartment_Dongsheng_2010,edge,40.977444,40.977444,0,CHN_Nei.Mongol.Dongsheng.535430_CSWD,93.05,3cb15f9c4ffe0d59067bedc40dd9d8eaee60e21b30bc25010c074e8cf055c73e,fde73f50e003511f3128da63f2f67d2af5f3dc7820a49d7349dc085bd707c937,7,7,10,household_selected_devices,0,,包头市的1人家庭。独立住房建筑面积约54.5平方米，七普口径至少2间自然房间。主要说明人（29岁，轮班或时间多变）。通常白天不固定。家庭月收入情境约4500元，通常月电费情境约540元；电费超出预算会挤占必要支出。必要生活开支较多，本月电费变化容易挤占其他项目。纳入安排的设备：空调、洗衣机、电热水器。节费重视3/5，舒适重视3/5，系统控制边界是约定范围内可自动调整；希望提前6小时通知。费用压力描述的是当前预算余量；节费重视描述的是调整方案时的取舍，两者分别考虑。洗衣等任务需有人在家完成装载。空屋提前开空调须另确认预约或远控与本人许可。轮班日按当天在家情况确认。,"【合成角色条件；尚无真人回答】
cityrole-0018｜内蒙古包头市｜1人｜独立住宅，H7 至少2间自然房；整套设计建筑面积54.5㎡。
楼房中的一套住宅，楼层位置 中间层，房龄背景 2010—2019年；住宅原型 Low-rise apartment_Dongsheng_2010，源户位 edge，天气代理站 CHN_Nei.Mongol.Dongsheng.535430_CSWD（距城市约93.0km）；天气/原型及房龄并非本户实测。
m01 主要说明人，29岁，轮班工作 / 轮班或时间经常变化；工作日到家时段不固定；室温感受：能接受小幅变化，变化较大会不舒服；电器时间：只要按时完成，具体运行时间都可以；参与安排：通常主要由这位成员决定；需求优先：没有特别优先；节费/错峰重视 3/2；系统控制：在约定范围内，可以让系统自动调整。
通常白天：不固定，很难概括；晚间：每天不太固定；作息：变化较多；深夜用电：偶尔；事件当天是否在受控房间另核。
家庭月收入情境 4500元、上月电费情境 540元；电费压力 1/5。必要生活开支较多，本月电费变化容易挤占其他项目。
节费/舒适/错峰重视 3/3/4；控制边界：在约定范围内，可以让系统自动调整；提前通知 6 小时；受保护活动：睡眠休息, 做饭用餐。
居住方式：与他人合租；电价背景：峰谷分时电价；定时/自动控制经验：偶尔使用；既有错峰经验：没有参加过；受扰后恢复偏好：保留自动安排；其他背景设备：冰箱。
空调 1台，每周 每天（7天）；傍晚到睡前（18:00—23:00），制冷设定 26℃，室温希望范围 25—27℃，可接受变化 1.5℃。条件：有人在受控房间时使用；18:00–18:30若空屋预冷，须当天确认家户许可及实际预约/远控能力，否则到家后开启；空屋冷量不算舒适收益。
洗衣机 1台，每周 每天（7天）；默认 19:00，可从 19:00 开始，最晚 23:00 完成，一次 60 分钟。条件：默认时刻须有成员在家并完成装载；轮班或事件日另核，不默认预约或远程启动。
电热水器 1台，每周 每天（7天）；加热 19:50–22:00，需热水 21:00，提前加热：不希望提前加热。条件：普通加热须对准有人需要热水的时段；事件日及额外提前加热按当次许可确认。
参与者对十天方案的选择、理由和评分尚未填写。",UNKNOWN,NOT_COLLECTED,NOT_EXPORTED_PENDING_D_ACCEPTANCE,UNKNOWN
cityrole-0019,eb.synthetic_fixed_profile_300.v1,重庆市,重庆,500000,1,1,0,sometimes_occupied,partly_home,partly_regular,2000,240,5,电费不构成当前预算约束,家庭已为当前电费预留预算，按这个金额可以承担；增加用电仍需重新权衡。,comfort_priority,2,4,3,low_auto_accept,0.5,independent_dwelling,two_rooms,2,60-69,64.5,synthetic_H6_like_whole_dwelling_building_area,64.5,known_synthetic_whole_dwelling,50_89,matches_synthetic_whole_dwelling,apartment,top,4,cn-home-0019,self_contained_openplan,Low-rise apartment_Youyang_2001,edge,48.496241,48.496241,0,CHN_Chongqing.Chongqing.Shapingba.575160_CSWD,5.879,454a6f076037de18c42c492b2db58bd57789e0464fbca049b4616ca770465130,921d0bcdf8a0a0715919a06f86b7778a4619d0ea25b4dc9d6914b13ae923fc93,7,7,10,household_selected_devices,0,,重庆市的1人家庭。独立住房建筑面积约64.5平方米，七普口径至少2间自然房间。主要说明人（35岁，在家外出交替）。通常白天部分时间有人。家庭月收入情境约2000元，通常月电费情境约240元；电费不构成当前预算约束。家庭已为当前电费预留预算，按这个金额可以承担；增加用电仍需重新权衡。纳入安排的设备：空调、洗衣机、电热水器。节费重视2/5，舒适重视4/5，系统控制边界是以自己安排为主；希望提前0.5小时通知。费用压力描述的是当前预算余量；节费重视描述的是调整方案时的取舍，两者分别考虑。洗衣等任务需有人在家完成装载。空屋提前开空调须另确认预约或远控与本人许可。,"【合成角色条件；尚无真人回答】
cityrole-0019｜重庆重庆市｜1人｜独立住宅，H7 至少2间自然房；整套设计建筑面积64.5㎡。
楼房中的一套住宅，楼层位置 顶层，房龄背景 2000—2009年；住宅原型 Low-rise apartment_Youyang_2001，源户位 edge，天气代理站 CHN_Chongqing.Chongqing.Shapingba.575160_CSWD（距城市约5.9km）；天气/原型及房龄并非本户实测。
m01 主要说明人，35岁，照顾家人 / 部分时间在家，部分时间外出；工作日通常在家 00:00–09:00、12:00–15:00、19:00–24:00；室温感受：不太敏感，室温变化较大也通常能适应；电器时间：只要按时完成，具体运行时间都可以；参与安排：通常主要由这位成员决定；需求优先：没有特别优先；节费/错峰重视 2/5；系统控制：更愿意自己安排，尽量不让系统调整。
通常白天：部分时间有人；晚间：部分时间有人；作息：部分成员或部分日期固定；深夜用电：很少或没有；事件当天是否在受控房间另核。
家庭月收入情境 2000元、上月电费情境 240元；电费压力 5/5。家庭已为当前电费预留预算，按这个金额可以承担；增加用电仍需重新权衡。
节费/舒适/错峰重视 2/4/3；控制边界：更愿意自己安排，尽量不让系统调整；提前通知 半小时；受保护活动：睡眠休息, 做饭用餐。
居住方式：整套租住；电价背景：峰谷分时电价；定时/自动控制经验：经常使用；既有错峰经验：没有参加过；受扰后恢复偏好：改回原安排；其他背景设备：冰箱。
空调 1台，每周 2—3天；傍晚到睡前（18:00—23:00），制冷设定 27℃，室温希望范围 26—28℃，可接受变化 0.5℃。条件：有人在受控房间时使用；18:00–18:30若空屋预冷，须当天确认家户许可及实际预约/远控能力，否则到家后开启；空屋冷量不算舒适收益。
洗衣机 1台，每周 2—3天；默认 19:50，可从 19:00 开始，最晚 23:00 完成，一次 60 分钟。条件：默认时刻须有成员在家并完成装载；轮班或事件日另核，不默认预约或远程启动。
电热水器 1台，每周 2—3天；加热 06:00–08:00，需热水 07:00，提前加热：可以提前安排。条件：普通加热须对准有人需要热水的时段；事件日及额外提前加热按当次许可确认。
参与者对十天方案的选择、理由和评分尚未填写。",UNKNOWN,NOT_COLLECTED,NOT_EXPORTED_PENDING_D_ACCEPTANCE,UNKNOWN
cityrole-0020,eb.synthetic_fixed_profile_300.v1,北京市,北京,110000,3,3,0,mostly_occupied,partly_home,partly_regular,6000,520,4,电费有余量，通常不需改变开支,家庭已为当前电费预留预算，按这个金额可以承担；增加用电仍需重新权衡。,both_low,2,2,4,low_auto_accept,6,shared_dwelling_private_rooms_with_allocated_common_area,two_rooms,2,8及以下,24.0,synthetic_H6_like_household_attributed_building_area_in_shared_dwelling,41.047373,experimental_F_scaled_whole_dwelling,lt50,matches_F_experimental_whole_dwelling,apartment,ground,1,cn-home-0020,shared_flat_private_rooms,Low-rise apartment_Beijing_2010,edge,22.8,11.898725,10.901275,CHN_Beijing.Beijing.545110_CSWD,16.45,c5a000246fd9c838eefeea8ddaa808bc1ed349ea33ced3f620f24f8ccebd2a3e,45719a051997b51387ca46aa5040ba4f542b02d40d0db0fbeeac1ac72d2891fd,2,2,4,assigned_private_rooms_ac_only,0,,北京市的3人家庭。合住住房中本户独用2间房，分摊建筑面积约24平方米；整套住房设计建筑面积约41.0474平方米（按模型整套净面积和实验0.95比值换算）；仅私有房间的1台空调可由本户安排，公共设备不纳入。长辈（56岁，在家外出交替）、主要说明人（37岁，通常主要在家）、子女（18岁，在家外出交替）。通常白天有人在家。家庭月收入情境约6000元，通常月电费情境约520元；电费有余量，通常不需改变开支。家庭已为当前电费预留预算，按这个金额可以承担；增加用电仍需重新权衡。纳入安排的设备：空调。节费重视2/5，舒适重视2/5，系统控制边界是以自己安排为主；希望提前6小时通知。费用与室温都不是首要判断项，家里更关注日常任务是否照计划完成。,"【合成角色条件；尚无真人回答】
cityrole-0020｜北京北京市｜3人｜合住，本户独用2间自然房；24㎡是本户分摊建筑面积，整套住房设计建筑面积约41.0474㎡，按冻结源单元净面积和实验 0.95 比值换算，并非实测。
楼房中的一套住宅，楼层位置 底层，房龄背景 2010—2019年；住宅原型 Low-rise apartment_Beijing_2010，源户位 edge，天气代理站 CHN_Beijing.Beijing.545110_CSWD（距城市约16.4km）；天气/原型及房龄并非本户实测。
m01 长辈，56岁，暂未工作（非退休） / 部分时间在家，部分时间外出；工作日通常在家 00:00–09:00、12:00–15:00、19:00–24:00；室温感受：比较敏感，小幅变化也容易不舒服；电器时间：希望按原定时间运行，尽量不调整；参与安排：通常主要由这位成员决定；需求优先：没有特别优先；节费/错峰重视 2/3；系统控制：更愿意自己安排，尽量不让系统调整。
m02 主要说明人，37岁，居家工作/学习 / 主要在家生活，包括居家工作、学习、休息或照护；工作日通常在家 00:00–24:00；室温感受：不太敏感，室温变化较大也通常能适应；电器时间：只要按时完成，具体运行时间都可以；参与安排：通常与家人共同商量决定；需求优先：没有特别优先；节费/错峰重视 2/4；系统控制：在约定范围内，可以让系统自动调整。
m03 子女，18岁，照顾家人 / 部分时间在家，部分时间外出；工作日通常在家 00:00–09:00、12:00–15:00、19:00–24:00；室温感受：能接受小幅变化，变化较大会不舒服；电器时间：只要按时完成，具体运行时间都可以；参与安排：通常与家人共同商量决定；需求优先：没有特别优先；节费/错峰重视 4/5；系统控制：更愿意自己安排，尽量不让系统调整。
通常白天：大部分时间有人；晚间：部分时间有人；作息：部分成员或部分日期固定；深夜用电：很少或没有；事件当天是否在受控房间另核。
家庭月收入情境 6000元、上月电费情境 520元；电费压力 4/5。家庭已为当前电费预留预算，按这个金额可以承担；增加用电仍需重新权衡。
节费/舒适/错峰重视 2/2/4；控制边界：更愿意自己安排，尽量不让系统调整；提前通知 6 小时；受保护活动：睡眠休息, 做饭用餐。
居住方式：与他人合租；电价背景：单一时段电价；定时/自动控制经验：没有使用过；既有错峰经验：没有参加过；受扰后恢复偏好：改回原安排；其他背景设备：没有上述设备。
空调 1台，每周 4—6天；自己选择使用时段（可跨午夜），制冷设定 24℃，室温希望范围 23—25℃，可接受变化 1℃，自选时段 16:00–23:00。条件：有人在受控房间时使用；轮班或事件日另核，不把空屋冷量算作舒适收益。
参与者对十天方案的选择、理由和评分尚未填写。",UNKNOWN,NOT_COLLECTED,NOT_EXPORTED_PENDING_D_ACCEPTANCE,UNKNOWN
cityrole-0021,eb.synthetic_fixed_profile_300.v1,毕节市,贵州,520500,2,1,0,variable,varies,irregular,4000,360,1,电费超出预算会挤占必要支出,必要生活开支较多，本月电费变化容易挤占其他项目。,both_low,1,1,4,confirm_required,0,independent_dwelling,two_rooms,2,50-59,109.0,synthetic_H6_like_whole_dwelling_building_area,109.0,known_synthetic_whole_dwelling,90_119,matches_synthetic_whole_dwelling,apartment,middle,2,cn-home-0021,self_contained_openplan,Low-rise apartment_Bijie_2019,middle,81.954887,81.954887,0,CHN_Guizhou.Bijie.577070_CSWD,0.379,20bf5fba09a9732971d37eed1bfade84bcf9ba38ed6116e86d03108fa1d1ce40,1e0a7b777ed3887db16b67e77656642bd8d0d8b842e1c9a2058c04650d46e494,7,7,8,household_selected_devices,1,m01,毕节市的2人家庭。独立住房建筑面积约109平方米，七普口径至少2间自然房间。主要说明人（42岁，通常定时外出）、伴侣（43岁，轮班或时间多变）。通常白天不固定。家庭月收入情境约4000元，通常月电费情境约360元；电费超出预算会挤占必要支出。必要生活开支较多，本月电费变化容易挤占其他项目。纳入安排的设备：可在家充电的电动车。节费重视1/5，舒适重视1/5，系统控制边界是每次先确认；希望提前0小时通知。虽然电费挤压预算，但家里更在意任务按原计划完成，不愿为了少量节费频繁改时间。轮班日按当天在家情况确认。,"【合成角色条件；尚无真人回答】
cityrole-0021｜贵州毕节市｜2人｜独立住宅，H7 至少2间自然房；整套设计建筑面积109㎡。
楼房中的一套住宅，楼层位置 中间层，房龄背景 2010—2019年；住宅原型 Low-rise apartment_Bijie_2019，源户位 middle，天气代理站 CHN_Guizhou.Bijie.577070_CSWD（距城市约0.4km）；天气/原型及房龄并非本户实测。
m01 主要说明人，42岁，在外工作 / 通常固定时间外出工作或学习；工作日通常在家 00:00–07:30、18:30–24:00；室温感受：能接受小幅变化，变化较大会不舒服；电器时间：希望按原定时间运行，尽量不调整；参与安排：通常主要由这位成员决定；需求优先：没有特别优先；节费/错峰重视 1/1；系统控制：每次先问，得到明确同意后再调整。
m02 伴侣，43岁，轮班工作 / 轮班或时间经常变化；工作日到家时段不固定；室温感受：比较敏感，小幅变化也容易不舒服；电器时间：希望按原定时间运行，尽量不调整；参与安排：通常与家人共同商量决定；需求优先：没有特别优先；节费/错峰重视 3/2；系统控制：每次先问，得到明确同意后再调整。
通常白天：不固定，很难概括；晚间：每天不太固定；作息：变化较多；深夜用电：偶尔；事件当天是否在受控房间另核。
家庭月收入情境 4000元、上月电费情境 360元；电费压力 1/5。必要生活开支较多，本月电费变化容易挤占其他项目。
节费/舒适/错峰重视 1/1/4；控制边界：每次先问我，得到明确同意后再调整；提前通知 无需提前；受保护活动：睡眠休息, 做饭用餐。
居住方式：与他人合租；电价背景：峰谷分时电价；定时/自动控制经验：偶尔使用；既有错峰经验：没有参加过；受扰后恢复偏好：改回原安排；其他背景设备：冰箱。
可在家充电的电动汽车 1辆，每周 每天（7天）；接入 21:00，次日离家 07:00，目标/保底电量 70%/40%，驾驶成员 m01。条件：由m01在典型外出日返家后接入；车辆实际到家、次日离家与充电权限按当天确认。
参与者对十天方案的选择、理由和评分尚未填写。",UNKNOWN,NOT_COLLECTED,NOT_EXPORTED_PENDING_D_ACCEPTANCE,UNKNOWN
cityrole-0022,eb.synthetic_fixed_profile_300.v1,渭南市,陕西,610500,3,1,0,mostly_occupied,partly_home,partly_regular,19500,220,2,电费有压力，需调整其他开支,本月收入已有其他固定支出安排，可灵活调整的预算较紧。,saving_priority,5,1,4,high_trust_auto,0.5,independent_dwelling,one_room,1,20-29,73.5,synthetic_H6_like_whole_dwelling_building_area,73.5,known_synthetic_whole_dwelling,50_89,matches_synthetic_whole_dwelling,apartment,middle,3,cn-home-0022,self_contained_openplan,High-rise apartment(slab type)_Xian_1995,middle,55.263158,55.263158,0,CHN_Shaanxi.Xian.570360_CSWD,55.757,a57847ea71bccc3e890839d9675e49b7b95aa9d2f5a76068343ec60b5211dba7,205a11b361519b54d3569a984365db81a9698a61707920a85d03814b8257113f,7,7,8,household_selected_devices,0,,渭南市的3人家庭。独立住房建筑面积约73.5平方米，七普口径至少1间自然房间。主要说明人（36岁，通常主要在家）、伴侣（37岁，在家外出交替）、兄弟姐妹（40岁，通常定时外出）。通常白天有人在家。家庭月收入情境约19500元，通常月电费情境约220元；电费有压力，需调整其他开支。本月收入已有其他固定支出安排，可灵活调整的预算较紧。纳入安排的设备：空调、洗衣机、电热水器。节费重视5/5，舒适重视1/5，系统控制边界是约定范围内可自动调整；希望提前0.5小时通知。费用压力描述的是当前预算余量；节费重视描述的是调整方案时的取舍，两者分别考虑。洗衣等任务需有人在家完成装载。空屋提前开空调须另确认预约或远控与本人许可。,"【合成角色条件；尚无真人回答】
cityrole-0022｜陕西渭南市｜3人｜独立住宅，H7 至少1间自然房；整套设计建筑面积73.5㎡。
楼房中的一套住宅，楼层位置 中间层，房龄背景 2000年前；住宅原型 High-rise apartment(slab type)_Xian_1995，源户位 middle，天气代理站 CHN_Shaanxi.Xian.570360_CSWD（距城市约55.8km）；天气/原型及房龄并非本户实测。
m01 主要说明人，36岁，居家工作/学习 / 主要在家生活，包括居家工作、学习、休息或照护；工作日通常在家 00:00–24:00；室温感受：不太敏感，室温变化较大也通常能适应；电器时间：只接受小幅提前或推迟；参与安排：通常主要由这位成员决定；需求优先：没有特别优先；节费/错峰重视 5/4；系统控制：在约定范围内，可以让系统自动调整。
m02 伴侣，37岁，照顾家人 / 部分时间在家，部分时间外出；工作日通常在家 00:00–09:00、12:00–15:00、19:00–24:00；室温感受：能接受小幅变化，变化较大会不舒服；电器时间：希望按原定时间运行，尽量不调整；参与安排：通常与家人共同商量决定；需求优先：没有特别优先；节费/错峰重视 4/5；系统控制：更愿意自己安排，尽量不让系统调整。
m03 兄弟姐妹，40岁，在外工作 / 通常固定时间外出工作或学习；工作日通常在家 00:00–07:30、18:30–24:00；室温感受：比较敏感，小幅变化也容易不舒服；电器时间：希望按原定时间运行，尽量不调整；参与安排：通常与家人共同商量决定；需求优先：没有特别优先；节费/错峰重视 1/1；系统控制：每次先问，得到明确同意后再调整。
通常白天：大部分时间有人；晚间：部分时间有人；作息：部分成员或部分日期固定；深夜用电：很少或没有；事件当天是否在受控房间另核。
家庭月收入情境 19500元、上月电费情境 220元；电费压力 2/5。本月收入已有其他固定支出安排，可灵活调整的预算较紧。
节费/舒适/错峰重视 5/1/4；控制边界：在约定范围内，可以让系统自动调整；提前通知 半小时；受保护活动：睡眠休息, 做饭用餐。
居住方式：整套租住；电价背景：峰谷分时电价；定时/自动控制经验：没有使用过；既有错峰经验：参加过；受扰后恢复偏好：先看影响再决定；其他背景设备：冰箱。
空调 1台，每周 2—3天；傍晚到睡前（18:00—23:00），制冷设定 26℃，室温希望范围 25—27℃，可接受变化 0.5℃。条件：有人在受控房间时使用；18:00–18:30若空屋预冷，须当天确认家户许可及实际预约/远控能力，否则到家后开启；空屋冷量不算舒适收益。
洗衣机 1台，每周 2—3天；默认 19:50，可从 19:00 开始，最晚 23:00 完成，一次 60 分钟。条件：默认时刻须有成员在家并完成装载；轮班或事件日另核，不默认预约或远程启动。
电热水器 1台，每周 2—3天；加热 06:00–08:00，需热水 07:00，提前加热：可以提前安排。条件：普通加热须对准有人需要热水的时段；事件日及额外提前加热按当次许可确认。
参与者对十天方案的选择、理由和评分尚未填写。",UNKNOWN,NOT_COLLECTED,NOT_EXPORTED_PENDING_D_ACCEPTANCE,UNKNOWN
cityrole-0023,eb.synthetic_fixed_profile_300.v1,运城市,山西,140800,2,1,0,sometimes_occupied,varies,irregular,6400,240,3,电费可承担，但会留意变化,本月电费可承担，但家庭会留意它的变化。,both_high,5,5,1,low_auto_accept,72,independent_dwelling,three_rooms,3,50-59,109.0,synthetic_H6_like_whole_dwelling_building_area,109.0,known_synthetic_whole_dwelling,90_119,matches_synthetic_whole_dwelling,apartment,middle,3,cn-home-0023,self_contained_source_three_room,Low-rise apartment_Yuncheng_1995,edge,81.954887,81.954887,0,CHN_Shanxi.Yuncheng.539590_CSWD,5.516,b6f78f4fa7519bbd919c2ec689b20cc4e8eea60b6065ab1a484f6117788c155a,b1ac88a57b4e0258b94104370396a8cbb2f93daf59cacbc9b327ad6b877edff0,7,7,10,household_selected_devices,0,,运城市的2人家庭。独立住房建筑面积约109平方米，七普口径至少3间自然房间。主要说明人（29岁，轮班或时间多变）、伴侣（28岁，在家外出交替）。通常白天部分时间有人。家庭月收入情境约6400元，通常月电费情境约240元；电费可承担，但会留意变化。本月电费可承担，但家庭会留意它的变化。纳入安排的设备：空调、洗衣机、烘干机、电热水器。节费重视5/5，舒适重视5/5，系统控制边界是以自己安排为主；希望提前72小时通知。费用压力描述的是当前预算余量；节费重视描述的是调整方案时的取舍，两者分别考虑。洗衣等任务需有人在家完成装载。空屋提前开空调须另确认预约或远控与本人许可。轮班日按当天在家情况确认。,"【合成角色条件；尚无真人回答】
cityrole-0023｜山西运城市｜2人｜独立住宅，H7 至少3间自然房；整套设计建筑面积109㎡。
楼房中的一套住宅，楼层位置 中间层，房龄背景 2000年前；住宅原型 Low-rise apartment_Yuncheng_1995，源户位 edge，天气代理站 CHN_Shanxi.Yuncheng.539590_CSWD（距城市约5.5km）；天气/原型及房龄并非本户实测。
m01 主要说明人，29岁，轮班工作 / 轮班或时间经常变化；工作日到家时段不固定；室温感受：比较敏感，小幅变化也容易不舒服；电器时间：只接受小幅提前或推迟；参与安排：通常主要由这位成员决定；需求优先：没有特别优先；节费/错峰重视 5/2；系统控制：更愿意自己安排，尽量不让系统调整。
m02 伴侣，28岁，暂未工作（非退休） / 部分时间在家，部分时间外出；工作日通常在家 00:00–09:00、12:00–15:00、19:00–24:00；室温感受：不太敏感，室温变化较大也通常能适应；电器时间：只接受小幅提前或推迟；参与安排：通常与家人共同商量决定；需求优先：没有特别优先；节费/错峰重视 5/3；系统控制：在约定范围内，可以让系统自动调整。
通常白天：部分时间有人；晚间：每天不太固定；作息：变化较多；深夜用电：偶尔；事件当天是否在受控房间另核。
家庭月收入情境 6400元、上月电费情境 240元；电费压力 3/5。本月电费可承担，但家庭会留意它的变化。
节费/舒适/错峰重视 5/5/1；控制边界：更愿意自己安排，尽量不让系统调整；提前通知 三天或更早；受保护活动：睡眠休息, 做饭用餐。
居住方式：自有住房；电价背景：峰谷分时电价；定时/自动控制经验：经常使用；既有错峰经验：没有参加过；受扰后恢复偏好：保留自动安排；其他背景设备：冰箱。
空调 1台，每周 4—6天；傍晚到睡前（18:00—23:00），制冷设定 27℃，室温希望范围 26—28℃，可接受变化 1℃。条件：有人在受控房间时使用；18:00–18:30若空屋预冷，须当天确认家户许可及实际预约/远控能力，否则到家后开启；空屋冷量不算舒适收益。
洗衣机 1台，每周 4—6天；默认 21:00，可从 19:00 开始，最晚 24:00 完成，一次 60 分钟。条件：默认时刻须有成员在家并完成装载；轮班或事件日另核，不默认预约或远程启动。
烘干机 1台，每周 4—6天；默认 19:50，可从 19:00 开始，最晚 23:00 完成，一次 90 分钟。条件：默认时刻须有成员在家并完成装载；轮班或事件日另核，不默认预约或远程启动。
电热水器 1台，每周 4—6天；加热 19:00–22:00，需热水 21:00，提前加热：每次先确认。条件：普通加热须对准有人需要热水的时段；事件日及额外提前加热按当次许可确认。
参与者对十天方案的选择、理由和评分尚未填写。",UNKNOWN,NOT_COLLECTED,NOT_EXPORTED_PENDING_D_ACCEPTANCE,UNKNOWN
cityrole-0024,eb.synthetic_fixed_profile_300.v1,沈阳市,辽宁,210100,5,2,0,mostly_occupied,partly_home,irregular,10000,520,2,电费有压力，需调整其他开支,必要生活开支较多，本月电费变化容易挤占其他项目。,both_low,1,1,4,high_trust_auto,0.5,independent_dwelling,two_rooms,2,20-29,122.5,synthetic_H6_like_whole_dwelling_building_area,122.5,known_synthetic_whole_dwelling,120_159,matches_synthetic_whole_dwelling,apartment,ground,1,cn-home-0024,self_contained_openplan,Low-rise apartment_Shenyang_1986,middle,92.105263,92.105263,0,CHN_Liaoning.Shenyang.543420_CSWD,8.989,3524d8146cd9cd4a8fea451fb2139d515aa640352754c9879225b6bba587af91,22bb7ca29433fa86f9d4dcdde99caafb8a4da37f6e70a95f2847427f61e86eb2,7,7,8,household_selected_devices,0,,沈阳市的5人家庭。独立住房建筑面积约122.5平方米，七普口径至少2间自然房间。主要说明人（54岁，在家外出交替）、子女（26岁，通常定时外出）、子女（23岁，轮班或时间多变）、子女伴侣（27岁，在家外出交替）、子女（26岁，通常主要在家）。通常白天有人在家。家庭月收入情境约10000元，通常月电费情境约520元；电费有压力，需调整其他开支。必要生活开支较多，本月电费变化容易挤占其他项目。纳入安排的设备：空调、洗衣机、烘干机、电热水器。节费重视1/5，舒适重视1/5，系统控制边界是约定范围内可自动调整；希望提前0.5小时通知。虽然电费挤压预算，但家里更在意任务按原计划完成，不愿为了少量节费频繁改时间。洗衣等任务需有人在家完成装载。轮班日按当天在家情况确认。,"【合成角色条件；尚无真人回答】
cityrole-0024｜辽宁沈阳市｜5人｜独立住宅，H7 至少2间自然房；整套设计建筑面积122.5㎡。
楼房中的一套住宅，楼层位置 底层，房龄背景 2000年前；住宅原型 Low-rise apartment_Shenyang_1986，源户位 middle，天气代理站 CHN_Liaoning.Shenyang.543420_CSWD（距城市约9.0km）；天气/原型及房龄并非本户实测。
m01 主要说明人，54岁，照顾家人 / 部分时间在家，部分时间外出；工作日通常在家 00:00–09:00、12:00–15:00、19:00–24:00；室温感受：能接受小幅变化，变化较大会不舒服；电器时间：只要按时完成，具体运行时间都可以；参与安排：通常主要由这位成员决定；需求优先：没有特别优先；节费/错峰重视 1/5；系统控制：在约定范围内，可以让系统自动调整。
m02 子女，26岁，在外工作 / 通常固定时间外出工作或学习；工作日通常在家 00:00–07:30、18:30–24:00；室温感受：比较敏感，小幅变化也容易不舒服；电器时间：只接受小幅提前或推迟；参与安排：通常与家人共同商量决定；需求优先：没有特别优先；节费/错峰重视 1/1；系统控制：每次先问，得到明确同意后再调整。
m03 子女，23岁，轮班工作 / 轮班或时间经常变化；工作日到家时段不固定；室温感受：不太敏感，室温变化较大也通常能适应；电器时间：只接受小幅提前或推迟；参与安排：通常与家人共同商量决定；需求优先：没有特别优先；节费/错峰重视 3/2；系统控制：在约定范围内，可以让系统自动调整。
m04 子女伴侣，27岁，暂未工作（非退休） / 部分时间在家，部分时间外出；工作日通常在家 00:00–09:00、12:00–15:00、19:00–24:00；室温感受：能接受小幅变化，变化较大会不舒服；电器时间：希望按原定时间运行，尽量不调整；参与安排：通常与家人共同商量决定；需求优先：没有特别优先；节费/错峰重视 5/3；系统控制：更愿意自己安排，尽量不让系统调整。
m05 子女，26岁，居家工作/学习 / 主要在家生活，包括居家工作、学习、休息或照护；工作日通常在家 00:00–24:00；室温感受：比较敏感，小幅变化也容易不舒服；电器时间：希望按原定时间运行，尽量不调整；参与安排：通常与家人共同商量决定；需求优先：没有特别优先；节费/错峰重视 2/4；系统控制：每次先问，得到明确同意后再调整。
通常白天：大部分时间有人；晚间：部分时间有人；作息：变化较多；深夜用电：偶尔；事件当天是否在受控房间另核。
家庭月收入情境 10000元、上月电费情境 520元；电费压力 2/5。必要生活开支较多，本月电费变化容易挤占其他项目。
节费/舒适/错峰重视 1/1/4；控制边界：在约定范围内，可以让系统自动调整；提前通知 半小时；受保护活动：睡眠休息, 做饭用餐。
居住方式：整套租住；电价背景：峰谷分时电价；定时/自动控制经验：经常使用；既有错峰经验：没有参加过；受扰后恢复偏好：先看影响再决定；其他背景设备：冰箱。
空调 1台，每周 每天（7天）；自己选择使用时段（可跨午夜），制冷设定 24℃，室温希望范围 23—25℃，可接受变化 1.5℃，自选时段 16:00–23:00。条件：有人在受控房间时使用；轮班或事件日另核，不把空屋冷量算作舒适收益。
洗衣机 1台，每周 每天（7天）；默认 19:00，可从 19:00 开始，最晚 23:00 完成，一次 60 分钟。条件：默认时刻须有成员在家并完成装载；轮班或事件日另核，不默认预约或远程启动。
烘干机 1台，每周 每天（7天）；默认 21:00，可从 19:00 开始，最晚 24:00 完成，一次 90 分钟。条件：默认时刻须有成员在家并完成装载；轮班或事件日另核，不默认预约或远程启动。
电热水器 1台，每周 每天（7天）；加热 19:50–22:00，需热水 21:00，提前加热：不希望提前加热。条件：普通加热须对准有人需要热水的时段；事件日及额外提前加热按当次许可确认。
参与者对十天方案的选择、理由和评分尚未填写。",UNKNOWN,NOT_COLLECTED,NOT_EXPORTED_PENDING_D_ACCEPTANCE,UNKNOWN
cityrole-0025,eb.synthetic_fixed_profile_300.v1,北京市,北京,110000,2,1,0,mostly_occupied,partly_home,partly_regular,4000,120,3,电费可承担，但会留意变化,本月电费可承担，但家庭会留意它的变化。,comfort_priority,1,5,5,high_trust_auto,24,independent_dwelling,two_rooms,2,20-29,49.0,synthetic_H6_like_whole_dwelling_building_area,49.0,known_synthetic_whole_dwelling,lt50,matches_synthetic_whole_dwelling,apartment,middle,2,cn-home-0025,self_contained_openplan,Low-rise apartment_Beijing_1995,edge,36.842105,36.842105,0,CHN_Beijing.Beijing.545110_CSWD,16.45,c5a000246fd9c838eefeea8ddaa808bc1ed349ea33ced3f620f24f8ccebd2a3e,1035e9075cbe643dd446788ddd35fa7df2841909ea1651a8c4e732c49a2bc0c6,7,7,10,household_selected_devices,0,,北京市的2人家庭。独立住房建筑面积约49平方米，七普口径至少2间自然房间。主要说明人（45岁，在家外出交替）、伴侣（47岁，通常主要在家）。通常白天有人在家。家庭月收入情境约4000元，通常月电费情境约120元；电费可承担，但会留意变化。本月电费可承担，但家庭会留意它的变化。纳入安排的设备：空调、洗衣机、洗碗机。节费重视1/5，舒适重视5/5，系统控制边界是约定范围内可自动调整；希望提前24小时通知。费用压力描述的是当前预算余量；节费重视描述的是调整方案时的取舍，两者分别考虑。洗衣等任务需有人在家完成装载。,"【合成角色条件；尚无真人回答】
cityrole-0025｜北京北京市｜2人｜独立住宅，H7 至少2间自然房；整套设计建筑面积49㎡。
楼房中的一套住宅，楼层位置 中间层，房龄背景 2000年前；住宅原型 Low-rise apartment_Beijing_1995，源户位 edge，天气代理站 CHN_Beijing.Beijing.545110_CSWD（距城市约16.4km）；天气/原型及房龄并非本户实测。
m01 主要说明人，45岁，暂未工作（非退休） / 部分时间在家，部分时间外出；工作日通常在家 00:00–09:00、12:00–15:00、19:00–24:00；室温感受：不太敏感，室温变化较大也通常能适应；电器时间：只要按时完成，具体运行时间都可以；参与安排：通常主要由这位成员决定；需求优先：没有特别优先；节费/错峰重视 1/3；系统控制：在约定范围内，可以让系统自动调整。
m02 伴侣，47岁，居家工作/学习 / 主要在家生活，包括居家工作、学习、休息或照护；工作日通常在家 00:00–24:00；室温感受：能接受小幅变化，变化较大会不舒服；电器时间：只要按时完成，具体运行时间都可以；参与安排：通常与家人共同商量决定；需求优先：没有特别优先；节费/错峰重视 2/4；系统控制：更愿意自己安排，尽量不让系统调整。
通常白天：大部分时间有人；晚间：部分时间有人；作息：部分成员或部分日期固定；深夜用电：很少或没有；事件当天是否在受控房间另核。
家庭月收入情境 4000元、上月电费情境 120元；电费压力 3/5。本月电费可承担，但家庭会留意它的变化。
节费/舒适/错峰重视 1/5/5；控制边界：在约定范围内，可以让系统自动调整；提前通知 一天；受保护活动：睡眠休息, 做饭用餐。
居住方式：整套租住；电价背景：单一时段电价；定时/自动控制经验：没有使用过；既有错峰经验：没有参加过；受扰后恢复偏好：先看影响再决定；其他背景设备：冰箱。
空调 2台，每周 2—3天；下午到睡前（14:00—23:00），制冷设定 25℃，室温希望范围 24—26℃，可接受变化 0.5℃。条件：有人在受控房间时使用；轮班或事件日另核，不把空屋冷量算作舒适收益。
洗衣机 1台，每周 2—3天；默认 19:50，可从 19:00 开始，最晚 23:00 完成，一次 60 分钟。条件：默认时刻须有成员在家并完成装载；轮班或事件日另核，不默认预约或远程启动。
洗碗机 1台，每周 2—3天；默认 21:00，可从 19:00 开始，最晚 24:00 完成，一次 60 分钟。条件：默认时刻须有成员在家并完成装载；轮班或事件日另核，不默认预约或远程启动。
参与者对十天方案的选择、理由和评分尚未填写。",UNKNOWN,NOT_COLLECTED,NOT_EXPORTED_PENDING_D_ACCEPTANCE,UNKNOWN
cityrole-0026,eb.synthetic_fixed_profile_300.v1,雅安市,四川,511800,2,2,1,mostly_occupied,partly_home,irregular,13000,360,4,电费有余量，通常不需改变开支,本月电费占可安排预算较小。,saving_priority,4,2,5,confirm_required,1,independent_dwelling,three_rooms,3,40-49,89.0,synthetic_H6_like_whole_dwelling_building_area,89.0,known_synthetic_whole_dwelling,50_89,matches_synthetic_whole_dwelling,apartment,middle,6,cn-home-0026,self_contained_source_three_room,High-rise apartment(slab type)_Leshan_2001,middle,66.917293,66.917293,0,CHN_Sichuan.Leshan.563860_CSWD,86.182,6f1e0596e4cbae431030432174b7b79c8a088d7d91d33da893905cae59420d6d,dc5a74d726d6d7a9cdd226c640d09db98c1b1da625e5ca087f8741a9f4b309c5,7,7,8,household_selected_devices,0,,雅安市的2人家庭。独立住房建筑面积约89平方米，七普口径至少3间自然房间。主要说明人（62岁，通常主要在家）、子女（33岁，轮班或时间多变）。通常白天有人在家。家庭月收入情境约13000元，通常月电费情境约360元；电费有余量，通常不需改变开支。本月电费占可安排预算较小。纳入安排的设备：洗衣机、电热水器。节费重视4/5，舒适重视2/5，系统控制边界是每次先确认；希望提前1小时通知。当前电费负担不重，但仍重视避免浪费。洗衣等任务需有人在家完成装载。轮班日按当天在家情况确认。,"【合成角色条件；尚无真人回答】
cityrole-0026｜四川雅安市｜2人｜独立住宅，H7 至少3间自然房；整套设计建筑面积89㎡。
楼房中的一套住宅，楼层位置 中间层，房龄背景 2000—2009年；住宅原型 High-rise apartment(slab type)_Leshan_2001，源户位 middle，天气代理站 CHN_Sichuan.Leshan.563860_CSWD（距城市约86.2km）；天气/原型及房龄并非本户实测。
m01 主要说明人，62岁，照顾家人 / 主要在家生活，包括居家工作、学习、休息或照护；工作日通常在家 00:00–24:00；室温感受：比较敏感，小幅变化也容易不舒服；电器时间：希望按原定时间运行，尽量不调整；参与安排：通常主要由这位成员决定；需求优先：没有特别优先；节费/错峰重视 4/1；系统控制：每次先问，得到明确同意后再调整。
m02 子女，33岁，轮班工作 / 轮班或时间经常变化；工作日到家时段不固定；室温感受：不太敏感，室温变化较大也通常能适应；电器时间：只要按时完成，具体运行时间都可以；参与安排：通常与家人共同商量决定；需求优先：没有特别优先；节费/错峰重视 3/2；系统控制：在约定范围内，可以让系统自动调整。
通常白天：大部分时间有人；晚间：部分时间有人；作息：变化较多；深夜用电：偶尔；事件当天是否在受控房间另核。
家庭月收入情境 13000元、上月电费情境 360元；电费压力 4/5。本月电费占可安排预算较小。
节费/舒适/错峰重视 4/2/5；控制边界：每次先问我，得到明确同意后再调整；提前通知 1 小时；受保护活动：睡眠休息, 做饭用餐。
居住方式：整套租住；电价背景：峰谷分时电价；定时/自动控制经验：经常使用；既有错峰经验：没有参加过；受扰后恢复偏好：改回原安排；其他背景设备：冰箱。
洗衣机 1台，每周 4—6天；默认 21:00，可从 19:00 开始，最晚 24:00 完成，一次 60 分钟。条件：默认时刻须有成员在家并完成装载；轮班或事件日另核，不默认预约或远程启动。
电热水器 1台，每周 4—6天；加热 19:00–22:00，需热水 21:00，提前加热：每次先确认。条件：普通加热须对准有人需要热水的时段；事件日及额外提前加热按当次许可确认。
参与者对十天方案的选择、理由和评分尚未填写。",UNKNOWN,NOT_COLLECTED,NOT_EXPORTED_PENDING_D_ACCEPTANCE,UNKNOWN
cityrole-0027,eb.synthetic_fixed_profile_300.v1,大连市,辽宁,210200,4,2,0,mostly_occupied,mostly_home,regular,18000,220,3,电费可承担，但会留意变化,本月电费可承担，但家庭会留意它的变化。,comfort_priority,2,4,2,low_auto_accept,3,independent_dwelling,two_rooms,2,20-29,98.0,synthetic_H6_like_whole_dwelling_building_area,98.0,known_synthetic_whole_dwelling,90_119,matches_synthetic_whole_dwelling,apartment,top,4,cn-home-0027,self_contained_openplan,Low-rise apartment_Dalian_2010,edge,73.684211,73.684211,0,CHN_Liaoning.Dalian.546620_CSWD,7.424,49c70aacc14cf9a49a6262ea54af2cca535d22537e48a6448d51248d5e51c9c5,eff1998b126d8f19f694ff8320e59a0da4d503c4c64e303a50a92ba5dbc1d953,7,7,10,household_selected_devices,0,,大连市的4人家庭。独立住房建筑面积约98平方米，七普口径至少2间自然房间。主要说明人（39岁，通常主要在家）、子女（10岁，通常定时外出）、伴侣（43岁，通常定时外出）、子女（13岁，通常定时外出）。通常白天有人在家。家庭月收入情境约18000元，通常月电费情境约220元；电费可承担，但会留意变化。本月电费可承担，但家庭会留意它的变化。纳入安排的设备：空调、洗衣机、电热水器。节费重视2/5，舒适重视4/5，系统控制边界是以自己安排为主；希望提前3小时通知。费用压力描述的是当前预算余量；节费重视描述的是调整方案时的取舍，两者分别考虑。洗衣等任务需有人在家完成装载。空屋提前开空调须另确认预约或远控与本人许可。,"【合成角色条件；尚无真人回答】
cityrole-0027｜辽宁大连市｜4人｜独立住宅，H7 至少2间自然房；整套设计建筑面积98㎡。
楼房中的一套住宅，楼层位置 顶层，房龄背景 2010—2019年；住宅原型 Low-rise apartment_Dalian_2010，源户位 edge，天气代理站 CHN_Liaoning.Dalian.546620_CSWD（距城市约7.4km）；天气/原型及房龄并非本户实测。
m01 主要说明人，39岁，居家工作/学习 / 主要在家生活，包括居家工作、学习、休息或照护；工作日通常在家 00:00–24:00；室温感受：能接受小幅变化，变化较大会不舒服；电器时间：希望按原定时间运行，尽量不调整；参与安排：通常主要由这位成员决定；需求优先：没有特别优先；节费/错峰重视 2/4；系统控制：更愿意自己安排，尽量不让系统调整。
m02 子女，10岁，上学 / 通常固定时间外出工作或学习；工作日通常在家 00:00–07:30、18:30–24:00；室温感受：比较敏感，小幅变化也容易不舒服；电器时间：希望按原定时间运行，尽量不调整；参与安排：通常与家人共同商量决定；需求优先：通常会优先考虑；节费/错峰重视 4/5；系统控制：每次先问，得到明确同意后再调整。
m03 伴侣，43岁，在外工作 / 通常固定时间外出工作或学习；工作日通常在家 00:00–07:30、18:30–24:00；室温感受：不太敏感，室温变化较大也通常能适应；电器时间：只要按时完成，具体运行时间都可以；参与安排：通常与家人共同商量决定；需求优先：没有特别优先；节费/错峰重视 1/1；系统控制：在约定范围内，可以让系统自动调整。
m04 子女，13岁，上学 / 通常固定时间外出工作或学习；工作日通常在家 00:00–07:30、18:30–24:00；室温感受：能接受小幅变化，变化较大会不舒服；电器时间：只要按时完成，具体运行时间都可以；参与安排：通常与家人共同商量决定；需求优先：通常会优先考虑；节费/错峰重视 3/2；系统控制：更愿意自己安排，尽量不让系统调整。
通常白天：大部分时间有人；晚间：大部分时间有人；作息：大体固定；深夜用电：很少或没有；事件当天是否在受控房间另核。
家庭月收入情境 18000元、上月电费情境 220元；电费压力 3/5。本月电费可承担，但家庭会留意它的变化。
节费/舒适/错峰重视 2/4/2；控制边界：更愿意自己安排，尽量不让系统调整；提前通知 3 小时；受保护活动：睡眠休息, 做饭用餐, 照顾家人。
居住方式：自有住房；电价背景：峰谷分时电价；定时/自动控制经验：偶尔使用；既有错峰经验：没有参加过；受扰后恢复偏好：先看影响再决定；其他背景设备：冰箱。
空调 1台，每周 每天（7天）；傍晚到睡前（18:00—23:00），制冷设定 27℃，室温希望范围 26—28℃，可接受变化 1.5℃。条件：有人在受控房间时使用；18:00–18:30若空屋预冷，须当天确认家户许可及实际预约/远控能力，否则到家后开启；空屋冷量不算舒适收益。
洗衣机 1台，每周 每天（7天）；默认 19:00，可从 19:00 开始，最晚 23:00 完成，一次 60 分钟。条件：默认时刻须有成员在家并完成装载；轮班或事件日另核，不默认预约或远程启动。
电热水器 1台，每周 每天（7天）；加热 19:50–22:00，需热水 21:00，提前加热：不希望提前加热。条件：普通加热须对准有人需要热水的时段；事件日及额外提前加热按当次许可确认。
参与者对十天方案的选择、理由和评分尚未填写。",UNKNOWN,NOT_COLLECTED,NOT_EXPORTED_PENDING_D_ACCEPTANCE,UNKNOWN
cityrole-0028,eb.synthetic_fixed_profile_300.v1,普宁市,广东,445281,4,2,1,mostly_occupied,partly_home,partly_regular,8000,520,4,电费有余量，通常不需改变开支,本月电费已列入预算，按当前金额可以承担。,both_high,4,4,3,low_auto_accept,0.5,independent_dwelling,three_rooms,3,17-19,72.0,synthetic_H6_like_whole_dwelling_building_area,72.0,known_synthetic_whole_dwelling,50_89,matches_synthetic_whole_dwelling,apartment,middle,6,cn-home-0028,self_contained_source_three_room,High-rise apartment(slab type)_Shantou_2012,middle,54.135338,54.135338,0,CHN_Guangdong.Shantou.593160_CSWD,32.889,9d7c38012670bd5c44cda35836c101ab9e13fccf84929691f8513c83a14e7001,b57b6ce9a845f2c721a53e030af6fe82c15226c55158f83520c36c6daa9e690f,7,7,8,household_selected_devices,0,,普宁市的4人家庭。独立住房建筑面积约72平方米，七普口径至少3间自然房间。主要说明人（86岁，通常主要在家）、子女（59岁，在家外出交替）、子女（59岁，通常主要在家）、子女伴侣（57岁，在家外出交替）。通常白天有人在家。家庭月收入情境约8000元，通常月电费情境约520元；电费有余量，通常不需改变开支。本月电费已列入预算，按当前金额可以承担。纳入安排的设备：空调、洗衣机。节费重视4/5，舒适重视4/5，系统控制边界是以自己安排为主；希望提前0.5小时通知。当前电费负担不重，但仍重视避免浪费。洗衣等任务需有人在家完成装载。,"【合成角色条件；尚无真人回答】
cityrole-0028｜广东普宁市｜4人｜独立住宅，H7 至少3间自然房；整套设计建筑面积72㎡。
楼房中的一套住宅，楼层位置 中间层，房龄背景 2010—2019年；住宅原型 High-rise apartment(slab type)_Shantou_2012，源户位 middle，天气代理站 CHN_Guangdong.Shantou.593160_CSWD（距城市约32.9km）；天气/原型及房龄并非本户实测。
m01 主要说明人，86岁，退休 / 主要在家生活，包括居家工作、学习、休息或照护；工作日通常在家 00:00–24:00；室温感受：不太敏感，室温变化较大也通常能适应；电器时间：只接受小幅提前或推迟；参与安排：通常主要由这位成员决定；需求优先：没有特别优先；节费/错峰重视 4/2；系统控制：更愿意自己安排，尽量不让系统调整。
m02 子女，59岁，暂未工作（非退休） / 部分时间在家，部分时间外出；工作日通常在家 00:00–09:00、12:00–15:00、19:00–24:00；室温感受：能接受小幅变化，变化较大会不舒服；电器时间：希望按原定时间运行，尽量不调整；参与安排：通常与家人共同商量决定；需求优先：没有特别优先；节费/错峰重视 5/3；系统控制：更愿意自己安排，尽量不让系统调整。
m03 子女，59岁，居家工作/学习 / 主要在家生活，包括居家工作、学习、休息或照护；工作日通常在家 00:00–24:00；室温感受：比较敏感，小幅变化也容易不舒服；电器时间：希望按原定时间运行，尽量不调整；参与安排：通常与家人共同商量决定；需求优先：没有特别优先；节费/错峰重视 2/4；系统控制：每次先问，得到明确同意后再调整。
m04 子女伴侣，57岁，照顾家人 / 部分时间在家，部分时间外出；工作日通常在家 00:00–09:00、12:00–15:00、19:00–24:00；室温感受：不太敏感，室温变化较大也通常能适应；电器时间：只要按时完成，具体运行时间都可以；参与安排：通常与家人共同商量决定；需求优先：没有特别优先；节费/错峰重视 4/5；系统控制：在约定范围内，可以让系统自动调整。
通常白天：大部分时间有人；晚间：部分时间有人；作息：部分成员或部分日期固定；深夜用电：很少或没有；事件当天是否在受控房间另核。
家庭月收入情境 8000元、上月电费情境 520元；电费压力 4/5。本月电费已列入预算，按当前金额可以承担。
节费/舒适/错峰重视 4/4/3；控制边界：更愿意自己安排，尽量不让系统调整；提前通知 半小时；受保护活动：睡眠休息, 做饭用餐。
居住方式：整套租住；电价背景：单一时段电价；定时/自动控制经验：偶尔使用；既有错峰经验：没有参加过；受扰后恢复偏好：先看影响再决定；其他背景设备：冰箱。
空调 1台，每周 2—3天；自己选择使用时段（可跨午夜），制冷设定 24℃，室温希望范围 23—25℃，可接受变化 0.5℃，自选时段 16:00–23:00。条件：有人在受控房间时使用；轮班或事件日另核，不把空屋冷量算作舒适收益。
洗衣机 1台，每周 2—3天；默认 19:50，可从 19:00 开始，最晚 23:00 完成，一次 60 分钟。条件：默认时刻须有成员在家并完成装载；轮班或事件日另核，不默认预约或远程启动。
参与者对十天方案的选择、理由和评分尚未填写。",UNKNOWN,NOT_COLLECTED,NOT_EXPORTED_PENDING_D_ACCEPTANCE,UNKNOWN
cityrole-0029,eb.synthetic_fixed_profile_300.v1,西安市,陕西,610100,3,2,1,mostly_occupied,partly_home,irregular,9600,360,1,电费超出预算会挤占必要支出,必要生活开支较多，本月电费变化容易挤占其他项目。,middle,3,3,5,high_trust_auto,12,independent_dwelling,five_or_more_rooms,5,70及以上,225.0,synthetic_H6_like_whole_dwelling_building_area,225.0,known_synthetic_whole_dwelling,ge160,matches_synthetic_whole_dwelling,rowhouse,NOT_APPLICABLE,two_storey_terraced_inferred_unit,cn-home-0029,terraced_five_room_inferred,Terraced house_Xian_2018,edge,169.172932,169.172932,0,CHN_Shaanxi.Xian.570360_CSWD,5.251,a57847ea71bccc3e890839d9675e49b7b95aa9d2f5a76068343ec60b5211dba7,a66a74d41c8779d3019515c31a8ea9b39d1204f31ba0e6b5aa4bfea1ed721c28,14,13,25,household_selected_devices,0,,西安市的3人家庭。独立住房建筑面积约225平方米，七普口径至少5间自然房间。主要说明人（65岁，通常主要在家）、子女（35岁，通常定时外出）、子女（33岁，轮班或时间多变）。通常白天有人在家。家庭月收入情境约9600元，通常月电费情境约360元；电费超出预算会挤占必要支出。必要生活开支较多，本月电费变化容易挤占其他项目。纳入安排的设备：空调、洗衣机、电热水器。节费重视3/5，舒适重视3/5，系统控制边界是约定范围内可自动调整；希望提前12小时通知。费用压力描述的是当前预算余量；节费重视描述的是调整方案时的取舍，两者分别考虑。洗衣等任务需有人在家完成装载。轮班日按当天在家情况确认。,"【合成角色条件；尚无真人回答】
cityrole-0029｜陕西西安市｜3人｜独立住宅，H7 至少5间自然房；整套设计建筑面积225㎡。
联排住宅，楼层位置 不适用，房龄背景 2010—2019年；住宅原型 Terraced house_Xian_2018，源户位 edge，天气代理站 CHN_Shaanxi.Xian.570360_CSWD（距城市约5.3km）；天气/原型及房龄并非本户实测。
m01 主要说明人，65岁，退休 / 主要在家生活，包括居家工作、学习、休息或照护；工作日通常在家 00:00–24:00；室温感受：比较敏感，小幅变化也容易不舒服；电器时间：只接受小幅提前或推迟；参与安排：通常主要由这位成员决定；需求优先：没有特别优先；节费/错峰重视 3/5；系统控制：在约定范围内，可以让系统自动调整。
m02 子女，35岁，在外工作 / 通常固定时间外出工作或学习；工作日通常在家 00:00–07:30、18:30–24:00；室温感受：不太敏感，室温变化较大也通常能适应；电器时间：只接受小幅提前或推迟；参与安排：通常与家人共同商量决定；需求优先：没有特别优先；节费/错峰重视 1/1；系统控制：在约定范围内，可以让系统自动调整。
m03 子女，33岁，轮班工作 / 轮班或时间经常变化；工作日到家时段不固定；室温感受：能接受小幅变化，变化较大会不舒服；电器时间：希望按原定时间运行，尽量不调整；参与安排：通常与家人共同商量决定；需求优先：没有特别优先；节费/错峰重视 3/2；系统控制：更愿意自己安排，尽量不让系统调整。
通常白天：大部分时间有人；晚间：部分时间有人；作息：变化较多；深夜用电：偶尔；事件当天是否在受控房间另核。
家庭月收入情境 9600元、上月电费情境 360元；电费压力 1/5。必要生活开支较多，本月电费变化容易挤占其他项目。
节费/舒适/错峰重视 3/3/5；控制边界：在约定范围内，可以让系统自动调整；提前通知 半天；受保护活动：睡眠休息, 做饭用餐。
居住方式：整套租住；电价背景：峰谷分时电价；定时/自动控制经验：偶尔使用；既有错峰经验：参加过；受扰后恢复偏好：保留自动安排；其他背景设备：冰箱。
空调 2台，每周 4—6天；下午到睡前（14:00—23:00），制冷设定 25℃，室温希望范围 24—26℃，可接受变化 1℃。条件：有人在受控房间时使用；轮班或事件日另核，不把空屋冷量算作舒适收益。
洗衣机 1台，每周 4—6天；默认 21:00，可从 19:00 开始，最晚 24:00 完成，一次 60 分钟。条件：默认时刻须有成员在家并完成装载；轮班或事件日另核，不默认预约或远程启动。
电热水器 1台，每周 4—6天；加热 19:00–22:00，需热水 21:00，提前加热：每次先确认。条件：普通加热须对准有人需要热水的时段；事件日及额外提前加热按当次许可确认。
参与者对十天方案的选择、理由和评分尚未填写。",UNKNOWN,NOT_COLLECTED,NOT_EXPORTED_PENDING_D_ACCEPTANCE,UNKNOWN
cityrole-0030,eb.synthetic_fixed_profile_300.v1,盘锦市,辽宁,211100,3,2,0,mostly_occupied,partly_home,partly_regular,6000,120,3,电费可承担，但会留意变化,本月电费可承担，但家庭会留意它的变化。,middle,3,3,1,low_auto_accept,1,independent_dwelling,three_rooms,3,30-39,103.5,synthetic_H6_like_whole_dwelling_building_area,103.5,known_synthetic_whole_dwelling,90_119,matches_synthetic_whole_dwelling,apartment,middle,3,cn-home-0030,self_contained_source_three_room,Low-rise apartment_Yingkou_2018,middle,77.819549,77.819549,0,CHN_Liaoning.Yingkou.544710_CSWD,53.732,50740c3038cc26df85eae1c6d90c9c8418b499578e1a4b3533439c9aa968ab93,023427f7fcfbc45726787353d7cc4c61b37a64ee19f4e449eb38d84f2ef61f47,7,7,8,household_selected_devices,0,,盘锦市的3人家庭。独立住房建筑面积约103.5平方米，七普口径至少3间自然房间。主要说明人（51岁，在家外出交替）、子女（19岁，通常主要在家）、子女（18岁，在家外出交替）。通常白天有人在家。家庭月收入情境约6000元，通常月电费情境约120元；电费可承担，但会留意变化。本月电费可承担，但家庭会留意它的变化。纳入安排的设备：空调、洗衣机、电热水器。节费重视3/5，舒适重视3/5，系统控制边界是以自己安排为主；希望提前1小时通知。费用压力描述的是当前预算余量；节费重视描述的是调整方案时的取舍，两者分别考虑。洗衣等任务需有人在家完成装载。空屋提前开空调须另确认预约或远控与本人许可。,"【合成角色条件；尚无真人回答】
cityrole-0030｜辽宁盘锦市｜3人｜独立住宅，H7 至少3间自然房；整套设计建筑面积103.5㎡。
楼房中的一套住宅，楼层位置 中间层，房龄背景 2010—2019年；住宅原型 Low-rise apartment_Yingkou_2018，源户位 middle，天气代理站 CHN_Liaoning.Yingkou.544710_CSWD（距城市约53.7km）；天气/原型及房龄并非本户实测。
m01 主要说明人，51岁，暂未工作（非退休） / 部分时间在家，部分时间外出；工作日通常在家 00:00–09:00、12:00–15:00、19:00–24:00；室温感受：能接受小幅变化，变化较大会不舒服；电器时间：只要按时完成，具体运行时间都可以；参与安排：通常主要由这位成员决定；需求优先：没有特别优先；节费/错峰重视 3/3；系统控制：更愿意自己安排，尽量不让系统调整。
m02 子女，19岁，居家工作/学习 / 主要在家生活，包括居家工作、学习、休息或照护；工作日通常在家 00:00–24:00；室温感受：比较敏感，小幅变化也容易不舒服；电器时间：只接受小幅提前或推迟；参与安排：通常与家人共同商量决定；需求优先：没有特别优先；节费/错峰重视 2/4；系统控制：每次先问，得到明确同意后再调整。
m03 子女，18岁，照顾家人 / 部分时间在家，部分时间外出；工作日通常在家 00:00–09:00、12:00–15:00、19:00–24:00；室温感受：不太敏感，室温变化较大也通常能适应；电器时间：只接受小幅提前或推迟；参与安排：通常与家人共同商量决定；需求优先：没有特别优先；节费/错峰重视 4/5；系统控制：在约定范围内，可以让系统自动调整。
通常白天：大部分时间有人；晚间：部分时间有人；作息：部分成员或部分日期固定；深夜用电：很少或没有；事件当天是否在受控房间另核。
家庭月收入情境 6000元、上月电费情境 120元；电费压力 3/5。本月电费可承担，但家庭会留意它的变化。
节费/舒适/错峰重视 3/3/1；控制边界：更愿意自己安排，尽量不让系统调整；提前通知 1 小时；受保护活动：睡眠休息, 做饭用餐。
居住方式：自有住房；电价背景：单一时段电价；定时/自动控制经验：偶尔使用；既有错峰经验：没有参加过；受扰后恢复偏好：保留自动安排；其他背景设备：冰箱。
空调 1台，每周 每天（7天）；傍晚到睡前（18:00—23:00），制冷设定 26℃，室温希望范围 25—27℃，可接受变化 1.5℃。条件：有人在受控房间时使用；18:00–18:30若空屋预冷，须当天确认家户许可及实际预约/远控能力，否则到家后开启；空屋冷量不算舒适收益。
洗衣机 1台，每周 每天（7天）；默认 19:00，可从 19:00 开始，最晚 23:00 完成，一次 60 分钟。条件：默认时刻须有成员在家并完成装载；轮班或事件日另核，不默认预约或远程启动。
电热水器 1台，每周 每天（7天）；加热 19:50–22:00，需热水 21:00，提前加热：不希望提前加热。条件：普通加热须对准有人需要热水的时段；事件日及额外提前加热按当次许可确认。
参与者对十天方案的选择、理由和评分尚未填写。",UNKNOWN,NOT_COLLECTED,NOT_EXPORTED_PENDING_D_ACCEPTANCE,UNKNOWN
cityrole-0031,eb.synthetic_fixed_profile_300.v1,攀枝花市,四川,510400,1,1,0,mostly_absent,mostly_home,regular,2000,240,3,电费可承担，但会留意变化,本月电费可承担，但家庭会留意它的变化。,saving_priority,5,1,1,low_auto_accept,72,independent_dwelling,three_rooms,3,70及以上,75.0,synthetic_H6_like_whole_dwelling_building_area,75.0,known_synthetic_whole_dwelling,50_89,matches_synthetic_whole_dwelling,apartment,top,4,cn-home-0031,self_contained_source_three_room,Low-rise apartment_Huili_2019,edge,56.390977,56.390977,0,CHN_Sichuan.Huili.566710_CSWD,52.503,a7e6ff760eabd8afb9529a600439daf21ec3e7c3061ed40f09983a084818b01d,8f64079ff1321370bb3d867feef71a1a84a21be6f3d6d75f03d93b67cc0cc936,7,7,10,household_selected_devices,0,,攀枝花市的1人家庭。独立住房建筑面积约75平方米，七普口径至少3间自然房间。主要说明人（56岁，通常定时外出）。通常白天多在外。家庭月收入情境约2000元，通常月电费情境约240元；电费可承担，但会留意变化。本月电费可承担，但家庭会留意它的变化。纳入安排的设备：空调、洗衣机、烘干机。节费重视5/5，舒适重视1/5，系统控制边界是以自己安排为主；希望提前72小时通知。费用压力描述的是当前预算余量；节费重视描述的是调整方案时的取舍，两者分别考虑。洗衣等任务需有人在家完成装载。空屋提前开空调须另确认预约或远控与本人许可。,"【合成角色条件；尚无真人回答】
cityrole-0031｜四川攀枝花市｜1人｜独立住宅，H7 至少3间自然房；整套设计建筑面积75㎡。
楼房中的一套住宅，楼层位置 顶层，房龄背景 2010—2019年；住宅原型 Low-rise apartment_Huili_2019，源户位 edge，天气代理站 CHN_Sichuan.Huili.566710_CSWD（距城市约52.5km）；天气/原型及房龄并非本户实测。
m01 主要说明人，56岁，在外工作 / 通常固定时间外出工作或学习；工作日通常在家 00:00–07:30、18:30–24:00；室温感受：不太敏感，室温变化较大也通常能适应；电器时间：只要按时完成，具体运行时间都可以；参与安排：通常主要由这位成员决定；需求优先：没有特别优先；节费/错峰重视 5/1；系统控制：更愿意自己安排，尽量不让系统调整。
通常白天：大部分时间没人；晚间：大部分时间有人；作息：大体固定；深夜用电：很少或没有；事件当天是否在受控房间另核。
家庭月收入情境 2000元、上月电费情境 240元；电费压力 3/5。本月电费可承担，但家庭会留意它的变化。
节费/舒适/错峰重视 5/1/1；控制边界：更愿意自己安排，尽量不让系统调整；提前通知 三天或更早；受保护活动：睡眠休息, 做饭用餐。
居住方式：与他人合租；电价背景：单一时段电价；定时/自动控制经验：经常使用；既有错峰经验：没有参加过；受扰后恢复偏好：保留自动安排；其他背景设备：冰箱。
空调 1台，每周 2—3天；傍晚到睡前（18:00—23:00），制冷设定 27℃，室温希望范围 26—28℃，可接受变化 0.5℃。条件：有人在受控房间时使用；18:00–18:30若空屋预冷，须当天确认家户许可及实际预约/远控能力，否则到家后开启；空屋冷量不算舒适收益。
洗衣机 1台，每周 2—3天；默认 19:50，可从 19:00 开始，最晚 23:00 完成，一次 60 分钟。条件：默认时刻须有成员在家并完成装载；轮班或事件日另核，不默认预约或远程启动。
烘干机 1台，每周 2—3天；默认 19:00，可从 19:00 开始，最晚 23:00 完成，一次 90 分钟。条件：默认时刻须有成员在家并完成装载；轮班或事件日另核，不默认预约或远程启动。
参与者对十天方案的选择、理由和评分尚未填写。",UNKNOWN,NOT_COLLECTED,NOT_EXPORTED_PENDING_D_ACCEPTANCE,UNKNOWN
cityrole-0032,eb.synthetic_fixed_profile_300.v1,沈阳市,辽宁,210100,2,1,0,mostly_occupied,partly_home,partly_regular,4000,220,4,电费有余量，通常不需改变开支,本月电费已列入预算，按当前金额可以承担。,comfort_priority,1,5,5,confirm_required,48,independent_dwelling,one_room,1,50-59,109.0,synthetic_H6_like_whole_dwelling_building_area,109.0,known_synthetic_whole_dwelling,90_119,matches_synthetic_whole_dwelling,apartment,middle,2,cn-home-0032,self_contained_openplan,Low-rise apartment_Shenyang_2018,edge,81.954887,81.954887,0,CHN_Liaoning.Shenyang.543420_CSWD,8.989,3524d8146cd9cd4a8fea451fb2139d515aa640352754c9879225b6bba587af91,8e0ae3482af5f9c32a6ea6bd31ea3adcc0652a5b79e53ca8a2039ddbbb0a66e5,7,7,10,household_selected_devices,0,,沈阳市的2人家庭。独立住房建筑面积约109平方米，七普口径至少1间自然房间。主要说明人（40岁，通常主要在家）、伴侣（40岁，在家外出交替）。通常白天有人在家。家庭月收入情境约4000元，通常月电费情境约220元；电费有余量，通常不需改变开支。本月电费已列入预算，按当前金额可以承担。纳入安排的设备：空调、洗衣机、电热水器。节费重视1/5，舒适重视5/5，系统控制边界是每次先确认；希望提前48小时通知。费用压力描述的是当前预算余量；节费重视描述的是调整方案时的取舍，两者分别考虑。洗衣等任务需有人在家完成装载。,"【合成角色条件；尚无真人回答】
cityrole-0032｜辽宁沈阳市｜2人｜独立住宅，H7 至少1间自然房；整套设计建筑面积109㎡。
楼房中的一套住宅，楼层位置 中间层，房龄背景 2010—2019年；住宅原型 Low-rise apartment_Shenyang_2018，源户位 edge，天气代理站 CHN_Liaoning.Shenyang.543420_CSWD（距城市约9.0km）；天气/原型及房龄并非本户实测。
m01 主要说明人，40岁，居家工作/学习 / 主要在家生活，包括居家工作、学习、休息或照护；工作日通常在家 00:00–24:00；室温感受：比较敏感，小幅变化也容易不舒服；电器时间：希望按原定时间运行，尽量不调整；参与安排：通常主要由这位成员决定；需求优先：没有特别优先；节费/错峰重视 1/4；系统控制：每次先问，得到明确同意后再调整。
m02 伴侣，40岁，照顾家人 / 部分时间在家，部分时间外出；工作日通常在家 00:00–09:00、12:00–15:00、19:00–24:00；室温感受：不太敏感，室温变化较大也通常能适应；电器时间：只要按时完成，具体运行时间都可以；参与安排：通常与家人共同商量决定；需求优先：没有特别优先；节费/错峰重视 4/5；系统控制：在约定范围内，可以让系统自动调整。
通常白天：大部分时间有人；晚间：部分时间有人；作息：部分成员或部分日期固定；深夜用电：很少或没有；事件当天是否在受控房间另核。
家庭月收入情境 4000元、上月电费情境 220元；电费压力 4/5。本月电费已列入预算，按当前金额可以承担。
节费/舒适/错峰重视 1/5/5；控制边界：每次先问我，得到明确同意后再调整；提前通知 两天；受保护活动：睡眠休息, 做饭用餐。
居住方式：与他人合租；电价背景：单一时段电价；定时/自动控制经验：经常使用；既有错峰经验：没有参加过；受扰后恢复偏好：先看影响再决定；其他背景设备：冰箱。
空调 1台，每周 4—6天；自己选择使用时段（可跨午夜），制冷设定 24℃，室温希望范围 23—25℃，可接受变化 1℃，自选时段 16:00–23:00。条件：有人在受控房间时使用；轮班或事件日另核，不把空屋冷量算作舒适收益。
洗衣机 1台，每周 4—6天；默认 21:00，可从 19:00 开始，最晚 24:00 完成，一次 60 分钟。条件：默认时刻须有成员在家并完成装载；轮班或事件日另核，不默认预约或远程启动。
电热水器 1台，每周 4—6天；加热 19:00–22:00，需热水 21:00，提前加热：每次先确认。条件：普通加热须对准有人需要热水的时段；事件日及额外提前加热按当次许可确认。
参与者对十天方案的选择、理由和评分尚未填写。",UNKNOWN,NOT_COLLECTED,NOT_EXPORTED_PENDING_D_ACCEPTANCE,UNKNOWN
cityrole-0033,eb.synthetic_fixed_profile_300.v1,常州市,江苏,320400,1,1,0,variable,varies,irregular,3200,380,4,电费有余量，通常不需改变开支,家庭已为当前电费预留预算，按这个金额可以承担；增加用电仍需重新权衡。,both_low,1,1,5,high_trust_auto,24,independent_dwelling,two_rooms,2,60-69,64.5,synthetic_H6_like_whole_dwelling_building_area,64.5,known_synthetic_whole_dwelling,50_89,matches_synthetic_whole_dwelling,apartment,middle,5,cn-home-0033,self_contained_openplan,High-rise apartment(slab type)_Dongtai_2001,edge,48.496241,48.496241,0,CHN_Jiangsu.Dongtai.582510_CSWD,126.928,f9428984e25db3076a15bff7d78c7cefb0b584df61106b99d6da325f40a3ce43,2a966e2d9db56a0732b172456fe6fbbc3242d919aa27089b5d1cf242c19a0dc2,7,7,10,household_selected_devices,0,,常州市的1人家庭。独立住房建筑面积约64.5平方米，七普口径至少2间自然房间。主要说明人（39岁，轮班或时间多变）。通常白天不固定。家庭月收入情境约3200元，通常月电费情境约380元；电费有余量，通常不需改变开支。家庭已为当前电费预留预算，按这个金额可以承担；增加用电仍需重新权衡。纳入安排的设备：洗衣机、电热水器。节费重视1/5，舒适重视1/5，系统控制边界是约定范围内可自动调整；希望提前24小时通知。费用与室温都不是首要判断项，家里更关注日常任务是否照计划完成。洗衣等任务需有人在家完成装载。轮班日按当天在家情况确认。,"【合成角色条件；尚无真人回答】
cityrole-0033｜江苏常州市｜1人｜独立住宅，H7 至少2间自然房；整套设计建筑面积64.5㎡。
楼房中的一套住宅，楼层位置 中间层，房龄背景 2000—2009年；住宅原型 High-rise apartment(slab type)_Dongtai_2001，源户位 edge，天气代理站 CHN_Jiangsu.Dongtai.582510_CSWD（距城市约126.9km）；天气/原型及房龄并非本户实测。
m01 主要说明人，39岁，轮班工作 / 轮班或时间经常变化；工作日到家时段不固定；室温感受：能接受小幅变化，变化较大会不舒服；电器时间：希望按原定时间运行，尽量不调整；参与安排：通常主要由这位成员决定；需求优先：没有特别优先；节费/错峰重视 1/2；系统控制：在约定范围内，可以让系统自动调整。
通常白天：不固定，很难概括；晚间：每天不太固定；作息：变化较多；深夜用电：偶尔；事件当天是否在受控房间另核。
家庭月收入情境 3200元、上月电费情境 380元；电费压力 4/5。家庭已为当前电费预留预算，按这个金额可以承担；增加用电仍需重新权衡。
节费/舒适/错峰重视 1/1/5；控制边界：在约定范围内，可以让系统自动调整；提前通知 一天；受保护活动：睡眠休息, 做饭用餐。
居住方式：自有住房；电价背景：峰谷分时电价；定时/自动控制经验：没有使用过；既有错峰经验：没有参加过；受扰后恢复偏好：先看影响再决定；其他背景设备：冰箱。
洗衣机 1台，每周 每天（7天）；默认 19:00，可从 19:00 开始，最晚 23:00 完成，一次 60 分钟。条件：默认时刻须有成员在家并完成装载；轮班或事件日另核，不默认预约或远程启动。
电热水器 1台，每周 每天（7天）；加热 19:50–22:00，需热水 21:00，提前加热：不希望提前加热。条件：普通加热须对准有人需要热水的时段；事件日及额外提前加热按当次许可确认。
参与者对十天方案的选择、理由和评分尚未填写。",UNKNOWN,NOT_COLLECTED,NOT_EXPORTED_PENDING_D_ACCEPTANCE,UNKNOWN
cityrole-0034,eb.synthetic_fixed_profile_300.v1,乐清市,浙江,330382,2,1,1,mostly_occupied,mostly_home,regular,9000,360,5,电费不构成当前预算约束,本月电费占可安排预算较小。,comfort_priority,1,5,2,confirm_required,48,independent_dwelling,three_rooms,3,60-69,129.0,synthetic_H6_like_whole_dwelling_building_area,129.0,known_synthetic_whole_dwelling,120_159,matches_synthetic_whole_dwelling,apartment,ground,1,cn-home-0034,self_contained_source_three_room,Low-rise apartment_Wenzhou_2001,middle,96.992481,96.992481,0,CHN_Zhejiang.Wenzhou.586590_CSWD,30.048,db728091c4f56c01e2d031a23dfb80ab8c807988678509be9f3d24859353e7d1,7c9f72fad0a7e0ee4f431a20f4af9157bb2488baa7755ecb21988c380555a639,7,7,8,household_selected_devices,0,,乐清市的2人家庭。独立住房建筑面积约129平方米，七普口径至少3间自然房间。主要说明人（60岁，通常主要在家）、伴侣（62岁，通常定时外出）。通常白天有人在家。家庭月收入情境约9000元，通常月电费情境约360元；电费不构成当前预算约束。本月电费占可安排预算较小。纳入安排的设备：空调、洗衣机、电热水器。节费重视1/5，舒适重视5/5，系统控制边界是每次先确认；希望提前48小时通知。费用压力描述的是当前预算余量；节费重视描述的是调整方案时的取舍，两者分别考虑。洗衣等任务需有人在家完成装载。空屋提前开空调须另确认预约或远控与本人许可。,"【合成角色条件；尚无真人回答】
cityrole-0034｜浙江乐清市｜2人｜独立住宅，H7 至少3间自然房；整套设计建筑面积129㎡。
楼房中的一套住宅，楼层位置 底层，房龄背景 2000—2009年；住宅原型 Low-rise apartment_Wenzhou_2001，源户位 middle，天气代理站 CHN_Zhejiang.Wenzhou.586590_CSWD（距城市约30.0km）；天气/原型及房龄并非本户实测。
m01 主要说明人，60岁，照顾家人 / 主要在家生活，包括居家工作、学习、休息或照护；工作日通常在家 00:00–24:00；室温感受：不太敏感，室温变化较大也通常能适应；电器时间：只接受小幅提前或推迟；参与安排：通常主要由这位成员决定；需求优先：没有特别优先；节费/错峰重视 1/5；系统控制：每次先问，得到明确同意后再调整。
m02 伴侣，62岁，在外工作 / 通常固定时间外出工作或学习；工作日通常在家 00:00–07:30、18:30–24:00；室温感受：能接受小幅变化，变化较大会不舒服；电器时间：希望按原定时间运行，尽量不调整；参与安排：通常与家人共同商量决定；需求优先：没有特别优先；节费/错峰重视 1/1；系统控制：更愿意自己安排，尽量不让系统调整。
通常白天：大部分时间有人；晚间：大部分时间有人；作息：大体固定；深夜用电：很少或没有；事件当天是否在受控房间另核。
家庭月收入情境 9000元、上月电费情境 360元；电费压力 5/5。本月电费占可安排预算较小。
节费/舒适/错峰重视 1/5/2；控制边界：每次先问我，得到明确同意后再调整；提前通知 两天；受保护活动：睡眠休息, 做饭用餐。
居住方式：整套租住；电价背景：单一时段电价；定时/自动控制经验：经常使用；既有错峰经验：没有参加过；受扰后恢复偏好：先看影响再决定；其他背景设备：冰箱。
空调 1台，每周 2—3天；傍晚到睡前（18:00—23:00），制冷设定 26℃，室温希望范围 25—27℃，可接受变化 0.5℃。条件：有人在受控房间时使用；18:00–18:30若空屋预冷，须当天确认家户许可及实际预约/远控能力，否则到家后开启；空屋冷量不算舒适收益。
洗衣机 1台，每周 2—3天；默认 19:50，可从 19:00 开始，最晚 23:00 完成，一次 60 分钟。条件：默认时刻须有成员在家并完成装载；轮班或事件日另核，不默认预约或远程启动。
电热水器 1台，每周 2—3天；加热 06:00–08:00，需热水 07:00，提前加热：可以提前安排。条件：普通加热须对准有人需要热水的时段；事件日及额外提前加热按当次许可确认。
参与者对十天方案的选择、理由和评分尚未填写。",UNKNOWN,NOT_COLLECTED,NOT_EXPORTED_PENDING_D_ACCEPTANCE,UNKNOWN
cityrole-0035,eb.synthetic_fixed_profile_300.v1,丹东市,辽宁,210600,1,1,0,sometimes_occupied,partly_home,partly_regular,9500,120,4,电费有余量，通常不需改变开支,本月电费占可安排预算较小。,both_low,1,1,2,low_auto_accept,48,independent_dwelling,two_rooms,2,70及以上,75.0,synthetic_H6_like_whole_dwelling_building_area,75.0,known_synthetic_whole_dwelling,50_89,matches_synthetic_whole_dwelling,apartment,middle,3,cn-home-0035,self_contained_openplan,High-rise apartment(slab type)_Dandong_2010,edge,56.390977,56.390977,0,CHN_Liaoning.Dandong.544970_CSWD,11.697,fafd6084c6b7162ecdc351cb808df480fdea5b3f1431465903fdb46826020cc4,e38b6870eb7251a09f21b7a2a53cc49f787d3ba65b8061445abad08fd7bc3c12,7,7,10,household_selected_devices,0,,丹东市的1人家庭。独立住房建筑面积约75平方米，七普口径至少2间自然房间。主要说明人（41岁，在家外出交替）。通常白天部分时间有人。家庭月收入情境约9500元，通常月电费情境约120元；电费有余量，通常不需改变开支。本月电费占可安排预算较小。纳入安排的设备：空调、洗衣机、电热水器。节费重视1/5，舒适重视1/5，系统控制边界是以自己安排为主；希望提前48小时通知。费用与室温都不是首要判断项，家里更关注日常任务是否照计划完成。洗衣等任务需有人在家完成装载。空屋提前开空调须另确认预约或远控与本人许可。,"【合成角色条件；尚无真人回答】
cityrole-0035｜辽宁丹东市｜1人｜独立住宅，H7 至少2间自然房；整套设计建筑面积75㎡。
楼房中的一套住宅，楼层位置 中间层，房龄背景 2010—2019年；住宅原型 High-rise apartment(slab type)_Dandong_2010，源户位 edge，天气代理站 CHN_Liaoning.Dandong.544970_CSWD（距城市约11.7km）；天气/原型及房龄并非本户实测。
m01 主要说明人，41岁，暂未工作（非退休） / 部分时间在家，部分时间外出；工作日通常在家 00:00–09:00、12:00–15:00、19:00–24:00；室温感受：比较敏感，小幅变化也容易不舒服；电器时间：只接受小幅提前或推迟；参与安排：通常主要由这位成员决定；需求优先：没有特别优先；节费/错峰重视 1/3；系统控制：更愿意自己安排，尽量不让系统调整。
通常白天：部分时间有人；晚间：部分时间有人；作息：部分成员或部分日期固定；深夜用电：很少或没有；事件当天是否在受控房间另核。
家庭月收入情境 9500元、上月电费情境 120元；电费压力 4/5。本月电费占可安排预算较小。
节费/舒适/错峰重视 1/1/2；控制边界：更愿意自己安排，尽量不让系统调整；提前通知 两天；受保护活动：睡眠休息, 做饭用餐。
居住方式：自有住房；电价背景：单一时段电价；定时/自动控制经验：经常使用；既有错峰经验：没有参加过；受扰后恢复偏好：保留自动安排；其他背景设备：冰箱。
空调 1台，每周 4—6天；傍晚到睡前（18:00—23:00），制冷设定 27℃，室温希望范围 26—28℃，可接受变化 1℃。条件：有人在受控房间时使用；18:00–18:30若空屋预冷，须当天确认家户许可及实际预约/远控能力，否则到家后开启；空屋冷量不算舒适收益。
洗衣机 1台，每周 4—6天；默认 21:00，可从 19:00 开始，最晚 24:00 完成，一次 60 分钟。条件：默认时刻须有成员在家并完成装载；轮班或事件日另核，不默认预约或远程启动。
电热水器 1台，每周 4—6天；加热 19:00–22:00，需热水 21:00，提前加热：每次先确认。条件：普通加热须对准有人需要热水的时段；事件日及额外提前加热按当次许可确认。
参与者对十天方案的选择、理由和评分尚未填写。",UNKNOWN,NOT_COLLECTED,NOT_EXPORTED_PENDING_D_ACCEPTANCE,UNKNOWN
cityrole-0036,eb.synthetic_fixed_profile_300.v1,哈密市,新疆,650500,3,2,1,sometimes_occupied,varies,irregular,13500,360,2,电费有压力，需调整其他开支,必要生活开支较多，本月电费变化容易挤占其他项目。,comfort_priority,2,4,2,high_trust_auto,1,independent_dwelling,three_rooms,3,20-29,73.5,synthetic_H6_like_whole_dwelling_building_area,73.5,known_synthetic_whole_dwelling,50_89,matches_synthetic_whole_dwelling,apartment,middle,2,cn-home-0036,self_contained_source_three_room,High-rise apartment(slab type)_Hami_1995,middle,55.263158,55.263158,0,CHN_Xinjiang.Uygur.Hami.522030_CSWD,1.776,4ddc824d404090d6ad5d78df39400931a03b0515673ee636ca5cb1b7cde20896,2feab91f62485ab446f3fb85423edf951df8357ad716b6d1b24f8997a457de0e,7,7,8,household_selected_devices,0,,哈密市的3人家庭。独立住房建筑面积约73.5平方米，七普口径至少3间自然房间。主要说明人（64岁，在家外出交替）、子女（37岁，轮班或时间多变）、子女（35岁，在家外出交替）。通常白天部分时间有人。家庭月收入情境约13500元，通常月电费情境约360元；电费有压力，需调整其他开支。必要生活开支较多，本月电费变化容易挤占其他项目。纳入安排的设备：洗衣机、电热水器。节费重视2/5，舒适重视4/5，系统控制边界是约定范围内可自动调整；希望提前1小时通知。虽然电费挤压预算，但家里更在意任务按原计划完成，不愿为了少量节费频繁改时间。洗衣等任务需有人在家完成装载。轮班日按当天在家情况确认。,"【合成角色条件；尚无真人回答】
cityrole-0036｜新疆哈密市｜3人｜独立住宅，H7 至少3间自然房；整套设计建筑面积73.5㎡。
楼房中的一套住宅，楼层位置 中间层，房龄背景 2000年前；住宅原型 High-rise apartment(slab type)_Hami_1995，源户位 middle，天气代理站 CHN_Xinjiang.Uygur.Hami.522030_CSWD（距城市约1.8km）；天气/原型及房龄并非本户实测。
m01 主要说明人，64岁，居家工作/学习 / 部分时间在家，部分时间外出；工作日通常在家 00:00–09:00、12:00–15:00、19:00–24:00；室温感受：能接受小幅变化，变化较大会不舒服；电器时间：只要按时完成，具体运行时间都可以；参与安排：通常主要由这位成员决定；需求优先：没有特别优先；节费/错峰重视 2/1；系统控制：在约定范围内，可以让系统自动调整。
m02 子女，37岁，轮班工作 / 轮班或时间经常变化；工作日到家时段不固定；室温感受：比较敏感，小幅变化也容易不舒服；电器时间：只接受小幅提前或推迟；参与安排：通常与家人共同商量决定；需求优先：没有特别优先；节费/错峰重视 3/2；系统控制：每次先问，得到明确同意后再调整。
m03 子女，35岁，暂未工作（非退休） / 部分时间在家，部分时间外出；工作日通常在家 00:00–09:00、12:00–15:00、19:00–24:00；室温感受：不太敏感，室温变化较大也通常能适应；电器时间：只接受小幅提前或推迟；参与安排：通常与家人共同商量决定；需求优先：没有特别优先；节费/错峰重视 5/3；系统控制：在约定范围内，可以让系统自动调整。
通常白天：部分时间有人；晚间：每天不太固定；作息：变化较多；深夜用电：偶尔；事件当天是否在受控房间另核。
家庭月收入情境 13500元、上月电费情境 360元；电费压力 2/5。必要生活开支较多，本月电费变化容易挤占其他项目。
节费/舒适/错峰重视 2/4/2；控制边界：在约定范围内，可以让系统自动调整；提前通知 1 小时；受保护活动：睡眠休息, 做饭用餐。
居住方式：整套租住；电价背景：单一时段电价；定时/自动控制经验：经常使用；既有错峰经验：参加过；受扰后恢复偏好：改回原安排；其他背景设备：冰箱。
洗衣机 1台，每周 每天（7天）；默认 19:00，可从 19:00 开始，最晚 23:00 完成，一次 60 分钟。条件：默认时刻须有成员在家并完成装载；轮班或事件日另核，不默认预约或远程启动。
电热水器 1台，每周 每天（7天）；加热 19:50–22:00，需热水 21:00，提前加热：不希望提前加热。条件：普通加热须对准有人需要热水的时段；事件日及额外提前加热按当次许可确认。
参与者对十天方案的选择、理由和评分尚未填写。",UNKNOWN,NOT_COLLECTED,NOT_EXPORTED_PENDING_D_ACCEPTANCE,UNKNOWN
cityrole-0037,eb.synthetic_fixed_profile_300.v1,上海市,上海,310000,2,2,0,mostly_occupied,mostly_home,regular,19000,360,5,电费不构成当前预算约束,本月电费占可安排预算较小。,both_low,2,2,2,low_auto_accept,12,independent_dwelling,two_rooms,2,40-49,89.0,synthetic_H6_like_whole_dwelling_building_area,89.0,known_synthetic_whole_dwelling,50_89,matches_synthetic_whole_dwelling,apartment,middle,3,cn-home-0037,self_contained_openplan,Low-rise apartment_Shanghai_2001,edge,66.917293,66.917293,0,CHN_Shanghai.Shanghai.583620_CSWD,20.633,aba93c03542042b4da278198119f5b6966aff75e1b2c1eb04acd749f5e5671f3,522bfdb171c7d810093debdc63d52076840dfe9af401ab539dada9877fda319d,7,7,10,household_selected_devices,0,,上海市的2人家庭。独立住房建筑面积约89平方米，七普口径至少2间自然房间。主要说明人（43岁，通常主要在家）、子女（6岁，通常定时外出）。通常白天有人在家。家庭月收入情境约19000元，通常月电费情境约360元；电费不构成当前预算约束。本月电费占可安排预算较小。纳入安排的设备：空调、洗衣机、洗碗机、电热水器。节费重视2/5，舒适重视2/5，系统控制边界是以自己安排为主；希望提前12小时通知。费用与室温都不是首要判断项，家里更关注日常任务是否照计划完成。洗衣等任务需有人在家完成装载。,"【合成角色条件；尚无真人回答】
cityrole-0037｜上海上海市｜2人｜独立住宅，H7 至少2间自然房；整套设计建筑面积89㎡。
楼房中的一套住宅，楼层位置 中间层，房龄背景 2000—2009年；住宅原型 Low-rise apartment_Shanghai_2001，源户位 edge，天气代理站 CHN_Shanghai.Shanghai.583620_CSWD（距城市约20.6km）；天气/原型及房龄并非本户实测。
m01 主要说明人，43岁，居家工作/学习 / 主要在家生活，包括居家工作、学习、休息或照护；工作日通常在家 00:00–24:00；室温感受：不太敏感，室温变化较大也通常能适应；电器时间：只要按时完成，具体运行时间都可以；参与安排：通常主要由这位成员决定；需求优先：没有特别优先；节费/错峰重视 2/4；系统控制：更愿意自己安排，尽量不让系统调整。
m02 子女，6岁，上学 / 通常固定时间外出工作或学习；工作日通常在家 00:00–07:30、18:30–24:00；室温感受：能接受小幅变化，变化较大会不舒服；电器时间：只要按时完成，具体运行时间都可以；参与安排：通常与家人共同商量决定；需求优先：通常会优先考虑；节费/错峰重视 4/5；系统控制：更愿意自己安排，尽量不让系统调整。
通常白天：大部分时间有人；晚间：大部分时间有人；作息：大体固定；深夜用电：很少或没有；事件当天是否在受控房间另核。
家庭月收入情境 19000元、上月电费情境 360元；电费压力 5/5。本月电费占可安排预算较小。
节费/舒适/错峰重视 2/2/2；控制边界：更愿意自己安排，尽量不让系统调整；提前通知 半天；受保护活动：睡眠休息, 做饭用餐, 照顾家人。
居住方式：与他人合租；电价背景：峰谷分时电价；定时/自动控制经验：经常使用；既有错峰经验：没有参加过；受扰后恢复偏好：保留自动安排；其他背景设备：冰箱。
空调 2台，每周 2—3天；下午到睡前（14:00—23:00），制冷设定 25℃，室温希望范围 24—26℃，可接受变化 0.5℃。条件：有人在受控房间时使用；轮班或事件日另核，不把空屋冷量算作舒适收益。
洗衣机 1台，每周 2—3天；默认 19:50，可从 19:00 开始，最晚 23:00 完成，一次 60 分钟。条件：默认时刻须有成员在家并完成装载；轮班或事件日另核，不默认预约或远程启动。
洗碗机 1台，每周 2—3天；默认 21:00，可从 19:00 开始，最晚 24:00 完成，一次 60 分钟。条件：默认时刻须有成员在家并完成装载；轮班或事件日另核，不默认预约或远程启动。
电热水器 1台，每周 2—3天；加热 06:00–08:00，需热水 07:00，提前加热：可以提前安排。条件：普通加热须对准有人需要热水的时段；事件日及额外提前加热按当次许可确认。
参与者对十天方案的选择、理由和评分尚未填写。",UNKNOWN,NOT_COLLECTED,NOT_EXPORTED_PENDING_D_ACCEPTANCE,UNKNOWN
cityrole-0038,eb.synthetic_fixed_profile_300.v1,宁波市,浙江,330200,3,2,0,mostly_occupied,partly_home,irregular,13500,720,2,电费有压力，需调整其他开支,必要生活开支较多，本月电费变化容易挤占其他项目。,both_low,2,2,3,high_trust_auto,24,independent_dwelling,two_rooms,2,30-39,103.5,synthetic_H6_like_whole_dwelling_building_area,103.5,known_synthetic_whole_dwelling,90_119,matches_synthetic_whole_dwelling,apartment,middle,5,cn-home-0038,self_contained_openplan,High-rise apartment(slab type)_Dinghai_2010,edge,77.819549,77.819549,0,CHN_Zhejiang.Dinghai.584770_CSWD,53.364,c6be4042817355f156b5a3a73e945c12245198b43cfb34b73e34a3803c875315,b9db0b8b007e6a0b243b529353975bc582cd160bbe1f48ebd5350ba7fec9e5ef,7,7,10,household_selected_devices,0,,宁波市的3人家庭。独立住房建筑面积约103.5平方米，七普口径至少2间自然房间。主要说明人（51岁，轮班或时间多变）、子女（21岁，在家外出交替）、子女（25岁，通常主要在家）。通常白天有人在家。家庭月收入情境约13500元，通常月电费情境约720元；电费有压力，需调整其他开支。必要生活开支较多，本月电费变化容易挤占其他项目。纳入安排的设备：空调、洗衣机、电热水器。节费重视2/5，舒适重视2/5，系统控制边界是约定范围内可自动调整；希望提前24小时通知。虽然电费挤压预算，但家里更在意任务按原计划完成，不愿为了少量节费频繁改时间。洗衣等任务需有人在家完成装载。空屋提前开空调须另确认预约或远控与本人许可。轮班日按当天在家情况确认。,"【合成角色条件；尚无真人回答】
cityrole-0038｜浙江宁波市｜3人｜独立住宅，H7 至少2间自然房；整套设计建筑面积103.5㎡。
楼房中的一套住宅，楼层位置 中间层，房龄背景 2010—2019年；住宅原型 High-rise apartment(slab type)_Dinghai_2010，源户位 edge，天气代理站 CHN_Zhejiang.Dinghai.584770_CSWD（距城市约53.4km）；天气/原型及房龄并非本户实测。
m01 主要说明人，51岁，轮班工作 / 轮班或时间经常变化；工作日到家时段不固定；室温感受：比较敏感，小幅变化也容易不舒服；电器时间：希望按原定时间运行，尽量不调整；参与安排：通常主要由这位成员决定；需求优先：没有特别优先；节费/错峰重视 2/2；系统控制：在约定范围内，可以让系统自动调整。
m02 子女，21岁，暂未工作（非退休） / 部分时间在家，部分时间外出；工作日通常在家 00:00–09:00、12:00–15:00、19:00–24:00；室温感受：不太敏感，室温变化较大也通常能适应；电器时间：只要按时完成，具体运行时间都可以；参与安排：通常与家人共同商量决定；需求优先：没有特别优先；节费/错峰重视 5/3；系统控制：在约定范围内，可以让系统自动调整。
m03 子女，25岁，居家工作/学习 / 主要在家生活，包括居家工作、学习、休息或照护；工作日通常在家 00:00–24:00；室温感受：能接受小幅变化，变化较大会不舒服；电器时间：只要按时完成，具体运行时间都可以；参与安排：通常与家人共同商量决定；需求优先：没有特别优先；节费/错峰重视 2/4；系统控制：更愿意自己安排，尽量不让系统调整。
通常白天：大部分时间有人；晚间：部分时间有人；作息：变化较多；深夜用电：偶尔；事件当天是否在受控房间另核。
家庭月收入情境 13500元、上月电费情境 720元；电费压力 2/5。必要生活开支较多，本月电费变化容易挤占其他项目。
节费/舒适/错峰重视 2/2/3；控制边界：在约定范围内，可以让系统自动调整；提前通知 一天；受保护活动：睡眠休息, 做饭用餐。
居住方式：与他人合租；电价背景：峰谷分时电价；定时/自动控制经验：没有使用过；既有错峰经验：没有参加过；受扰后恢复偏好：保留自动安排；其他背景设备：冰箱。
空调 1台，每周 4—6天；傍晚到睡前（18:00—23:00），制冷设定 26℃，室温希望范围 25—27℃，可接受变化 1℃。条件：有人在受控房间时使用；18:00–18:30若空屋预冷，须当天确认家户许可及实际预约/远控能力，否则到家后开启；空屋冷量不算舒适收益。
洗衣机 1台，每周 4—6天；默认 21:00，可从 19:00 开始，最晚 24:00 完成，一次 60 分钟。条件：默认时刻须有成员在家并完成装载；轮班或事件日另核，不默认预约或远程启动。
电热水器 1台，每周 4—6天；加热 19:00–22:00，需热水 21:00，提前加热：每次先确认。条件：普通加热须对准有人需要热水的时段；事件日及额外提前加热按当次许可确认。
参与者对十天方案的选择、理由和评分尚未填写。",UNKNOWN,NOT_COLLECTED,NOT_EXPORTED_PENDING_D_ACCEPTANCE,UNKNOWN
cityrole-0039,eb.synthetic_fixed_profile_300.v1,成都市,四川,510100,2,1,0,sometimes_occupied,partly_home,partly_regular,19000,220,4,电费有余量，通常不需改变开支,本月电费占可安排预算较小。,comfort_priority,2,4,4,confirm_required,24,independent_dwelling,one_room,1,17-19,36.0,synthetic_H6_like_whole_dwelling_building_area,36.0,known_synthetic_whole_dwelling,lt50,matches_synthetic_whole_dwelling,apartment,ground,1,cn-home-0039,self_contained_openplan,High-rise apartment(slab type)_Chengdu_2001,middle,27.067669,27.067669,0,CHN_Sichuan.Chengdu.562940_CSWD,2.503,7204a177b51424d23876255d175b502ac55aa3178ba1ac01691f571af00196ed,ecfd28a0cf17241e26d938a3c709cd550d4c2dc0fb570c8df425d7823bcd58f0,7,7,8,household_selected_devices,0,,成都市的2人家庭。独立住房建筑面积约36平方米，七普口径至少1间自然房间。主要说明人（47岁，在家外出交替）、伴侣（52岁，通常定时外出）。通常白天部分时间有人。家庭月收入情境约19000元，通常月电费情境约220元；电费有余量，通常不需改变开支。本月电费占可安排预算较小。纳入安排的设备：空调、洗衣机。节费重视2/5，舒适重视4/5，系统控制边界是每次先确认；希望提前24小时通知。费用压力描述的是当前预算余量；节费重视描述的是调整方案时的取舍，两者分别考虑。洗衣等任务需有人在家完成装载。空屋提前开空调须另确认预约或远控与本人许可。,"【合成角色条件；尚无真人回答】
cityrole-0039｜四川成都市｜2人｜独立住宅，H7 至少1间自然房；整套设计建筑面积36㎡。
楼房中的一套住宅，楼层位置 底层，房龄背景 2000—2009年；住宅原型 High-rise apartment(slab type)_Chengdu_2001，源户位 middle，天气代理站 CHN_Sichuan.Chengdu.562940_CSWD（距城市约2.5km）；天气/原型及房龄并非本户实测。
m01 主要说明人，47岁，照顾家人 / 部分时间在家，部分时间外出；工作日通常在家 00:00–09:00、12:00–15:00、19:00–24:00；室温感受：能接受小幅变化，变化较大会不舒服；电器时间：希望按原定时间运行，尽量不调整；参与安排：通常主要由这位成员决定；需求优先：没有特别优先；节费/错峰重视 2/5；系统控制：每次先问，得到明确同意后再调整。
m02 伴侣，52岁，在外工作 / 通常固定时间外出工作或学习；工作日通常在家 00:00–07:30、18:30–24:00；室温感受：比较敏感，小幅变化也容易不舒服；电器时间：希望按原定时间运行，尽量不调整；参与安排：通常与家人共同商量决定；需求优先：没有特别优先；节费/错峰重视 1/1；系统控制：每次先问，得到明确同意后再调整。
通常白天：部分时间有人；晚间：部分时间有人；作息：部分成员或部分日期固定；深夜用电：很少或没有；事件当天是否在受控房间另核。
家庭月收入情境 19000元、上月电费情境 220元；电费压力 4/5。本月电费占可安排预算较小。
节费/舒适/错峰重视 2/4/4；控制边界：每次先问我，得到明确同意后再调整；提前通知 一天；受保护活动：睡眠休息, 做饭用餐。
居住方式：整套租住；电价背景：单一时段电价；定时/自动控制经验：经常使用；既有错峰经验：没有参加过；受扰后恢复偏好：保留自动安排；其他背景设备：冰箱。
空调 1台，每周 每天（7天）；傍晚到睡前（18:00—23:00），制冷设定 27℃，室温希望范围 26—28℃，可接受变化 1.5℃。条件：有人在受控房间时使用；18:00–18:30若空屋预冷，须当天确认家户许可及实际预约/远控能力，否则到家后开启；空屋冷量不算舒适收益。
洗衣机 1台，每周 每天（7天）；默认 19:00，可从 19:00 开始，最晚 23:00 完成，一次 60 分钟。条件：默认时刻须有成员在家并完成装载；轮班或事件日另核，不默认预约或远程启动。
参与者对十天方案的选择、理由和评分尚未填写。",UNKNOWN,NOT_COLLECTED,NOT_EXPORTED_PENDING_D_ACCEPTANCE,UNKNOWN
cityrole-0040,eb.synthetic_fixed_profile_300.v1,阜新市,辽宁,210900,1,1,0,sometimes_occupied,partly_home,partly_regular,3200,380,2,电费有压力，需调整其他开支,必要生活开支较多，本月电费变化容易挤占其他项目。,both_low,2,2,4,low_auto_accept,72,independent_dwelling,two_rooms,2,60-69,64.5,synthetic_H6_like_whole_dwelling_building_area,64.5,known_synthetic_whole_dwelling,50_89,matches_synthetic_whole_dwelling,apartment,top,4,cn-home-0040,self_contained_openplan,Low-rise apartment_Zhangwu_2010,edge,48.496241,48.496241,0,CHN_Liaoning.Jinzhou.543370_CSWD,58.916,28b3aef175701e80159ca1641bccac1230e79c0d140cd4ccdcf7a6bb0b139d3a,03b9f614c38d5b94a74c88f6722507a9ea445f83afbb55cf9b52f45851b9d897,7,7,10,household_selected_devices,0,,阜新市的1人家庭。独立住房建筑面积约64.5平方米，七普口径至少2间自然房间。主要说明人（35岁，在家外出交替）。通常白天部分时间有人。家庭月收入情境约3200元，通常月电费情境约380元；电费有压力，需调整其他开支。必要生活开支较多，本月电费变化容易挤占其他项目。纳入安排的设备：空调、洗衣机。节费重视2/5，舒适重视2/5，系统控制边界是以自己安排为主；希望提前72小时通知。虽然电费挤压预算，但家里更在意任务按原计划完成，不愿为了少量节费频繁改时间。洗衣等任务需有人在家完成装载。,"【合成角色条件；尚无真人回答】
cityrole-0040｜辽宁阜新市｜1人｜独立住宅，H7 至少2间自然房；整套设计建筑面积64.5㎡。
楼房中的一套住宅，楼层位置 顶层，房龄背景 2010—2019年；住宅原型 Low-rise apartment_Zhangwu_2010，源户位 edge，天气代理站 CHN_Liaoning.Jinzhou.543370_CSWD（距城市约58.9km）；天气/原型及房龄并非本户实测。
m01 主要说明人，35岁，暂未工作（非退休） / 部分时间在家，部分时间外出；工作日通常在家 00:00–09:00、12:00–15:00、19:00–24:00；室温感受：不太敏感，室温变化较大也通常能适应；电器时间：只接受小幅提前或推迟；参与安排：通常主要由这位成员决定；需求优先：没有特别优先；节费/错峰重视 2/3；系统控制：更愿意自己安排，尽量不让系统调整。
通常白天：部分时间有人；晚间：部分时间有人；作息：部分成员或部分日期固定；深夜用电：很少或没有；事件当天是否在受控房间另核。
家庭月收入情境 3200元、上月电费情境 380元；电费压力 2/5。必要生活开支较多，本月电费变化容易挤占其他项目。
节费/舒适/错峰重视 2/2/4；控制边界：更愿意自己安排，尽量不让系统调整；提前通知 三天或更早；受保护活动：睡眠休息, 做饭用餐。
居住方式：整套租住；电价背景：单一时段电价；定时/自动控制经验：偶尔使用；既有错峰经验：没有参加过；受扰后恢复偏好：先看影响再决定；其他背景设备：冰箱。
空调 1台，每周 2—3天；自己选择使用时段（可跨午夜），制冷设定 24℃，室温希望范围 23—25℃，可接受变化 0.5℃，自选时段 19:00–23:00。条件：有人在受控房间时使用；轮班或事件日另核，不把空屋冷量算作舒适收益。
洗衣机 1台，每周 2—3天；默认 19:50，可从 19:00 开始，最晚 23:00 完成，一次 60 分钟。条件：默认时刻须有成员在家并完成装载；轮班或事件日另核，不默认预约或远程启动。
参与者对十天方案的选择、理由和评分尚未填写。",UNKNOWN,NOT_COLLECTED,NOT_EXPORTED_PENDING_D_ACCEPTANCE,UNKNOWN
cityrole-0041,eb.synthetic_fixed_profile_300.v1,德兴市,江西,361181,5,3,1,mostly_occupied,partly_home,irregular,22500,520,4,电费有余量，通常不需改变开支,本月电费占可安排预算较小。,comfort_priority,1,5,5,low_auto_accept,12,independent_dwelling,three_rooms,3,40-49,222.5,synthetic_H6_like_whole_dwelling_building_area,222.5,known_synthetic_whole_dwelling,ge160,matches_synthetic_whole_dwelling,apartment,middle,2,cn-home-0041,self_contained_source_three_room,Low-rise apartment_Yushan_2010,middle,167.293233,167.293233,0,CHN_Jiangxi.Jingdezhen.585270_CSWD,54.482,28698d3cfdc56aaf55a3f481eb45c05fc26f8746ced735705a32acbf4f88bd50,1153515cd29326ae4054c7867c9ed0c93152f5a6532a6a849023c2d9dc2ae377,7,7,8,household_selected_devices,0,,德兴市的5人家庭。独立住房建筑面积约222.5平方米，七普口径至少3间自然房间。长辈（80岁，在家外出交替）、主要说明人（35岁，轮班或时间多变）、子女（10岁，通常定时外出）、子女（5岁，通常主要在家）、伴侣（36岁，在家外出交替）。通常白天有人在家。家庭月收入情境约22500元，通常月电费情境约520元；电费有余量，通常不需改变开支。本月电费占可安排预算较小。纳入安排的设备：空调、洗衣机、电热水器。节费重视1/5，舒适重视5/5，系统控制边界是以自己安排为主；希望提前12小时通知。费用压力描述的是当前预算余量；节费重视描述的是调整方案时的取舍，两者分别考虑。洗衣等任务需有人在家完成装载。轮班日按当天在家情况确认。,"【合成角色条件；尚无真人回答】
cityrole-0041｜江西德兴市｜5人｜独立住宅，H7 至少3间自然房；整套设计建筑面积222.5㎡。
楼房中的一套住宅，楼层位置 中间层，房龄背景 2010—2019年；住宅原型 Low-rise apartment_Yushan_2010，源户位 middle，天气代理站 CHN_Jiangxi.Jingdezhen.585270_CSWD（距城市约54.5km）；天气/原型及房龄并非本户实测。
m01 长辈，80岁，居家工作/学习 / 部分时间在家，部分时间外出；工作日通常在家 00:00–09:00、12:00–15:00、19:00–24:00；室温感受：比较敏感，小幅变化也容易不舒服；电器时间：只接受小幅提前或推迟；参与安排：通常主要由这位成员决定；需求优先：没有特别优先；节费/错峰重视 1/1；系统控制：更愿意自己安排，尽量不让系统调整。
m02 主要说明人，35岁，轮班工作 / 轮班或时间经常变化；工作日到家时段不固定；室温感受：不太敏感，室温变化较大也通常能适应；电器时间：只接受小幅提前或推迟；参与安排：通常与家人共同商量决定；需求优先：没有特别优先；节费/错峰重视 3/2；系统控制：在约定范围内，可以让系统自动调整。
m03 子女，10岁，上学 / 通常固定时间外出工作或学习；工作日通常在家 00:00–07:30、18:30–24:00；室温感受：能接受小幅变化，变化较大会不舒服；电器时间：希望按原定时间运行，尽量不调整；参与安排：通常与家人共同商量决定；需求优先：通常会优先考虑；节费/错峰重视 5/3；系统控制：更愿意自己安排，尽量不让系统调整。
m04 子女，5岁，尚未入学 / 主要在家生活，包括居家工作、学习、休息或照护；工作日通常在家 00:00–24:00；室温感受：比较敏感，小幅变化也容易不舒服；电器时间：希望按原定时间运行，尽量不调整；参与安排：通常与家人共同商量决定；需求优先：通常会优先考虑；节费/错峰重视 2/4；系统控制：每次先问，得到明确同意后再调整。
m05 伴侣，36岁，照顾家人 / 部分时间在家，部分时间外出；工作日通常在家 00:00–09:00、12:00–15:00、19:00–24:00；室温感受：不太敏感，室温变化较大也通常能适应；电器时间：只要按时完成，具体运行时间都可以；参与安排：通常与家人共同商量决定；需求优先：没有特别优先；节费/错峰重视 4/5；系统控制：在约定范围内，可以让系统自动调整。
通常白天：大部分时间有人；晚间：部分时间有人；作息：变化较多；深夜用电：偶尔；事件当天是否在受控房间另核。
家庭月收入情境 22500元、上月电费情境 520元；电费压力 4/5。本月电费占可安排预算较小。
节费/舒适/错峰重视 1/5/5；控制边界：更愿意自己安排，尽量不让系统调整；提前通知 半天；受保护活动：睡眠休息, 做饭用餐, 照顾家人。
居住方式：自有住房；电价背景：峰谷分时电价；定时/自动控制经验：没有使用过；既有错峰经验：没有参加过；受扰后恢复偏好：改回原安排；其他背景设备：冰箱。
空调 2台，每周 4—6天；下午到睡前（14:00—23:00），制冷设定 25℃，室温希望范围 24—26℃，可接受变化 1℃。条件：有人在受控房间时使用；轮班或事件日另核，不把空屋冷量算作舒适收益。
洗衣机 1台，每周 4—6天；默认 21:00，可从 19:00 开始，最晚 24:00 完成，一次 60 分钟。条件：默认时刻须有成员在家并完成装载；轮班或事件日另核，不默认预约或远程启动。
电热水器 1台，每周 4—6天；加热 19:00–22:00，需热水 21:00，提前加热：每次先确认。条件：普通加热须对准有人需要热水的时段；事件日及额外提前加热按当次许可确认。
参与者对十天方案的选择、理由和评分尚未填写。",UNKNOWN,NOT_COLLECTED,NOT_EXPORTED_PENDING_D_ACCEPTANCE,UNKNOWN
cityrole-0042,eb.synthetic_fixed_profile_300.v1,保定市,河北,130600,4,2,0,mostly_occupied,partly_home,irregular,26000,120,5,电费不构成当前预算约束,本月电费占可安排预算较小。,middle,3,3,2,confirm_required,0.5,independent_dwelling,three_rooms,3,20-29,98.0,synthetic_H6_like_whole_dwelling_building_area,98.0,known_synthetic_whole_dwelling,90_119,matches_synthetic_whole_dwelling,apartment,ground,1,cn-home-0042,self_contained_source_three_room,Low-rise apartment_Raoyang_2018,edge,73.684211,73.684211,0,CHN_Hebei.Raoyang.546060_CSWD,74.555,fb5140cc44aefcaff7f0c6dfe810a7b75f8cd0d717930371e1349994d496a49b,f86093cf8580c65e90364a5dcf6b7977e49616844e81ed214337c29fe06061f3,7,7,10,household_selected_devices,0,,保定市的4人家庭。独立住房建筑面积约98平方米，七普口径至少3间自然房间。主要说明人（54岁，通常主要在家）、子女（22岁，在家外出交替）、子女（19岁，通常定时外出）、子女伴侣（25岁，轮班或时间多变）。通常白天有人在家。家庭月收入情境约26000元，通常月电费情境约120元；电费不构成当前预算约束。本月电费占可安排预算较小。纳入安排的设备：空调、洗衣机。节费重视3/5，舒适重视3/5，系统控制边界是每次先确认；希望提前0.5小时通知。费用压力描述的是当前预算余量；节费重视描述的是调整方案时的取舍，两者分别考虑。洗衣等任务需有人在家完成装载。空屋提前开空调须另确认预约或远控与本人许可。轮班日按当天在家情况确认。,"【合成角色条件；尚无真人回答】
cityrole-0042｜河北保定市｜4人｜独立住宅，H7 至少3间自然房；整套设计建筑面积98㎡。
楼房中的一套住宅，楼层位置 底层，房龄背景 2010—2019年；住宅原型 Low-rise apartment_Raoyang_2018，源户位 edge，天气代理站 CHN_Hebei.Raoyang.546060_CSWD（距城市约74.6km）；天气/原型及房龄并非本户实测。
m01 主要说明人，54岁，居家工作/学习 / 主要在家生活，包括居家工作、学习、休息或照护；工作日通常在家 00:00–24:00；室温感受：能接受小幅变化，变化较大会不舒服；电器时间：只要按时完成，具体运行时间都可以；参与安排：通常主要由这位成员决定；需求优先：没有特别优先；节费/错峰重视 3/4；系统控制：每次先问，得到明确同意后再调整。
m02 子女，22岁，照顾家人 / 部分时间在家，部分时间外出；工作日通常在家 00:00–09:00、12:00–15:00、19:00–24:00；室温感受：比较敏感，小幅变化也容易不舒服；电器时间：只接受小幅提前或推迟；参与安排：通常与家人共同商量决定；需求优先：没有特别优先；节费/错峰重视 4/5；系统控制：每次先问，得到明确同意后再调整。
m03 子女，19岁，在外工作 / 通常固定时间外出工作或学习；工作日通常在家 00:00–07:30、18:30–24:00；室温感受：不太敏感，室温变化较大也通常能适应；电器时间：只接受小幅提前或推迟；参与安排：通常与家人共同商量决定；需求优先：没有特别优先；节费/错峰重视 1/1；系统控制：在约定范围内，可以让系统自动调整。
m04 子女伴侣，25岁，轮班工作 / 轮班或时间经常变化；工作日到家时段不固定；室温感受：能接受小幅变化，变化较大会不舒服；电器时间：希望按原定时间运行，尽量不调整；参与安排：通常与家人共同商量决定；需求优先：没有特别优先；节费/错峰重视 3/2；系统控制：更愿意自己安排，尽量不让系统调整。
通常白天：大部分时间有人；晚间：部分时间有人；作息：变化较多；深夜用电：偶尔；事件当天是否在受控房间另核。
家庭月收入情境 26000元、上月电费情境 120元；电费压力 5/5。本月电费占可安排预算较小。
节费/舒适/错峰重视 3/3/2；控制边界：每次先问我，得到明确同意后再调整；提前通知 半小时；受保护活动：睡眠休息, 做饭用餐。
居住方式：整套租住；电价背景：峰谷分时电价；定时/自动控制经验：偶尔使用；既有错峰经验：没有参加过；受扰后恢复偏好：先看影响再决定；其他背景设备：冰箱。
空调 1台，每周 每天（7天）；傍晚到睡前（18:00—23:00），制冷设定 26℃，室温希望范围 25—27℃，可接受变化 1.5℃。条件：有人在受控房间时使用；18:00–18:30若空屋预冷，须当天确认家户许可及实际预约/远控能力，否则到家后开启；空屋冷量不算舒适收益。
洗衣机 1台，每周 每天（7天）；默认 19:00，可从 19:00 开始，最晚 23:00 完成，一次 60 分钟。条件：默认时刻须有成员在家并完成装载；轮班或事件日另核，不默认预约或远程启动。
参与者对十天方案的选择、理由和评分尚未填写。",UNKNOWN,NOT_COLLECTED,NOT_EXPORTED_PENDING_D_ACCEPTANCE,UNKNOWN
cityrole-0043,eb.synthetic_fixed_profile_300.v1,天津市,天津,120000,2,1,1,sometimes_occupied,partly_home,partly_regular,13000,720,4,电费有余量，通常不需改变开支,本月电费占可安排预算较小。,both_high,5,5,3,low_auto_accept,6,independent_dwelling,one_room,1,20-29,49.0,synthetic_H6_like_whole_dwelling_building_area,49.0,known_synthetic_whole_dwelling,lt50,matches_synthetic_whole_dwelling,apartment,ground,1,cn-home-0043,self_contained_openplan,High-rise apartment(slab type)_Tianjin_1995,middle,36.842105,36.842105,0,CHN_Tianjin.Tianjin.545270_CSWD,12.212,36e8a3b022198a8bb6d218d9a6e4d00a531581684750d406e90defc9ce4f7713,a5361fa84aa219da1d875a1d0750538c33e391ce0659178f82ec8f62d24590db,7,7,8,household_selected_devices,0,,天津市的2人家庭。独立住房建筑面积约49平方米，七普口径至少1间自然房间。主要说明人（61岁，通常定时外出）、伴侣（62岁，在家外出交替）。通常白天部分时间有人。家庭月收入情境约13000元，通常月电费情境约720元；电费有余量，通常不需改变开支。本月电费占可安排预算较小。纳入安排的设备：空调、洗衣机、电热水器。节费重视5/5，舒适重视5/5，系统控制边界是以自己安排为主；希望提前6小时通知。当前电费负担不重，但仍重视避免浪费。洗衣等任务需有人在家完成装载。空屋提前开空调须另确认预约或远控与本人许可。,"【合成角色条件；尚无真人回答】
cityrole-0043｜天津天津市｜2人｜独立住宅，H7 至少1间自然房；整套设计建筑面积49㎡。
楼房中的一套住宅，楼层位置 底层，房龄背景 2000年前；住宅原型 High-rise apartment(slab type)_Tianjin_1995，源户位 middle，天气代理站 CHN_Tianjin.Tianjin.545270_CSWD（距城市约12.2km）；天气/原型及房龄并非本户实测。
m01 主要说明人，61岁，在外工作 / 通常固定时间外出工作或学习；工作日通常在家 00:00–07:30、18:30–24:00；室温感受：不太敏感，室温变化较大也通常能适应；电器时间：只要按时完成，具体运行时间都可以；参与安排：通常主要由这位成员决定；需求优先：没有特别优先；节费/错峰重视 5/2；系统控制：更愿意自己安排，尽量不让系统调整。
m02 伴侣，62岁，居家工作/学习 / 部分时间在家，部分时间外出；工作日通常在家 00:00–09:00、12:00–15:00、19:00–24:00；室温感受：能接受小幅变化，变化较大会不舒服；电器时间：只要按时完成，具体运行时间都可以；参与安排：通常与家人共同商量决定；需求优先：没有特别优先；节费/错峰重视 5/3；系统控制：更愿意自己安排，尽量不让系统调整。
通常白天：部分时间有人；晚间：部分时间有人；作息：部分成员或部分日期固定；深夜用电：很少或没有；事件当天是否在受控房间另核。
家庭月收入情境 13000元、上月电费情境 720元；电费压力 4/5。本月电费占可安排预算较小。
节费/舒适/错峰重视 5/5/3；控制边界：更愿意自己安排，尽量不让系统调整；提前通知 6 小时；受保护活动：睡眠休息, 做饭用餐。
居住方式：自有住房；电价背景：峰谷分时电价；定时/自动控制经验：经常使用；既有错峰经验：参加过；受扰后恢复偏好：改回原安排；其他背景设备：冰箱。
空调 1台，每周 2—3天；傍晚到睡前（18:00—23:00），制冷设定 27℃，室温希望范围 26—28℃，可接受变化 0.5℃。条件：有人在受控房间时使用；18:00–18:30若空屋预冷，须当天确认家户许可及实际预约/远控能力，否则到家后开启；空屋冷量不算舒适收益。
洗衣机 1台，每周 2—3天；默认 19:50，可从 19:00 开始，最晚 23:00 完成，一次 60 分钟。条件：默认时刻须有成员在家并完成装载；轮班或事件日另核，不默认预约或远程启动。
电热水器 1台，每周 2—3天；加热 06:00–08:00，需热水 07:00，提前加热：可以提前安排。条件：普通加热须对准有人需要热水的时段；事件日及额外提前加热按当次许可确认。
参与者对十天方案的选择、理由和评分尚未填写。",UNKNOWN,NOT_COLLECTED,NOT_EXPORTED_PENDING_D_ACCEPTANCE,UNKNOWN
cityrole-0044,eb.synthetic_fixed_profile_300.v1,台州市,浙江,331000,1,1,0,sometimes_occupied,partly_home,partly_regular,2000,120,2,电费有压力，需调整其他开支,必要生活开支较多，本月电费变化容易挤占其他项目。,comfort_priority,1,5,1,low_auto_accept,3,shared_dwelling_private_rooms_with_allocated_common_area,one_room,1,9-12,10.5,synthetic_H6_like_household_attributed_building_area_in_shared_dwelling,49.437493,experimental_F_scaled_whole_dwelling,lt50,matches_F_experimental_whole_dwelling,apartment,middle,3,cn-home-0044,shared_flat_private_rooms,Low-rise apartment_Hongjia_2001,middle,9.975,8.389242,1.585758,CHN_Zhejiang.Hongjia.586650_CSWD,3.058,677c44b6489d90abc9463dfbb24dea8132c972acaa5f41f73922c9246de5cdfa,aa0fe81ccd1817ac07ded5fdd2dc5507cb998dd655afe18661e7a57f87fd67ce,1,1,1,assigned_private_rooms_ac_only,0,,台州市的1人家庭。合住住房中本户独用1间房，分摊建筑面积约10.5平方米；整套住房设计建筑面积约49.4375平方米（按模型整套净面积和实验0.95比值换算）；仅私有房间的1台空调可由本户安排，公共设备不纳入。主要说明人（50岁，在家外出交替）。通常白天部分时间有人。家庭月收入情境约2000元，通常月电费情境约120元；电费有压力，需调整其他开支。必要生活开支较多，本月电费变化容易挤占其他项目。纳入安排的设备：空调。节费重视1/5，舒适重视5/5，系统控制边界是以自己安排为主；希望提前3小时通知。虽然电费挤压预算，但家里更在意任务按原计划完成，不愿为了少量节费频繁改时间。,"【合成角色条件；尚无真人回答】
cityrole-0044｜浙江台州市｜1人｜合住，本户独用1间自然房；10.5㎡是本户分摊建筑面积，整套住房设计建筑面积约49.4375㎡，按冻结源单元净面积和实验 0.95 比值换算，并非实测。
楼房中的一套住宅，楼层位置 中间层，房龄背景 2000—2009年；住宅原型 Low-rise apartment_Hongjia_2001，源户位 middle，天气代理站 CHN_Zhejiang.Hongjia.586650_CSWD（距城市约3.1km）；天气/原型及房龄并非本户实测。
m01 主要说明人，50岁，照顾家人 / 部分时间在家，部分时间外出；工作日通常在家 00:00–09:00、12:00–15:00、19:00–24:00；室温感受：比较敏感，小幅变化也容易不舒服；电器时间：希望按原定时间运行，尽量不调整；参与安排：通常主要由这位成员决定；需求优先：没有特别优先；节费/错峰重视 1/5；系统控制：更愿意自己安排，尽量不让系统调整。
通常白天：部分时间有人；晚间：部分时间有人；作息：部分成员或部分日期固定；深夜用电：很少或没有；事件当天是否在受控房间另核。
家庭月收入情境 2000元、上月电费情境 120元；电费压力 2/5。必要生活开支较多，本月电费变化容易挤占其他项目。
节费/舒适/错峰重视 1/5/1；控制边界：更愿意自己安排，尽量不让系统调整；提前通知 3 小时；受保护活动：睡眠休息, 做饭用餐。
居住方式：与他人合租；电价背景：峰谷分时电价；定时/自动控制经验：经常使用；既有错峰经验：没有参加过；受扰后恢复偏好：先看影响再决定；其他背景设备：没有上述设备。
空调 1台，每周 4—6天；自己选择使用时段（可跨午夜），制冷设定 24℃，室温希望范围 23—25℃，可接受变化 1℃，自选时段 19:00–23:00。条件：有人在受控房间时使用；轮班或事件日另核，不把空屋冷量算作舒适收益。
参与者对十天方案的选择、理由和评分尚未填写。",UNKNOWN,NOT_COLLECTED,NOT_EXPORTED_PENDING_D_ACCEPTANCE,UNKNOWN
cityrole-0045,eb.synthetic_fixed_profile_300.v1,靖江市,江苏,321282,1,1,0,sometimes_occupied,partly_home,partly_regular,4500,540,2,电费有压力，需调整其他开支,必要生活开支较多，本月电费变化容易挤占其他项目。,saving_priority,5,1,1,high_trust_auto,48,independent_dwelling,two_rooms,2,70及以上,75.0,synthetic_H6_like_whole_dwelling_building_area,75.0,known_synthetic_whole_dwelling,50_89,matches_synthetic_whole_dwelling,apartment,top,4,cn-home-0045,self_contained_openplan,Low-rise apartment_Dongtai_2001,edge,56.390977,56.390977,0,CHN_Jiangsu.Dongtai.582510_CSWD,95.247,f9428984e25db3076a15bff7d78c7cefb0b584df61106b99d6da325f40a3ce43,ef3acfa5692d4f3dfe44eb4cea31d151f0ceb0d9b6b6aaf2abba1a9bed7e1543,7,7,10,household_selected_devices,0,,靖江市的1人家庭。独立住房建筑面积约75平方米，七普口径至少2间自然房间。主要说明人（44岁，在家外出交替）。通常白天部分时间有人。家庭月收入情境约4500元，通常月电费情境约540元；电费有压力，需调整其他开支。必要生活开支较多，本月电费变化容易挤占其他项目。纳入安排的设备：洗衣机、电热水器。节费重视5/5，舒适重视1/5，系统控制边界是约定范围内可自动调整；希望提前48小时通知。费用压力描述的是当前预算余量；节费重视描述的是调整方案时的取舍，两者分别考虑。洗衣等任务需有人在家完成装载。,"【合成角色条件；尚无真人回答】
cityrole-0045｜江苏靖江市｜1人｜独立住宅，H7 至少2间自然房；整套设计建筑面积75㎡。
楼房中的一套住宅，楼层位置 顶层，房龄背景 2000—2009年；住宅原型 Low-rise apartment_Dongtai_2001，源户位 edge，天气代理站 CHN_Jiangsu.Dongtai.582510_CSWD（距城市约95.2km）；天气/原型及房龄并非本户实测。
m01 主要说明人，44岁，暂未工作（非退休） / 部分时间在家，部分时间外出；工作日通常在家 00:00–09:00、12:00–15:00、19:00–24:00；室温感受：能接受小幅变化，变化较大会不舒服；电器时间：希望按原定时间运行，尽量不调整；参与安排：通常主要由这位成员决定；需求优先：没有特别优先；节费/错峰重视 5/3；系统控制：在约定范围内，可以让系统自动调整。
通常白天：部分时间有人；晚间：部分时间有人；作息：部分成员或部分日期固定；深夜用电：很少或没有；事件当天是否在受控房间另核。
家庭月收入情境 4500元、上月电费情境 540元；电费压力 2/5。必要生活开支较多，本月电费变化容易挤占其他项目。
节费/舒适/错峰重视 5/1/1；控制边界：在约定范围内，可以让系统自动调整；提前通知 两天；受保护活动：睡眠休息, 做饭用餐。
居住方式：整套租住；电价背景：峰谷分时电价；定时/自动控制经验：经常使用；既有错峰经验：没有参加过；受扰后恢复偏好：先看影响再决定；其他背景设备：冰箱。
洗衣机 1台，每周 每天（7天）；默认 19:00，可从 19:00 开始，最晚 23:00 完成，一次 60 分钟。条件：默认时刻须有成员在家并完成装载；轮班或事件日另核，不默认预约或远程启动。
电热水器 1台，每周 每天（7天）；加热 19:50–22:00，需热水 21:00，提前加热：不希望提前加热。条件：普通加热须对准有人需要热水的时段；事件日及额外提前加热按当次许可确认。
参与者对十天方案的选择、理由和评分尚未填写。",UNKNOWN,NOT_COLLECTED,NOT_EXPORTED_PENDING_D_ACCEPTANCE,UNKNOWN
cityrole-0046,eb.synthetic_fixed_profile_300.v1,耒阳市,湖南,430481,1,1,0,mostly_absent,mostly_home,regular,9500,520,2,电费有压力，需调整其他开支,本月收入已有其他固定支出安排，可灵活调整的预算较紧。,middle,3,3,5,confirm_required,1,independent_dwelling,three_rooms,3,70及以上,75.0,synthetic_H6_like_whole_dwelling_building_area,75.0,known_synthetic_whole_dwelling,50_89,matches_synthetic_whole_dwelling,apartment,ground,1,cn-home-0046,self_contained_source_three_room,Low-rise apartment_Changning_2010,middle,56.390977,56.390977,0,CHN_Hunan.Changning.578740_CSWD,43.252,70b00928fd58c4f8ea54984ed8260f9fa261dbe1f67db7b3cd219e8e81131be7,31e53690891a3e7828a9676151a3db5b98b5cd33014e0da4b22e1c5b78c8033e,7,7,8,household_selected_devices,1,m01,耒阳市的1人家庭。独立住房建筑面积约75平方米，七普口径至少3间自然房间。主要说明人（27岁，通常定时外出）。通常白天多在外。家庭月收入情境约9500元，通常月电费情境约520元；电费有压力，需调整其他开支。本月收入已有其他固定支出安排，可灵活调整的预算较紧。纳入安排的设备：空调、洗衣机、可在家充电的电动车。节费重视3/5，舒适重视3/5，系统控制边界是每次先确认；希望提前1小时通知。费用压力描述的是当前预算余量；节费重视描述的是调整方案时的取舍，两者分别考虑。洗衣等任务需有人在家完成装载。空屋提前开空调须另确认预约或远控与本人许可。,"【合成角色条件；尚无真人回答】
cityrole-0046｜湖南耒阳市｜1人｜独立住宅，H7 至少3间自然房；整套设计建筑面积75㎡。
楼房中的一套住宅，楼层位置 底层，房龄背景 2010—2019年；住宅原型 Low-rise apartment_Changning_2010，源户位 middle，天气代理站 CHN_Hunan.Changning.578740_CSWD（距城市约43.3km）；天气/原型及房龄并非本户实测。
m01 主要说明人，27岁，在外工作 / 通常固定时间外出工作或学习；工作日通常在家 00:00–07:30、18:30–24:00；室温感受：不太敏感，室温变化较大也通常能适应；电器时间：只接受小幅提前或推迟；参与安排：通常主要由这位成员决定；需求优先：没有特别优先；节费/错峰重视 3/1；系统控制：每次先问，得到明确同意后再调整。
通常白天：大部分时间没人；晚间：大部分时间有人；作息：大体固定；深夜用电：很少或没有；事件当天是否在受控房间另核。
家庭月收入情境 9500元、上月电费情境 520元；电费压力 2/5。本月收入已有其他固定支出安排，可灵活调整的预算较紧。
节费/舒适/错峰重视 3/3/5；控制边界：每次先问我，得到明确同意后再调整；提前通知 1 小时；受保护活动：睡眠休息, 做饭用餐。
居住方式：自有住房；电价背景：单一时段电价；定时/自动控制经验：没有使用过；既有错峰经验：没有参加过；受扰后恢复偏好：保留自动安排；其他背景设备：冰箱。
空调 1台，每周 2—3天；傍晚到睡前（18:00—23:00），制冷设定 26℃，室温希望范围 25—27℃，可接受变化 0.5℃。条件：有人在受控房间时使用；18:00–18:30若空屋预冷，须当天确认家户许可及实际预约/远控能力，否则到家后开启；空屋冷量不算舒适收益。
洗衣机 1台，每周 2—3天；默认 19:50，可从 19:00 开始，最晚 23:00 完成，一次 60 分钟。条件：默认时刻须有成员在家并完成装载；轮班或事件日另核，不默认预约或远程启动。
可在家充电的电动汽车 1辆，每周 2—3天；接入 19:00，次日离家 07:00，目标/保底电量 80%/20%，驾驶成员 m01。条件：由m01在典型外出日返家后接入；车辆实际到家、次日离家与充电权限按当天确认。
参与者对十天方案的选择、理由和评分尚未填写。",UNKNOWN,NOT_COLLECTED,NOT_EXPORTED_PENDING_D_ACCEPTANCE,UNKNOWN
cityrole-0047,eb.synthetic_fixed_profile_300.v1,广德市,安徽,341882,3,2,1,sometimes_occupied,partly_home,partly_regular,6000,220,4,电费有余量，通常不需改变开支,本月电费已列入预算，按当前金额可以承担。,middle,3,3,3,low_auto_accept,48,independent_dwelling,three_rooms,3,20-29,73.5,synthetic_H6_like_whole_dwelling_building_area,73.5,known_synthetic_whole_dwelling,50_89,matches_synthetic_whole_dwelling,apartment,top,4,cn-home-0047,self_contained_source_three_room,Low-rise apartment_Tunxi_2010,edge,55.263158,55.263158,0,CHN_Anhui.Tunxi.585310_CSWD,169.85,8e36513d49f463d53e7878c2c2b267f9254fb596e9e699113f062ffdc2710a2e,c4ca8207338058b572c12186e320dfaa936203ed339758e15b1c0baefe240905,7,7,10,household_selected_devices,0,,广德市的3人家庭。独立住房建筑面积约73.5平方米，七普口径至少3间自然房间。主要说明人（78岁，通常定时外出）、子女（49岁，在家外出交替）、子女（53岁，通常定时外出）。通常白天部分时间有人。家庭月收入情境约6000元，通常月电费情境约220元；电费有余量，通常不需改变开支。本月电费已列入预算，按当前金额可以承担。纳入安排的设备：空调、洗衣机、电热水器。节费重视3/5，舒适重视3/5，系统控制边界是以自己安排为主；希望提前48小时通知。费用压力描述的是当前预算余量；节费重视描述的是调整方案时的取舍，两者分别考虑。洗衣等任务需有人在家完成装载。空屋提前开空调须另确认预约或远控与本人许可。,"【合成角色条件；尚无真人回答】
cityrole-0047｜安徽广德市｜3人｜独立住宅，H7 至少3间自然房；整套设计建筑面积73.5㎡。
楼房中的一套住宅，楼层位置 顶层，房龄背景 2010—2019年；住宅原型 Low-rise apartment_Tunxi_2010，源户位 edge，天气代理站 CHN_Anhui.Tunxi.585310_CSWD（距城市约169.8km）；天气/原型及房龄并非本户实测。
m01 主要说明人，78岁，在外工作 / 通常固定时间外出工作或学习；工作日通常在家 00:00–07:30、18:30–24:00；室温感受：比较敏感，小幅变化也容易不舒服；电器时间：只接受小幅提前或推迟；参与安排：通常主要由这位成员决定；需求优先：没有特别优先；节费/错峰重视 3/4；系统控制：更愿意自己安排，尽量不让系统调整。
m02 子女，49岁，照顾家人 / 部分时间在家，部分时间外出；工作日通常在家 00:00–09:00、12:00–15:00、19:00–24:00；室温感受：不太敏感，室温变化较大也通常能适应；电器时间：只接受小幅提前或推迟；参与安排：通常与家人共同商量决定；需求优先：没有特别优先；节费/错峰重视 4/5；系统控制：在约定范围内，可以让系统自动调整。
m03 子女，53岁，在外工作 / 通常固定时间外出工作或学习；工作日通常在家 00:00–07:30、18:30–24:00；室温感受：能接受小幅变化，变化较大会不舒服；电器时间：希望按原定时间运行，尽量不调整；参与安排：通常与家人共同商量决定；需求优先：没有特别优先；节费/错峰重视 1/1；系统控制：更愿意自己安排，尽量不让系统调整。
通常白天：部分时间有人；晚间：部分时间有人；作息：部分成员或部分日期固定；深夜用电：很少或没有；事件当天是否在受控房间另核。
家庭月收入情境 6000元、上月电费情境 220元；电费压力 4/5。本月电费已列入预算，按当前金额可以承担。
节费/舒适/错峰重视 3/3/3；控制边界：更愿意自己安排，尽量不让系统调整；提前通知 两天；受保护活动：睡眠休息, 做饭用餐。
居住方式：自有住房；电价背景：峰谷分时电价；定时/自动控制经验：没有使用过；既有错峰经验：没有参加过；受扰后恢复偏好：先看影响再决定；其他背景设备：冰箱。
空调 1台，每周 4—6天；傍晚到睡前（18:00—23:00），制冷设定 27℃，室温希望范围 26—28℃，可接受变化 1℃。条件：有人在受控房间时使用；18:00–18:30若空屋预冷，须当天确认家户许可及实际预约/远控能力，否则到家后开启；空屋冷量不算舒适收益。
洗衣机 1台，每周 4—6天；默认 21:00，可从 19:00 开始，最晚 24:00 完成，一次 60 分钟。条件：默认时刻须有成员在家并完成装载；轮班或事件日另核，不默认预约或远程启动。
电热水器 1台，每周 4—6天；加热 19:00–22:00，需热水 21:00，提前加热：每次先确认。条件：普通加热须对准有人需要热水的时段；事件日及额外提前加热按当次许可确认。
参与者对十天方案的选择、理由和评分尚未填写。",UNKNOWN,NOT_COLLECTED,NOT_EXPORTED_PENDING_D_ACCEPTANCE,UNKNOWN
cityrole-0048,eb.synthetic_fixed_profile_300.v1,上海市,上海,310000,3,2,1,mostly_occupied,partly_home,partly_regular,13500,360,2,电费有压力，需调整其他开支,必要生活开支较多，本月电费变化容易挤占其他项目。,saving_priority,4,2,2,low_auto_accept,1,independent_dwelling,two_rooms,2,20-29,73.5,synthetic_H6_like_whole_dwelling_building_area,73.5,known_synthetic_whole_dwelling,50_89,matches_synthetic_whole_dwelling,apartment,middle,3,cn-home-0048,self_contained_openplan,Low-rise apartment_Shanghai_2001,edge,55.263158,55.263158,0,CHN_Shanghai.Shanghai.583620_CSWD,20.633,aba93c03542042b4da278198119f5b6966aff75e1b2c1eb04acd749f5e5671f3,7fbeb772e6c0312260c529e074038a2d988a0806ac1a43c64d808e3ba9d12671,7,7,10,household_selected_devices,1,m01,上海市的3人家庭。独立住房建筑面积约73.5平方米，七普口径至少2间自然房间。主要说明人（80岁，在家外出交替）、子女（54岁，在家外出交替）、子女（58岁，通常主要在家）。通常白天有人在家。家庭月收入情境约13500元，通常月电费情境约360元；电费有压力，需调整其他开支。必要生活开支较多，本月电费变化容易挤占其他项目。纳入安排的设备：空调、洗衣机、电热水器、可在家充电的电动车。节费重视4/5，舒适重视2/5，系统控制边界是以自己安排为主；希望提前1小时通知。费用压力描述的是当前预算余量；节费重视描述的是调整方案时的取舍，两者分别考虑。洗衣等任务需有人在家完成装载。,"【合成角色条件；尚无真人回答】
cityrole-0048｜上海上海市｜3人｜独立住宅，H7 至少2间自然房；整套设计建筑面积73.5㎡。
楼房中的一套住宅，楼层位置 中间层，房龄背景 2000—2009年；住宅原型 Low-rise apartment_Shanghai_2001，源户位 edge，天气代理站 CHN_Shanghai.Shanghai.583620_CSWD（距城市约20.6km）；天气/原型及房龄并非本户实测。
m01 主要说明人，80岁，照顾家人 / 部分时间在家，部分时间外出；工作日通常在家 00:00–09:00、12:00–15:00、19:00–24:00；室温感受：能接受小幅变化，变化较大会不舒服；电器时间：只要按时完成，具体运行时间都可以；参与安排：通常主要由这位成员决定；需求优先：没有特别优先；节费/错峰重视 4/2；系统控制：更愿意自己安排，尽量不让系统调整。
m02 子女，54岁，暂未工作（非退休） / 部分时间在家，部分时间外出；工作日通常在家 00:00–09:00、12:00–15:00、19:00–24:00；室温感受：比较敏感，小幅变化也容易不舒服；电器时间：只接受小幅提前或推迟；参与安排：通常与家人共同商量决定；需求优先：没有特别优先；节费/错峰重视 5/3；系统控制：每次先问，得到明确同意后再调整。
m03 子女，58岁，居家工作/学习 / 主要在家生活，包括居家工作、学习、休息或照护；工作日通常在家 00:00–24:00；室温感受：不太敏感，室温变化较大也通常能适应；电器时间：只接受小幅提前或推迟；参与安排：通常与家人共同商量决定；需求优先：没有特别优先；节费/错峰重视 2/4；系统控制：在约定范围内，可以让系统自动调整。
通常白天：大部分时间有人；晚间：部分时间有人；作息：部分成员或部分日期固定；深夜用电：很少或没有；事件当天是否在受控房间另核。
家庭月收入情境 13500元、上月电费情境 360元；电费压力 2/5。必要生活开支较多，本月电费变化容易挤占其他项目。
节费/舒适/错峰重视 4/2/2；控制边界：更愿意自己安排，尽量不让系统调整；提前通知 1 小时；受保护活动：睡眠休息, 做饭用餐。
居住方式：自有住房；电价背景：单一时段电价；定时/自动控制经验：没有使用过；既有错峰经验：没有参加过；受扰后恢复偏好：改回原安排；其他背景设备：冰箱。
空调 1台，每周 每天（7天）；自己选择使用时段（可跨午夜），制冷设定 24℃，室温希望范围 23—25℃，可接受变化 1.5℃，自选时段 16:00–23:00。条件：有人在受控房间时使用；轮班或事件日另核，不把空屋冷量算作舒适收益。
洗衣机 1台，每周 每天（7天）；默认 19:00，可从 19:00 开始，最晚 23:00 完成，一次 60 分钟。条件：默认时刻须有成员在家并完成装载；轮班或事件日另核，不默认预约或远程启动。
电热水器 1台，每周 每天（7天）；加热 19:50–22:00，需热水 21:00，提前加热：不希望提前加热。条件：普通加热须对准有人需要热水的时段；事件日及额外提前加热按当次许可确认。
可在家充电的电动汽车 1辆，每周 每天（7天）；接入 21:00，次日离家 08:30，目标/保底电量 70%/40%，驾驶成员 m01。条件：由m01在典型外出日返家后接入；车辆实际到家、次日离家与充电权限按当天确认。
参与者对十天方案的选择、理由和评分尚未填写。",UNKNOWN,NOT_COLLECTED,NOT_EXPORTED_PENDING_D_ACCEPTANCE,UNKNOWN
cityrole-0049,eb.synthetic_fixed_profile_300.v1,河源市,广东,441600,2,1,1,mostly_occupied,mostly_home,regular,6400,120,2,电费有压力，需调整其他开支,必要生活开支较多，本月电费变化容易挤占其他项目。,both_low,2,2,4,confirm_required,0,shared_dwelling_private_rooms_with_allocated_common_area,one_room,1,8及以下,16.0,synthetic_H6_like_household_attributed_building_area_in_shared_dwelling,72.686085,experimental_F_scaled_whole_dwelling,50_89,matches_F_experimental_whole_dwelling,apartment,middle,2,cn-home-0049,shared_flat_private_rooms,High-rise apartment(slab type)_Heyuan_2012,edge,15.2,12.580112,2.619888,CHN_Guangdong.Heyuan.592930_CSWD,2.279,8d2e9250a366c5f41d80b1f61efeec32faa1013a3373c1bfb08f0c5acb998b7f,397bbbdb8627c1fb4124915aeea0c17f746e96b271cf5259acd57c23f045dbbd,1,1,2,assigned_private_rooms_ac_only,0,,河源市的2人家庭。合住住房中本户独用1间房，分摊建筑面积约16平方米；整套住房设计建筑面积约72.6861平方米（按模型整套净面积和实验0.95比值换算）；仅私有房间的1台空调可由本户安排，公共设备不纳入。主要说明人（68岁，通常主要在家）、伴侣（69岁，通常主要在家）。通常白天有人在家。家庭月收入情境约6400元，通常月电费情境约120元；电费有压力，需调整其他开支。必要生活开支较多，本月电费变化容易挤占其他项目。纳入安排的设备：空调。节费重视2/5，舒适重视2/5，系统控制边界是每次先确认；希望提前0小时通知。虽然电费挤压预算，但家里更在意任务按原计划完成，不愿为了少量节费频繁改时间。,"【合成角色条件；尚无真人回答】
cityrole-0049｜广东河源市｜2人｜合住，本户独用1间自然房；16㎡是本户分摊建筑面积，整套住房设计建筑面积约72.6861㎡，按冻结源单元净面积和实验 0.95 比值换算，并非实测。
楼房中的一套住宅，楼层位置 中间层，房龄背景 2010—2019年；住宅原型 High-rise apartment(slab type)_Heyuan_2012，源户位 edge，天气代理站 CHN_Guangdong.Heyuan.592930_CSWD（距城市约2.3km）；天气/原型及房龄并非本户实测。
m01 主要说明人，68岁，退休 / 主要在家生活，包括居家工作、学习、休息或照护；工作日通常在家 00:00–24:00；室温感受：不太敏感，室温变化较大也通常能适应；电器时间：只要按时完成，具体运行时间都可以；参与安排：通常主要由这位成员决定；需求优先：没有特别优先；节费/错峰重视 2/5；系统控制：每次先问，得到明确同意后再调整。
m02 伴侣，69岁，照顾家人 / 主要在家生活，包括居家工作、学习、休息或照护；工作日通常在家 00:00–24:00；室温感受：能接受小幅变化，变化较大会不舒服；电器时间：只要按时完成，具体运行时间都可以；参与安排：通常与家人共同商量决定；需求优先：没有特别优先；节费/错峰重视 1/1；系统控制：更愿意自己安排，尽量不让系统调整。
通常白天：大部分时间有人；晚间：大部分时间有人；作息：大体固定；深夜用电：很少或没有；事件当天是否在受控房间另核。
家庭月收入情境 6400元、上月电费情境 120元；电费压力 2/5。必要生活开支较多，本月电费变化容易挤占其他项目。
节费/舒适/错峰重视 2/2/4；控制边界：每次先问我，得到明确同意后再调整；提前通知 无需提前；受保护活动：睡眠休息, 做饭用餐。
居住方式：与他人合租；电价背景：峰谷分时电价；定时/自动控制经验：经常使用；既有错峰经验：没有参加过；受扰后恢复偏好：改回原安排；其他背景设备：没有上述设备。
空调 1台，每周 2—3天；下午到睡前（14:00—23:00），制冷设定 25℃，室温希望范围 24—26℃，可接受变化 0.5℃。条件：有人在受控房间时使用；轮班或事件日另核，不把空屋冷量算作舒适收益。
参与者对十天方案的选择、理由和评分尚未填写。",UNKNOWN,NOT_COLLECTED,NOT_EXPORTED_PENDING_D_ACCEPTANCE,UNKNOWN
cityrole-0050,eb.synthetic_fixed_profile_300.v1,北京市,北京,110000,1,1,1,mostly_occupied,mostly_home,regular,9500,520,5,电费不构成当前预算约束,本月电费占可安排预算较小。,comfort_priority,2,4,4,high_trust_auto,6,independent_dwelling,two_rooms,2,70及以上,75.0,synthetic_H6_like_whole_dwelling_building_area,75.0,known_synthetic_whole_dwelling,50_89,matches_synthetic_whole_dwelling,apartment,middle,2,cn-home-0050,self_contained_openplan,High-rise apartment(slab type)_Beijing_2010,middle,56.390977,56.390977,0,CHN_Beijing.Beijing.545110_CSWD,16.45,c5a000246fd9c838eefeea8ddaa808bc1ed349ea33ced3f620f24f8ccebd2a3e,2a964849494b69d517e046819c7066c14e095a3b6846d1af7429be579c03093f,7,7,8,household_selected_devices,0,,北京市的1人家庭。独立住房建筑面积约75平方米，七普口径至少2间自然房间。主要说明人（73岁，通常主要在家）。通常白天有人在家。家庭月收入情境约9500元，通常月电费情境约520元；电费不构成当前预算约束。本月电费占可安排预算较小。纳入安排的设备：洗衣机。节费重视2/5，舒适重视4/5，系统控制边界是约定范围内可自动调整；希望提前6小时通知。费用压力描述的是当前预算余量；节费重视描述的是调整方案时的取舍，两者分别考虑。洗衣等任务需有人在家完成装载。,"【合成角色条件；尚无真人回答】
cityrole-0050｜北京北京市｜1人｜独立住宅，H7 至少2间自然房；整套设计建筑面积75㎡。
楼房中的一套住宅，楼层位置 中间层，房龄背景 2010—2019年；住宅原型 High-rise apartment(slab type)_Beijing_2010，源户位 middle，天气代理站 CHN_Beijing.Beijing.545110_CSWD（距城市约16.4km）；天气/原型及房龄并非本户实测。
m01 主要说明人，73岁，照顾家人 / 主要在家生活，包括居家工作、学习、休息或照护；工作日通常在家 00:00–24:00；室温感受：比较敏感，小幅变化也容易不舒服；电器时间：希望按原定时间运行，尽量不调整；参与安排：通常主要由这位成员决定；需求优先：没有特别优先；节费/错峰重视 2/3；系统控制：在约定范围内，可以让系统自动调整。
通常白天：大部分时间有人；晚间：大部分时间有人；作息：大体固定；深夜用电：很少或没有；事件当天是否在受控房间另核。
家庭月收入情境 9500元、上月电费情境 520元；电费压力 5/5。本月电费占可安排预算较小。
节费/舒适/错峰重视 2/4/4；控制边界：在约定范围内，可以让系统自动调整；提前通知 6 小时；受保护活动：睡眠休息, 做饭用餐。
居住方式：自有住房；电价背景：单一时段电价；定时/自动控制经验：没有使用过；既有错峰经验：参加过；受扰后恢复偏好：先看影响再决定；其他背景设备：冰箱。
洗衣机 1台，每周 4—6天；默认 21:00，可从 19:00 开始，最晚 24:00 完成，一次 60 分钟。条件：默认时刻须有成员在家并完成装载；轮班或事件日另核，不默认预约或远程启动。
参与者对十天方案的选择、理由和评分尚未填写。",UNKNOWN,NOT_COLLECTED,NOT_EXPORTED_PENDING_D_ACCEPTANCE,UNKNOWN
cityrole-0051,eb.synthetic_fixed_profile_300.v1,唐山市,河北,130200,4,2,0,sometimes_occupied,partly_home,partly_regular,18000,520,2,电费有压力，需调整其他开支,必要生活开支较多，本月电费变化容易挤占其他项目。,both_high,5,5,5,low_auto_accept,0.5,independent_dwelling,two_rooms,2,30-39,138.0,synthetic_H6_like_whole_dwelling_building_area,138.0,known_synthetic_whole_dwelling,120_159,matches_synthetic_whole_dwelling,apartment,ground,1,cn-home-0051,self_contained_openplan,Low-rise apartment_Leting_2010,middle,103.759398,103.759398,0,CHN_Hebei.Leting.545390_CSWD,64.326,a34015268d7a94af50a8303667138c71e985c6207ace94ce8e6214c35f80c139,70e3931bad66349731395a0e33d4285fdef398a782e99a92a69358ce99a82453,7,7,8,household_selected_devices,0,,唐山市的4人家庭。独立住房建筑面积约138平方米，七普口径至少2间自然房间。主要说明人（36岁，通常定时外出）、子女（11岁，通常定时外出）、伴侣（35岁，在家外出交替）、子女（11岁，通常定时外出）。通常白天部分时间有人。家庭月收入情境约18000元，通常月电费情境约520元；电费有压力，需调整其他开支。必要生活开支较多，本月电费变化容易挤占其他项目。纳入安排的设备：空调、洗衣机、电热水器。节费重视5/5，舒适重视5/5，系统控制边界是以自己安排为主；希望提前0.5小时通知。费用压力描述的是当前预算余量；节费重视描述的是调整方案时的取舍，两者分别考虑。洗衣等任务需有人在家完成装载。空屋提前开空调须另确认预约或远控与本人许可。,"【合成角色条件；尚无真人回答】
cityrole-0051｜河北唐山市｜4人｜独立住宅，H7 至少2间自然房；整套设计建筑面积138㎡。
楼房中的一套住宅，楼层位置 底层，房龄背景 2010—2019年；住宅原型 Low-rise apartment_Leting_2010，源户位 middle，天气代理站 CHN_Hebei.Leting.545390_CSWD（距城市约64.3km）；天气/原型及房龄并非本户实测。
m01 主要说明人，36岁，在外工作 / 通常固定时间外出工作或学习；工作日通常在家 00:00–07:30、18:30–24:00；室温感受：能接受小幅变化，变化较大会不舒服；电器时间：希望按原定时间运行，尽量不调整；参与安排：通常主要由这位成员决定；需求优先：没有特别优先；节费/错峰重视 5/1；系统控制：更愿意自己安排，尽量不让系统调整。
m02 子女，11岁，上学 / 通常固定时间外出工作或学习；工作日通常在家 00:00–07:30、18:30–24:00；室温感受：比较敏感，小幅变化也容易不舒服；电器时间：希望按原定时间运行，尽量不调整；参与安排：通常与家人共同商量决定；需求优先：通常会优先考虑；节费/错峰重视 3/2；系统控制：每次先问，得到明确同意后再调整。
m03 伴侣，35岁，暂未工作（非退休） / 部分时间在家，部分时间外出；工作日通常在家 00:00–09:00、12:00–15:00、19:00–24:00；室温感受：不太敏感，室温变化较大也通常能适应；电器时间：只要按时完成，具体运行时间都可以；参与安排：通常与家人共同商量决定；需求优先：没有特别优先；节费/错峰重视 5/3；系统控制：在约定范围内，可以让系统自动调整。
m04 子女，11岁，上学 / 通常固定时间外出工作或学习；工作日通常在家 00:00–07:30、18:30–24:00；室温感受：能接受小幅变化，变化较大会不舒服；电器时间：只要按时完成，具体运行时间都可以；参与安排：通常与家人共同商量决定；需求优先：通常会优先考虑；节费/错峰重视 2/4；系统控制：更愿意自己安排，尽量不让系统调整。
通常白天：部分时间有人；晚间：部分时间有人；作息：部分成员或部分日期固定；深夜用电：很少或没有；事件当天是否在受控房间另核。
家庭月收入情境 18000元、上月电费情境 520元；电费压力 2/5。必要生活开支较多，本月电费变化容易挤占其他项目。
节费/舒适/错峰重视 5/5/5；控制边界：更愿意自己安排，尽量不让系统调整；提前通知 半小时；受保护活动：睡眠休息, 做饭用餐, 照顾家人。
居住方式：自有住房；电价背景：峰谷分时电价；定时/自动控制经验：偶尔使用；既有错峰经验：没有参加过；受扰后恢复偏好：改回原安排；其他背景设备：冰箱。
空调 1台，每周 每天（7天）；傍晚到睡前（18:00—23:00），制冷设定 27℃，室温希望范围 26—28℃，可接受变化 1.5℃。条件：有人在受控房间时使用；18:00–18:30若空屋预冷，须当天确认家户许可及实际预约/远控能力，否则到家后开启；空屋冷量不算舒适收益。
洗衣机 1台，每周 每天（7天）；默认 19:00，可从 19:00 开始，最晚 23:00 完成，一次 60 分钟。条件：默认时刻须有成员在家并完成装载；轮班或事件日另核，不默认预约或远程启动。
电热水器 1台，每周 每天（7天）；加热 19:50–22:00，需热水 21:00，提前加热：不希望提前加热。条件：普通加热须对准有人需要热水的时段；事件日及额外提前加热按当次许可确认。
参与者对十天方案的选择、理由和评分尚未填写。",UNKNOWN,NOT_COLLECTED,NOT_EXPORTED_PENDING_D_ACCEPTANCE,UNKNOWN
cityrole-0052,eb.synthetic_fixed_profile_300.v1,上海市,上海,310000,1,1,0,mostly_occupied,mostly_home,regular,2000,240,1,电费超出预算会挤占必要支出,必要生活开支较多，本月电费变化容易挤占其他项目。,comfort_priority,1,5,2,confirm_required,72,shared_dwelling_private_rooms_with_allocated_common_area,one_room,1,20-29,24.5,synthetic_H6_like_household_attributed_building_area_in_shared_dwelling,115.354151,experimental_F_scaled_whole_dwelling,90_119,matches_F_experimental_whole_dwelling,apartment,middle,2,cn-home-0052,shared_flat_private_rooms,Low-rise apartment_Shanghai_2001,middle,23.275,19.574898,3.700102,CHN_Shanghai.Shanghai.583620_CSWD,20.633,aba93c03542042b4da278198119f5b6966aff75e1b2c1eb04acd749f5e5671f3,cb033afbd1064157a478d75415316a7036c3a3f74adbd89a692a87745d89a1ee,1,1,1,assigned_private_rooms_ac_only,0,,上海市的1人家庭。合住住房中本户独用1间房，分摊建筑面积约24.5平方米；整套住房设计建筑面积约115.354平方米（按模型整套净面积和实验0.95比值换算）；仅私有房间的1台空调可由本户安排，公共设备不纳入。主要说明人（29岁，通常主要在家）。通常白天有人在家。家庭月收入情境约2000元，通常月电费情境约240元；电费超出预算会挤占必要支出。必要生活开支较多，本月电费变化容易挤占其他项目。纳入安排的设备：空调。节费重视1/5，舒适重视5/5，系统控制边界是每次先确认；希望提前72小时通知。虽然电费挤压预算，但家里更在意任务按原计划完成，不愿为了少量节费频繁改时间。,"【合成角色条件；尚无真人回答】
cityrole-0052｜上海上海市｜1人｜合住，本户独用1间自然房；24.5㎡是本户分摊建筑面积，整套住房设计建筑面积约115.354㎡，按冻结源单元净面积和实验 0.95 比值换算，并非实测。
楼房中的一套住宅，楼层位置 中间层，房龄背景 2000—2009年；住宅原型 Low-rise apartment_Shanghai_2001，源户位 middle，天气代理站 CHN_Shanghai.Shanghai.583620_CSWD（距城市约20.6km）；天气/原型及房龄并非本户实测。
m01 主要说明人，29岁，居家工作/学习 / 主要在家生活，包括居家工作、学习、休息或照护；工作日通常在家 00:00–24:00；室温感受：不太敏感，室温变化较大也通常能适应；电器时间：只接受小幅提前或推迟；参与安排：通常主要由这位成员决定；需求优先：没有特别优先；节费/错峰重视 1/4；系统控制：每次先问，得到明确同意后再调整。
通常白天：大部分时间有人；晚间：大部分时间有人；作息：大体固定；深夜用电：很少或没有；事件当天是否在受控房间另核。
家庭月收入情境 2000元、上月电费情境 240元；电费压力 1/5。必要生活开支较多，本月电费变化容易挤占其他项目。
节费/舒适/错峰重视 1/5/2；控制边界：每次先问我，得到明确同意后再调整；提前通知 三天或更早；受保护活动：睡眠休息, 做饭用餐。
居住方式：与他人合租；电价背景：单一时段电价；定时/自动控制经验：没有使用过；既有错峰经验：没有参加过；受扰后恢复偏好：改回原安排；其他背景设备：没有上述设备。
空调 1台，每周 2—3天；自己选择使用时段（可跨午夜），制冷设定 24℃，室温希望范围 23—25℃，可接受变化 0.5℃，自选时段 16:00–23:00。条件：有人在受控房间时使用；轮班或事件日另核，不把空屋冷量算作舒适收益。
参与者对十天方案的选择、理由和评分尚未填写。",UNKNOWN,NOT_COLLECTED,NOT_EXPORTED_PENDING_D_ACCEPTANCE,UNKNOWN
cityrole-0053,eb.synthetic_fixed_profile_300.v1,上海市,上海,310000,1,1,0,variable,varies,irregular,9500,360,3,电费可承担，但会留意变化,本月电费可承担，但家庭会留意它的变化。,both_high,5,5,2,confirm_required,0.5,shared_dwelling_private_rooms_with_allocated_common_area,one_room,1,13-16,14.5,synthetic_H6_like_household_attributed_building_area_in_shared_dwelling,65.871764,experimental_F_scaled_whole_dwelling,50_89,matches_F_experimental_whole_dwelling,apartment,middle,2,cn-home-0053,shared_flat_private_rooms,Low-rise apartment_Shanghai_2001,edge,13.775,11.400727,2.374273,CHN_Shanghai.Shanghai.583620_CSWD,20.633,aba93c03542042b4da278198119f5b6966aff75e1b2c1eb04acd749f5e5671f3,01499d037483096069ee372277ae4dd8d2dcd6a8c3fbd107926aacba86ccc6ed,1,1,2,assigned_private_rooms_ac_only,0,,上海市的1人家庭。合住住房中本户独用1间房，分摊建筑面积约14.5平方米；整套住房设计建筑面积约65.8718平方米（按模型整套净面积和实验0.95比值换算）；仅私有房间的1台空调可由本户安排，公共设备不纳入。主要说明人（34岁，轮班或时间多变）。通常白天不固定。家庭月收入情境约9500元，通常月电费情境约360元；电费可承担，但会留意变化。本月电费可承担，但家庭会留意它的变化。纳入安排的设备：空调。节费重视5/5，舒适重视5/5，系统控制边界是每次先确认；希望提前0.5小时通知。费用压力描述的是当前预算余量；节费重视描述的是调整方案时的取舍，两者分别考虑。空屋提前开空调须另确认预约或远控与本人许可。轮班日按当天在家情况确认。,"【合成角色条件；尚无真人回答】
cityrole-0053｜上海上海市｜1人｜合住，本户独用1间自然房；14.5㎡是本户分摊建筑面积，整套住房设计建筑面积约65.8718㎡，按冻结源单元净面积和实验 0.95 比值换算，并非实测。
楼房中的一套住宅，楼层位置 中间层，房龄背景 2000—2009年；住宅原型 Low-rise apartment_Shanghai_2001，源户位 edge，天气代理站 CHN_Shanghai.Shanghai.583620_CSWD（距城市约20.6km）；天气/原型及房龄并非本户实测。
m01 主要说明人，34岁，轮班工作 / 轮班或时间经常变化；工作日到家时段不固定；室温感受：比较敏感，小幅变化也容易不舒服；电器时间：只接受小幅提前或推迟；参与安排：通常主要由这位成员决定；需求优先：没有特别优先；节费/错峰重视 5/2；系统控制：每次先问，得到明确同意后再调整。
通常白天：不固定，很难概括；晚间：每天不太固定；作息：变化较多；深夜用电：偶尔；事件当天是否在受控房间另核。
家庭月收入情境 9500元、上月电费情境 360元；电费压力 3/5。本月电费可承担，但家庭会留意它的变化。
节费/舒适/错峰重视 5/5/2；控制边界：每次先问我，得到明确同意后再调整；提前通知 半小时；受保护活动：睡眠休息, 做饭用餐。
居住方式：与他人合租；电价背景：峰谷分时电价；定时/自动控制经验：经常使用；既有错峰经验：没有参加过；受扰后恢复偏好：改回原安排；其他背景设备：没有上述设备。
空调 1台，每周 4—6天；傍晚到睡前（18:00—23:00），制冷设定 25℃，室温希望范围 24—26℃，可接受变化 1℃。条件：有人在受控房间时使用；18:00–18:30若空屋预冷，须当天确认家户许可及实际预约/远控能力，否则到家后开启；空屋冷量不算舒适收益。
参与者对十天方案的选择、理由和评分尚未填写。",UNKNOWN,NOT_COLLECTED,NOT_EXPORTED_PENDING_D_ACCEPTANCE,UNKNOWN
cityrole-0054,eb.synthetic_fixed_profile_300.v1,曲靖市,云南,530300,2,1,0,sometimes_occupied,partly_home,partly_regular,9000,120,2,电费有压力，需调整其他开支,必要生活开支较多，本月电费变化容易挤占其他项目。,both_low,1,1,5,low_auto_accept,12,shared_dwelling_private_rooms_with_allocated_common_area,one_room,1,9-12,21.0,synthetic_H6_like_household_attributed_building_area_in_shared_dwelling,95.400486,experimental_F_scaled_whole_dwelling,90_119,matches_F_experimental_whole_dwelling,apartment,top,4,cn-home-0054,shared_flat_private_rooms,Low-rise apartment_Kunming_2019,edge,19.95,16.511397,3.438603,CHN_Yunnan.Kunming.567780_CSWD,127.046,ab3417f42c60862f14bb0efe905ce5f50ad75d0240501c74f685b86b48c74956,06c97950a4d3423942c16707722407547b51eb07a119b79410e8dbbe336bd31c,1,1,2,assigned_private_rooms_ac_only,0,,曲靖市的2人家庭。合住住房中本户独用1间房，分摊建筑面积约21平方米；整套住房设计建筑面积约95.4005平方米（按模型整套净面积和实验0.95比值换算）；仅私有房间的1台空调可由本户安排，公共设备不纳入。主要说明人（47岁，在家外出交替）、伴侣（46岁，通常定时外出）。通常白天部分时间有人。家庭月收入情境约9000元，通常月电费情境约120元；电费有压力，需调整其他开支。必要生活开支较多，本月电费变化容易挤占其他项目。纳入安排的设备：空调。节费重视1/5，舒适重视1/5，系统控制边界是以自己安排为主；希望提前12小时通知。虽然电费挤压预算，但家里更在意任务按原计划完成，不愿为了少量节费频繁改时间。空屋提前开空调须另确认预约或远控与本人许可。,"【合成角色条件；尚无真人回答】
cityrole-0054｜云南曲靖市｜2人｜合住，本户独用1间自然房；21㎡是本户分摊建筑面积，整套住房设计建筑面积约95.4005㎡，按冻结源单元净面积和实验 0.95 比值换算，并非实测。
楼房中的一套住宅，楼层位置 顶层，房龄背景 2010—2019年；住宅原型 Low-rise apartment_Kunming_2019，源户位 edge，天气代理站 CHN_Yunnan.Kunming.567780_CSWD（距城市约127.0km）；天气/原型及房龄并非本户实测。
m01 主要说明人，47岁，照顾家人 / 部分时间在家，部分时间外出；工作日通常在家 00:00–09:00、12:00–15:00、19:00–24:00；室温感受：能接受小幅变化，变化较大会不舒服；电器时间：只要按时完成，具体运行时间都可以；参与安排：通常主要由这位成员决定；需求优先：没有特别优先；节费/错峰重视 1/5；系统控制：更愿意自己安排，尽量不让系统调整。
m02 伴侣，46岁，在外工作 / 通常固定时间外出工作或学习；工作日通常在家 00:00–07:30、18:30–24:00；室温感受：比较敏感，小幅变化也容易不舒服；电器时间：只接受小幅提前或推迟；参与安排：通常与家人共同商量决定；需求优先：没有特别优先；节费/错峰重视 1/1；系统控制：每次先问，得到明确同意后再调整。
通常白天：部分时间有人；晚间：部分时间有人；作息：部分成员或部分日期固定；深夜用电：很少或没有；事件当天是否在受控房间另核。
家庭月收入情境 9000元、上月电费情境 120元；电费压力 2/5。必要生活开支较多，本月电费变化容易挤占其他项目。
节费/舒适/错峰重视 1/1/5；控制边界：更愿意自己安排，尽量不让系统调整；提前通知 半天；受保护活动：睡眠休息, 做饭用餐。
居住方式：与他人合租；电价背景：峰谷分时电价；定时/自动控制经验：经常使用；既有错峰经验：没有参加过；受扰后恢复偏好：保留自动安排；其他背景设备：没有上述设备。
空调 1台，每周 每天（7天）；傍晚到睡前（18:00—23:00），制冷设定 26℃，室温希望范围 25—27℃，可接受变化 1.5℃。条件：有人在受控房间时使用；18:00–18:30若空屋预冷，须当天确认家户许可及实际预约/远控能力，否则到家后开启；空屋冷量不算舒适收益。
参与者对十天方案的选择、理由和评分尚未填写。",UNKNOWN,NOT_COLLECTED,NOT_EXPORTED_PENDING_D_ACCEPTANCE,UNKNOWN
cityrole-0055,eb.synthetic_fixed_profile_300.v1,桦甸市,吉林,220282,1,1,1,mostly_absent,mostly_home,regular,6500,520,2,电费有压力，需调整其他开支,本月收入已有其他固定支出安排，可灵活调整的预算较紧。,saving_priority,5,1,5,low_auto_accept,12,shared_dwelling_private_rooms_with_allocated_common_area,one_room,1,20-29,24.5,synthetic_H6_like_household_attributed_building_area_in_shared_dwelling,111.300567,experimental_F_scaled_whole_dwelling,90_119,matches_F_experimental_whole_dwelling,apartment,middle,3,cn-home-0055,shared_flat_private_rooms,Low-rise apartment_Donggang_2018,edge,23.275,19.263297,4.011703,CHN_Jilin.Donggang.542840_CSWD,118.434,568322f0d73675040ccf73e549919c8f7a758314ffa290f679210abebdd08404,ee520384aed50134954ec1d9b6965967e3e1a152dadb5e30aa152e9b58ac0624,1,1,2,assigned_private_rooms_ac_only,0,,桦甸市的1人家庭。合住住房中本户独用1间房，分摊建筑面积约24.5平方米；整套住房设计建筑面积约111.301平方米（按模型整套净面积和实验0.95比值换算）；仅私有房间的1台空调可由本户安排，公共设备不纳入。主要说明人（72岁，通常定时外出）。通常白天多在外。家庭月收入情境约6500元，通常月电费情境约520元；电费有压力，需调整其他开支。本月收入已有其他固定支出安排，可灵活调整的预算较紧。纳入安排的设备：空调。节费重视5/5，舒适重视1/5，系统控制边界是以自己安排为主；希望提前12小时通知。费用压力描述的是当前预算余量；节费重视描述的是调整方案时的取舍，两者分别考虑。空屋提前开空调须另确认预约或远控与本人许可。,"【合成角色条件；尚无真人回答】
cityrole-0055｜吉林桦甸市｜1人｜合住，本户独用1间自然房；24.5㎡是本户分摊建筑面积，整套住房设计建筑面积约111.301㎡，按冻结源单元净面积和实验 0.95 比值换算，并非实测。
楼房中的一套住宅，楼层位置 中间层，房龄背景 2010—2019年；住宅原型 Low-rise apartment_Donggang_2018，源户位 edge，天气代理站 CHN_Jilin.Donggang.542840_CSWD（距城市约118.4km）；天气/原型及房龄并非本户实测。
m01 主要说明人，72岁，在外工作 / 通常固定时间外出工作或学习；工作日通常在家 00:00–07:30、18:30–24:00；室温感受：不太敏感，室温变化较大也通常能适应；电器时间：只要按时完成，具体运行时间都可以；参与安排：通常主要由这位成员决定；需求优先：没有特别优先；节费/错峰重视 5/3；系统控制：更愿意自己安排，尽量不让系统调整。
通常白天：大部分时间没人；晚间：大部分时间有人；作息：大体固定；深夜用电：很少或没有；事件当天是否在受控房间另核。
家庭月收入情境 6500元、上月电费情境 520元；电费压力 2/5。本月收入已有其他固定支出安排，可灵活调整的预算较紧。
节费/舒适/错峰重视 5/1/5；控制边界：更愿意自己安排，尽量不让系统调整；提前通知 半天；受保护活动：睡眠休息, 做饭用餐。
居住方式：与他人合租；电价背景：峰谷分时电价；定时/自动控制经验：没有使用过；既有错峰经验：没有参加过；受扰后恢复偏好：保留自动安排；其他背景设备：没有上述设备。
空调 1台，每周 2—3天；傍晚到睡前（18:00—23:00），制冷设定 27℃，室温希望范围 26—28℃，可接受变化 0.5℃。条件：有人在受控房间时使用；18:00–18:30若空屋预冷，须当天确认家户许可及实际预约/远控能力，否则到家后开启；空屋冷量不算舒适收益。
参与者对十天方案的选择、理由和评分尚未填写。",UNKNOWN,NOT_COLLECTED,NOT_EXPORTED_PENDING_D_ACCEPTANCE,UNKNOWN
cityrole-0056,eb.synthetic_fixed_profile_300.v1,枣庄市,山东,370400,3,2,0,sometimes_occupied,varies,irregular,28500,720,2,电费有压力，需调整其他开支,本月收入已有其他固定支出安排，可灵活调整的预算较紧。,middle,3,3,4,high_trust_auto,12,independent_dwelling,four_rooms,4,40-49,133.5,synthetic_H6_like_whole_dwelling_building_area,133.5,known_synthetic_whole_dwelling,120_159,matches_synthetic_whole_dwelling,apartment,ground,1,cn-home-0056,self_contained_four_room_thermally_aggregated,Low-rise apartment_Yanzhou_2010,edge,100.37594,100.37594,0,CHN_Shandong.Yanzhou.549160_CSWD,94.177,ca262a128945596506db8a2188612ca56eb68574553dcb5ab98dd652312e296e,273dc69669ea7d997903b459be25de7c4ad33cb13a7d5efee96284cb2bfb9f5d,7,7,10,household_selected_devices,0,,枣庄市的3人家庭。独立住房建筑面积约133.5平方米，七普口径至少4间自然房间。主要说明人（55岁，通常定时外出）、子女（21岁，轮班或时间多变）、子女（22岁，在家外出交替）。通常白天部分时间有人。家庭月收入情境约28500元，通常月电费情境约720元；电费有压力，需调整其他开支。本月收入已有其他固定支出安排，可灵活调整的预算较紧。纳入安排的设备：空调、洗衣机、洗碗机、电热水器。节费重视3/5，舒适重视3/5，系统控制边界是约定范围内可自动调整；希望提前12小时通知。费用压力描述的是当前预算余量；节费重视描述的是调整方案时的取舍，两者分别考虑。洗衣等任务需有人在家完成装载。轮班日按当天在家情况确认。,"【合成角色条件；尚无真人回答】
cityrole-0056｜山东枣庄市｜3人｜独立住宅，H7 至少4间自然房；整套设计建筑面积133.5㎡。
楼房中的一套住宅，楼层位置 底层，房龄背景 2010—2019年；住宅原型 Low-rise apartment_Yanzhou_2010，源户位 edge，天气代理站 CHN_Shandong.Yanzhou.549160_CSWD（距城市约94.2km）；天气/原型及房龄并非本户实测。
m01 主要说明人，55岁，在外工作 / 通常固定时间外出工作或学习；工作日通常在家 00:00–07:30、18:30–24:00；室温感受：比较敏感，小幅变化也容易不舒服；电器时间：希望按原定时间运行，尽量不调整；参与安排：通常主要由这位成员决定；需求优先：没有特别优先；节费/错峰重视 3/1；系统控制：在约定范围内，可以让系统自动调整。
m02 子女，21岁，轮班工作 / 轮班或时间经常变化；工作日到家时段不固定；室温感受：不太敏感，室温变化较大也通常能适应；电器时间：只要按时完成，具体运行时间都可以；参与安排：通常与家人共同商量决定；需求优先：没有特别优先；节费/错峰重视 3/2；系统控制：在约定范围内，可以让系统自动调整。
m03 子女，22岁，暂未工作（非退休） / 部分时间在家，部分时间外出；工作日通常在家 00:00–09:00、12:00–15:00、19:00–24:00；室温感受：能接受小幅变化，变化较大会不舒服；电器时间：只要按时完成，具体运行时间都可以；参与安排：通常与家人共同商量决定；需求优先：没有特别优先；节费/错峰重视 5/3；系统控制：更愿意自己安排，尽量不让系统调整。
通常白天：部分时间有人；晚间：每天不太固定；作息：变化较多；深夜用电：偶尔；事件当天是否在受控房间另核。
家庭月收入情境 28500元、上月电费情境 720元；电费压力 2/5。本月收入已有其他固定支出安排，可灵活调整的预算较紧。
节费/舒适/错峰重视 3/3/4；控制边界：在约定范围内，可以让系统自动调整；提前通知 半天；受保护活动：睡眠休息, 做饭用餐。
居住方式：与他人合租；电价背景：峰谷分时电价；定时/自动控制经验：没有使用过；既有错峰经验：没有参加过；受扰后恢复偏好：先看影响再决定；其他背景设备：冰箱。
空调 1台，每周 4—6天；自己选择使用时段（可跨午夜），制冷设定 24℃，室温希望范围 23—25℃，可接受变化 1℃，自选时段 19:00–23:00。条件：有人在受控房间时使用；轮班或事件日另核，不把空屋冷量算作舒适收益。
洗衣机 1台，每周 4—6天；默认 21:00，可从 19:00 开始，最晚 24:00 完成，一次 60 分钟。条件：默认时刻须有成员在家并完成装载；轮班或事件日另核，不默认预约或远程启动。
洗碗机 1台，每周 4—6天；默认 19:00，可从 19:00 开始，最晚 23:00 完成，一次 60 分钟。条件：默认时刻须有成员在家并完成装载；轮班或事件日另核，不默认预约或远程启动。
电热水器 1台，每周 4—6天；加热 19:00–22:00，需热水 21:00，提前加热：每次先确认。条件：普通加热须对准有人需要热水的时段；事件日及额外提前加热按当次许可确认。
参与者对十天方案的选择、理由和评分尚未填写。",UNKNOWN,NOT_COLLECTED,NOT_EXPORTED_PENDING_D_ACCEPTANCE,UNKNOWN
cityrole-0057,eb.synthetic_fixed_profile_300.v1,石河子市,新疆,659001,3,1,0,mostly_occupied,partly_home,partly_regular,28500,360,4,电费有余量，通常不需改变开支,本月电费占可安排预算较小。,both_high,4,4,4,low_auto_accept,24,independent_dwelling,one_room,1,30-39,103.5,synthetic_H6_like_whole_dwelling_building_area,103.5,known_synthetic_whole_dwelling,90_119,matches_synthetic_whole_dwelling,apartment,middle,7,cn-home-0057,self_contained_openplan,High-rise apartment(slab type)_Wusu_2010,edge,77.819549,77.819549,0,CHN_Xinjiang.Uygur.Wusu.513460_CSWD,108.708,f98173af5704a3fdb6c5633161f1b0c879379f1e9c6c9ccd97a9e5d7bce6b674,5099df17d0b1cee7b76bfa9cb332f53f108213b278969f3b0d065ac2eccf6065,7,7,10,household_selected_devices,1,m03,石河子市的3人家庭。独立住房建筑面积约103.5平方米，七普口径至少1间自然房间。主要说明人（46岁，通常主要在家）、伴侣（46岁，在家外出交替）、兄弟姐妹（44岁，通常定时外出）。通常白天有人在家。家庭月收入情境约28500元，通常月电费情境约360元；电费有余量，通常不需改变开支。本月电费占可安排预算较小。纳入安排的设备：洗衣机、电热水器、可在家充电的电动车。节费重视4/5，舒适重视4/5，系统控制边界是以自己安排为主；希望提前24小时通知。当前电费负担不重，但仍重视避免浪费。洗衣等任务需有人在家完成装载。,"【合成角色条件；尚无真人回答】
cityrole-0057｜新疆石河子市｜3人｜独立住宅，H7 至少1间自然房；整套设计建筑面积103.5㎡。
楼房中的一套住宅，楼层位置 中间层，房龄背景 2010—2019年；住宅原型 High-rise apartment(slab type)_Wusu_2010，源户位 edge，天气代理站 CHN_Xinjiang.Uygur.Wusu.513460_CSWD（距城市约108.7km）；天气/原型及房龄并非本户实测。
m01 主要说明人，46岁，居家工作/学习 / 主要在家生活，包括居家工作、学习、休息或照护；工作日通常在家 00:00–24:00；室温感受：能接受小幅变化，变化较大会不舒服；电器时间：希望按原定时间运行，尽量不调整；参与安排：通常主要由这位成员决定；需求优先：没有特别优先；节费/错峰重视 4/4；系统控制：更愿意自己安排，尽量不让系统调整。
m02 伴侣，46岁，照顾家人 / 部分时间在家，部分时间外出；工作日通常在家 00:00–09:00、12:00–15:00、19:00–24:00；室温感受：比较敏感，小幅变化也容易不舒服；电器时间：希望按原定时间运行，尽量不调整；参与安排：通常与家人共同商量决定；需求优先：没有特别优先；节费/错峰重视 4/5；系统控制：每次先问，得到明确同意后再调整。
m03 兄弟姐妹，44岁，在外工作 / 通常固定时间外出工作或学习；工作日通常在家 00:00–07:30、18:30–24:00；室温感受：不太敏感，室温变化较大也通常能适应；电器时间：只要按时完成，具体运行时间都可以；参与安排：通常与家人共同商量决定；需求优先：没有特别优先；节费/错峰重视 1/1；系统控制：在约定范围内，可以让系统自动调整。
通常白天：大部分时间有人；晚间：部分时间有人；作息：部分成员或部分日期固定；深夜用电：很少或没有；事件当天是否在受控房间另核。
家庭月收入情境 28500元、上月电费情境 360元；电费压力 4/5。本月电费占可安排预算较小。
节费/舒适/错峰重视 4/4/4；控制边界：更愿意自己安排，尽量不让系统调整；提前通知 一天；受保护活动：睡眠休息, 做饭用餐。
居住方式：整套租住；电价背景：单一时段电价；定时/自动控制经验：没有使用过；既有错峰经验：参加过；受扰后恢复偏好：改回原安排；其他背景设备：冰箱。
洗衣机 1台，每周 每天（7天）；默认 19:00，可从 19:00 开始，最晚 23:00 完成，一次 60 分钟。条件：默认时刻须有成员在家并完成装载；轮班或事件日另核，不默认预约或远程启动。
电热水器 1台，每周 每天（7天）；加热 19:50–22:00，需热水 21:00，提前加热：不希望提前加热。条件：普通加热须对准有人需要热水的时段；事件日及额外提前加热按当次许可确认。
可在家充电的电动汽车 1辆，每周 每天（7天）；接入 21:00，次日离家 07:00，目标/保底电量 70%/40%，驾驶成员 m03。条件：由m03在典型外出日返家后接入；车辆实际到家、次日离家与充电权限按当天确认。
参与者对十天方案的选择、理由和评分尚未填写。",UNKNOWN,NOT_COLLECTED,NOT_EXPORTED_PENDING_D_ACCEPTANCE,UNKNOWN
cityrole-0058,eb.synthetic_fixed_profile_300.v1,石家庄市,河北,130100,2,1,0,sometimes_occupied,varies,irregular,13000,520,5,电费不构成当前预算约束,本月电费占可安排预算较小。,saving_priority,4,2,2,low_auto_accept,72,independent_dwelling,two_rooms,2,40-49,89.0,synthetic_H6_like_whole_dwelling_building_area,89.0,known_synthetic_whole_dwelling,50_89,matches_synthetic_whole_dwelling,apartment,middle,2,cn-home-0058,self_contained_openplan,Low-rise apartment_Shijiazhuang_2018,edge,66.917293,66.917293,0,CHN_Hebei.Shijiazhuang.536980_CSWD,6.066,f3a95733d503c608e9d1f439a213d678c2cae95a955e24ccc7bcf3b919171fd0,417f36fceb04f244feecb52f433169b4d9e6d4a2bcc0d0d3f2dd799955f27469,7,7,10,household_selected_devices,0,,石家庄市的2人家庭。独立住房建筑面积约89平方米，七普口径至少2间自然房间。主要说明人（34岁，轮班或时间多变）、伴侣（37岁，在家外出交替）。通常白天部分时间有人。家庭月收入情境约13000元，通常月电费情境约520元；电费不构成当前预算约束。本月电费占可安排预算较小。纳入安排的设备：洗衣机、电热水器。节费重视4/5，舒适重视2/5，系统控制边界是以自己安排为主；希望提前72小时通知。当前电费负担不重，但仍重视避免浪费。洗衣等任务需有人在家完成装载。轮班日按当天在家情况确认。,"【合成角色条件；尚无真人回答】
cityrole-0058｜河北石家庄市｜2人｜独立住宅，H7 至少2间自然房；整套设计建筑面积89㎡。
楼房中的一套住宅，楼层位置 中间层，房龄背景 2010—2019年；住宅原型 Low-rise apartment_Shijiazhuang_2018，源户位 edge，天气代理站 CHN_Hebei.Shijiazhuang.536980_CSWD（距城市约6.1km）；天气/原型及房龄并非本户实测。
m01 主要说明人，34岁，轮班工作 / 轮班或时间经常变化；工作日到家时段不固定；室温感受：不太敏感，室温变化较大也通常能适应；电器时间：只接受小幅提前或推迟；参与安排：通常主要由这位成员决定；需求优先：没有特别优先；节费/错峰重视 4/2；系统控制：更愿意自己安排，尽量不让系统调整。
m02 伴侣，37岁，暂未工作（非退休） / 部分时间在家，部分时间外出；工作日通常在家 00:00–09:00、12:00–15:00、19:00–24:00；室温感受：能接受小幅变化，变化较大会不舒服；电器时间：希望按原定时间运行，尽量不调整；参与安排：通常与家人共同商量决定；需求优先：没有特别优先；节费/错峰重视 5/3；系统控制：更愿意自己安排，尽量不让系统调整。
通常白天：部分时间有人；晚间：每天不太固定；作息：变化较多；深夜用电：偶尔；事件当天是否在受控房间另核。
家庭月收入情境 13000元、上月电费情境 520元；电费压力 5/5。本月电费占可安排预算较小。
节费/舒适/错峰重视 4/2/2；控制边界：更愿意自己安排，尽量不让系统调整；提前通知 三天或更早；受保护活动：睡眠休息, 做饭用餐。
居住方式：与他人合租；电价背景：单一时段电价；定时/自动控制经验：没有使用过；既有错峰经验：没有参加过；受扰后恢复偏好：保留自动安排；其他背景设备：冰箱。
洗衣机 1台，每周 2—3天；默认 19:50，可从 19:00 开始，最晚 23:00 完成，一次 60 分钟。条件：默认时刻须有成员在家并完成装载；轮班或事件日另核，不默认预约或远程启动。
电热水器 1台，每周 2—3天；加热 06:00–08:00，需热水 07:00，提前加热：可以提前安排。条件：普通加热须对准有人需要热水的时段；事件日及额外提前加热按当次许可确认。
参与者对十天方案的选择、理由和评分尚未填写。",UNKNOWN,NOT_COLLECTED,NOT_EXPORTED_PENDING_D_ACCEPTANCE,UNKNOWN
cityrole-0059,eb.synthetic_fixed_profile_300.v1,杭州市,浙江,330100,1,1,0,sometimes_occupied,partly_home,partly_regular,3200,220,3,电费可承担，但会留意变化,本月电费可承担，但家庭会留意它的变化。,both_low,2,2,1,high_trust_auto,12,independent_dwelling,three_rooms,3,70及以上,75.0,synthetic_H6_like_whole_dwelling_building_area,75.0,known_synthetic_whole_dwelling,50_89,matches_synthetic_whole_dwelling,apartment,middle,2,cn-home-0059,self_contained_source_three_room,High-rise apartment(slab type)_Hangzhou_2010,edge,56.390977,56.390977,0,CHN_Zhejiang.Hangzhou.584570_CSWD,9.662,a49e0e3321da244b89969ea5899b64711107782fcbfd9fca2d375d484dbe1bea,758b4e77580d95a18a54bfd764737d75e0eea990265ae1587cbb75a58b0d9301,7,7,10,household_selected_devices,0,,杭州市的1人家庭。独立住房建筑面积约75平方米，七普口径至少3间自然房间。主要说明人（52岁，在家外出交替）。通常白天部分时间有人。家庭月收入情境约3200元，通常月电费情境约220元；电费可承担，但会留意变化。本月电费可承担，但家庭会留意它的变化。纳入安排的设备：空调、洗衣机。节费重视2/5，舒适重视2/5，系统控制边界是约定范围内可自动调整；希望提前12小时通知。费用与室温都不是首要判断项，家里更关注日常任务是否照计划完成。洗衣等任务需有人在家完成装载。空屋提前开空调须另确认预约或远控与本人许可。,"【合成角色条件；尚无真人回答】
cityrole-0059｜浙江杭州市｜1人｜独立住宅，H7 至少3间自然房；整套设计建筑面积75㎡。
楼房中的一套住宅，楼层位置 中间层，房龄背景 2010—2019年；住宅原型 High-rise apartment(slab type)_Hangzhou_2010，源户位 edge，天气代理站 CHN_Zhejiang.Hangzhou.584570_CSWD（距城市约9.7km）；天气/原型及房龄并非本户实测。
m01 主要说明人，52岁，照顾家人 / 部分时间在家，部分时间外出；工作日通常在家 00:00–09:00、12:00–15:00、19:00–24:00；室温感受：比较敏感，小幅变化也容易不舒服；电器时间：只接受小幅提前或推迟；参与安排：通常主要由这位成员决定；需求优先：没有特别优先；节费/错峰重视 2/5；系统控制：在约定范围内，可以让系统自动调整。
通常白天：部分时间有人；晚间：部分时间有人；作息：部分成员或部分日期固定；深夜用电：很少或没有；事件当天是否在受控房间另核。
家庭月收入情境 3200元、上月电费情境 220元；电费压力 3/5。本月电费可承担，但家庭会留意它的变化。
节费/舒适/错峰重视 2/2/1；控制边界：在约定范围内，可以让系统自动调整；提前通知 半天；受保护活动：睡眠休息, 做饭用餐。
居住方式：自有住房；电价背景：单一时段电价；定时/自动控制经验：经常使用；既有错峰经验：没有参加过；受扰后恢复偏好：先看影响再决定；其他背景设备：冰箱。
空调 1台，每周 4—6天；傍晚到睡前（18:00—23:00），制冷设定 27℃，室温希望范围 26—28℃，可接受变化 1℃。条件：有人在受控房间时使用；18:00–18:30若空屋预冷，须当天确认家户许可及实际预约/远控能力，否则到家后开启；空屋冷量不算舒适收益。
洗衣机 1台，每周 4—6天；默认 21:00，可从 19:00 开始，最晚 24:00 完成，一次 60 分钟。条件：默认时刻须有成员在家并完成装载；轮班或事件日另核，不默认预约或远程启动。
参与者对十天方案的选择、理由和评分尚未填写。",UNKNOWN,NOT_COLLECTED,NOT_EXPORTED_PENDING_D_ACCEPTANCE,UNKNOWN
cityrole-0060,eb.synthetic_fixed_profile_300.v1,重庆市,重庆,500000,3,2,0,mostly_occupied,partly_home,partly_regular,19500,520,1,电费超出预算会挤占必要支出,本月收入已有其他固定支出安排，可灵活调整的预算较紧。,middle,3,3,1,confirm_required,1,independent_dwelling,two_rooms,2,30-39,103.5,synthetic_H6_like_whole_dwelling_building_area,103.5,known_synthetic_whole_dwelling,90_119,matches_synthetic_whole_dwelling,apartment,middle,4,cn-home-0060,self_contained_openplan,High-rise apartment(slab type)_Youyang_2001,edge,77.819549,77.819549,0,CHN_Chongqing.Chongqing.Shapingba.575160_CSWD,5.879,454a6f076037de18c42c492b2db58bd57789e0464fbca049b4616ca770465130,c1a0b24321921b12347481ceb0322eefaf46a75aba058d90c24e5ec190b80a97,7,7,10,household_selected_devices,0,,重庆市的3人家庭。独立住房建筑面积约103.5平方米，七普口径至少2间自然房间。主要说明人（58岁，在家外出交替）、子女（21岁，通常主要在家）、子女（21岁，在家外出交替）。通常白天有人在家。家庭月收入情境约19500元，通常月电费情境约520元；电费超出预算会挤占必要支出。本月收入已有其他固定支出安排，可灵活调整的预算较紧。纳入安排的设备：洗衣机。节费重视3/5，舒适重视3/5，系统控制边界是每次先确认；希望提前1小时通知。费用压力描述的是当前预算余量；节费重视描述的是调整方案时的取舍，两者分别考虑。洗衣等任务需有人在家完成装载。,"【合成角色条件；尚无真人回答】
cityrole-0060｜重庆重庆市｜3人｜独立住宅，H7 至少2间自然房；整套设计建筑面积103.5㎡。
楼房中的一套住宅，楼层位置 中间层，房龄背景 2000—2009年；住宅原型 High-rise apartment(slab type)_Youyang_2001，源户位 edge，天气代理站 CHN_Chongqing.Chongqing.Shapingba.575160_CSWD（距城市约5.9km）；天气/原型及房龄并非本户实测。
m01 主要说明人，58岁，暂未工作（非退休） / 部分时间在家，部分时间外出；工作日通常在家 00:00–09:00、12:00–15:00、19:00–24:00；室温感受：能接受小幅变化，变化较大会不舒服；电器时间：只要按时完成，具体运行时间都可以；参与安排：通常主要由这位成员决定；需求优先：没有特别优先；节费/错峰重视 3/3；系统控制：每次先问，得到明确同意后再调整。
m02 子女，21岁，居家工作/学习 / 主要在家生活，包括居家工作、学习、休息或照护；工作日通常在家 00:00–24:00；室温感受：比较敏感，小幅变化也容易不舒服；电器时间：只接受小幅提前或推迟；参与安排：通常与家人共同商量决定；需求优先：没有特别优先；节费/错峰重视 2/4；系统控制：每次先问，得到明确同意后再调整。
m03 子女，21岁，照顾家人 / 部分时间在家，部分时间外出；工作日通常在家 00:00–09:00、12:00–15:00、19:00–24:00；室温感受：不太敏感，室温变化较大也通常能适应；电器时间：只接受小幅提前或推迟；参与安排：通常与家人共同商量决定；需求优先：没有特别优先；节费/错峰重视 4/5；系统控制：在约定范围内，可以让系统自动调整。
通常白天：大部分时间有人；晚间：部分时间有人；作息：部分成员或部分日期固定；深夜用电：很少或没有；事件当天是否在受控房间另核。
家庭月收入情境 19500元、上月电费情境 520元；电费压力 1/5。本月收入已有其他固定支出安排，可灵活调整的预算较紧。
节费/舒适/错峰重视 3/3/1；控制边界：每次先问我，得到明确同意后再调整；提前通知 1 小时；受保护活动：睡眠休息, 做饭用餐。
居住方式：整套租住；电价背景：单一时段电价；定时/自动控制经验：经常使用；既有错峰经验：没有参加过；受扰后恢复偏好：改回原安排；其他背景设备：冰箱。
洗衣机 1台，每周 每天（7天）；默认 19:00，可从 19:00 开始，最晚 23:00 完成，一次 60 分钟。条件：默认时刻须有成员在家并完成装载；轮班或事件日另核，不默认预约或远程启动。
参与者对十天方案的选择、理由和评分尚未填写。",UNKNOWN,NOT_COLLECTED,NOT_EXPORTED_PENDING_D_ACCEPTANCE,UNKNOWN
cityrole-0061,eb.synthetic_fixed_profile_300.v1,福州市,福建,350100,2,1,0,variable,varies,irregular,6400,520,5,电费不构成当前预算约束,家庭已为当前电费预留预算，按这个金额可以承担；增加用电仍需重新权衡。,both_high,5,5,3,high_trust_auto,0,independent_dwelling,one_room,1,20-29,49.0,synthetic_H6_like_whole_dwelling_building_area,49.0,known_synthetic_whole_dwelling,lt50,matches_synthetic_whole_dwelling,apartment,ground,1,cn-home-0061,self_contained_openplan,Low-rise apartment_Fuzhou_2003,middle,36.842105,36.842105,0,CHN_Fujian.Fuzhou.588470_CSWD,1.915,13ebe28528481d0b2a1b5872c4ab6b2aace5cb210c180a2c085ab498572c539c,e4b7688f40a0373c906a29afc8cfad13f43b3425f11724b7d044477dfbbaa8fa,7,7,8,household_selected_devices,0,,福州市的2人家庭。独立住房建筑面积约49平方米，七普口径至少1间自然房间。主要说明人（40岁，通常定时外出）、伴侣（37岁，轮班或时间多变）。通常白天不固定。家庭月收入情境约6400元，通常月电费情境约520元；电费不构成当前预算约束。家庭已为当前电费预留预算，按这个金额可以承担；增加用电仍需重新权衡。纳入安排的设备：空调、洗衣机、洗碗机。节费重视5/5，舒适重视5/5，系统控制边界是约定范围内可自动调整；希望提前0小时通知。当前电费负担不重，但仍重视避免浪费。洗衣等任务需有人在家完成装载。空屋提前开空调须另确认预约或远控与本人许可。轮班日按当天在家情况确认。,"【合成角色条件；尚无真人回答】
cityrole-0061｜福建福州市｜2人｜独立住宅，H7 至少1间自然房；整套设计建筑面积49㎡。
楼房中的一套住宅，楼层位置 底层，房龄背景 2000—2009年；住宅原型 Low-rise apartment_Fuzhou_2003，源户位 middle，天气代理站 CHN_Fujian.Fuzhou.588470_CSWD（距城市约1.9km）；天气/原型及房龄并非本户实测。
m01 主要说明人，40岁，在外工作 / 通常固定时间外出工作或学习；工作日通常在家 00:00–07:30、18:30–24:00；室温感受：不太敏感，室温变化较大也通常能适应；电器时间：只要按时完成，具体运行时间都可以；参与安排：通常主要由这位成员决定；需求优先：没有特别优先；节费/错峰重视 5/1；系统控制：在约定范围内，可以让系统自动调整。
m02 伴侣，37岁，轮班工作 / 轮班或时间经常变化；工作日到家时段不固定；室温感受：能接受小幅变化，变化较大会不舒服；电器时间：只要按时完成，具体运行时间都可以；参与安排：通常与家人共同商量决定；需求优先：没有特别优先；节费/错峰重视 3/2；系统控制：更愿意自己安排，尽量不让系统调整。
通常白天：不固定，很难概括；晚间：每天不太固定；作息：变化较多；深夜用电：偶尔；事件当天是否在受控房间另核。
家庭月收入情境 6400元、上月电费情境 520元；电费压力 5/5。家庭已为当前电费预留预算，按这个金额可以承担；增加用电仍需重新权衡。
节费/舒适/错峰重视 5/5/3；控制边界：在约定范围内，可以让系统自动调整；提前通知 无需提前；受保护活动：睡眠休息, 做饭用餐。
居住方式：自有住房；电价背景：单一时段电价；定时/自动控制经验：没有使用过；既有错峰经验：没有参加过；受扰后恢复偏好：保留自动安排；其他背景设备：冰箱。
空调 2台，每周 2—3天；傍晚到睡前（18:00—23:00），制冷设定 25℃，室温希望范围 24—26℃，可接受变化 0.5℃。条件：有人在受控房间时使用；18:00–18:30若空屋预冷，须当天确认家户许可及实际预约/远控能力，否则到家后开启；空屋冷量不算舒适收益。
洗衣机 1台，每周 2—3天；默认 19:50，可从 19:00 开始，最晚 23:00 完成，一次 60 分钟。条件：默认时刻须有成员在家并完成装载；轮班或事件日另核，不默认预约或远程启动。
洗碗机 1台，每周 2—3天；默认 21:00，可从 19:00 开始，最晚 24:00 完成，一次 60 分钟。条件：默认时刻须有成员在家并完成装载；轮班或事件日另核，不默认预约或远程启动。
参与者对十天方案的选择、理由和评分尚未填写。",UNKNOWN,NOT_COLLECTED,NOT_EXPORTED_PENDING_D_ACCEPTANCE,UNKNOWN
cityrole-0062,eb.synthetic_fixed_profile_300.v1,涟源市,湖南,431382,3,2,1,mostly_occupied,partly_home,partly_regular,9600,360,2,电费有压力，需调整其他开支,必要生活开支较多，本月电费变化容易挤占其他项目。,saving_priority,5,1,4,high_trust_auto,6,independent_dwelling,two_rooms,2,20-29,73.5,synthetic_H6_like_whole_dwelling_building_area,73.5,known_synthetic_whole_dwelling,50_89,matches_synthetic_whole_dwelling,apartment,middle,3,cn-home-0062,self_contained_openplan,Low-rise apartment_Changsha_2001,edge,55.263158,55.263158,0,CHN_Hunan.Changsha.576870_CSWD,136.578,e8e7168934e3e32b0b19806b9369b1def629b01e6bc0965690f5dd17287c339e,08ac6a73946a74e0e2d9913b4b6c4cae47746979381f7174be4424c0cf0ce80d,7,7,10,household_selected_devices,0,,涟源市的3人家庭。独立住房建筑面积约73.5平方米，七普口径至少2间自然房间。主要说明人（61岁，通常主要在家）、子女（34岁，在家外出交替）、子女（33岁，通常定时外出）。通常白天有人在家。家庭月收入情境约9600元，通常月电费情境约360元；电费有压力，需调整其他开支。必要生活开支较多，本月电费变化容易挤占其他项目。纳入安排的设备：空调、洗衣机、烘干机、电热水器。节费重视5/5，舒适重视1/5，系统控制边界是约定范围内可自动调整；希望提前6小时通知。费用压力描述的是当前预算余量；节费重视描述的是调整方案时的取舍，两者分别考虑。洗衣等任务需有人在家完成装载。空屋提前开空调须另确认预约或远控与本人许可。,"【合成角色条件；尚无真人回答】
cityrole-0062｜湖南涟源市｜3人｜独立住宅，H7 至少2间自然房；整套设计建筑面积73.5㎡。
楼房中的一套住宅，楼层位置 中间层，房龄背景 2000—2009年；住宅原型 Low-rise apartment_Changsha_2001，源户位 edge，天气代理站 CHN_Hunan.Changsha.576870_CSWD（距城市约136.6km）；天气/原型及房龄并非本户实测。
m01 主要说明人，61岁，照顾家人 / 主要在家生活，包括居家工作、学习、休息或照护；工作日通常在家 00:00–24:00；室温感受：比较敏感，小幅变化也容易不舒服；电器时间：希望按原定时间运行，尽量不调整；参与安排：通常主要由这位成员决定；需求优先：没有特别优先；节费/错峰重视 5/4；系统控制：在约定范围内，可以让系统自动调整。
m02 子女，34岁，照顾家人 / 部分时间在家，部分时间外出；工作日通常在家 00:00–09:00、12:00–15:00、19:00–24:00；室温感受：不太敏感，室温变化较大也通常能适应；电器时间：只要按时完成，具体运行时间都可以；参与安排：通常与家人共同商量决定；需求优先：没有特别优先；节费/错峰重视 4/5；系统控制：在约定范围内，可以让系统自动调整。
m03 子女，33岁，在外工作 / 通常固定时间外出工作或学习；工作日通常在家 00:00–07:30、18:30–24:00；室温感受：能接受小幅变化，变化较大会不舒服；电器时间：只要按时完成，具体运行时间都可以；参与安排：通常与家人共同商量决定；需求优先：没有特别优先；节费/错峰重视 1/1；系统控制：更愿意自己安排，尽量不让系统调整。
通常白天：大部分时间有人；晚间：部分时间有人；作息：部分成员或部分日期固定；深夜用电：很少或没有；事件当天是否在受控房间另核。
家庭月收入情境 9600元、上月电费情境 360元；电费压力 2/5。必要生活开支较多，本月电费变化容易挤占其他项目。
节费/舒适/错峰重视 5/1/4；控制边界：在约定范围内，可以让系统自动调整；提前通知 6 小时；受保护活动：睡眠休息, 做饭用餐。
居住方式：自有住房；电价背景：单一时段电价；定时/自动控制经验：没有使用过；既有错峰经验：没有参加过；受扰后恢复偏好：先看影响再决定；其他背景设备：冰箱。
空调 1台，每周 4—6天；傍晚到睡前（18:00—23:00），制冷设定 26℃，室温希望范围 25—27℃，可接受变化 1℃。条件：有人在受控房间时使用；18:00–18:30若空屋预冷，须当天确认家户许可及实际预约/远控能力，否则到家后开启；空屋冷量不算舒适收益。
洗衣机 1台，每周 4—6天；默认 21:00，可从 19:00 开始，最晚 24:00 完成，一次 60 分钟。条件：默认时刻须有成员在家并完成装载；轮班或事件日另核，不默认预约或远程启动。
烘干机 1台，每周 4—6天；默认 19:50，可从 19:00 开始，最晚 23:00 完成，一次 90 分钟。条件：默认时刻须有成员在家并完成装载；轮班或事件日另核，不默认预约或远程启动。
电热水器 1台，每周 4—6天；加热 19:00–22:00，需热水 21:00，提前加热：每次先确认。条件：普通加热须对准有人需要热水的时段；事件日及额外提前加热按当次许可确认。
参与者对十天方案的选择、理由和评分尚未填写。",UNKNOWN,NOT_COLLECTED,NOT_EXPORTED_PENDING_D_ACCEPTANCE,UNKNOWN
cityrole-0063,eb.synthetic_fixed_profile_300.v1,广州市,广东,440100,2,1,0,sometimes_occupied,varies,irregular,9000,360,4,电费有余量，通常不需改变开支,本月电费占可安排预算较小。,saving_priority,5,1,4,high_trust_auto,12,shared_dwelling_private_rooms_with_allocated_common_area,one_room,1,13-16,29.0,synthetic_H6_like_household_attributed_building_area_in_shared_dwelling,134.077635,experimental_F_scaled_whole_dwelling,120_159,matches_F_experimental_whole_dwelling,apartment,ground,1,cn-home-0063,shared_flat_private_rooms,Low-rise apartment_Guangzhou_2003,edge,27.55,23.210934,4.339066,CHN_Guangdong.Guangzhou.592870_CSWD,5.46,8aba1405cf372b1266858ed2455d3b45d43a20315f9e450e72373d5a70b4a026,ac7dcd7f8f579b2805148c2bc7342ac991e31a6ac46497728411f89d5de7bb8c,1,1,2,assigned_private_rooms_ac_only,0,,广州市的2人家庭。合住住房中本户独用1间房，分摊建筑面积约29平方米；整套住房设计建筑面积约134.078平方米（按模型整套净面积和实验0.95比值换算）；仅私有房间的1台空调可由本户安排，公共设备不纳入。主要说明人（29岁，轮班或时间多变）、伴侣（27岁，在家外出交替）。通常白天部分时间有人。家庭月收入情境约9000元，通常月电费情境约360元；电费有余量，通常不需改变开支。本月电费占可安排预算较小。纳入安排的设备：空调。节费重视5/5，舒适重视1/5，系统控制边界是约定范围内可自动调整；希望提前12小时通知。当前电费负担不重，但仍重视避免浪费。空屋提前开空调须另确认预约或远控与本人许可。轮班日按当天在家情况确认。,"【合成角色条件；尚无真人回答】
cityrole-0063｜广东广州市｜2人｜合住，本户独用1间自然房；29㎡是本户分摊建筑面积，整套住房设计建筑面积约134.078㎡，按冻结源单元净面积和实验 0.95 比值换算，并非实测。
楼房中的一套住宅，楼层位置 底层，房龄背景 2000—2009年；住宅原型 Low-rise apartment_Guangzhou_2003，源户位 edge，天气代理站 CHN_Guangdong.Guangzhou.592870_CSWD（距城市约5.5km）；天气/原型及房龄并非本户实测。
m01 主要说明人，29岁，轮班工作 / 轮班或时间经常变化；工作日到家时段不固定；室温感受：能接受小幅变化，变化较大会不舒服；电器时间：希望按原定时间运行，尽量不调整；参与安排：通常主要由这位成员决定；需求优先：没有特别优先；节费/错峰重视 5/2；系统控制：在约定范围内，可以让系统自动调整。
m02 伴侣，27岁，暂未工作（非退休） / 部分时间在家，部分时间外出；工作日通常在家 00:00–09:00、12:00–15:00、19:00–24:00；室温感受：比较敏感，小幅变化也容易不舒服；电器时间：希望按原定时间运行，尽量不调整；参与安排：通常与家人共同商量决定；需求优先：没有特别优先；节费/错峰重视 5/3；系统控制：每次先问，得到明确同意后再调整。
通常白天：部分时间有人；晚间：每天不太固定；作息：变化较多；深夜用电：偶尔；事件当天是否在受控房间另核。
家庭月收入情境 9000元、上月电费情境 360元；电费压力 4/5。本月电费占可安排预算较小。
节费/舒适/错峰重视 5/1/4；控制边界：在约定范围内，可以让系统自动调整；提前通知 半天；受保护活动：睡眠休息, 做饭用餐。
居住方式：与他人合租；电价背景：单一时段电价；定时/自动控制经验：偶尔使用；既有错峰经验：没有参加过；受扰后恢复偏好：保留自动安排；其他背景设备：没有上述设备。
空调 1台，每周 每天（7天）；傍晚到睡前（18:00—23:00），制冷设定 27℃，室温希望范围 26—28℃，可接受变化 1.5℃。条件：有人在受控房间时使用；18:00–18:30若空屋预冷，须当天确认家户许可及实际预约/远控能力，否则到家后开启；空屋冷量不算舒适收益。
参与者对十天方案的选择、理由和评分尚未填写。",UNKNOWN,NOT_COLLECTED,NOT_EXPORTED_PENDING_D_ACCEPTANCE,UNKNOWN
cityrole-0064,eb.synthetic_fixed_profile_300.v1,成都市,四川,510100,1,1,0,sometimes_occupied,partly_home,partly_regular,3200,360,5,电费不构成当前预算约束,家庭已为当前电费预留预算，按这个金额可以承担；增加用电仍需重新权衡。,both_low,1,1,1,low_auto_accept,12,independent_dwelling,two_rooms,2,50-59,54.5,synthetic_H6_like_whole_dwelling_building_area,54.5,known_synthetic_whole_dwelling,50_89,matches_synthetic_whole_dwelling,apartment,top,9,cn-home-0064,self_contained_openplan,High-rise apartment(slab type)_Chengdu_2001,middle,40.977444,40.977444,0,CHN_Sichuan.Chengdu.562940_CSWD,2.503,7204a177b51424d23876255d175b502ac55aa3178ba1ac01691f571af00196ed,080474609174dd335edc3c0d463cb41ae699e4cbc66792476bbb7e6aee596423,7,7,8,household_selected_devices,0,,成都市的1人家庭。独立住房建筑面积约54.5平方米，七普口径至少2间自然房间。主要说明人（29岁，在家外出交替）。通常白天部分时间有人。家庭月收入情境约3200元，通常月电费情境约360元；电费不构成当前预算约束。家庭已为当前电费预留预算，按这个金额可以承担；增加用电仍需重新权衡。纳入安排的设备：空调、洗衣机、电热水器。节费重视1/5，舒适重视1/5，系统控制边界是以自己安排为主；希望提前12小时通知。费用与室温都不是首要判断项，家里更关注日常任务是否照计划完成。洗衣等任务需有人在家完成装载。,"【合成角色条件；尚无真人回答】
cityrole-0064｜四川成都市｜1人｜独立住宅，H7 至少2间自然房；整套设计建筑面积54.5㎡。
楼房中的一套住宅，楼层位置 顶层，房龄背景 2000—2009年；住宅原型 High-rise apartment(slab type)_Chengdu_2001，源户位 middle，天气代理站 CHN_Sichuan.Chengdu.562940_CSWD（距城市约2.5km）；天气/原型及房龄并非本户实测。
m01 主要说明人，29岁，照顾家人 / 部分时间在家，部分时间外出；工作日通常在家 00:00–09:00、12:00–15:00、19:00–24:00；室温感受：不太敏感，室温变化较大也通常能适应；电器时间：只接受小幅提前或推迟；参与安排：通常主要由这位成员决定；需求优先：没有特别优先；节费/错峰重视 1/5；系统控制：更愿意自己安排，尽量不让系统调整。
通常白天：部分时间有人；晚间：部分时间有人；作息：部分成员或部分日期固定；深夜用电：很少或没有；事件当天是否在受控房间另核。
家庭月收入情境 3200元、上月电费情境 360元；电费压力 5/5。家庭已为当前电费预留预算，按这个金额可以承担；增加用电仍需重新权衡。
节费/舒适/错峰重视 1/1/1；控制边界：更愿意自己安排，尽量不让系统调整；提前通知 半天；受保护活动：睡眠休息, 做饭用餐。
居住方式：整套租住；电价背景：单一时段电价；定时/自动控制经验：没有使用过；既有错峰经验：参加过；受扰后恢复偏好：先看影响再决定；其他背景设备：冰箱。
空调 1台，每周 2—3天；自己选择使用时段（可跨午夜），制冷设定 24℃，室温希望范围 23—25℃，可接受变化 0.5℃，自选时段 19:00–23:00。条件：有人在受控房间时使用；轮班或事件日另核，不把空屋冷量算作舒适收益。
洗衣机 1台，每周 2—3天；默认 19:50，可从 19:00 开始，最晚 23:00 完成，一次 60 分钟。条件：默认时刻须有成员在家并完成装载；轮班或事件日另核，不默认预约或远程启动。
电热水器 1台，每周 2—3天；加热 06:00–08:00，需热水 07:00，提前加热：可以提前安排。条件：普通加热须对准有人需要热水的时段；事件日及额外提前加热按当次许可确认。
参与者对十天方案的选择、理由和评分尚未填写。",UNKNOWN,NOT_COLLECTED,NOT_EXPORTED_PENDING_D_ACCEPTANCE,UNKNOWN
cityrole-0065,eb.synthetic_fixed_profile_300.v1,邯郸市,河北,130400,4,2,0,mostly_occupied,partly_home,partly_regular,8000,240,1,电费超出预算会挤占必要支出,必要生活开支较多，本月电费变化容易挤占其他项目。,both_low,1,1,2,high_trust_auto,48,independent_dwelling,four_rooms,4,40-49,178.0,synthetic_H6_like_whole_dwelling_building_area,178.0,known_synthetic_whole_dwelling,ge160,matches_synthetic_whole_dwelling,apartment,middle,3,cn-home-0065,self_contained_four_room_thermally_aggregated,Low-rise apartment_Xingtai_2010,middle,133.834586,133.834586,0,CHN_Hebei.Xingtai.537980_CSWD,52.61,7278fcaa76940c7238b63340e28964505fdf0c4c099b8e15073e100407e8be54,acc33443c302facc7576d506684241f4071e07ef96217ad94b8807e05ad3b0a5,7,7,8,household_selected_devices,0,,邯郸市的4人家庭。独立住房建筑面积约178平方米，七普口径至少4间自然房间。主要说明人（45岁，在家外出交替）、子女（6岁，通常定时外出）、伴侣（48岁，在家外出交替）、子女（3岁，通常主要在家）。通常白天有人在家。家庭月收入情境约8000元，通常月电费情境约240元；电费超出预算会挤占必要支出。必要生活开支较多，本月电费变化容易挤占其他项目。纳入安排的设备：空调、洗衣机、洗碗机、电热水器。节费重视1/5，舒适重视1/5，系统控制边界是约定范围内可自动调整；希望提前48小时通知。虽然电费挤压预算，但家里更在意任务按原计划完成，不愿为了少量节费频繁改时间。洗衣等任务需有人在家完成装载。,"【合成角色条件；尚无真人回答】
cityrole-0065｜河北邯郸市｜4人｜独立住宅，H7 至少4间自然房；整套设计建筑面积178㎡。
楼房中的一套住宅，楼层位置 中间层，房龄背景 2010—2019年；住宅原型 Low-rise apartment_Xingtai_2010，源户位 middle，天气代理站 CHN_Hebei.Xingtai.537980_CSWD（距城市约52.6km）；天气/原型及房龄并非本户实测。
m01 主要说明人，45岁，暂未工作（非退休） / 部分时间在家，部分时间外出；工作日通常在家 00:00–09:00、12:00–15:00、19:00–24:00；室温感受：比较敏感，小幅变化也容易不舒服；电器时间：只接受小幅提前或推迟；参与安排：通常主要由这位成员决定；需求优先：没有特别优先；节费/错峰重视 1/3；系统控制：在约定范围内，可以让系统自动调整。
m02 子女，6岁，上学 / 通常固定时间外出工作或学习；工作日通常在家 00:00–07:30、18:30–24:00；室温感受：不太敏感，室温变化较大也通常能适应；电器时间：只接受小幅提前或推迟；参与安排：通常与家人共同商量决定；需求优先：通常会优先考虑；节费/错峰重视 2/4；系统控制：在约定范围内，可以让系统自动调整。
m03 伴侣，48岁，照顾家人 / 部分时间在家，部分时间外出；工作日通常在家 00:00–09:00、12:00–15:00、19:00–24:00；室温感受：能接受小幅变化，变化较大会不舒服；电器时间：希望按原定时间运行，尽量不调整；参与安排：通常与家人共同商量决定；需求优先：没有特别优先；节费/错峰重视 4/5；系统控制：更愿意自己安排，尽量不让系统调整。
m04 子女，3岁，尚未入学 / 主要在家生活，包括居家工作、学习、休息或照护；工作日通常在家 00:00–24:00；室温感受：比较敏感，小幅变化也容易不舒服；电器时间：希望按原定时间运行，尽量不调整；参与安排：通常与家人共同商量决定；需求优先：通常会优先考虑；节费/错峰重视 1/1；系统控制：每次先问，得到明确同意后再调整。
通常白天：大部分时间有人；晚间：部分时间有人；作息：部分成员或部分日期固定；深夜用电：很少或没有；事件当天是否在受控房间另核。
家庭月收入情境 8000元、上月电费情境 240元；电费压力 1/5。必要生活开支较多，本月电费变化容易挤占其他项目。
节费/舒适/错峰重视 1/1/2；控制边界：在约定范围内，可以让系统自动调整；提前通知 两天；受保护活动：睡眠休息, 做饭用餐, 照顾家人。
居住方式：整套租住；电价背景：单一时段电价；定时/自动控制经验：偶尔使用；既有错峰经验：没有参加过；受扰后恢复偏好：先看影响再决定；其他背景设备：冰箱。
空调 2台，每周 4—6天；下午到睡前（14:00—23:00），制冷设定 25℃，室温希望范围 24—26℃，可接受变化 1℃。条件：有人在受控房间时使用；轮班或事件日另核，不把空屋冷量算作舒适收益。
洗衣机 1台，每周 4—6天；默认 21:00，可从 19:00 开始，最晚 24:00 完成，一次 60 分钟。条件：默认时刻须有成员在家并完成装载；轮班或事件日另核，不默认预约或远程启动。
洗碗机 1台，每周 4—6天；默认 19:00，可从 19:00 开始，最晚 23:00 完成，一次 60 分钟。条件：默认时刻须有成员在家并完成装载；轮班或事件日另核，不默认预约或远程启动。
电热水器 1台，每周 4—6天；加热 19:00–22:00，需热水 21:00，提前加热：每次先确认。条件：普通加热须对准有人需要热水的时段；事件日及额外提前加热按当次许可确认。
参与者对十天方案的选择、理由和评分尚未填写。",UNKNOWN,NOT_COLLECTED,NOT_EXPORTED_PENDING_D_ACCEPTANCE,UNKNOWN
cityrole-0066,eb.synthetic_fixed_profile_300.v1,杭州市,浙江,330100,3,2,0,sometimes_occupied,varies,irregular,28500,520,5,电费不构成当前预算约束,本月电费占可安排预算较小。,both_high,4,4,2,confirm_required,3,independent_dwelling,one_room,1,13-16,43.5,synthetic_H6_like_whole_dwelling_building_area,43.5,known_synthetic_whole_dwelling,lt50,matches_synthetic_whole_dwelling,apartment,top,4,cn-home-0066,self_contained_openplan,Low-rise apartment_Hangzhou_2010,edge,32.706767,32.706767,0,CHN_Zhejiang.Hangzhou.584570_CSWD,9.662,a49e0e3321da244b89969ea5899b64711107782fcbfd9fca2d375d484dbe1bea,84010b38b1bc04cf35b57c952f8972f58b324a93323145e71848af4c4cbc9928,7,7,10,household_selected_devices,0,,杭州市的3人家庭。独立住房建筑面积约43.5平方米，七普口径至少1间自然房间。主要说明人（54岁，通常定时外出）、子女（26岁，轮班或时间多变）、子女（27岁，在家外出交替）。通常白天部分时间有人。家庭月收入情境约28500元，通常月电费情境约520元；电费不构成当前预算约束。本月电费占可安排预算较小。纳入安排的设备：空调、洗衣机、电热水器。节费重视4/5，舒适重视4/5，系统控制边界是每次先确认；希望提前3小时通知。当前电费负担不重，但仍重视避免浪费。洗衣等任务需有人在家完成装载。空屋提前开空调须另确认预约或远控与本人许可。轮班日按当天在家情况确认。,"【合成角色条件；尚无真人回答】
cityrole-0066｜浙江杭州市｜3人｜独立住宅，H7 至少1间自然房；整套设计建筑面积43.5㎡。
楼房中的一套住宅，楼层位置 顶层，房龄背景 2010—2019年；住宅原型 Low-rise apartment_Hangzhou_2010，源户位 edge，天气代理站 CHN_Zhejiang.Hangzhou.584570_CSWD（距城市约9.7km）；天气/原型及房龄并非本户实测。
m01 主要说明人，54岁，在外工作 / 通常固定时间外出工作或学习；工作日通常在家 00:00–07:30、18:30–24:00；室温感受：能接受小幅变化，变化较大会不舒服；电器时间：只要按时完成，具体运行时间都可以；参与安排：通常主要由这位成员决定；需求优先：没有特别优先；节费/错峰重视 4/1；系统控制：每次先问，得到明确同意后再调整。
m02 子女，26岁，轮班工作 / 轮班或时间经常变化；工作日到家时段不固定；室温感受：比较敏感，小幅变化也容易不舒服；电器时间：只接受小幅提前或推迟；参与安排：通常与家人共同商量决定；需求优先：没有特别优先；节费/错峰重视 3/2；系统控制：每次先问，得到明确同意后再调整。
m03 子女，27岁，暂未工作（非退休） / 部分时间在家，部分时间外出；工作日通常在家 00:00–09:00、12:00–15:00、19:00–24:00；室温感受：不太敏感，室温变化较大也通常能适应；电器时间：只接受小幅提前或推迟；参与安排：通常与家人共同商量决定；需求优先：没有特别优先；节费/错峰重视 5/3；系统控制：在约定范围内，可以让系统自动调整。
通常白天：部分时间有人；晚间：每天不太固定；作息：变化较多；深夜用电：偶尔；事件当天是否在受控房间另核。
家庭月收入情境 28500元、上月电费情境 520元；电费压力 5/5。本月电费占可安排预算较小。
节费/舒适/错峰重视 4/4/2；控制边界：每次先问我，得到明确同意后再调整；提前通知 3 小时；受保护活动：睡眠休息, 做饭用餐。
居住方式：整套租住；电价背景：峰谷分时电价；定时/自动控制经验：没有使用过；既有错峰经验：没有参加过；受扰后恢复偏好：改回原安排；其他背景设备：冰箱。
空调 1台，每周 每天（7天）；傍晚到睡前（18:00—23:00），制冷设定 26℃，室温希望范围 25—27℃，可接受变化 1.5℃。条件：有人在受控房间时使用；18:00–18:30若空屋预冷，须当天确认家户许可及实际预约/远控能力，否则到家后开启；空屋冷量不算舒适收益。
洗衣机 1台，每周 每天（7天）；默认 19:00，可从 19:00 开始，最晚 23:00 完成，一次 60 分钟。条件：默认时刻须有成员在家并完成装载；轮班或事件日另核，不默认预约或远程启动。
电热水器 1台，每周 每天（7天）；加热 19:50–22:00，需热水 21:00，提前加热：不希望提前加热。条件：普通加热须对准有人需要热水的时段；事件日及额外提前加热按当次许可确认。
参与者对十天方案的选择、理由和评分尚未填写。",UNKNOWN,NOT_COLLECTED,NOT_EXPORTED_PENDING_D_ACCEPTANCE,UNKNOWN
cityrole-0067,eb.synthetic_fixed_profile_300.v1,广州市,广东,440100,3,2,1,sometimes_occupied,partly_home,partly_regular,28500,120,4,电费有余量，通常不需改变开支,本月电费占可安排预算较小。,saving_priority,4,2,2,low_auto_accept,72,independent_dwelling,three_rooms,3,13-16,43.5,synthetic_H6_like_whole_dwelling_building_area,43.5,known_synthetic_whole_dwelling,lt50,matches_synthetic_whole_dwelling,apartment,middle,6,cn-home-0067,self_contained_source_three_room,High-rise apartment(slab type)_Guangzhou_2012,middle,32.706767,32.706767,0,CHN_Guangdong.Guangzhou.592870_CSWD,5.46,8aba1405cf372b1266858ed2455d3b45d43a20315f9e450e72373d5a70b4a026,b15ab6a310423ca20b314719e88c4ac1986e122b2bcbc5a3fe8588882226307d,7,7,8,household_selected_devices,0,,广州市的3人家庭。独立住房建筑面积约43.5平方米，七普口径至少3间自然房间。主要说明人（73岁，通常定时外出）、子女（43岁，在家外出交替）、子女（43岁，通常定时外出）。通常白天部分时间有人。家庭月收入情境约28500元，通常月电费情境约120元；电费有余量，通常不需改变开支。本月电费占可安排预算较小。纳入安排的设备：空调、洗衣机。节费重视4/5，舒适重视2/5，系统控制边界是以自己安排为主；希望提前72小时通知。当前电费负担不重，但仍重视避免浪费。洗衣等任务需有人在家完成装载。空屋提前开空调须另确认预约或远控与本人许可。,"【合成角色条件；尚无真人回答】
cityrole-0067｜广东广州市｜3人｜独立住宅，H7 至少3间自然房；整套设计建筑面积43.5㎡。
楼房中的一套住宅，楼层位置 中间层，房龄背景 2010—2019年；住宅原型 High-rise apartment(slab type)_Guangzhou_2012，源户位 middle，天气代理站 CHN_Guangdong.Guangzhou.592870_CSWD（距城市约5.5km）；天气/原型及房龄并非本户实测。
m01 主要说明人，73岁，在外工作 / 通常固定时间外出工作或学习；工作日通常在家 00:00–07:30、18:30–24:00；室温感受：不太敏感，室温变化较大也通常能适应；电器时间：只要按时完成，具体运行时间都可以；参与安排：通常主要由这位成员决定；需求优先：没有特别优先；节费/错峰重视 4/4；系统控制：更愿意自己安排，尽量不让系统调整。
m02 子女，43岁，照顾家人 / 部分时间在家，部分时间外出；工作日通常在家 00:00–09:00、12:00–15:00、19:00–24:00；室温感受：能接受小幅变化，变化较大会不舒服；电器时间：只要按时完成，具体运行时间都可以；参与安排：通常与家人共同商量决定；需求优先：没有特别优先；节费/错峰重视 4/5；系统控制：更愿意自己安排，尽量不让系统调整。
m03 子女，43岁，在外工作 / 通常固定时间外出工作或学习；工作日通常在家 00:00–07:30、18:30–24:00；室温感受：比较敏感，小幅变化也容易不舒服；电器时间：只接受小幅提前或推迟；参与安排：通常与家人共同商量决定；需求优先：没有特别优先；节费/错峰重视 1/1；系统控制：每次先问，得到明确同意后再调整。
通常白天：部分时间有人；晚间：部分时间有人；作息：部分成员或部分日期固定；深夜用电：很少或没有；事件当天是否在受控房间另核。
家庭月收入情境 28500元、上月电费情境 120元；电费压力 4/5。本月电费占可安排预算较小。
节费/舒适/错峰重视 4/2/2；控制边界：更愿意自己安排，尽量不让系统调整；提前通知 三天或更早；受保护活动：睡眠休息, 做饭用餐。
居住方式：整套租住；电价背景：峰谷分时电价；定时/自动控制经验：偶尔使用；既有错峰经验：没有参加过；受扰后恢复偏好：先看影响再决定；其他背景设备：冰箱。
空调 1台，每周 2—3天；傍晚到睡前（18:00—23:00），制冷设定 27℃，室温希望范围 26—28℃，可接受变化 0.5℃。条件：有人在受控房间时使用；18:00–18:30若空屋预冷，须当天确认家户许可及实际预约/远控能力，否则到家后开启；空屋冷量不算舒适收益。
洗衣机 1台，每周 2—3天；默认 19:50，可从 19:00 开始，最晚 23:00 完成，一次 60 分钟。条件：默认时刻须有成员在家并完成装载；轮班或事件日另核，不默认预约或远程启动。
参与者对十天方案的选择、理由和评分尚未填写。",UNKNOWN,NOT_COLLECTED,NOT_EXPORTED_PENDING_D_ACCEPTANCE,UNKNOWN
cityrole-0068,eb.synthetic_fixed_profile_300.v1,中山市,广东,442000,1,1,0,variable,varies,irregular,3200,360,1,电费超出预算会挤占必要支出,必要生活开支较多，本月电费变化容易挤占其他项目。,comfort_priority,2,4,1,confirm_required,0,shared_dwelling_private_rooms_with_allocated_common_area,one_room,1,20-29,24.5,synthetic_H6_like_household_attributed_building_area_in_shared_dwelling,115.354151,experimental_F_scaled_whole_dwelling,90_119,matches_F_experimental_whole_dwelling,apartment,middle,2,cn-home-0068,shared_flat_private_rooms,Low-rise apartment_Guangzhou_2003,middle,23.275,19.574898,3.700102,CHN_Guangdong.Guangzhou.592870_CSWD,70.855,8aba1405cf372b1266858ed2455d3b45d43a20315f9e450e72373d5a70b4a026,403f22d33fce4f055ec04f4d48dcfbff66137cdf7a29608c71d7085f4dc9adad,1,1,1,assigned_private_rooms_ac_only,0,,中山市的1人家庭。合住住房中本户独用1间房，分摊建筑面积约24.5平方米；整套住房设计建筑面积约115.354平方米（按模型整套净面积和实验0.95比值换算）；仅私有房间的1台空调可由本户安排，公共设备不纳入。主要说明人（24岁，轮班或时间多变）。通常白天不固定。家庭月收入情境约3200元，通常月电费情境约360元；电费超出预算会挤占必要支出。必要生活开支较多，本月电费变化容易挤占其他项目。纳入安排的设备：空调。节费重视2/5，舒适重视4/5，系统控制边界是每次先确认；希望提前0小时通知。虽然电费挤压预算，但家里更在意任务按原计划完成，不愿为了少量节费频繁改时间。轮班日按当天在家情况确认。,"【合成角色条件；尚无真人回答】
cityrole-0068｜广东中山市｜1人｜合住，本户独用1间自然房；24.5㎡是本户分摊建筑面积，整套住房设计建筑面积约115.354㎡，按冻结源单元净面积和实验 0.95 比值换算，并非实测。
楼房中的一套住宅，楼层位置 中间层，房龄背景 2000—2009年；住宅原型 Low-rise apartment_Guangzhou_2003，源户位 middle，天气代理站 CHN_Guangdong.Guangzhou.592870_CSWD（距城市约70.9km）；天气/原型及房龄并非本户实测。
m01 主要说明人，24岁，轮班工作 / 轮班或时间经常变化；工作日到家时段不固定；室温感受：比较敏感，小幅变化也容易不舒服；电器时间：希望按原定时间运行，尽量不调整；参与安排：通常主要由这位成员决定；需求优先：没有特别优先；节费/错峰重视 2/2；系统控制：每次先问，得到明确同意后再调整。
通常白天：不固定，很难概括；晚间：每天不太固定；作息：变化较多；深夜用电：偶尔；事件当天是否在受控房间另核。
家庭月收入情境 3200元、上月电费情境 360元；电费压力 1/5。必要生活开支较多，本月电费变化容易挤占其他项目。
节费/舒适/错峰重视 2/4/1；控制边界：每次先问我，得到明确同意后再调整；提前通知 无需提前；受保护活动：睡眠休息, 做饭用餐。
居住方式：与他人合租；电价背景：峰谷分时电价；定时/自动控制经验：偶尔使用；既有错峰经验：没有参加过；受扰后恢复偏好：保留自动安排；其他背景设备：没有上述设备。
空调 1台，每周 4—6天；自己选择使用时段（可跨午夜），制冷设定 24℃，室温希望范围 23—25℃，可接受变化 1℃，自选时段 19:00–23:00。条件：有人在受控房间时使用；轮班或事件日另核，不把空屋冷量算作舒适收益。
参与者对十天方案的选择、理由和评分尚未填写。",UNKNOWN,NOT_COLLECTED,NOT_EXPORTED_PENDING_D_ACCEPTANCE,UNKNOWN
cityrole-0069,eb.synthetic_fixed_profile_300.v1,昆明市,云南,530100,2,1,0,sometimes_occupied,partly_home,partly_regular,19000,360,3,电费可承担，但会留意变化,本月电费可承担，但家庭会留意它的变化。,both_low,2,2,1,high_trust_auto,24,independent_dwelling,three_rooms,3,70及以上,150.0,synthetic_H6_like_whole_dwelling_building_area,150.0,known_synthetic_whole_dwelling,120_159,matches_synthetic_whole_dwelling,apartment,middle,8,cn-home-0069,self_contained_source_three_room,High-rise apartment(slab type)_Kunming_2019,middle,112.781955,112.781955,0,CHN_Yunnan.Kunming.567780_CSWD,4.802,ab3417f42c60862f14bb0efe905ce5f50ad75d0240501c74f685b86b48c74956,406caa0fa36cdac1d5db9a73296e064eb2147e9f2f272f23ccda6f58f75c6af2,7,7,8,household_selected_devices,0,,昆明市的2人家庭。独立住房建筑面积约150平方米，七普口径至少3间自然房间。主要说明人（31岁，在家外出交替）、伴侣（29岁，通常定时外出）。通常白天部分时间有人。家庭月收入情境约19000元，通常月电费情境约360元；电费可承担，但会留意变化。本月电费可承担，但家庭会留意它的变化。纳入安排的设备：空调、洗衣机、电热水器。节费重视2/5，舒适重视2/5，系统控制边界是约定范围内可自动调整；希望提前24小时通知。费用与室温都不是首要判断项，家里更关注日常任务是否照计划完成。洗衣等任务需有人在家完成装载。空屋提前开空调须另确认预约或远控与本人许可。,"【合成角色条件；尚无真人回答】
cityrole-0069｜云南昆明市｜2人｜独立住宅，H7 至少3间自然房；整套设计建筑面积150㎡。
楼房中的一套住宅，楼层位置 中间层，房龄背景 2010—2019年；住宅原型 High-rise apartment(slab type)_Kunming_2019，源户位 middle，天气代理站 CHN_Yunnan.Kunming.567780_CSWD（距城市约4.8km）；天气/原型及房龄并非本户实测。
m01 主要说明人，31岁，照顾家人 / 部分时间在家，部分时间外出；工作日通常在家 00:00–09:00、12:00–15:00、19:00–24:00；室温感受：能接受小幅变化，变化较大会不舒服；电器时间：希望按原定时间运行，尽量不调整；参与安排：通常主要由这位成员决定；需求优先：没有特别优先；节费/错峰重视 2/5；系统控制：在约定范围内，可以让系统自动调整。
m02 伴侣，29岁，在外工作 / 通常固定时间外出工作或学习；工作日通常在家 00:00–07:30、18:30–24:00；室温感受：比较敏感，小幅变化也容易不舒服；电器时间：希望按原定时间运行，尽量不调整；参与安排：通常与家人共同商量决定；需求优先：没有特别优先；节费/错峰重视 1/1；系统控制：每次先问，得到明确同意后再调整。
通常白天：部分时间有人；晚间：部分时间有人；作息：部分成员或部分日期固定；深夜用电：很少或没有；事件当天是否在受控房间另核。
家庭月收入情境 19000元、上月电费情境 360元；电费压力 3/5。本月电费可承担，但家庭会留意它的变化。
节费/舒适/错峰重视 2/2/1；控制边界：在约定范围内，可以让系统自动调整；提前通知 一天；受保护活动：睡眠休息, 做饭用餐。
居住方式：整套租住；电价背景：单一时段电价；定时/自动控制经验：经常使用；既有错峰经验：没有参加过；受扰后恢复偏好：先看影响再决定；其他背景设备：冰箱。
空调 2台，每周 每天（7天）；傍晚到睡前（18:00—23:00），制冷设定 25℃，室温希望范围 24—26℃，可接受变化 1.5℃。条件：有人在受控房间时使用；18:00–18:30若空屋预冷，须当天确认家户许可及实际预约/远控能力，否则到家后开启；空屋冷量不算舒适收益。
洗衣机 1台，每周 每天（7天）；默认 19:00，可从 19:00 开始，最晚 23:00 完成，一次 60 分钟。条件：默认时刻须有成员在家并完成装载；轮班或事件日另核，不默认预约或远程启动。
电热水器 1台，每周 每天（7天）；加热 19:50–22:00，需热水 21:00，提前加热：不希望提前加热。条件：普通加热须对准有人需要热水的时段；事件日及额外提前加热按当次许可确认。
参与者对十天方案的选择、理由和评分尚未填写。",UNKNOWN,NOT_COLLECTED,NOT_EXPORTED_PENDING_D_ACCEPTANCE,UNKNOWN
cityrole-0070,eb.synthetic_fixed_profile_300.v1,岑溪市,广西,450481,1,1,1,mostly_occupied,mostly_home,regular,3200,120,3,电费可承担，但会留意变化,本月电费可承担，但家庭会留意它的变化。,both_low,2,2,2,high_trust_auto,24,independent_dwelling,two_rooms,2,50-59,54.5,synthetic_H6_like_whole_dwelling_building_area,54.5,known_synthetic_whole_dwelling,50_89,matches_synthetic_whole_dwelling,apartment,middle,6,cn-home-0070,self_contained_openplan,High-rise apartment(slab type)_Wuzhou_2012,middle,40.977444,40.977444,0,CHN_Guangxi.Zhuang.Wuzhou.592650_CSWD,70.416,006fd1a69c7fe7dccb6c5827a290a874dfb821e62d03200a3ab9a449fbd11394,c11bca68a266cec0625f090275df5d55438b7664b8dfdbdec966946fb3b79195,7,7,8,household_selected_devices,0,,岑溪市的1人家庭。独立住房建筑面积约54.5平方米，七普口径至少2间自然房间。主要说明人（72岁，通常主要在家）。通常白天有人在家。家庭月收入情境约3200元，通常月电费情境约120元；电费可承担，但会留意变化。本月电费可承担，但家庭会留意它的变化。纳入安排的设备：空调、洗衣机、电热水器。节费重视2/5，舒适重视2/5，系统控制边界是约定范围内可自动调整；希望提前24小时通知。费用与室温都不是首要判断项，家里更关注日常任务是否照计划完成。洗衣等任务需有人在家完成装载。空屋提前开空调须另确认预约或远控与本人许可。,"【合成角色条件；尚无真人回答】
cityrole-0070｜广西岑溪市｜1人｜独立住宅，H7 至少2间自然房；整套设计建筑面积54.5㎡。
楼房中的一套住宅，楼层位置 中间层，房龄背景 2010—2019年；住宅原型 High-rise apartment(slab type)_Wuzhou_2012，源户位 middle，天气代理站 CHN_Guangxi.Zhuang.Wuzhou.592650_CSWD（距城市约70.4km）；天气/原型及房龄并非本户实测。
m01 主要说明人，72岁，照顾家人 / 主要在家生活，包括居家工作、学习、休息或照护；工作日通常在家 00:00–24:00；室温感受：不太敏感，室温变化较大也通常能适应；电器时间：只接受小幅提前或推迟；参与安排：通常主要由这位成员决定；需求优先：没有特别优先；节费/错峰重视 2/3；系统控制：在约定范围内，可以让系统自动调整。
通常白天：大部分时间有人；晚间：大部分时间有人；作息：大体固定；深夜用电：很少或没有；事件当天是否在受控房间另核。
家庭月收入情境 3200元、上月电费情境 120元；电费压力 3/5。本月电费可承担，但家庭会留意它的变化。
节费/舒适/错峰重视 2/2/2；控制边界：在约定范围内，可以让系统自动调整；提前通知 一天；受保护活动：睡眠休息, 做饭用餐。
居住方式：与他人合租；电价背景：峰谷分时电价；定时/自动控制经验：没有使用过；既有错峰经验：没有参加过；受扰后恢复偏好：先看影响再决定；其他背景设备：冰箱。
空调 1台，每周 2—3天；傍晚到睡前（18:00—23:00），制冷设定 26℃，室温希望范围 25—27℃，可接受变化 0.5℃。条件：有人在受控房间时使用；18:00–18:30若空屋预冷，须当天确认家户许可及实际预约/远控能力，否则到家后开启；空屋冷量不算舒适收益。
洗衣机 1台，每周 2—3天；默认 19:50，可从 19:00 开始，最晚 23:00 完成，一次 60 分钟。条件：默认时刻须有成员在家并完成装载；轮班或事件日另核，不默认预约或远程启动。
电热水器 1台，每周 2—3天；加热 06:00–08:00，需热水 07:00，提前加热：可以提前安排。条件：普通加热须对准有人需要热水的时段；事件日及额外提前加热按当次许可确认。
参与者对十天方案的选择、理由和评分尚未填写。",UNKNOWN,NOT_COLLECTED,NOT_EXPORTED_PENDING_D_ACCEPTANCE,UNKNOWN
cityrole-0071,eb.synthetic_fixed_profile_300.v1,苏州市,江苏,320500,3,2,1,sometimes_occupied,varies,irregular,19500,520,5,电费不构成当前预算约束,本月电费占可安排预算较小。,middle,3,3,1,low_auto_accept,3,independent_dwelling,two_rooms,2,30-39,103.5,synthetic_H6_like_whole_dwelling_building_area,103.5,known_synthetic_whole_dwelling,90_119,matches_synthetic_whole_dwelling,apartment,middle,7,cn-home-0071,self_contained_openplan,High-rise apartment(slab type)_Dongtai_2010,middle,77.819549,77.819549,0,CHN_Jiangsu.Lusi.582650_CSWD,119.962,c92346c9972b2dcc7f2064862db0b41111de3985fdfd3db09d6fc2ec585f6b6c,a38491cc3e569367096f61a4ea5ca83f98f8349b31ca628010acb37c3e227851,7,7,8,household_selected_devices,0,,苏州市的3人家庭。独立住房建筑面积约103.5平方米，七普口径至少2间自然房间。主要说明人（85岁，在家外出交替）、子女（59岁，轮班或时间多变）、子女（58岁，在家外出交替）。通常白天部分时间有人。家庭月收入情境约19500元，通常月电费情境约520元；电费不构成当前预算约束。本月电费占可安排预算较小。纳入安排的设备：空调、洗衣机、电热水器。节费重视3/5，舒适重视3/5，系统控制边界是以自己安排为主；希望提前3小时通知。费用压力描述的是当前预算余量；节费重视描述的是调整方案时的取舍，两者分别考虑。洗衣等任务需有人在家完成装载。空屋提前开空调须另确认预约或远控与本人许可。轮班日按当天在家情况确认。,"【合成角色条件；尚无真人回答】
cityrole-0071｜江苏苏州市｜3人｜独立住宅，H7 至少2间自然房；整套设计建筑面积103.5㎡。
楼房中的一套住宅，楼层位置 中间层，房龄背景 2010—2019年；住宅原型 High-rise apartment(slab type)_Dongtai_2010，源户位 middle，天气代理站 CHN_Jiangsu.Lusi.582650_CSWD（距城市约120.0km）；天气/原型及房龄并非本户实测。
m01 主要说明人，85岁，居家工作/学习 / 部分时间在家，部分时间外出；工作日通常在家 00:00–09:00、12:00–15:00、19:00–24:00；室温感受：比较敏感，小幅变化也容易不舒服；电器时间：只接受小幅提前或推迟；参与安排：通常主要由这位成员决定；需求优先：没有特别优先；节费/错峰重视 3/1；系统控制：更愿意自己安排，尽量不让系统调整。
m02 子女，59岁，轮班工作 / 轮班或时间经常变化；工作日到家时段不固定；室温感受：不太敏感，室温变化较大也通常能适应；电器时间：只接受小幅提前或推迟；参与安排：通常与家人共同商量决定；需求优先：没有特别优先；节费/错峰重视 3/2；系统控制：在约定范围内，可以让系统自动调整。
m03 子女，58岁，暂未工作（非退休） / 部分时间在家，部分时间外出；工作日通常在家 00:00–09:00、12:00–15:00、19:00–24:00；室温感受：能接受小幅变化，变化较大会不舒服；电器时间：希望按原定时间运行，尽量不调整；参与安排：通常与家人共同商量决定；需求优先：没有特别优先；节费/错峰重视 5/3；系统控制：更愿意自己安排，尽量不让系统调整。
通常白天：部分时间有人；晚间：每天不太固定；作息：变化较多；深夜用电：偶尔；事件当天是否在受控房间另核。
家庭月收入情境 19500元、上月电费情境 520元；电费压力 5/5。本月电费占可安排预算较小。
节费/舒适/错峰重视 3/3/1；控制边界：更愿意自己安排，尽量不让系统调整；提前通知 3 小时；受保护活动：睡眠休息, 做饭用餐。
居住方式：与他人合租；电价背景：峰谷分时电价；定时/自动控制经验：经常使用；既有错峰经验：参加过；受扰后恢复偏好：改回原安排；其他背景设备：冰箱。
空调 1台，每周 4—6天；傍晚到睡前（18:00—23:00），制冷设定 27℃，室温希望范围 26—28℃，可接受变化 1℃。条件：有人在受控房间时使用；18:00–18:30若空屋预冷，须当天确认家户许可及实际预约/远控能力，否则到家后开启；空屋冷量不算舒适收益。
洗衣机 1台，每周 4—6天；默认 21:00，可从 19:00 开始，最晚 24:00 完成，一次 60 分钟。条件：默认时刻须有成员在家并完成装载；轮班或事件日另核，不默认预约或远程启动。
电热水器 1台，每周 4—6天；加热 19:00–22:00，需热水 21:00，提前加热：每次先确认。条件：普通加热须对准有人需要热水的时段；事件日及额外提前加热按当次许可确认。
参与者对十天方案的选择、理由和评分尚未填写。",UNKNOWN,NOT_COLLECTED,NOT_EXPORTED_PENDING_D_ACCEPTANCE,UNKNOWN
cityrole-0072,eb.synthetic_fixed_profile_300.v1,江阴市,江苏,320281,2,1,1,mostly_occupied,partly_home,partly_regular,13000,120,3,电费可承担，但会留意变化,本月电费可承担，但家庭会留意它的变化。,both_high,5,5,1,confirm_required,3,independent_dwelling,one_room,1,30-39,69.0,synthetic_H6_like_whole_dwelling_building_area,69.0,known_synthetic_whole_dwelling,50_89,matches_synthetic_whole_dwelling,apartment,middle,2,cn-home-0072,self_contained_openplan,Low-rise apartment_Dongtai_2010,middle,51.879699,51.879699,0,CHN_Jiangsu.Dongtai.582510_CSWD,106.926,f9428984e25db3076a15bff7d78c7cefb0b584df61106b99d6da325f40a3ce43,933e24118dbd9d5e8616e9ceb89c71dfda79cb5c215e783edc8c1b035434fbdf,7,7,8,household_selected_devices,0,,江阴市的2人家庭。独立住房建筑面积约69平方米，七普口径至少1间自然房间。主要说明人（69岁，在家外出交替）、伴侣（69岁，通常主要在家）。通常白天有人在家。家庭月收入情境约13000元，通常月电费情境约120元；电费可承担，但会留意变化。本月电费可承担，但家庭会留意它的变化。纳入安排的设备：洗衣机、电热水器。节费重视5/5，舒适重视5/5，系统控制边界是每次先确认；希望提前3小时通知。费用压力描述的是当前预算余量；节费重视描述的是调整方案时的取舍，两者分别考虑。洗衣等任务需有人在家完成装载。,"【合成角色条件；尚无真人回答】
cityrole-0072｜江苏江阴市｜2人｜独立住宅，H7 至少1间自然房；整套设计建筑面积69㎡。
楼房中的一套住宅，楼层位置 中间层，房龄背景 2010—2019年；住宅原型 Low-rise apartment_Dongtai_2010，源户位 middle，天气代理站 CHN_Jiangsu.Dongtai.582510_CSWD（距城市约106.9km）；天气/原型及房龄并非本户实测。
m01 主要说明人，69岁，居家工作/学习 / 部分时间在家，部分时间外出；工作日通常在家 00:00–09:00、12:00–15:00、19:00–24:00；室温感受：能接受小幅变化，变化较大会不舒服；电器时间：只要按时完成，具体运行时间都可以；参与安排：通常主要由这位成员决定；需求优先：没有特别优先；节费/错峰重视 5/4；系统控制：每次先问，得到明确同意后再调整。
m02 伴侣，69岁，退休 / 主要在家生活，包括居家工作、学习、休息或照护；工作日通常在家 00:00–24:00；室温感受：比较敏感，小幅变化也容易不舒服；电器时间：只接受小幅提前或推迟；参与安排：通常与家人共同商量决定；需求优先：没有特别优先；节费/错峰重视 4/5；系统控制：每次先问，得到明确同意后再调整。
通常白天：大部分时间有人；晚间：部分时间有人；作息：部分成员或部分日期固定；深夜用电：很少或没有；事件当天是否在受控房间另核。
家庭月收入情境 13000元、上月电费情境 120元；电费压力 3/5。本月电费可承担，但家庭会留意它的变化。
节费/舒适/错峰重视 5/5/1；控制边界：每次先问我，得到明确同意后再调整；提前通知 3 小时；受保护活动：睡眠休息, 做饭用餐。
居住方式：自有住房；电价背景：单一时段电价；定时/自动控制经验：经常使用；既有错峰经验：没有参加过；受扰后恢复偏好：保留自动安排；其他背景设备：冰箱。
洗衣机 1台，每周 每天（7天）；默认 19:00，可从 19:00 开始，最晚 23:00 完成，一次 60 分钟。条件：默认时刻须有成员在家并完成装载；轮班或事件日另核，不默认预约或远程启动。
电热水器 1台，每周 每天（7天）；加热 19:50–22:00，需热水 21:00，提前加热：不希望提前加热。条件：普通加热须对准有人需要热水的时段；事件日及额外提前加热按当次许可确认。
参与者对十天方案的选择、理由和评分尚未填写。",UNKNOWN,NOT_COLLECTED,NOT_EXPORTED_PENDING_D_ACCEPTANCE,UNKNOWN
cityrole-0073,eb.synthetic_fixed_profile_300.v1,南宁市,广西,450100,3,2,1,mostly_occupied,partly_home,partly_regular,13500,720,5,电费不构成当前预算约束,本月电费占可安排预算较小。,both_low,1,1,3,high_trust_auto,3,independent_dwelling,four_rooms,4,20-29,73.5,synthetic_H6_like_whole_dwelling_building_area,73.5,known_synthetic_whole_dwelling,50_89,matches_synthetic_whole_dwelling,apartment,middle,7,cn-home-0073,self_contained_four_room_thermally_aggregated,High-rise apartment(slab type)_Nanning_2003,edge,55.263158,55.263158,0,CHN_Guangxi.Zhuang.Nanning.594310_CSWD,23.692,3c1fc99b84ecd1adee18536d5c41acbdf90e0727237bc621d2c4836fe956cc5e,d35d5af31e1c2cf3a94289f12ed1cd8a2a578ec41b8068ada571dce224b76bb6,7,7,10,household_selected_devices,0,,南宁市的3人家庭。独立住房建筑面积约73.5平方米，七普口径至少4间自然房间。主要说明人（78岁，通常主要在家）、子女（48岁，在家外出交替）、子女（47岁，通常主要在家）。通常白天有人在家。家庭月收入情境约13500元，通常月电费情境约720元；电费不构成当前预算约束。本月电费占可安排预算较小。纳入安排的设备：空调、洗衣机、电热水器。节费重视1/5，舒适重视1/5，系统控制边界是约定范围内可自动调整；希望提前3小时通知。费用与室温都不是首要判断项，家里更关注日常任务是否照计划完成。洗衣等任务需有人在家完成装载。,"【合成角色条件；尚无真人回答】
cityrole-0073｜广西南宁市｜3人｜独立住宅，H7 至少4间自然房；整套设计建筑面积73.5㎡。
楼房中的一套住宅，楼层位置 中间层，房龄背景 2000—2009年；住宅原型 High-rise apartment(slab type)_Nanning_2003，源户位 edge，天气代理站 CHN_Guangxi.Zhuang.Nanning.594310_CSWD（距城市约23.7km）；天气/原型及房龄并非本户实测。
m01 主要说明人，78岁，退休 / 主要在家生活，包括居家工作、学习、休息或照护；工作日通常在家 00:00–24:00；室温感受：不太敏感，室温变化较大也通常能适应；电器时间：只要按时完成，具体运行时间都可以；参与安排：通常主要由这位成员决定；需求优先：没有特别优先；节费/错峰重视 1/2；系统控制：在约定范围内，可以让系统自动调整。
m02 子女，48岁，暂未工作（非退休） / 部分时间在家，部分时间外出；工作日通常在家 00:00–09:00、12:00–15:00、19:00–24:00；室温感受：能接受小幅变化，变化较大会不舒服；电器时间：只要按时完成，具体运行时间都可以；参与安排：通常与家人共同商量决定；需求优先：没有特别优先；节费/错峰重视 5/3；系统控制：更愿意自己安排，尽量不让系统调整。
m03 子女，47岁，居家工作/学习 / 主要在家生活，包括居家工作、学习、休息或照护；工作日通常在家 00:00–24:00；室温感受：比较敏感，小幅变化也容易不舒服；电器时间：只接受小幅提前或推迟；参与安排：通常与家人共同商量决定；需求优先：没有特别优先；节费/错峰重视 2/4；系统控制：每次先问，得到明确同意后再调整。
通常白天：大部分时间有人；晚间：部分时间有人；作息：部分成员或部分日期固定；深夜用电：很少或没有；事件当天是否在受控房间另核。
家庭月收入情境 13500元、上月电费情境 720元；电费压力 5/5。本月电费占可安排预算较小。
节费/舒适/错峰重视 1/1/3；控制边界：在约定范围内，可以让系统自动调整；提前通知 3 小时；受保护活动：睡眠休息, 做饭用餐。
居住方式：自有住房；电价背景：峰谷分时电价；定时/自动控制经验：没有使用过；既有错峰经验：没有参加过；受扰后恢复偏好：改回原安排；其他背景设备：冰箱。
空调 2台，每周 2—3天；下午到睡前（14:00—23:00），制冷设定 25℃，室温希望范围 24—26℃，可接受变化 0.5℃。条件：有人在受控房间时使用；轮班或事件日另核，不把空屋冷量算作舒适收益。
洗衣机 1台，每周 2—3天；默认 19:50，可从 19:00 开始，最晚 23:00 完成，一次 60 分钟。条件：默认时刻须有成员在家并完成装载；轮班或事件日另核，不默认预约或远程启动。
电热水器 1台，每周 2—3天；加热 06:00–08:00，需热水 07:00，提前加热：可以提前安排。条件：普通加热须对准有人需要热水的时段；事件日及额外提前加热按当次许可确认。
参与者对十天方案的选择、理由和评分尚未填写。",UNKNOWN,NOT_COLLECTED,NOT_EXPORTED_PENDING_D_ACCEPTANCE,UNKNOWN
cityrole-0074,eb.synthetic_fixed_profile_300.v1,宁德市,福建,350900,3,2,1,mostly_occupied,partly_home,irregular,19500,360,3,电费可承担，但会留意变化,本月电费可承担，但家庭会留意它的变化。,both_high,5,5,3,high_trust_auto,0,independent_dwelling,two_rooms,2,9-12,31.5,synthetic_H6_like_whole_dwelling_building_area,31.5,known_synthetic_whole_dwelling,lt50,matches_synthetic_whole_dwelling,apartment,top,4,cn-home-0074,self_contained_openplan,Low-rise apartment_Fuzhou_2003,middle,23.684211,23.684211,0,CHN_Fujian.Fuzhou.588470_CSWD,69.097,13ebe28528481d0b2a1b5872c4ab6b2aace5cb210c180a2c085ab498572c539c,02f2ac9488f3cf609c55d6021d29c1c572c5785ae9bcf443430c317a601b4c0b,7,7,8,household_selected_devices,0,,宁德市的3人家庭。独立住房建筑面积约31.5平方米，七普口径至少2间自然房间。主要说明人（70岁，通常主要在家）、子女（38岁，通常定时外出）、子女（41岁，轮班或时间多变）。通常白天有人在家。家庭月收入情境约19500元，通常月电费情境约360元；电费可承担，但会留意变化。本月电费可承担，但家庭会留意它的变化。纳入安排的设备：空调、洗衣机、电热水器。节费重视5/5，舒适重视5/5，系统控制边界是约定范围内可自动调整；希望提前0小时通知。费用压力描述的是当前预算余量；节费重视描述的是调整方案时的取舍，两者分别考虑。洗衣等任务需有人在家完成装载。空屋提前开空调须另确认预约或远控与本人许可。轮班日按当天在家情况确认。,"【合成角色条件；尚无真人回答】
cityrole-0074｜福建宁德市｜3人｜独立住宅，H7 至少2间自然房；整套设计建筑面积31.5㎡。
楼房中的一套住宅，楼层位置 顶层，房龄背景 2000—2009年；住宅原型 Low-rise apartment_Fuzhou_2003，源户位 middle，天气代理站 CHN_Fujian.Fuzhou.588470_CSWD（距城市约69.1km）；天气/原型及房龄并非本户实测。
m01 主要说明人，70岁，照顾家人 / 主要在家生活，包括居家工作、学习、休息或照护；工作日通常在家 00:00–24:00；室温感受：比较敏感，小幅变化也容易不舒服；电器时间：希望按原定时间运行，尽量不调整；参与安排：通常主要由这位成员决定；需求优先：没有特别优先；节费/错峰重视 5/5；系统控制：在约定范围内，可以让系统自动调整。
m02 子女，38岁，在外工作 / 通常固定时间外出工作或学习；工作日通常在家 00:00–07:30、18:30–24:00；室温感受：不太敏感，室温变化较大也通常能适应；电器时间：只要按时完成，具体运行时间都可以；参与安排：通常与家人共同商量决定；需求优先：没有特别优先；节费/错峰重视 1/1；系统控制：在约定范围内，可以让系统自动调整。
m03 子女，41岁，轮班工作 / 轮班或时间经常变化；工作日到家时段不固定；室温感受：能接受小幅变化，变化较大会不舒服；电器时间：只要按时完成，具体运行时间都可以；参与安排：通常与家人共同商量决定；需求优先：没有特别优先；节费/错峰重视 3/2；系统控制：更愿意自己安排，尽量不让系统调整。
通常白天：大部分时间有人；晚间：部分时间有人；作息：变化较多；深夜用电：偶尔；事件当天是否在受控房间另核。
家庭月收入情境 19500元、上月电费情境 360元；电费压力 3/5。本月电费可承担，但家庭会留意它的变化。
节费/舒适/错峰重视 5/5/3；控制边界：在约定范围内，可以让系统自动调整；提前通知 无需提前；受保护活动：睡眠休息, 做饭用餐。
居住方式：与他人合租；电价背景：峰谷分时电价；定时/自动控制经验：经常使用；既有错峰经验：没有参加过；受扰后恢复偏好：改回原安排；其他背景设备：冰箱。
空调 1台，每周 4—6天；傍晚到睡前（18:00—23:00），制冷设定 26℃，室温希望范围 25—27℃，可接受变化 1℃。条件：有人在受控房间时使用；18:00–18:30若空屋预冷，须当天确认家户许可及实际预约/远控能力，否则到家后开启；空屋冷量不算舒适收益。
洗衣机 1台，每周 4—6天；默认 21:00，可从 19:00 开始，最晚 24:00 完成，一次 60 分钟。条件：默认时刻须有成员在家并完成装载；轮班或事件日另核，不默认预约或远程启动。
电热水器 1台，每周 4—6天；加热 19:00–22:00，需热水 21:00，提前加热：每次先确认。条件：普通加热须对准有人需要热水的时段；事件日及额外提前加热按当次许可确认。
参与者对十天方案的选择、理由和评分尚未填写。",UNKNOWN,NOT_COLLECTED,NOT_EXPORTED_PENDING_D_ACCEPTANCE,UNKNOWN
cityrole-0075,eb.synthetic_fixed_profile_300.v1,贵阳市,贵州,520100,5,3,1,mostly_occupied,partly_home,irregular,16000,120,5,电费不构成当前预算约束,本月电费已列入预算，按当前金额可以承担。,middle,3,3,1,confirm_required,0,independent_dwelling,three_rooms,3,20-29,122.5,synthetic_H6_like_whole_dwelling_building_area,122.5,known_synthetic_whole_dwelling,120_159,matches_synthetic_whole_dwelling,apartment,middle,3,cn-home-0075,self_contained_source_three_room,Low-rise apartment_Guiyang_2001,middle,92.105263,92.105263,0,CHN_Guizhou.Guiyang.578160_CSWD,2.904,e3c9cb7d41beba027a76183e5704165f0cf1041d820a6440856af6c84191f672,faefa762a2a5c15a1204ce3c5b748f71b9ae27fbbd6a81a43055f2cc09ef9bc3,7,7,8,household_selected_devices,0,,贵阳市的5人家庭。独立住房建筑面积约122.5平方米，七普口径至少3间自然房间。长辈（71岁，通常定时外出）、主要说明人（35岁，通常主要在家）、子女（9岁，通常定时外出）、子女（6岁，通常定时外出）、伴侣（36岁，轮班或时间多变）。通常白天有人在家。家庭月收入情境约16000元，通常月电费情境约120元；电费不构成当前预算约束。本月电费已列入预算，按当前金额可以承担。纳入安排的设备：空调、洗衣机、电热水器。节费重视3/5，舒适重视3/5，系统控制边界是每次先确认；希望提前0小时通知。费用压力描述的是当前预算余量；节费重视描述的是调整方案时的取舍，两者分别考虑。洗衣等任务需有人在家完成装载。空屋提前开空调须另确认预约或远控与本人许可。轮班日按当天在家情况确认。,"【合成角色条件；尚无真人回答】
cityrole-0075｜贵州贵阳市｜5人｜独立住宅，H7 至少3间自然房；整套设计建筑面积122.5㎡。
楼房中的一套住宅，楼层位置 中间层，房龄背景 2000—2009年；住宅原型 Low-rise apartment_Guiyang_2001，源户位 middle，天气代理站 CHN_Guizhou.Guiyang.578160_CSWD（距城市约2.9km）；天气/原型及房龄并非本户实测。
m01 长辈，71岁，在外工作 / 通常固定时间外出工作或学习；工作日通常在家 00:00–07:30、18:30–24:00；室温感受：能接受小幅变化，变化较大会不舒服；电器时间：希望按原定时间运行，尽量不调整；参与安排：通常主要由这位成员决定；需求优先：没有特别优先；节费/错峰重视 3/3；系统控制：每次先问，得到明确同意后再调整。
m02 主要说明人，35岁，居家工作/学习 / 主要在家生活，包括居家工作、学习、休息或照护；工作日通常在家 00:00–24:00；室温感受：比较敏感，小幅变化也容易不舒服；电器时间：希望按原定时间运行，尽量不调整；参与安排：通常与家人共同商量决定；需求优先：没有特别优先；节费/错峰重视 2/4；系统控制：每次先问，得到明确同意后再调整。
m03 子女，9岁，上学 / 通常固定时间外出工作或学习；工作日通常在家 00:00–07:30、18:30–24:00；室温感受：不太敏感，室温变化较大也通常能适应；电器时间：只要按时完成，具体运行时间都可以；参与安排：通常与家人共同商量决定；需求优先：通常会优先考虑；节费/错峰重视 4/5；系统控制：在约定范围内，可以让系统自动调整。
m04 子女，6岁，上学 / 通常固定时间外出工作或学习；工作日通常在家 00:00–07:30、18:30–24:00；室温感受：能接受小幅变化，变化较大会不舒服；电器时间：只要按时完成，具体运行时间都可以；参与安排：通常与家人共同商量决定；需求优先：通常会优先考虑；节费/错峰重视 1/1；系统控制：更愿意自己安排，尽量不让系统调整。
m05 伴侣，36岁，轮班工作 / 轮班或时间经常变化；工作日到家时段不固定；室温感受：比较敏感，小幅变化也容易不舒服；电器时间：只接受小幅提前或推迟；参与安排：通常与家人共同商量决定；需求优先：没有特别优先；节费/错峰重视 3/2；系统控制：每次先问，得到明确同意后再调整。
通常白天：大部分时间有人；晚间：部分时间有人；作息：变化较多；深夜用电：偶尔；事件当天是否在受控房间另核。
家庭月收入情境 16000元、上月电费情境 120元；电费压力 5/5。本月电费已列入预算，按当前金额可以承担。
节费/舒适/错峰重视 3/3/1；控制边界：每次先问我，得到明确同意后再调整；提前通知 无需提前；受保护活动：睡眠休息, 做饭用餐, 照顾家人。
居住方式：自有住房；电价背景：单一时段电价；定时/自动控制经验：没有使用过；既有错峰经验：没有参加过；受扰后恢复偏好：改回原安排；其他背景设备：冰箱。
空调 1台，每周 每天（7天）；傍晚到睡前（18:00—23:00），制冷设定 27℃，室温希望范围 26—28℃，可接受变化 1.5℃。条件：有人在受控房间时使用；18:00–18:30若空屋预冷，须当天确认家户许可及实际预约/远控能力，否则到家后开启；空屋冷量不算舒适收益。
洗衣机 1台，每周 每天（7天）；默认 19:00，可从 19:00 开始，最晚 23:00 完成，一次 60 分钟。条件：默认时刻须有成员在家并完成装载；轮班或事件日另核，不默认预约或远程启动。
电热水器 1台，每周 每天（7天）；加热 19:50–22:00，需热水 21:00，提前加热：不希望提前加热。条件：普通加热须对准有人需要热水的时段；事件日及额外提前加热按当次许可确认。
参与者对十天方案的选择、理由和评分尚未填写。",UNKNOWN,NOT_COLLECTED,NOT_EXPORTED_PENDING_D_ACCEPTANCE,UNKNOWN
cityrole-0076,eb.synthetic_fixed_profile_300.v1,胶州市,山东,370281,1,1,0,mostly_absent,mostly_home,regular,4500,520,3,电费可承担，但会留意变化,本月电费可承担，但家庭会留意它的变化。,middle,3,3,4,high_trust_auto,0,independent_dwelling,three_rooms,3,40-49,44.5,synthetic_H6_like_whole_dwelling_building_area,44.5,known_synthetic_whole_dwelling,lt50,matches_synthetic_whole_dwelling,apartment,middle,2,cn-home-0076,self_contained_source_three_room,Low-rise apartment_Weifang_1995,edge,33.458647,33.458647,0,CHN_Shandong.Weifang.548430_CSWD,90.773,f126b4e56bc616992c2f815ac9760ff4f82fdfb5f16a91461c045d903f15a553,a4ea8114184fe82d650e9bae7e15fa5636920827de238b08db36af5c51d9b37c,7,7,10,household_selected_devices,0,,胶州市的1人家庭。独立住房建筑面积约44.5平方米，七普口径至少3间自然房间。主要说明人（41岁，通常定时外出）。通常白天多在外。家庭月收入情境约4500元，通常月电费情境约520元；电费可承担，但会留意变化。本月电费可承担，但家庭会留意它的变化。纳入安排的设备：空调、洗衣机、电热水器。节费重视3/5，舒适重视3/5，系统控制边界是约定范围内可自动调整；希望提前0小时通知。费用压力描述的是当前预算余量；节费重视描述的是调整方案时的取舍，两者分别考虑。洗衣等任务需有人在家完成装载。空屋提前开空调须另确认预约或远控与本人许可。,"【合成角色条件；尚无真人回答】
cityrole-0076｜山东胶州市｜1人｜独立住宅，H7 至少3间自然房；整套设计建筑面积44.5㎡。
楼房中的一套住宅，楼层位置 中间层，房龄背景 2000年前；住宅原型 Low-rise apartment_Weifang_1995，源户位 edge，天气代理站 CHN_Shandong.Weifang.548430_CSWD（距城市约90.8km）；天气/原型及房龄并非本户实测。
m01 主要说明人，41岁，在外工作 / 通常固定时间外出工作或学习；工作日通常在家 00:00–07:30、18:30–24:00；室温感受：不太敏感，室温变化较大也通常能适应；电器时间：只接受小幅提前或推迟；参与安排：通常主要由这位成员决定；需求优先：没有特别优先；节费/错峰重视 3/1；系统控制：在约定范围内，可以让系统自动调整。
通常白天：大部分时间没人；晚间：大部分时间有人；作息：大体固定；深夜用电：很少或没有；事件当天是否在受控房间另核。
家庭月收入情境 4500元、上月电费情境 520元；电费压力 3/5。本月电费可承担，但家庭会留意它的变化。
节费/舒适/错峰重视 3/3/4；控制边界：在约定范围内，可以让系统自动调整；提前通知 无需提前；受保护活动：睡眠休息, 做饭用餐。
居住方式：与他人合租；电价背景：单一时段电价；定时/自动控制经验：偶尔使用；既有错峰经验：没有参加过；受扰后恢复偏好：保留自动安排；其他背景设备：冰箱。
空调 1台，每周 2—3天；傍晚到睡前（18:00—23:00），制冷设定 24℃，室温希望范围 23—25℃，可接受变化 0.5℃。条件：有人在受控房间时使用；18:00–18:30若空屋预冷，须当天确认家户许可及实际预约/远控能力，否则到家后开启；空屋冷量不算舒适收益。
洗衣机 1台，每周 2—3天；默认 19:50，可从 19:00 开始，最晚 23:00 完成，一次 60 分钟。条件：默认时刻须有成员在家并完成装载；轮班或事件日另核，不默认预约或远程启动。
电热水器 1台，每周 2—3天；加热 06:00–08:00，需热水 07:00，提前加热：可以提前安排。条件：普通加热须对准有人需要热水的时段；事件日及额外提前加热按当次许可确认。
参与者对十天方案的选择、理由和评分尚未填写。",UNKNOWN,NOT_COLLECTED,NOT_EXPORTED_PENDING_D_ACCEPTANCE,UNKNOWN
cityrole-0077,eb.synthetic_fixed_profile_300.v1,徐州市,江苏,320300,4,1,0,mostly_occupied,partly_home,irregular,8000,220,2,电费有压力，需调整其他开支,必要生活开支较多，本月电费变化容易挤占其他项目。,middle,3,3,5,confirm_required,72,independent_dwelling,two_rooms,2,20-29,98.0,synthetic_H6_like_whole_dwelling_building_area,98.0,known_synthetic_whole_dwelling,90_119,matches_synthetic_whole_dwelling,apartment,middle,2,cn-home-0077,self_contained_openplan,Low-rise apartment_Xuzhou_2010,middle,73.684211,73.684211,0,CHN_Jiangsu.Xuzhou.580270_CSWD,2.532,d4099839084331cd8aabb4d0909c793270209a5f990be599a712681071d526ba,bca5b19777107eb2e618e48914feff67c2f448381e8eefae7d46250b2c319a0c,7,7,8,household_selected_devices,0,,徐州市的4人家庭。独立住房建筑面积约98平方米，七普口径至少2间自然房间。主要说明人（47岁，通常主要在家）、伴侣（51岁，在家外出交替）、兄弟姐妹（52岁，通常定时外出）、兄弟姐妹（46岁，轮班或时间多变）。通常白天有人在家。家庭月收入情境约8000元，通常月电费情境约220元；电费有压力，需调整其他开支。必要生活开支较多，本月电费变化容易挤占其他项目。纳入安排的设备：空调、洗衣机、烘干机。节费重视3/5，舒适重视3/5，系统控制边界是每次先确认；希望提前72小时通知。费用压力描述的是当前预算余量；节费重视描述的是调整方案时的取舍，两者分别考虑。洗衣等任务需有人在家完成装载。轮班日按当天在家情况确认。,"【合成角色条件；尚无真人回答】
cityrole-0077｜江苏徐州市｜4人｜独立住宅，H7 至少2间自然房；整套设计建筑面积98㎡。
楼房中的一套住宅，楼层位置 中间层，房龄背景 2010—2019年；住宅原型 Low-rise apartment_Xuzhou_2010，源户位 middle，天气代理站 CHN_Jiangsu.Xuzhou.580270_CSWD（距城市约2.5km）；天气/原型及房龄并非本户实测。
m01 主要说明人，47岁，居家工作/学习 / 主要在家生活，包括居家工作、学习、休息或照护；工作日通常在家 00:00–24:00；室温感受：比较敏感，小幅变化也容易不舒服；电器时间：只接受小幅提前或推迟；参与安排：通常主要由这位成员决定；需求优先：没有特别优先；节费/错峰重视 3/4；系统控制：每次先问，得到明确同意后再调整。
m02 伴侣，51岁，照顾家人 / 部分时间在家，部分时间外出；工作日通常在家 00:00–09:00、12:00–15:00、19:00–24:00；室温感受：不太敏感，室温变化较大也通常能适应；电器时间：只接受小幅提前或推迟；参与安排：通常与家人共同商量决定；需求优先：没有特别优先；节费/错峰重视 4/5；系统控制：在约定范围内，可以让系统自动调整。
m03 兄弟姐妹，52岁，在外工作 / 通常固定时间外出工作或学习；工作日通常在家 00:00–07:30、18:30–24:00；室温感受：能接受小幅变化，变化较大会不舒服；电器时间：希望按原定时间运行，尽量不调整；参与安排：通常与家人共同商量决定；需求优先：没有特别优先；节费/错峰重视 1/1；系统控制：更愿意自己安排，尽量不让系统调整。
m04 兄弟姐妹，46岁，轮班工作 / 轮班或时间经常变化；工作日到家时段不固定；室温感受：比较敏感，小幅变化也容易不舒服；电器时间：希望按原定时间运行，尽量不调整；参与安排：通常与家人共同商量决定；需求优先：没有特别优先；节费/错峰重视 3/2；系统控制：每次先问，得到明确同意后再调整。
通常白天：大部分时间有人；晚间：部分时间有人；作息：变化较多；深夜用电：偶尔；事件当天是否在受控房间另核。
家庭月收入情境 8000元、上月电费情境 220元；电费压力 2/5。必要生活开支较多，本月电费变化容易挤占其他项目。
节费/舒适/错峰重视 3/3/5；控制边界：每次先问我，得到明确同意后再调整；提前通知 三天或更早；受保护活动：睡眠休息, 做饭用餐。
居住方式：整套租住；电价背景：峰谷分时电价；定时/自动控制经验：偶尔使用；既有错峰经验：没有参加过；受扰后恢复偏好：保留自动安排；其他背景设备：冰箱。
空调 2台，每周 4—6天；下午到睡前（14:00—23:00），制冷设定 25℃，室温希望范围 24—26℃，可接受变化 1℃。条件：有人在受控房间时使用；轮班或事件日另核，不把空屋冷量算作舒适收益。
洗衣机 1台，每周 4—6天；默认 21:00，可从 19:00 开始，最晚 24:00 完成，一次 60 分钟。条件：默认时刻须有成员在家并完成装载；轮班或事件日另核，不默认预约或远程启动。
烘干机 1台，每周 4—6天；默认 19:50，可从 19:00 开始，最晚 23:00 完成，一次 90 分钟。条件：默认时刻须有成员在家并完成装载；轮班或事件日另核，不默认预约或远程启动。
参与者对十天方案的选择、理由和评分尚未填写。",UNKNOWN,NOT_COLLECTED,NOT_EXPORTED_PENDING_D_ACCEPTANCE,UNKNOWN
cityrole-0078,eb.synthetic_fixed_profile_300.v1,张家港市,江苏,320582,2,2,0,sometimes_occupied,varies,irregular,19000,720,2,电费有压力，需调整其他开支,本月收入已有其他固定支出安排，可灵活调整的预算较紧。,both_high,4,4,1,confirm_required,0,independent_dwelling,three_rooms,3,40-49,89.0,synthetic_H6_like_whole_dwelling_building_area,89.0,known_synthetic_whole_dwelling,50_89,matches_synthetic_whole_dwelling,apartment,middle,6,cn-home-0078,self_contained_source_three_room,High-rise apartment(slab type)_Dongtai_2010,middle,66.917293,66.917293,0,CHN_Jiangsu.Dongtai.582510_CSWD,106.653,f9428984e25db3076a15bff7d78c7cefb0b584df61106b99d6da325f40a3ce43,a05a9b6851c9e159df7b61bc377d9666fec99c804fbf8aabd6b6f41a5f1c16e2,7,7,8,household_selected_devices,0,,张家港市的2人家庭。独立住房建筑面积约89平方米，七普口径至少3间自然房间。主要说明人（57岁，轮班或时间多变）、子女（22岁，在家外出交替）。通常白天部分时间有人。家庭月收入情境约19000元，通常月电费情境约720元；电费有压力，需调整其他开支。本月收入已有其他固定支出安排，可灵活调整的预算较紧。纳入安排的设备：空调、洗衣机、电热水器。节费重视4/5，舒适重视4/5，系统控制边界是每次先确认；希望提前0小时通知。费用压力描述的是当前预算余量；节费重视描述的是调整方案时的取舍，两者分别考虑。洗衣等任务需有人在家完成装载。空屋提前开空调须另确认预约或远控与本人许可。轮班日按当天在家情况确认。,"【合成角色条件；尚无真人回答】
cityrole-0078｜江苏张家港市｜2人｜独立住宅，H7 至少3间自然房；整套设计建筑面积89㎡。
楼房中的一套住宅，楼层位置 中间层，房龄背景 2010—2019年；住宅原型 High-rise apartment(slab type)_Dongtai_2010，源户位 middle，天气代理站 CHN_Jiangsu.Dongtai.582510_CSWD（距城市约106.7km）；天气/原型及房龄并非本户实测。
m01 主要说明人，57岁，轮班工作 / 轮班或时间经常变化；工作日到家时段不固定；室温感受：能接受小幅变化，变化较大会不舒服；电器时间：只要按时完成，具体运行时间都可以；参与安排：通常主要由这位成员决定；需求优先：没有特别优先；节费/错峰重视 4/2；系统控制：每次先问，得到明确同意后再调整。
m02 子女，22岁，暂未工作（非退休） / 部分时间在家，部分时间外出；工作日通常在家 00:00–09:00、12:00–15:00、19:00–24:00；室温感受：比较敏感，小幅变化也容易不舒服；电器时间：只接受小幅提前或推迟；参与安排：通常与家人共同商量决定；需求优先：没有特别优先；节费/错峰重视 5/3；系统控制：每次先问，得到明确同意后再调整。
通常白天：部分时间有人；晚间：每天不太固定；作息：变化较多；深夜用电：偶尔；事件当天是否在受控房间另核。
家庭月收入情境 19000元、上月电费情境 720元；电费压力 2/5。本月收入已有其他固定支出安排，可灵活调整的预算较紧。
节费/舒适/错峰重视 4/4/1；控制边界：每次先问我，得到明确同意后再调整；提前通知 无需提前；受保护活动：睡眠休息, 做饭用餐。
居住方式：整套租住；电价背景：峰谷分时电价；定时/自动控制经验：偶尔使用；既有错峰经验：参加过；受扰后恢复偏好：保留自动安排；其他背景设备：冰箱。
空调 1台，每周 每天（7天）；傍晚到睡前（18:00—23:00），制冷设定 26℃，室温希望范围 25—27℃，可接受变化 1.5℃。条件：有人在受控房间时使用；18:00–18:30若空屋预冷，须当天确认家户许可及实际预约/远控能力，否则到家后开启；空屋冷量不算舒适收益。
洗衣机 1台，每周 每天（7天）；默认 19:00，可从 19:00 开始，最晚 23:00 完成，一次 60 分钟。条件：默认时刻须有成员在家并完成装载；轮班或事件日另核，不默认预约或远程启动。
电热水器 1台，每周 每天（7天）；加热 19:50–22:00，需热水 21:00，提前加热：不希望提前加热。条件：普通加热须对准有人需要热水的时段；事件日及额外提前加热按当次许可确认。
参与者对十天方案的选择、理由和评分尚未填写。",UNKNOWN,NOT_COLLECTED,NOT_EXPORTED_PENDING_D_ACCEPTANCE,UNKNOWN
cityrole-0079,eb.synthetic_fixed_profile_300.v1,深圳市,广东,440300,4,3,0,mostly_occupied,partly_home,partly_regular,12800,360,3,电费可承担，但会留意变化,本月电费可承担，但家庭会留意它的变化。,both_high,4,4,5,high_trust_auto,3,independent_dwelling,four_rooms,4,13-16,58.0,synthetic_H6_like_whole_dwelling_building_area,58.0,known_synthetic_whole_dwelling,50_89,matches_synthetic_whole_dwelling,apartment,middle,8,cn-home-0079,self_contained_four_room_thermally_aggregated,High-rise apartment(slab type)_Guangzhou_2003,edge,43.609023,43.609023,0,CHN_Guangdong.Zhengcheng.592940_CSWD,71.504,727f5e6b09dcc556dda40c79b3ff34a808d77ed2abb72b10e0402e1f4718ef90,548abcd94a985c5ed5a55549ce906f31c800e5264b915c9210a2338b878b28d6,7,7,10,household_selected_devices,1,m02,深圳市的4人家庭。独立住房建筑面积约58平方米，七普口径至少4间自然房间。长辈（59岁，在家外出交替）、主要说明人（39岁，通常定时外出）、子女（9岁，通常定时外出）、子女（4岁，通常主要在家）。通常白天有人在家。家庭月收入情境约12800元，通常月电费情境约360元；电费可承担，但会留意变化。本月电费可承担，但家庭会留意它的变化。纳入安排的设备：洗衣机、电热水器、可在家充电的电动车。节费重视4/5，舒适重视4/5，系统控制边界是约定范围内可自动调整；希望提前3小时通知。费用压力描述的是当前预算余量；节费重视描述的是调整方案时的取舍，两者分别考虑。洗衣等任务需有人在家完成装载。,"【合成角色条件；尚无真人回答】
cityrole-0079｜广东深圳市｜4人｜独立住宅，H7 至少4间自然房；整套设计建筑面积58㎡。
楼房中的一套住宅，楼层位置 中间层，房龄背景 2000—2009年；住宅原型 High-rise apartment(slab type)_Guangzhou_2003，源户位 edge，天气代理站 CHN_Guangdong.Zhengcheng.592940_CSWD（距城市约71.5km）；天气/原型及房龄并非本户实测。
m01 长辈，59岁，照顾家人 / 部分时间在家，部分时间外出；工作日通常在家 00:00–09:00、12:00–15:00、19:00–24:00；室温感受：不太敏感，室温变化较大也通常能适应；电器时间：只要按时完成，具体运行时间都可以；参与安排：通常主要由这位成员决定；需求优先：通常会优先考虑；节费/错峰重视 4/5；系统控制：在约定范围内，可以让系统自动调整。
m02 主要说明人，39岁，在外工作 / 通常固定时间外出工作或学习；工作日通常在家 00:00–07:30、18:30–24:00；室温感受：能接受小幅变化，变化较大会不舒服；电器时间：只要按时完成，具体运行时间都可以；参与安排：通常与家人共同商量决定；需求优先：没有特别优先；节费/错峰重视 1/1；系统控制：更愿意自己安排，尽量不让系统调整。
m03 子女，9岁，上学 / 通常固定时间外出工作或学习；工作日通常在家 00:00–07:30、18:30–24:00；室温感受：比较敏感，小幅变化也容易不舒服；电器时间：只接受小幅提前或推迟；参与安排：通常与家人共同商量决定；需求优先：通常会优先考虑；节费/错峰重视 3/2；系统控制：每次先问，得到明确同意后再调整。
m04 子女，4岁，尚未入学 / 主要在家生活，包括居家工作、学习、休息或照护；工作日通常在家 00:00–24:00；室温感受：不太敏感，室温变化较大也通常能适应；电器时间：只接受小幅提前或推迟；参与安排：通常与家人共同商量决定；需求优先：通常会优先考虑；节费/错峰重视 5/3；系统控制：在约定范围内，可以让系统自动调整。
通常白天：大部分时间有人；晚间：部分时间有人；作息：部分成员或部分日期固定；深夜用电：很少或没有；事件当天是否在受控房间另核。
家庭月收入情境 12800元、上月电费情境 360元；电费压力 3/5。本月电费可承担，但家庭会留意它的变化。
节费/舒适/错峰重视 4/4/5；控制边界：在约定范围内，可以让系统自动调整；提前通知 3 小时；受保护活动：睡眠休息, 做饭用餐, 照顾家人。
居住方式：与他人合租；电价背景：单一时段电价；定时/自动控制经验：经常使用；既有错峰经验：没有参加过；受扰后恢复偏好：保留自动安排；其他背景设备：冰箱。
洗衣机 1台，每周 2—3天；默认 19:50，可从 19:00 开始，最晚 23:00 完成，一次 60 分钟。条件：默认时刻须有成员在家并完成装载；轮班或事件日另核，不默认预约或远程启动。
电热水器 1台，每周 2—3天；加热 06:00–08:00，需热水 07:00，提前加热：可以提前安排。条件：普通加热须对准有人需要热水的时段；事件日及额外提前加热按当次许可确认。
可在家充电的电动汽车 1辆，每周 2—3天；接入 19:00，次日离家 07:00，目标/保底电量 80%/20%，驾驶成员 m02。条件：由m02在典型外出日返家后接入；车辆实际到家、次日离家与充电权限按当天确认。
参与者对十天方案的选择、理由和评分尚未填写。",UNKNOWN,NOT_COLLECTED,NOT_EXPORTED_PENDING_D_ACCEPTANCE,UNKNOWN
cityrole-0080,eb.synthetic_fixed_profile_300.v1,温州市,浙江,330300,1,1,0,sometimes_occupied,partly_home,partly_regular,4500,520,5,电费不构成当前预算约束,家庭已为当前电费预留预算，按这个金额可以承担；增加用电仍需重新权衡。,middle,3,3,1,high_trust_auto,3,shared_dwelling_private_rooms_with_allocated_common_area,one_room,1,17-19,18.0,synthetic_H6_like_household_attributed_building_area_in_shared_dwelling,81.771845,experimental_F_scaled_whole_dwelling,50_89,matches_F_experimental_whole_dwelling,apartment,middle,6,cn-home-0080,shared_flat_private_rooms,High-rise apartment(slab type)_Wenzhou_2010,edge,17.1,14.152626,2.947374,CHN_Zhejiang.Wenzhou.586590_CSWD,2.523,db728091c4f56c01e2d031a23dfb80ab8c807988678509be9f3d24859353e7d1,96f4f2105020d2c8c902f7f0671e7e6af0b11290150340ba440b0ade2b1fd380,1,1,2,assigned_private_rooms_ac_only,0,,温州市的1人家庭。合住住房中本户独用1间房，分摊建筑面积约18平方米；整套住房设计建筑面积约81.7718平方米（按模型整套净面积和实验0.95比值换算）；仅私有房间的1台空调可由本户安排，公共设备不纳入。主要说明人（31岁，在家外出交替）。通常白天部分时间有人。家庭月收入情境约4500元，通常月电费情境约520元；电费不构成当前预算约束。家庭已为当前电费预留预算，按这个金额可以承担；增加用电仍需重新权衡。纳入安排的设备：空调。节费重视3/5，舒适重视3/5，系统控制边界是约定范围内可自动调整；希望提前3小时通知。费用压力描述的是当前预算余量；节费重视描述的是调整方案时的取舍，两者分别考虑。,"【合成角色条件；尚无真人回答】
cityrole-0080｜浙江温州市｜1人｜合住，本户独用1间自然房；18㎡是本户分摊建筑面积，整套住房设计建筑面积约81.7718㎡，按冻结源单元净面积和实验 0.95 比值换算，并非实测。
楼房中的一套住宅，楼层位置 中间层，房龄背景 2010—2019年；住宅原型 High-rise apartment(slab type)_Wenzhou_2010，源户位 edge，天气代理站 CHN_Zhejiang.Wenzhou.586590_CSWD（距城市约2.5km）；天气/原型及房龄并非本户实测。
m01 主要说明人，31岁，暂未工作（非退休） / 部分时间在家，部分时间外出；工作日通常在家 00:00–09:00、12:00–15:00、19:00–24:00；室温感受：比较敏感，小幅变化也容易不舒服；电器时间：希望按原定时间运行，尽量不调整；参与安排：通常主要由这位成员决定；需求优先：没有特别优先；节费/错峰重视 3/3；系统控制：在约定范围内，可以让系统自动调整。
通常白天：部分时间有人；晚间：部分时间有人；作息：部分成员或部分日期固定；深夜用电：很少或没有；事件当天是否在受控房间另核。
家庭月收入情境 4500元、上月电费情境 520元；电费压力 5/5。家庭已为当前电费预留预算，按这个金额可以承担；增加用电仍需重新权衡。
节费/舒适/错峰重视 3/3/1；控制边界：在约定范围内，可以让系统自动调整；提前通知 3 小时；受保护活动：睡眠休息, 做饭用餐。
居住方式：与他人合租；电价背景：峰谷分时电价；定时/自动控制经验：没有使用过；既有错峰经验：没有参加过；受扰后恢复偏好：改回原安排；其他背景设备：没有上述设备。
空调 1台，每周 4—6天；自己选择使用时段（可跨午夜），制冷设定 24℃，室温希望范围 23—25℃，可接受变化 1℃，自选时段 19:00–23:00。条件：有人在受控房间时使用；轮班或事件日另核，不把空屋冷量算作舒适收益。
参与者对十天方案的选择、理由和评分尚未填写。",UNKNOWN,NOT_COLLECTED,NOT_EXPORTED_PENDING_D_ACCEPTANCE,UNKNOWN
cityrole-0081,eb.synthetic_fixed_profile_300.v1,沈阳市,辽宁,210100,1,1,0,mostly_absent,mostly_home,regular,3200,360,1,电费超出预算会挤占必要支出,必要生活开支较多，本月电费变化容易挤占其他项目。,both_high,5,5,3,low_auto_accept,48,independent_dwelling,three_rooms,3,70及以上,75.0,synthetic_H6_like_whole_dwelling_building_area,75.0,known_synthetic_whole_dwelling,50_89,matches_synthetic_whole_dwelling,apartment,middle,2,cn-home-0081,self_contained_source_three_room,High-rise apartment(slab type)_Shenyang_2010,edge,56.390977,56.390977,0,CHN_Liaoning.Shenyang.543420_CSWD,8.989,3524d8146cd9cd4a8fea451fb2139d515aa640352754c9879225b6bba587af91,7da7c607d81a52188c0d868eabc59510de4df87c85cc7302a4428aac21ed2aec,7,7,10,household_selected_devices,0,,沈阳市的1人家庭。独立住房建筑面积约75平方米，七普口径至少3间自然房间。主要说明人（44岁，通常定时外出）。通常白天多在外。家庭月收入情境约3200元，通常月电费情境约360元；电费超出预算会挤占必要支出。必要生活开支较多，本月电费变化容易挤占其他项目。纳入安排的设备：洗衣机、电热水器。节费重视5/5，舒适重视5/5，系统控制边界是以自己安排为主；希望提前48小时通知。费用压力描述的是当前预算余量；节费重视描述的是调整方案时的取舍，两者分别考虑。洗衣等任务需有人在家完成装载。,"【合成角色条件；尚无真人回答】
cityrole-0081｜辽宁沈阳市｜1人｜独立住宅，H7 至少3间自然房；整套设计建筑面积75㎡。
楼房中的一套住宅，楼层位置 中间层，房龄背景 2010—2019年；住宅原型 High-rise apartment(slab type)_Shenyang_2010，源户位 edge，天气代理站 CHN_Liaoning.Shenyang.543420_CSWD（距城市约9.0km）；天气/原型及房龄并非本户实测。
m01 主要说明人，44岁，在外工作 / 通常固定时间外出工作或学习；工作日通常在家 00:00–07:30、18:30–24:00；室温感受：能接受小幅变化，变化较大会不舒服；电器时间：希望按原定时间运行，尽量不调整；参与安排：通常主要由这位成员决定；需求优先：没有特别优先；节费/错峰重视 5/1；系统控制：更愿意自己安排，尽量不让系统调整。
通常白天：大部分时间没人；晚间：大部分时间有人；作息：大体固定；深夜用电：很少或没有；事件当天是否在受控房间另核。
家庭月收入情境 3200元、上月电费情境 360元；电费压力 1/5。必要生活开支较多，本月电费变化容易挤占其他项目。
节费/舒适/错峰重视 5/5/3；控制边界：更愿意自己安排，尽量不让系统调整；提前通知 两天；受保护活动：睡眠休息, 做饭用餐。
居住方式：与他人合租；电价背景：峰谷分时电价；定时/自动控制经验：经常使用；既有错峰经验：没有参加过；受扰后恢复偏好：先看影响再决定；其他背景设备：冰箱。
洗衣机 1台，每周 每天（7天）；默认 19:00，可从 19:00 开始，最晚 23:00 完成，一次 60 分钟。条件：默认时刻须有成员在家并完成装载；轮班或事件日另核，不默认预约或远程启动。
电热水器 1台，每周 每天（7天）；加热 19:50–22:00，需热水 21:00，提前加热：不希望提前加热。条件：普通加热须对准有人需要热水的时段；事件日及额外提前加热按当次许可确认。
参与者对十天方案的选择、理由和评分尚未填写。",UNKNOWN,NOT_COLLECTED,NOT_EXPORTED_PENDING_D_ACCEPTANCE,UNKNOWN
cityrole-0082,eb.synthetic_fixed_profile_300.v1,贵阳市,贵州,520100,3,2,0,mostly_occupied,partly_home,partly_regular,9600,520,5,电费不构成当前预算约束,本月电费已列入预算，按当前金额可以承担。,saving_priority,5,1,2,high_trust_auto,1,independent_dwelling,three_rooms,3,40-49,133.5,synthetic_H6_like_whole_dwelling_building_area,133.5,known_synthetic_whole_dwelling,120_159,matches_synthetic_whole_dwelling,apartment,middle,3,cn-home-0082,self_contained_source_three_room,Low-rise apartment_Guiyang_2010,edge,100.37594,100.37594,0,CHN_Guizhou.Guiyang.578160_CSWD,2.904,e3c9cb7d41beba027a76183e5704165f0cf1041d820a6440856af6c84191f672,435ee55ffe3ad444b9865abb740a968a95b8009a77ea783e065dabf499474ba3,7,7,10,household_selected_devices,1,m03,贵阳市的3人家庭。独立住房建筑面积约133.5平方米，七普口径至少3间自然房间。主要说明人（52岁，通常主要在家）、子女（23岁，在家外出交替）、子女（26岁，通常定时外出）。通常白天有人在家。家庭月收入情境约9600元，通常月电费情境约520元；电费不构成当前预算约束。本月电费已列入预算，按当前金额可以承担。纳入安排的设备：空调、洗衣机、烘干机、电热水器、可在家充电的电动车。节费重视5/5，舒适重视1/5，系统控制边界是约定范围内可自动调整；希望提前1小时通知。当前电费负担不重，但仍重视避免浪费。洗衣等任务需有人在家完成装载。空屋提前开空调须另确认预约或远控与本人许可。,"【合成角色条件；尚无真人回答】
cityrole-0082｜贵州贵阳市｜3人｜独立住宅，H7 至少3间自然房；整套设计建筑面积133.5㎡。
楼房中的一套住宅，楼层位置 中间层，房龄背景 2010—2019年；住宅原型 Low-rise apartment_Guiyang_2010，源户位 edge，天气代理站 CHN_Guizhou.Guiyang.578160_CSWD（距城市约2.9km）；天气/原型及房龄并非本户实测。
m01 主要说明人，52岁，居家工作/学习 / 主要在家生活，包括居家工作、学习、休息或照护；工作日通常在家 00:00–24:00；室温感受：不太敏感，室温变化较大也通常能适应；电器时间：只接受小幅提前或推迟；参与安排：通常主要由这位成员决定；需求优先：没有特别优先；节费/错峰重视 5/4；系统控制：在约定范围内，可以让系统自动调整。
m02 子女，23岁，照顾家人 / 部分时间在家，部分时间外出；工作日通常在家 00:00–09:00、12:00–15:00、19:00–24:00；室温感受：能接受小幅变化，变化较大会不舒服；电器时间：希望按原定时间运行，尽量不调整；参与安排：通常与家人共同商量决定；需求优先：没有特别优先；节费/错峰重视 4/5；系统控制：更愿意自己安排，尽量不让系统调整。
m03 子女，26岁，在外工作 / 通常固定时间外出工作或学习；工作日通常在家 00:00–07:30、18:30–24:00；室温感受：比较敏感，小幅变化也容易不舒服；电器时间：希望按原定时间运行，尽量不调整；参与安排：通常与家人共同商量决定；需求优先：没有特别优先；节费/错峰重视 1/1；系统控制：每次先问，得到明确同意后再调整。
通常白天：大部分时间有人；晚间：部分时间有人；作息：部分成员或部分日期固定；深夜用电：很少或没有；事件当天是否在受控房间另核。
家庭月收入情境 9600元、上月电费情境 520元；电费压力 5/5。本月电费已列入预算，按当前金额可以承担。
节费/舒适/错峰重视 5/1/2；控制边界：在约定范围内，可以让系统自动调整；提前通知 1 小时；受保护活动：睡眠休息, 做饭用餐。
居住方式：与他人合租；电价背景：峰谷分时电价；定时/自动控制经验：没有使用过；既有错峰经验：没有参加过；受扰后恢复偏好：改回原安排；其他背景设备：冰箱。
空调 1台，每周 2—3天；傍晚到睡前（18:00—23:00），制冷设定 26℃，室温希望范围 25—27℃，可接受变化 0.5℃。条件：有人在受控房间时使用；18:00–18:30若空屋预冷，须当天确认家户许可及实际预约/远控能力，否则到家后开启；空屋冷量不算舒适收益。
洗衣机 1台，每周 2—3天；默认 19:50，可从 19:00 开始，最晚 23:00 完成，一次 60 分钟。条件：默认时刻须有成员在家并完成装载；轮班或事件日另核，不默认预约或远程启动。
烘干机 1台，每周 2—3天；默认 19:00，可从 19:00 开始，最晚 23:00 完成，一次 90 分钟。条件：默认时刻须有成员在家并完成装载；轮班或事件日另核，不默认预约或远程启动。
电热水器 1台，每周 2—3天；加热 06:00–08:00，需热水 07:00，提前加热：可以提前安排。条件：普通加热须对准有人需要热水的时段；事件日及额外提前加热按当次许可确认。
可在家充电的电动汽车 1辆，每周 2—3天；接入 19:00，次日离家 07:00，目标/保底电量 80%/20%，驾驶成员 m03。条件：由m03在典型外出日返家后接入；车辆实际到家、次日离家与充电权限按当天确认。
参与者对十天方案的选择、理由和评分尚未填写。",UNKNOWN,NOT_COLLECTED,NOT_EXPORTED_PENDING_D_ACCEPTANCE,UNKNOWN
cityrole-0083,eb.synthetic_fixed_profile_300.v1,苏州市,江苏,320500,2,1,0,sometimes_occupied,varies,irregular,4000,480,2,电费有压力，需调整其他开支,必要生活开支较多，本月电费变化容易挤占其他项目。,both_low,1,1,4,confirm_required,1,independent_dwelling,three_rooms,3,50-59,109.0,synthetic_H6_like_whole_dwelling_building_area,109.0,known_synthetic_whole_dwelling,90_119,matches_synthetic_whole_dwelling,apartment,middle,2,cn-home-0083,self_contained_source_three_room,High-rise apartment(slab type)_Dongtai_2001,edge,81.954887,81.954887,0,CHN_Jiangsu.Lusi.582650_CSWD,119.962,c92346c9972b2dcc7f2064862db0b41111de3985fdfd3db09d6fc2ec585f6b6c,811bdeee0b5b956f801e11a62c53bb332067ed95b48bba006ab3588e36569d02,7,7,10,household_selected_devices,1,m02,苏州市的2人家庭。独立住房建筑面积约109平方米，七普口径至少3间自然房间。主要说明人（31岁，轮班或时间多变）、伴侣（35岁，在家外出交替）。通常白天部分时间有人。家庭月收入情境约4000元，通常月电费情境约480元；电费有压力，需调整其他开支。必要生活开支较多，本月电费变化容易挤占其他项目。纳入安排的设备：洗衣机、电热水器、可在家充电的电动车。节费重视1/5，舒适重视1/5，系统控制边界是每次先确认；希望提前1小时通知。虽然电费挤压预算，但家里更在意任务按原计划完成，不愿为了少量节费频繁改时间。洗衣等任务需有人在家完成装载。轮班日按当天在家情况确认。,"【合成角色条件；尚无真人回答】
cityrole-0083｜江苏苏州市｜2人｜独立住宅，H7 至少3间自然房；整套设计建筑面积109㎡。
楼房中的一套住宅，楼层位置 中间层，房龄背景 2000—2009年；住宅原型 High-rise apartment(slab type)_Dongtai_2001，源户位 edge，天气代理站 CHN_Jiangsu.Lusi.582650_CSWD（距城市约120.0km）；天气/原型及房龄并非本户实测。
m01 主要说明人，31岁，轮班工作 / 轮班或时间经常变化；工作日到家时段不固定；室温感受：比较敏感，小幅变化也容易不舒服；电器时间：只接受小幅提前或推迟；参与安排：通常主要由这位成员决定；需求优先：没有特别优先；节费/错峰重视 1/2；系统控制：每次先问，得到明确同意后再调整。
m02 伴侣，35岁，暂未工作（非退休） / 部分时间在家，部分时间外出；工作日通常在家 00:00–09:00、12:00–15:00、19:00–24:00；室温感受：不太敏感，室温变化较大也通常能适应；电器时间：只接受小幅提前或推迟；参与安排：通常与家人共同商量决定；需求优先：没有特别优先；节费/错峰重视 5/3；系统控制：在约定范围内，可以让系统自动调整。
通常白天：部分时间有人；晚间：每天不太固定；作息：变化较多；深夜用电：偶尔；事件当天是否在受控房间另核。
家庭月收入情境 4000元、上月电费情境 480元；电费压力 2/5。必要生活开支较多，本月电费变化容易挤占其他项目。
节费/舒适/错峰重视 1/1/4；控制边界：每次先问我，得到明确同意后再调整；提前通知 1 小时；受保护活动：睡眠休息, 做饭用餐。
居住方式：自有住房；电价背景：峰谷分时电价；定时/自动控制经验：经常使用；既有错峰经验：没有参加过；受扰后恢复偏好：先看影响再决定；其他背景设备：冰箱。
洗衣机 1台，每周 4—6天；默认 21:00，可从 19:00 开始，最晚 24:00 完成，一次 60 分钟。条件：默认时刻须有成员在家并完成装载；轮班或事件日另核，不默认预约或远程启动。
电热水器 1台，每周 4—6天；加热 19:00–22:00，需热水 21:00，提前加热：每次先确认。条件：普通加热须对准有人需要热水的时段；事件日及额外提前加热按当次许可确认。
可在家充电的电动汽车 1辆，每周 4—6天；接入 19:50，次日离家 08:30，目标/保底电量 90%/30%，驾驶成员 m02。条件：由m02在典型外出日返家后接入；车辆实际到家、次日离家与充电权限按当天确认。
参与者对十天方案的选择、理由和评分尚未填写。",UNKNOWN,NOT_COLLECTED,NOT_EXPORTED_PENDING_D_ACCEPTANCE,UNKNOWN
cityrole-0084,eb.synthetic_fixed_profile_300.v1,武汉市,湖北,420100,3,2,0,sometimes_occupied,varies,irregular,13500,220,3,电费可承担，但会留意变化,本月电费可承担，但家庭会留意它的变化。,saving_priority,5,1,5,low_auto_accept,0,independent_dwelling,four_rooms,4,30-39,103.5,synthetic_H6_like_whole_dwelling_building_area,103.5,known_synthetic_whole_dwelling,90_119,matches_synthetic_whole_dwelling,apartment,middle,2,cn-home-0084,self_contained_four_room_thermally_aggregated,Low-rise apartment_Wuhan_2001,edge,77.819549,77.819549,0,CHN_Hubei.Wuhan.574940_CSWD,17.056,65a29af989141a22ef3694aec4620f007550e6c715621a8991c9f4a260df3d1c,c2074d33f68ebf0dddb9723ff60accf12fc2de494b35d449d8ea9afb955a0ad9,7,7,10,household_selected_devices,0,,武汉市的3人家庭。独立住房建筑面积约103.5平方米，七普口径至少4间自然房间。主要说明人（51岁，在家外出交替）、子女（19岁，通常定时外出）、子女（23岁，轮班或时间多变）。通常白天部分时间有人。家庭月收入情境约13500元，通常月电费情境约220元；电费可承担，但会留意变化。本月电费可承担，但家庭会留意它的变化。纳入安排的设备：空调、洗衣机。节费重视5/5，舒适重视1/5，系统控制边界是以自己安排为主；希望提前0小时通知。费用压力描述的是当前预算余量；节费重视描述的是调整方案时的取舍，两者分别考虑。洗衣等任务需有人在家完成装载。轮班日按当天在家情况确认。,"【合成角色条件；尚无真人回答】
cityrole-0084｜湖北武汉市｜3人｜独立住宅，H7 至少4间自然房；整套设计建筑面积103.5㎡。
楼房中的一套住宅，楼层位置 中间层，房龄背景 2000—2009年；住宅原型 Low-rise apartment_Wuhan_2001，源户位 edge，天气代理站 CHN_Hubei.Wuhan.574940_CSWD（距城市约17.1km）；天气/原型及房龄并非本户实测。
m01 主要说明人，51岁，照顾家人 / 部分时间在家，部分时间外出；工作日通常在家 00:00–09:00、12:00–15:00、19:00–24:00；室温感受：能接受小幅变化，变化较大会不舒服；电器时间：只要按时完成，具体运行时间都可以；参与安排：通常主要由这位成员决定；需求优先：没有特别优先；节费/错峰重视 5/5；系统控制：更愿意自己安排，尽量不让系统调整。
m02 子女，19岁，在外工作 / 通常固定时间外出工作或学习；工作日通常在家 00:00–07:30、18:30–24:00；室温感受：比较敏感，小幅变化也容易不舒服；电器时间：只接受小幅提前或推迟；参与安排：通常与家人共同商量决定；需求优先：没有特别优先；节费/错峰重视 1/1；系统控制：每次先问，得到明确同意后再调整。
m03 子女，23岁，轮班工作 / 轮班或时间经常变化；工作日到家时段不固定；室温感受：不太敏感，室温变化较大也通常能适应；电器时间：只接受小幅提前或推迟；参与安排：通常与家人共同商量决定；需求优先：没有特别优先；节费/错峰重视 3/2；系统控制：在约定范围内，可以让系统自动调整。
通常白天：部分时间有人；晚间：每天不太固定；作息：变化较多；深夜用电：偶尔；事件当天是否在受控房间另核。
家庭月收入情境 13500元、上月电费情境 220元；电费压力 3/5。本月电费可承担，但家庭会留意它的变化。
节费/舒适/错峰重视 5/1/5；控制边界：更愿意自己安排，尽量不让系统调整；提前通知 无需提前；受保护活动：睡眠休息, 做饭用餐。
居住方式：整套租住；电价背景：单一时段电价；定时/自动控制经验：没有使用过；既有错峰经验：没有参加过；受扰后恢复偏好：先看影响再决定；其他背景设备：冰箱。
空调 1台，每周 每天（7天）；自己选择使用时段（可跨午夜），制冷设定 24℃，室温希望范围 23—25℃，可接受变化 1.5℃，自选时段 19:00–23:00。条件：有人在受控房间时使用；轮班或事件日另核，不把空屋冷量算作舒适收益。
洗衣机 1台，每周 每天（7天）；默认 19:00，可从 19:00 开始，最晚 23:00 完成，一次 60 分钟。条件：默认时刻须有成员在家并完成装载；轮班或事件日另核，不默认预约或远程启动。
参与者对十天方案的选择、理由和评分尚未填写。",UNKNOWN,NOT_COLLECTED,NOT_EXPORTED_PENDING_D_ACCEPTANCE,UNKNOWN
cityrole-0085,eb.synthetic_fixed_profile_300.v1,成都市,四川,510100,2,2,0,sometimes_occupied,partly_home,partly_regular,6400,520,2,电费有压力，需调整其他开支,必要生活开支较多，本月电费变化容易挤占其他项目。,middle,3,3,3,high_trust_auto,3,independent_dwelling,two_rooms,2,20-29,49.0,synthetic_H6_like_whole_dwelling_building_area,49.0,known_synthetic_whole_dwelling,lt50,matches_synthetic_whole_dwelling,apartment,top,9,cn-home-0085,self_contained_openplan,High-rise apartment(slab type)_Chengdu_2001,middle,36.842105,36.842105,0,CHN_Sichuan.Chengdu.562940_CSWD,2.503,7204a177b51424d23876255d175b502ac55aa3178ba1ac01691f571af00196ed,6fc2089e315daccf9ec7b4a654e94f46add5f56aac6bfd805ead0cc24d3e6c7a,7,7,8,household_selected_devices,0,,成都市的2人家庭。独立住房建筑面积约49平方米，七普口径至少2间自然房间。主要说明人（36岁，在家外出交替）、子女（9岁，通常定时外出）。通常白天部分时间有人。家庭月收入情境约6400元，通常月电费情境约520元；电费有压力，需调整其他开支。必要生活开支较多，本月电费变化容易挤占其他项目。纳入安排的设备：电热水器。节费重视3/5，舒适重视3/5，系统控制边界是约定范围内可自动调整；希望提前3小时通知。费用压力描述的是当前预算余量；节费重视描述的是调整方案时的取舍，两者分别考虑。,"【合成角色条件；尚无真人回答】
cityrole-0085｜四川成都市｜2人｜独立住宅，H7 至少2间自然房；整套设计建筑面积49㎡。
楼房中的一套住宅，楼层位置 顶层，房龄背景 2000—2009年；住宅原型 High-rise apartment(slab type)_Chengdu_2001，源户位 middle，天气代理站 CHN_Sichuan.Chengdu.562940_CSWD（距城市约2.5km）；天气/原型及房龄并非本户实测。
m01 主要说明人，36岁，暂未工作（非退休） / 部分时间在家，部分时间外出；工作日通常在家 00:00–09:00、12:00–15:00、19:00–24:00；室温感受：不太敏感，室温变化较大也通常能适应；电器时间：只要按时完成，具体运行时间都可以；参与安排：通常主要由这位成员决定；需求优先：没有特别优先；节费/错峰重视 3/3；系统控制：在约定范围内，可以让系统自动调整。
m02 子女，9岁，上学 / 通常固定时间外出工作或学习；工作日通常在家 00:00–07:30、18:30–24:00；室温感受：能接受小幅变化，变化较大会不舒服；电器时间：只要按时完成，具体运行时间都可以；参与安排：通常与家人共同商量决定；需求优先：通常会优先考虑；节费/错峰重视 2/4；系统控制：更愿意自己安排，尽量不让系统调整。
通常白天：部分时间有人；晚间：部分时间有人；作息：部分成员或部分日期固定；深夜用电：很少或没有；事件当天是否在受控房间另核。
家庭月收入情境 6400元、上月电费情境 520元；电费压力 2/5。必要生活开支较多，本月电费变化容易挤占其他项目。
节费/舒适/错峰重视 3/3/3；控制边界：在约定范围内，可以让系统自动调整；提前通知 3 小时；受保护活动：睡眠休息, 做饭用餐, 照顾家人。
居住方式：自有住房；电价背景：单一时段电价；定时/自动控制经验：没有使用过；既有错峰经验：参加过；受扰后恢复偏好：保留自动安排；其他背景设备：冰箱。
电热水器 1台，每周 2—3天；加热 06:00–08:00，需热水 07:00，提前加热：可以提前安排。条件：普通加热须对准有人需要热水的时段；事件日及额外提前加热按当次许可确认。
参与者对十天方案的选择、理由和评分尚未填写。",UNKNOWN,NOT_COLLECTED,NOT_EXPORTED_PENDING_D_ACCEPTANCE,UNKNOWN
cityrole-0086,eb.synthetic_fixed_profile_300.v1,郑州市,河南,410100,4,3,0,mostly_occupied,partly_home,irregular,26000,520,3,电费可承担，但会留意变化,本月电费可承担，但家庭会留意它的变化。,middle,3,3,5,low_auto_accept,0,independent_dwelling,three_rooms,3,50-59,218.0,synthetic_H6_like_whole_dwelling_building_area,218.0,known_synthetic_whole_dwelling,ge160,matches_synthetic_whole_dwelling,apartment,middle,8,cn-home-0086,self_contained_source_three_room,High-rise apartment(slab type)_Zhengzhou_2010,edge,163.909774,163.909774,0,CHN_Henan.Zhengzhou.570830_CSWD,5.229,5c7f20613a94f695be63734559173574f32406af8c0f407e0ea7eb63f5228c64,439bf20e4ca9955e66afa4ef28be8521356de29ce6854688884150170794fbc2,7,7,10,household_selected_devices,0,,郑州市的4人家庭。独立住房建筑面积约218平方米，七普口径至少3间自然房间。长辈（59岁，通常定时外出）、主要说明人（39岁，轮班或时间多变）、子女（18岁，在家外出交替）、伴侣（40岁，通常主要在家）。通常白天有人在家。家庭月收入情境约26000元，通常月电费情境约520元；电费可承担，但会留意变化。本月电费可承担，但家庭会留意它的变化。纳入安排的设备：空调、洗衣机、电热水器。节费重视3/5，舒适重视3/5，系统控制边界是以自己安排为主；希望提前0小时通知。费用压力描述的是当前预算余量；节费重视描述的是调整方案时的取舍，两者分别考虑。洗衣等任务需有人在家完成装载。空屋提前开空调须另确认预约或远控与本人许可。轮班日按当天在家情况确认。,"【合成角色条件；尚无真人回答】
cityrole-0086｜河南郑州市｜4人｜独立住宅，H7 至少3间自然房；整套设计建筑面积218㎡。
楼房中的一套住宅，楼层位置 中间层，房龄背景 2010—2019年；住宅原型 High-rise apartment(slab type)_Zhengzhou_2010，源户位 edge，天气代理站 CHN_Henan.Zhengzhou.570830_CSWD（距城市约5.2km）；天气/原型及房龄并非本户实测。
m01 长辈，59岁，在外工作 / 通常固定时间外出工作或学习；工作日通常在家 00:00–07:30、18:30–24:00；室温感受：比较敏感，小幅变化也容易不舒服；电器时间：希望按原定时间运行，尽量不调整；参与安排：通常主要由这位成员决定；需求优先：没有特别优先；节费/错峰重视 3/1；系统控制：更愿意自己安排，尽量不让系统调整。
m02 主要说明人，39岁，轮班工作 / 轮班或时间经常变化；工作日到家时段不固定；室温感受：不太敏感，室温变化较大也通常能适应；电器时间：只要按时完成，具体运行时间都可以；参与安排：通常与家人共同商量决定；需求优先：没有特别优先；节费/错峰重视 3/2；系统控制：在约定范围内，可以让系统自动调整。
m03 子女，18岁，暂未工作（非退休） / 部分时间在家，部分时间外出；工作日通常在家 00:00–09:00、12:00–15:00、19:00–24:00；室温感受：能接受小幅变化，变化较大会不舒服；电器时间：只要按时完成，具体运行时间都可以；参与安排：通常与家人共同商量决定；需求优先：没有特别优先；节费/错峰重视 5/3；系统控制：更愿意自己安排，尽量不让系统调整。
m04 伴侣，40岁，居家工作/学习 / 主要在家生活，包括居家工作、学习、休息或照护；工作日通常在家 00:00–24:00；室温感受：比较敏感，小幅变化也容易不舒服；电器时间：只接受小幅提前或推迟；参与安排：通常与家人共同商量决定；需求优先：没有特别优先；节费/错峰重视 2/4；系统控制：每次先问，得到明确同意后再调整。
通常白天：大部分时间有人；晚间：部分时间有人；作息：变化较多；深夜用电：偶尔；事件当天是否在受控房间另核。
家庭月收入情境 26000元、上月电费情境 520元；电费压力 3/5。本月电费可承担，但家庭会留意它的变化。
节费/舒适/错峰重视 3/3/5；控制边界：更愿意自己安排，尽量不让系统调整；提前通知 无需提前；受保护活动：睡眠休息, 做饭用餐。
居住方式：自有住房；电价背景：单一时段电价；定时/自动控制经验：偶尔使用；既有错峰经验：没有参加过；受扰后恢复偏好：保留自动安排；其他背景设备：冰箱。
空调 1台，每周 4—6天；傍晚到睡前（18:00—23:00），制冷设定 26℃，室温希望范围 25—27℃，可接受变化 1℃。条件：有人在受控房间时使用；18:00–18:30若空屋预冷，须当天确认家户许可及实际预约/远控能力，否则到家后开启；空屋冷量不算舒适收益。
洗衣机 1台，每周 4—6天；默认 21:00，可从 19:00 开始，最晚 24:00 完成，一次 60 分钟。条件：默认时刻须有成员在家并完成装载；轮班或事件日另核，不默认预约或远程启动。
电热水器 1台，每周 4—6天；加热 19:00–22:00，需热水 21:00，提前加热：每次先确认。条件：普通加热须对准有人需要热水的时段；事件日及额外提前加热按当次许可确认。
参与者对十天方案的选择、理由和评分尚未填写。",UNKNOWN,NOT_COLLECTED,NOT_EXPORTED_PENDING_D_ACCEPTANCE,UNKNOWN
cityrole-0087,eb.synthetic_fixed_profile_300.v1,广州市,广东,440100,2,1,1,sometimes_occupied,partly_home,partly_regular,19000,720,5,电费不构成当前预算约束,本月电费占可安排预算较小。,middle,3,3,3,low_auto_accept,6,shared_dwelling_private_rooms_with_allocated_common_area,one_room,1,13-16,29.0,synthetic_H6_like_household_attributed_building_area_in_shared_dwelling,136.541648,experimental_F_scaled_whole_dwelling,120_159,matches_F_experimental_whole_dwelling,apartment,middle,3,cn-home-0087,shared_flat_private_rooms,Low-rise apartment_Guangzhou_2012,middle,27.55,23.170287,4.379713,CHN_Guangdong.Guangzhou.592870_CSWD,5.46,8aba1405cf372b1266858ed2455d3b45d43a20315f9e450e72373d5a70b4a026,85784dfa9eb1a828a2caf4364363d739172653ffed3357ca09a85060ba0a2220,1,1,1,assigned_private_rooms_ac_only,0,,广州市的2人家庭。合住住房中本户独用1间房，分摊建筑面积约29平方米；整套住房设计建筑面积约136.542平方米（按模型整套净面积和实验0.95比值换算）；仅私有房间的1台空调可由本户安排，公共设备不纳入。主要说明人（67岁，通常定时外出）、伴侣（65岁，在家外出交替）。通常白天部分时间有人。家庭月收入情境约19000元，通常月电费情境约720元；电费不构成当前预算约束。本月电费占可安排预算较小。纳入安排的设备：空调。节费重视3/5，舒适重视3/5，系统控制边界是以自己安排为主；希望提前6小时通知。费用压力描述的是当前预算余量；节费重视描述的是调整方案时的取舍，两者分别考虑。空屋提前开空调须另确认预约或远控与本人许可。,"【合成角色条件；尚无真人回答】
cityrole-0087｜广东广州市｜2人｜合住，本户独用1间自然房；29㎡是本户分摊建筑面积，整套住房设计建筑面积约136.542㎡，按冻结源单元净面积和实验 0.95 比值换算，并非实测。
楼房中的一套住宅，楼层位置 中间层，房龄背景 2010—2019年；住宅原型 Low-rise apartment_Guangzhou_2012，源户位 middle，天气代理站 CHN_Guangdong.Guangzhou.592870_CSWD（距城市约5.5km）；天气/原型及房龄并非本户实测。
m01 主要说明人，67岁，在外工作 / 通常固定时间外出工作或学习；工作日通常在家 00:00–07:30、18:30–24:00；室温感受：能接受小幅变化，变化较大会不舒服；电器时间：希望按原定时间运行，尽量不调整；参与安排：通常主要由这位成员决定；需求优先：没有特别优先；节费/错峰重视 3/4；系统控制：更愿意自己安排，尽量不让系统调整。
m02 伴侣，65岁，居家工作/学习 / 部分时间在家，部分时间外出；工作日通常在家 00:00–09:00、12:00–15:00、19:00–24:00；室温感受：比较敏感，小幅变化也容易不舒服；电器时间：希望按原定时间运行，尽量不调整；参与安排：通常与家人共同商量决定；需求优先：没有特别优先；节费/错峰重视 4/5；系统控制：每次先问，得到明确同意后再调整。
通常白天：部分时间有人；晚间：部分时间有人；作息：部分成员或部分日期固定；深夜用电：很少或没有；事件当天是否在受控房间另核。
家庭月收入情境 19000元、上月电费情境 720元；电费压力 5/5。本月电费占可安排预算较小。
节费/舒适/错峰重视 3/3/3；控制边界：更愿意自己安排，尽量不让系统调整；提前通知 6 小时；受保护活动：睡眠休息, 做饭用餐。
居住方式：与他人合租；电价背景：单一时段电价；定时/自动控制经验：没有使用过；既有错峰经验：没有参加过；受扰后恢复偏好：改回原安排；其他背景设备：没有上述设备。
空调 1台，每周 每天（7天）；傍晚到睡前（18:00—23:00），制冷设定 27℃，室温希望范围 26—28℃，可接受变化 1.5℃。条件：有人在受控房间时使用；18:00–18:30若空屋预冷，须当天确认家户许可及实际预约/远控能力，否则到家后开启；空屋冷量不算舒适收益。
参与者对十天方案的选择、理由和评分尚未填写。",UNKNOWN,NOT_COLLECTED,NOT_EXPORTED_PENDING_D_ACCEPTANCE,UNKNOWN
cityrole-0088,eb.synthetic_fixed_profile_300.v1,深圳市,广东,440300,2,1,0,sometimes_occupied,varies,irregular,6400,520,1,电费超出预算会挤占必要支出,必要生活开支较多，本月电费变化容易挤占其他项目。,comfort_priority,2,4,5,low_auto_accept,24,independent_dwelling,one_room,1,30-39,69.0,synthetic_H6_like_whole_dwelling_building_area,69.0,known_synthetic_whole_dwelling,50_89,matches_synthetic_whole_dwelling,apartment,ground,1,cn-home-0088,self_contained_openplan,High-rise apartment(slab type)_Guangzhou_2003,edge,51.879699,51.879699,0,CHN_Guangdong.Zhengcheng.592940_CSWD,71.504,727f5e6b09dcc556dda40c79b3ff34a808d77ed2abb72b10e0402e1f4718ef90,7d59078e2229d059aa30d965fa8c7eb24f6c028f3cf3111a14c76e47f8de3da5,7,7,10,household_selected_devices,0,,深圳市的2人家庭。独立住房建筑面积约69平方米，七普口径至少1间自然房间。主要说明人（39岁，轮班或时间多变）、伴侣（40岁，在家外出交替）。通常白天部分时间有人。家庭月收入情境约6400元，通常月电费情境约520元；电费超出预算会挤占必要支出。必要生活开支较多，本月电费变化容易挤占其他项目。纳入安排的设备：洗衣机、电热水器。节费重视2/5，舒适重视4/5，系统控制边界是以自己安排为主；希望提前24小时通知。虽然电费挤压预算，但家里更在意任务按原计划完成，不愿为了少量节费频繁改时间。洗衣等任务需有人在家完成装载。轮班日按当天在家情况确认。,"【合成角色条件；尚无真人回答】
cityrole-0088｜广东深圳市｜2人｜独立住宅，H7 至少1间自然房；整套设计建筑面积69㎡。
楼房中的一套住宅，楼层位置 底层，房龄背景 2000—2009年；住宅原型 High-rise apartment(slab type)_Guangzhou_2003，源户位 edge，天气代理站 CHN_Guangdong.Zhengcheng.592940_CSWD（距城市约71.5km）；天气/原型及房龄并非本户实测。
m01 主要说明人，39岁，轮班工作 / 轮班或时间经常变化；工作日到家时段不固定；室温感受：不太敏感，室温变化较大也通常能适应；电器时间：只接受小幅提前或推迟；参与安排：通常主要由这位成员决定；需求优先：没有特别优先；节费/错峰重视 2/2；系统控制：更愿意自己安排，尽量不让系统调整。
m02 伴侣，40岁，暂未工作（非退休） / 部分时间在家，部分时间外出；工作日通常在家 00:00–09:00、12:00–15:00、19:00–24:00；室温感受：能接受小幅变化，变化较大会不舒服；电器时间：希望按原定时间运行，尽量不调整；参与安排：通常与家人共同商量决定；需求优先：没有特别优先；节费/错峰重视 5/3；系统控制：更愿意自己安排，尽量不让系统调整。
通常白天：部分时间有人；晚间：每天不太固定；作息：变化较多；深夜用电：偶尔；事件当天是否在受控房间另核。
家庭月收入情境 6400元、上月电费情境 520元；电费压力 1/5。必要生活开支较多，本月电费变化容易挤占其他项目。
节费/舒适/错峰重视 2/4/5；控制边界：更愿意自己安排，尽量不让系统调整；提前通知 一天；受保护活动：睡眠休息, 做饭用餐。
居住方式：整套租住；电价背景：单一时段电价；定时/自动控制经验：偶尔使用；既有错峰经验：没有参加过；受扰后恢复偏好：保留自动安排；其他背景设备：冰箱。
洗衣机 1台，每周 2—3天；默认 19:50，可从 19:00 开始，最晚 23:00 完成，一次 60 分钟。条件：默认时刻须有成员在家并完成装载；轮班或事件日另核，不默认预约或远程启动。
电热水器 1台，每周 2—3天；加热 06:00–08:00，需热水 07:00，提前加热：可以提前安排。条件：普通加热须对准有人需要热水的时段；事件日及额外提前加热按当次许可确认。
参与者对十天方案的选择、理由和评分尚未填写。",UNKNOWN,NOT_COLLECTED,NOT_EXPORTED_PENDING_D_ACCEPTANCE,UNKNOWN
cityrole-0089,eb.synthetic_fixed_profile_300.v1,潮州市,广东,445100,2,2,0,sometimes_occupied,partly_home,partly_regular,9000,360,4,电费有余量，通常不需改变开支,本月电费占可安排预算较小。,middle,3,3,5,confirm_required,6,independent_dwelling,one_room,1,20-29,49.0,synthetic_H6_like_whole_dwelling_building_area,49.0,known_synthetic_whole_dwelling,lt50,matches_synthetic_whole_dwelling,apartment,middle,3,cn-home-0089,self_contained_openplan,Low-rise apartment_Shantou_2003,middle,36.842105,36.842105,0,CHN_Guangdong.Shantou.593160_CSWD,46.236,9d7c38012670bd5c44cda35836c101ab9e13fccf84929691f8513c83a14e7001,67491dcb6ccc8c5e90b87f3f8e93d5e4e8a50989bd8a021fd212cd3d06f472d4,7,7,8,household_selected_devices,0,,潮州市的2人家庭。独立住房建筑面积约49平方米，七普口径至少1间自然房间。主要说明人（48岁，在家外出交替）、子女（15岁，通常定时外出）。通常白天部分时间有人。家庭月收入情境约9000元，通常月电费情境约360元；电费有余量，通常不需改变开支。本月电费占可安排预算较小。纳入安排的设备：空调、洗衣机、电热水器。节费重视3/5，舒适重视3/5，系统控制边界是每次先确认；希望提前6小时通知。费用压力描述的是当前预算余量；节费重视描述的是调整方案时的取舍，两者分别考虑。洗衣等任务需有人在家完成装载。空屋提前开空调须另确认预约或远控与本人许可。,"【合成角色条件；尚无真人回答】
cityrole-0089｜广东潮州市｜2人｜独立住宅，H7 至少1间自然房；整套设计建筑面积49㎡。
楼房中的一套住宅，楼层位置 中间层，房龄背景 2000—2009年；住宅原型 Low-rise apartment_Shantou_2003，源户位 middle，天气代理站 CHN_Guangdong.Shantou.593160_CSWD（距城市约46.2km）；天气/原型及房龄并非本户实测。
m01 主要说明人，48岁，照顾家人 / 部分时间在家，部分时间外出；工作日通常在家 00:00–09:00、12:00–15:00、19:00–24:00；室温感受：比较敏感，小幅变化也容易不舒服；电器时间：只接受小幅提前或推迟；参与安排：通常主要由这位成员决定；需求优先：通常会优先考虑；节费/错峰重视 3/5；系统控制：每次先问，得到明确同意后再调整。
m02 子女，15岁，上学 / 通常固定时间外出工作或学习；工作日通常在家 00:00–07:30、18:30–24:00；室温感受：不太敏感，室温变化较大也通常能适应；电器时间：只接受小幅提前或推迟；参与安排：通常与家人共同商量决定；需求优先：通常会优先考虑；节费/错峰重视 1/1；系统控制：在约定范围内，可以让系统自动调整。
通常白天：部分时间有人；晚间：部分时间有人；作息：部分成员或部分日期固定；深夜用电：很少或没有；事件当天是否在受控房间另核。
家庭月收入情境 9000元、上月电费情境 360元；电费压力 4/5。本月电费占可安排预算较小。
节费/舒适/错峰重视 3/3/5；控制边界：每次先问我，得到明确同意后再调整；提前通知 6 小时；受保护活动：睡眠休息, 做饭用餐, 照顾家人。
居住方式：与他人合租；电价背景：峰谷分时电价；定时/自动控制经验：没有使用过；既有错峰经验：没有参加过；受扰后恢复偏好：保留自动安排；其他背景设备：冰箱。
空调 2台，每周 4—6天；傍晚到睡前（18:00—23:00），制冷设定 25℃，室温希望范围 24—26℃，可接受变化 1℃。条件：有人在受控房间时使用；18:00–18:30若空屋预冷，须当天确认家户许可及实际预约/远控能力，否则到家后开启；空屋冷量不算舒适收益。
洗衣机 1台，每周 4—6天；默认 21:00，可从 19:00 开始，最晚 24:00 完成，一次 60 分钟。条件：默认时刻须有成员在家并完成装载；轮班或事件日另核，不默认预约或远程启动。
电热水器 1台，每周 4—6天；加热 19:00–22:00，需热水 21:00，提前加热：每次先确认。条件：普通加热须对准有人需要热水的时段；事件日及额外提前加热按当次许可确认。
参与者对十天方案的选择、理由和评分尚未填写。",UNKNOWN,NOT_COLLECTED,NOT_EXPORTED_PENDING_D_ACCEPTANCE,UNKNOWN
cityrole-0090,eb.synthetic_fixed_profile_300.v1,临汾市,山西,141000,1,1,0,sometimes_occupied,partly_home,partly_regular,4500,520,4,电费有余量，通常不需改变开支,家庭已为当前电费预留预算，按这个金额可以承担；增加用电仍需重新权衡。,comfort_priority,2,4,2,high_trust_auto,1,independent_dwelling,two_rooms,2,60-69,64.5,synthetic_H6_like_whole_dwelling_building_area,64.5,known_synthetic_whole_dwelling,50_89,matches_synthetic_whole_dwelling,apartment,middle,3,cn-home-0090,self_contained_openplan,Low-rise apartment_Houma_2018,edge,48.496241,48.496241,0,CHN_Shanxi.Houma.539630_CSWD,50.075,337de96bbe4a866cab96a3062ee256462ea9bc62386164f5ab6c8f0c1c14e2a5,03431de190d4937244d3630dbc2a7a073990275002f49cdd7b7af314d8743565,7,7,10,household_selected_devices,0,,临汾市的1人家庭。独立住房建筑面积约64.5平方米，七普口径至少2间自然房间。主要说明人（29岁，在家外出交替）。通常白天部分时间有人。家庭月收入情境约4500元，通常月电费情境约520元；电费有余量，通常不需改变开支。家庭已为当前电费预留预算，按这个金额可以承担；增加用电仍需重新权衡。纳入安排的设备：电热水器。节费重视2/5，舒适重视4/5，系统控制边界是约定范围内可自动调整；希望提前1小时通知。费用压力描述的是当前预算余量；节费重视描述的是调整方案时的取舍，两者分别考虑。,"【合成角色条件；尚无真人回答】
cityrole-0090｜山西临汾市｜1人｜独立住宅，H7 至少2间自然房；整套设计建筑面积64.5㎡。
楼房中的一套住宅，楼层位置 中间层，房龄背景 2010—2019年；住宅原型 Low-rise apartment_Houma_2018，源户位 edge，天气代理站 CHN_Shanxi.Houma.539630_CSWD（距城市约50.1km）；天气/原型及房龄并非本户实测。
m01 主要说明人，29岁，暂未工作（非退休） / 部分时间在家，部分时间外出；工作日通常在家 00:00–09:00、12:00–15:00、19:00–24:00；室温感受：能接受小幅变化，变化较大会不舒服；电器时间：只要按时完成，具体运行时间都可以；参与安排：通常主要由这位成员决定；需求优先：没有特别优先；节费/错峰重视 2/3；系统控制：在约定范围内，可以让系统自动调整。
通常白天：部分时间有人；晚间：部分时间有人；作息：部分成员或部分日期固定；深夜用电：很少或没有；事件当天是否在受控房间另核。
家庭月收入情境 4500元、上月电费情境 520元；电费压力 4/5。家庭已为当前电费预留预算，按这个金额可以承担；增加用电仍需重新权衡。
节费/舒适/错峰重视 2/4/2；控制边界：在约定范围内，可以让系统自动调整；提前通知 1 小时；受保护活动：睡眠休息, 做饭用餐。
居住方式：与他人合租；电价背景：单一时段电价；定时/自动控制经验：经常使用；既有错峰经验：没有参加过；受扰后恢复偏好：先看影响再决定；其他背景设备：冰箱。
电热水器 1台，每周 每天（7天）；加热 19:50–22:00，需热水 21:00，提前加热：不希望提前加热。条件：普通加热须对准有人需要热水的时段；事件日及额外提前加热按当次许可确认。
参与者对十天方案的选择、理由和评分尚未填写。",UNKNOWN,NOT_COLLECTED,NOT_EXPORTED_PENDING_D_ACCEPTANCE,UNKNOWN
cityrole-0091,eb.synthetic_fixed_profile_300.v1,南京市,江苏,320100,4,2,0,sometimes_occupied,partly_home,partly_regular,38000,360,3,电费可承担，但会留意变化,本月电费可承担，但家庭会留意它的变化。,comfort_priority,1,5,3,low_auto_accept,0.5,independent_dwelling,three_rooms,3,70及以上,300.0,synthetic_H6_like_whole_dwelling_building_area,300.0,known_synthetic_whole_dwelling,ge160,matches_synthetic_whole_dwelling,apartment,top,4,cn-home-0091,self_contained_source_three_room,Low-rise apartment_Nanjing_2001,middle,225.56391,225.56391,0,CHN_Jiangsu.Nanjing.582380_CSWD,88.368,a3597e683006c39186eb8fa774c0a811de2174e42e644672ddb64057cabe52e2,a1911304591994bd57125c53dda7b7fc532ca21f3be7263917759addc3bef778,7,7,8,household_selected_devices,0,,南京市的4人家庭。独立住房建筑面积约300平方米，七普口径至少3间自然房间。主要说明人（49岁，通常定时外出）、子女（13岁，通常定时外出）、伴侣（52岁，在家外出交替）、子女（15岁，通常定时外出）。通常白天部分时间有人。家庭月收入情境约38000元，通常月电费情境约360元；电费可承担，但会留意变化。本月电费可承担，但家庭会留意它的变化。纳入安排的设备：洗衣机、洗碗机。节费重视1/5，舒适重视5/5，系统控制边界是以自己安排为主；希望提前0.5小时通知。费用压力描述的是当前预算余量；节费重视描述的是调整方案时的取舍，两者分别考虑。洗衣等任务需有人在家完成装载。,"【合成角色条件；尚无真人回答】
cityrole-0091｜江苏南京市｜4人｜独立住宅，H7 至少3间自然房；整套设计建筑面积300㎡。
楼房中的一套住宅，楼层位置 顶层，房龄背景 2000—2009年；住宅原型 Low-rise apartment_Nanjing_2001，源户位 middle，天气代理站 CHN_Jiangsu.Nanjing.582380_CSWD（距城市约88.4km）；天气/原型及房龄并非本户实测。
m01 主要说明人，49岁，在外工作 / 通常固定时间外出工作或学习；工作日通常在家 00:00–07:30、18:30–24:00；室温感受：不太敏感，室温变化较大也通常能适应；电器时间：只要按时完成，具体运行时间都可以；参与安排：通常主要由这位成员决定；需求优先：没有特别优先；节费/错峰重视 1/1；系统控制：更愿意自己安排，尽量不让系统调整。
m02 子女，13岁，上学 / 通常固定时间外出工作或学习；工作日通常在家 00:00–07:30、18:30–24:00；室温感受：能接受小幅变化，变化较大会不舒服；电器时间：只要按时完成，具体运行时间都可以；参与安排：通常与家人共同商量决定；需求优先：通常会优先考虑；节费/错峰重视 3/2；系统控制：更愿意自己安排，尽量不让系统调整。
m03 伴侣，52岁，暂未工作（非退休） / 部分时间在家，部分时间外出；工作日通常在家 00:00–09:00、12:00–15:00、19:00–24:00；室温感受：比较敏感，小幅变化也容易不舒服；电器时间：只接受小幅提前或推迟；参与安排：通常与家人共同商量决定；需求优先：没有特别优先；节费/错峰重视 5/3；系统控制：每次先问，得到明确同意后再调整。
m04 子女，15岁，上学 / 通常固定时间外出工作或学习；工作日通常在家 00:00–07:30、18:30–24:00；室温感受：不太敏感，室温变化较大也通常能适应；电器时间：只接受小幅提前或推迟；参与安排：通常与家人共同商量决定；需求优先：通常会优先考虑；节费/错峰重视 2/4；系统控制：在约定范围内，可以让系统自动调整。
通常白天：部分时间有人；晚间：部分时间有人；作息：部分成员或部分日期固定；深夜用电：很少或没有；事件当天是否在受控房间另核。
家庭月收入情境 38000元、上月电费情境 360元；电费压力 3/5。本月电费可承担，但家庭会留意它的变化。
节费/舒适/错峰重视 1/5/3；控制边界：更愿意自己安排，尽量不让系统调整；提前通知 半小时；受保护活动：睡眠休息, 做饭用餐, 照顾家人。
居住方式：与他人合租；电价背景：峰谷分时电价；定时/自动控制经验：偶尔使用；既有错峰经验：没有参加过；受扰后恢复偏好：先看影响再决定；其他背景设备：冰箱。
洗衣机 1台，每周 2—3天；默认 19:50，可从 19:00 开始，最晚 23:00 完成，一次 60 分钟。条件：默认时刻须有成员在家并完成装载；轮班或事件日另核，不默认预约或远程启动。
洗碗机 1台，每周 2—3天；默认 21:00，可从 19:00 开始，最晚 24:00 完成，一次 60 分钟。条件：默认时刻须有成员在家并完成装载；轮班或事件日另核，不默认预约或远程启动。
参与者对十天方案的选择、理由和评分尚未填写。",UNKNOWN,NOT_COLLECTED,NOT_EXPORTED_PENDING_D_ACCEPTANCE,UNKNOWN
cityrole-0092,eb.synthetic_fixed_profile_300.v1,青岛市,山东,370200,3,2,0,mostly_occupied,partly_home,partly_regular,28500,120,4,电费有余量，通常不需改变开支,本月电费占可安排预算较小。,comfort_priority,1,5,3,high_trust_auto,24,independent_dwelling,five_or_more_rooms,5,70及以上,225.0,synthetic_H6_like_whole_dwelling_building_area,225.0,known_synthetic_whole_dwelling,ge160,matches_synthetic_whole_dwelling,rowhouse,NOT_APPLICABLE,two_storey_terraced_inferred_unit,cn-home-0092,terraced_five_room_inferred,Terraced house_Weifang_2010,edge,169.172932,169.172932,0,CHN_Shandong.Weifang.548430_CSWD,126.287,f126b4e56bc616992c2f815ac9760ff4f82fdfb5f16a91461c045d903f15a553,762bac3179d0b365f486f200945151d1a475d89ee0ffc9c5184b5624369cd80a,14,13,25,household_selected_devices,0,,青岛市的3人家庭。独立住房建筑面积约225平方米，七普口径至少5间自然房间。主要说明人（58岁，通常主要在家）、子女（25岁，在家外出交替）、子女（29岁，通常定时外出）。通常白天有人在家。家庭月收入情境约28500元，通常月电费情境约120元；电费有余量，通常不需改变开支。本月电费占可安排预算较小。纳入安排的设备：空调、洗衣机。节费重视1/5，舒适重视5/5，系统控制边界是约定范围内可自动调整；希望提前24小时通知。费用压力描述的是当前预算余量；节费重视描述的是调整方案时的取舍，两者分别考虑。洗衣等任务需有人在家完成装载。,"【合成角色条件；尚无真人回答】
cityrole-0092｜山东青岛市｜3人｜独立住宅，H7 至少5间自然房；整套设计建筑面积225㎡。
联排住宅，楼层位置 不适用，房龄背景 2010—2019年；住宅原型 Terraced house_Weifang_2010，源户位 edge，天气代理站 CHN_Shandong.Weifang.548430_CSWD（距城市约126.3km）；天气/原型及房龄并非本户实测。
m01 主要说明人，58岁，居家工作/学习 / 主要在家生活，包括居家工作、学习、休息或照护；工作日通常在家 00:00–24:00；室温感受：比较敏感，小幅变化也容易不舒服；电器时间：希望按原定时间运行，尽量不调整；参与安排：通常主要由这位成员决定；需求优先：没有特别优先；节费/错峰重视 1/4；系统控制：在约定范围内，可以让系统自动调整。
m02 子女，25岁，照顾家人 / 部分时间在家，部分时间外出；工作日通常在家 00:00–09:00、12:00–15:00、19:00–24:00；室温感受：不太敏感，室温变化较大也通常能适应；电器时间：只要按时完成，具体运行时间都可以；参与安排：通常与家人共同商量决定；需求优先：没有特别优先；节费/错峰重视 4/5；系统控制：在约定范围内，可以让系统自动调整。
m03 子女，29岁，在外工作 / 通常固定时间外出工作或学习；工作日通常在家 00:00–07:30、18:30–24:00；室温感受：能接受小幅变化，变化较大会不舒服；电器时间：只要按时完成，具体运行时间都可以；参与安排：通常与家人共同商量决定；需求优先：没有特别优先；节费/错峰重视 1/1；系统控制：更愿意自己安排，尽量不让系统调整。
通常白天：大部分时间有人；晚间：部分时间有人；作息：部分成员或部分日期固定；深夜用电：很少或没有；事件当天是否在受控房间另核。
家庭月收入情境 28500元、上月电费情境 120元；电费压力 4/5。本月电费占可安排预算较小。
节费/舒适/错峰重视 1/5/3；控制边界：在约定范围内，可以让系统自动调整；提前通知 一天；受保护活动：睡眠休息, 做饭用餐。
居住方式：与他人合租；电价背景：峰谷分时电价；定时/自动控制经验：偶尔使用；既有错峰经验：参加过；受扰后恢复偏好：保留自动安排；其他背景设备：冰箱。
空调 1台，每周 4—6天；自己选择使用时段（可跨午夜），制冷设定 24℃，室温希望范围 23—25℃，可接受变化 1℃，自选时段 16:00–23:00。条件：有人在受控房间时使用；轮班或事件日另核，不把空屋冷量算作舒适收益。
洗衣机 1台，每周 4—6天；默认 21:00，可从 19:00 开始，最晚 24:00 完成，一次 60 分钟。条件：默认时刻须有成员在家并完成装载；轮班或事件日另核，不默认预约或远程启动。
参与者对十天方案的选择、理由和评分尚未填写。",UNKNOWN,NOT_COLLECTED,NOT_EXPORTED_PENDING_D_ACCEPTANCE,UNKNOWN
cityrole-0093,eb.synthetic_fixed_profile_300.v1,鹤壁市,河南,410600,1,1,0,variable,varies,irregular,2000,240,3,电费可承担，但会留意变化,本月电费可承担，但家庭会留意它的变化。,comfort_priority,1,5,2,confirm_required,3,independent_dwelling,five_or_more_rooms,5,70及以上,75.0,synthetic_H6_like_whole_dwelling_building_area,75.0,known_synthetic_whole_dwelling,50_89,matches_synthetic_whole_dwelling,rowhouse,NOT_APPLICABLE,two_storey_terraced_inferred_unit,cn-home-0093,terraced_five_room_inferred,Terraced house_Anyang_1995,middle,56.390977,56.390977,0,CHN_Henan.Anyang.538980_CSWD,34.84,49bb4ba9c097d91f068f818cc3d5df48e01c0b7870c4a5eda9e164aa1bd424d6,5dbc51d4d02cee0b45f5400445c4a5f9838bffe8877e0a5a2ee84db0a93f843f,14,13,25,household_selected_devices,0,,鹤壁市的1人家庭。独立住房建筑面积约75平方米，七普口径至少5间自然房间。主要说明人（48岁，轮班或时间多变）。通常白天不固定。家庭月收入情境约2000元，通常月电费情境约240元；电费可承担，但会留意变化。本月电费可承担，但家庭会留意它的变化。纳入安排的设备：空调、洗衣机、电热水器。节费重视1/5，舒适重视5/5，系统控制边界是每次先确认；希望提前3小时通知。费用压力描述的是当前预算余量；节费重视描述的是调整方案时的取舍，两者分别考虑。洗衣等任务需有人在家完成装载。空屋提前开空调须另确认预约或远控与本人许可。轮班日按当天在家情况确认。,"【合成角色条件；尚无真人回答】
cityrole-0093｜河南鹤壁市｜1人｜独立住宅，H7 至少5间自然房；整套设计建筑面积75㎡。
联排住宅，楼层位置 不适用，房龄背景 2000年前；住宅原型 Terraced house_Anyang_1995，源户位 middle，天气代理站 CHN_Henan.Anyang.538980_CSWD（距城市约34.8km）；天气/原型及房龄并非本户实测。
m01 主要说明人，48岁，轮班工作 / 轮班或时间经常变化；工作日到家时段不固定；室温感受：能接受小幅变化，变化较大会不舒服；电器时间：希望按原定时间运行，尽量不调整；参与安排：通常主要由这位成员决定；需求优先：没有特别优先；节费/错峰重视 1/2；系统控制：每次先问，得到明确同意后再调整。
通常白天：不固定，很难概括；晚间：每天不太固定；作息：变化较多；深夜用电：偶尔；事件当天是否在受控房间另核。
家庭月收入情境 2000元、上月电费情境 240元；电费压力 3/5。本月电费可承担，但家庭会留意它的变化。
节费/舒适/错峰重视 1/5/2；控制边界：每次先问我，得到明确同意后再调整；提前通知 3 小时；受保护活动：睡眠休息, 做饭用餐。
居住方式：自有住房；电价背景：单一时段电价；定时/自动控制经验：没有使用过；既有错峰经验：没有参加过；受扰后恢复偏好：改回原安排；其他背景设备：冰箱。
空调 2台，每周 每天（7天）；傍晚到睡前（18:00—23:00），制冷设定 25℃，室温希望范围 24—26℃，可接受变化 1.5℃。条件：有人在受控房间时使用；18:00–18:30若空屋预冷，须当天确认家户许可及实际预约/远控能力，否则到家后开启；空屋冷量不算舒适收益。
洗衣机 1台，每周 每天（7天）；默认 19:00，可从 19:00 开始，最晚 23:00 完成，一次 60 分钟。条件：默认时刻须有成员在家并完成装载；轮班或事件日另核，不默认预约或远程启动。
电热水器 1台，每周 每天（7天）；加热 19:50–22:00，需热水 21:00，提前加热：不希望提前加热。条件：普通加热须对准有人需要热水的时段；事件日及额外提前加热按当次许可确认。
参与者对十天方案的选择、理由和评分尚未填写。",UNKNOWN,NOT_COLLECTED,NOT_EXPORTED_PENDING_D_ACCEPTANCE,UNKNOWN
cityrole-0094,eb.synthetic_fixed_profile_300.v1,合肥市,安徽,340100,3,2,1,mostly_occupied,partly_home,irregular,6000,120,3,电费可承担，但会留意变化,本月电费可承担，但家庭会留意它的变化。,middle,3,3,2,confirm_required,1,independent_dwelling,three_rooms,3,50-59,163.5,synthetic_H6_like_whole_dwelling_building_area,163.5,known_synthetic_whole_dwelling,ge160,matches_synthetic_whole_dwelling,apartment,ground,1,cn-home-0094,self_contained_source_three_room,Low-rise apartment_Hefei_2010,middle,122.932331,122.932331,0,CHN_Anhui.Hefei.583210_CSWD,4.33,c3ae181f5e9fcdc0ed763f477bad819f87cc7a105772aeef66c921526394f1f5,58aa7784ddd2132616933d95259fb99db19bc7333d3cb4bfe6331bbf47063015,7,7,8,household_selected_devices,0,,合肥市的3人家庭。独立住房建筑面积约163.5平方米，七普口径至少3间自然房间。主要说明人（62岁，通常主要在家）、子女（35岁，通常定时外出）、子女（32岁，轮班或时间多变）。通常白天有人在家。家庭月收入情境约6000元，通常月电费情境约120元；电费可承担，但会留意变化。本月电费可承担，但家庭会留意它的变化。纳入安排的设备：电热水器。节费重视3/5，舒适重视3/5，系统控制边界是每次先确认；希望提前1小时通知。费用压力描述的是当前预算余量；节费重视描述的是调整方案时的取舍，两者分别考虑。轮班日按当天在家情况确认。,"【合成角色条件；尚无真人回答】
cityrole-0094｜安徽合肥市｜3人｜独立住宅，H7 至少3间自然房；整套设计建筑面积163.5㎡。
楼房中的一套住宅，楼层位置 底层，房龄背景 2010—2019年；住宅原型 Low-rise apartment_Hefei_2010，源户位 middle，天气代理站 CHN_Anhui.Hefei.583210_CSWD（距城市约4.3km）；天气/原型及房龄并非本户实测。
m01 主要说明人，62岁，照顾家人 / 主要在家生活，包括居家工作、学习、休息或照护；工作日通常在家 00:00–24:00；室温感受：不太敏感，室温变化较大也通常能适应；电器时间：只接受小幅提前或推迟；参与安排：通常主要由这位成员决定；需求优先：没有特别优先；节费/错峰重视 3/5；系统控制：每次先问，得到明确同意后再调整。
m02 子女，35岁，在外工作 / 通常固定时间外出工作或学习；工作日通常在家 00:00–07:30、18:30–24:00；室温感受：能接受小幅变化，变化较大会不舒服；电器时间：希望按原定时间运行，尽量不调整；参与安排：通常与家人共同商量决定；需求优先：没有特别优先；节费/错峰重视 1/1；系统控制：更愿意自己安排，尽量不让系统调整。
m03 子女，32岁，轮班工作 / 轮班或时间经常变化；工作日到家时段不固定；室温感受：比较敏感，小幅变化也容易不舒服；电器时间：希望按原定时间运行，尽量不调整；参与安排：通常与家人共同商量决定；需求优先：没有特别优先；节费/错峰重视 3/2；系统控制：每次先问，得到明确同意后再调整。
通常白天：大部分时间有人；晚间：部分时间有人；作息：变化较多；深夜用电：偶尔；事件当天是否在受控房间另核。
家庭月收入情境 6000元、上月电费情境 120元；电费压力 3/5。本月电费可承担，但家庭会留意它的变化。
节费/舒适/错峰重视 3/3/2；控制边界：每次先问我，得到明确同意后再调整；提前通知 1 小时；受保护活动：睡眠休息, 做饭用餐。
居住方式：与他人合租；电价背景：单一时段电价；定时/自动控制经验：偶尔使用；既有错峰经验：没有参加过；受扰后恢复偏好：先看影响再决定；其他背景设备：冰箱。
电热水器 1台，每周 2—3天；加热 06:00–08:00，需热水 07:00，提前加热：可以提前安排。条件：普通加热须对准有人需要热水的时段；事件日及额外提前加热按当次许可确认。
参与者对十天方案的选择、理由和评分尚未填写。",UNKNOWN,NOT_COLLECTED,NOT_EXPORTED_PENDING_D_ACCEPTANCE,UNKNOWN
cityrole-0095,eb.synthetic_fixed_profile_300.v1,深圳市,广东,440300,2,1,1,sometimes_occupied,partly_home,partly_regular,19000,360,2,电费有压力，需调整其他开支,本月收入已有其他固定支出安排，可灵活调整的预算较紧。,saving_priority,5,1,2,confirm_required,3,independent_dwelling,one_room,1,40-49,89.0,synthetic_H6_like_whole_dwelling_building_area,89.0,known_synthetic_whole_dwelling,50_89,matches_synthetic_whole_dwelling,apartment,top,4,cn-home-0095,self_contained_openplan,Low-rise apartment_Guangzhou_2003,edge,66.917293,66.917293,0,CHN_Guangdong.Zhengcheng.592940_CSWD,71.504,727f5e6b09dcc556dda40c79b3ff34a808d77ed2abb72b10e0402e1f4718ef90,99d44e8beb3e9d95f9b2365876e268b88b98fd7c752559cc0f14f899e0675ba3,7,7,10,household_selected_devices,1,m01,深圳市的2人家庭。独立住房建筑面积约89平方米，七普口径至少1间自然房间。主要说明人（65岁，通常定时外出）、伴侣（68岁，在家外出交替）。通常白天部分时间有人。家庭月收入情境约19000元，通常月电费情境约360元；电费有压力，需调整其他开支。本月收入已有其他固定支出安排，可灵活调整的预算较紧。纳入安排的设备：洗衣机、电热水器、可在家充电的电动车。节费重视5/5，舒适重视1/5，系统控制边界是每次先确认；希望提前3小时通知。费用压力描述的是当前预算余量；节费重视描述的是调整方案时的取舍，两者分别考虑。洗衣等任务需有人在家完成装载。,"【合成角色条件；尚无真人回答】
cityrole-0095｜广东深圳市｜2人｜独立住宅，H7 至少1间自然房；整套设计建筑面积89㎡。
楼房中的一套住宅，楼层位置 顶层，房龄背景 2000—2009年；住宅原型 Low-rise apartment_Guangzhou_2003，源户位 edge，天气代理站 CHN_Guangdong.Zhengcheng.592940_CSWD（距城市约71.5km）；天气/原型及房龄并非本户实测。
m01 主要说明人，65岁，在外工作 / 通常固定时间外出工作或学习；工作日通常在家 00:00–07:30、18:30–24:00；室温感受：比较敏感，小幅变化也容易不舒服；电器时间：只接受小幅提前或推迟；参与安排：通常主要由这位成员决定；需求优先：没有特别优先；节费/错峰重视 5/3；系统控制：每次先问，得到明确同意后再调整。
m02 伴侣，68岁，居家工作/学习 / 部分时间在家，部分时间外出；工作日通常在家 00:00–09:00、12:00–15:00、19:00–24:00；室温感受：不太敏感，室温变化较大也通常能适应；电器时间：只接受小幅提前或推迟；参与安排：通常与家人共同商量决定；需求优先：没有特别优先；节费/错峰重视 2/4；系统控制：在约定范围内，可以让系统自动调整。
通常白天：部分时间有人；晚间：部分时间有人；作息：部分成员或部分日期固定；深夜用电：很少或没有；事件当天是否在受控房间另核。
家庭月收入情境 19000元、上月电费情境 360元；电费压力 2/5。本月收入已有其他固定支出安排，可灵活调整的预算较紧。
节费/舒适/错峰重视 5/1/2；控制边界：每次先问我，得到明确同意后再调整；提前通知 3 小时；受保护活动：睡眠休息, 做饭用餐。
居住方式：整套租住；电价背景：峰谷分时电价；定时/自动控制经验：经常使用；既有错峰经验：没有参加过；受扰后恢复偏好：改回原安排；其他背景设备：冰箱。
洗衣机 1台，每周 4—6天；默认 21:00，可从 19:00 开始，最晚 24:00 完成，一次 60 分钟。条件：默认时刻须有成员在家并完成装载；轮班或事件日另核，不默认预约或远程启动。
电热水器 1台，每周 4—6天；加热 19:00–22:00，需热水 21:00，提前加热：每次先确认。条件：普通加热须对准有人需要热水的时段；事件日及额外提前加热按当次许可确认。
可在家充电的电动汽车 1辆，每周 4—6天；接入 19:50，次日离家 07:00，目标/保底电量 90%/30%，驾驶成员 m01。条件：由m01在典型外出日返家后接入；车辆实际到家、次日离家与充电权限按当天确认。
参与者对十天方案的选择、理由和评分尚未填写。",UNKNOWN,NOT_COLLECTED,NOT_EXPORTED_PENDING_D_ACCEPTANCE,UNKNOWN
cityrole-0096,eb.synthetic_fixed_profile_300.v1,芜湖市,安徽,340200,1,1,1,sometimes_occupied,partly_home,partly_regular,9500,520,5,电费不构成当前预算约束,本月电费占可安排预算较小。,both_high,4,4,3,low_auto_accept,3,independent_dwelling,two_rooms,2,70及以上,75.0,synthetic_H6_like_whole_dwelling_building_area,75.0,known_synthetic_whole_dwelling,50_89,matches_synthetic_whole_dwelling,apartment,top,4,cn-home-0096,self_contained_openplan,Low-rise apartment_Hefei_2010,middle,56.390977,56.390977,0,CHN_Anhui.Hefei.583210_CSWD,123.925,c3ae181f5e9fcdc0ed763f477bad819f87cc7a105772aeef66c921526394f1f5,6a5b0cf1d7d6e78536615f9a82af8ad7f4d4edc1b547e993f4afaecde08105f5,7,7,8,household_selected_devices,0,,芜湖市的1人家庭。独立住房建筑面积约75平方米，七普口径至少2间自然房间。主要说明人（68岁，在家外出交替）。通常白天部分时间有人。家庭月收入情境约9500元，通常月电费情境约520元；电费不构成当前预算约束。本月电费占可安排预算较小。纳入安排的设备：空调、洗衣机、电热水器。节费重视4/5，舒适重视4/5，系统控制边界是以自己安排为主；希望提前3小时通知。当前电费负担不重，但仍重视避免浪费。洗衣等任务需有人在家完成装载。,"【合成角色条件；尚无真人回答】
cityrole-0096｜安徽芜湖市｜1人｜独立住宅，H7 至少2间自然房；整套设计建筑面积75㎡。
楼房中的一套住宅，楼层位置 顶层，房龄背景 2010—2019年；住宅原型 Low-rise apartment_Hefei_2010，源户位 middle，天气代理站 CHN_Anhui.Hefei.583210_CSWD（距城市约123.9km）；天气/原型及房龄并非本户实测。
m01 主要说明人，68岁，居家工作/学习 / 部分时间在家，部分时间外出；工作日通常在家 00:00–09:00、12:00–15:00、19:00–24:00；室温感受：能接受小幅变化，变化较大会不舒服；电器时间：只要按时完成，具体运行时间都可以；参与安排：通常主要由这位成员决定；需求优先：没有特别优先；节费/错峰重视 4/1；系统控制：更愿意自己安排，尽量不让系统调整。
通常白天：部分时间有人；晚间：部分时间有人；作息：部分成员或部分日期固定；深夜用电：很少或没有；事件当天是否在受控房间另核。
家庭月收入情境 9500元、上月电费情境 520元；电费压力 5/5。本月电费占可安排预算较小。
节费/舒适/错峰重视 4/4/3；控制边界：更愿意自己安排，尽量不让系统调整；提前通知 3 小时；受保护活动：睡眠休息, 做饭用餐。
居住方式：自有住房；电价背景：单一时段电价；定时/自动控制经验：偶尔使用；既有错峰经验：没有参加过；受扰后恢复偏好：保留自动安排；其他背景设备：冰箱。
空调 1台，每周 每天（7天）；自己选择使用时段（可跨午夜），制冷设定 24℃，室温希望范围 23—25℃，可接受变化 1.5℃，自选时段 19:00–23:00。条件：有人在受控房间时使用；轮班或事件日另核，不把空屋冷量算作舒适收益。
洗衣机 1台，每周 每天（7天）；默认 19:00，可从 19:00 开始，最晚 23:00 完成，一次 60 分钟。条件：默认时刻须有成员在家并完成装载；轮班或事件日另核，不默认预约或远程启动。
电热水器 1台，每周 每天（7天）；加热 19:50–22:00，需热水 21:00，提前加热：不希望提前加热。条件：普通加热须对准有人需要热水的时段；事件日及额外提前加热按当次许可确认。
参与者对十天方案的选择、理由和评分尚未填写。",UNKNOWN,NOT_COLLECTED,NOT_EXPORTED_PENDING_D_ACCEPTANCE,UNKNOWN
cityrole-0097,eb.synthetic_fixed_profile_300.v1,古交市,山西,140181,3,2,1,mostly_occupied,partly_home,partly_regular,13500,120,1,电费超出预算会挤占必要支出,必要生活开支较多，本月电费变化容易挤占其他项目。,middle,3,3,3,low_auto_accept,1,independent_dwelling,three_rooms,3,30-39,103.5,synthetic_H6_like_whole_dwelling_building_area,103.5,known_synthetic_whole_dwelling,90_119,matches_synthetic_whole_dwelling,apartment,middle,3,cn-home-0097,self_contained_source_three_room,High-rise apartment(slab type)_Taiyuan_2018,middle,77.819549,77.819549,0,CHN_Shanxi.Taiyuan.537720_CSWD,36.496,f6b125ed8424f062ededec7f5c685b03c903b85f0a64521830b5519520488175,bd134a6600457388058ca243258aa787882487e21738885c5f1a463ca8cc59ef,7,7,8,household_selected_devices,0,,古交市的3人家庭。独立住房建筑面积约103.5平方米，七普口径至少3间自然房间。主要说明人（64岁，通常主要在家）、子女（32岁，在家外出交替）、子女（36岁，通常定时外出）。通常白天有人在家。家庭月收入情境约13500元，通常月电费情境约120元；电费超出预算会挤占必要支出。必要生活开支较多，本月电费变化容易挤占其他项目。纳入安排的设备：空调、洗衣机。节费重视3/5，舒适重视3/5，系统控制边界是以自己安排为主；希望提前1小时通知。费用压力描述的是当前预算余量；节费重视描述的是调整方案时的取舍，两者分别考虑。洗衣等任务需有人在家完成装载。,"【合成角色条件；尚无真人回答】
cityrole-0097｜山西古交市｜3人｜独立住宅，H7 至少3间自然房；整套设计建筑面积103.5㎡。
楼房中的一套住宅，楼层位置 中间层，房龄背景 2010—2019年；住宅原型 High-rise apartment(slab type)_Taiyuan_2018，源户位 middle，天气代理站 CHN_Shanxi.Taiyuan.537720_CSWD（距城市约36.5km）；天气/原型及房龄并非本户实测。
m01 主要说明人，64岁，退休 / 主要在家生活，包括居家工作、学习、休息或照护；工作日通常在家 00:00–24:00；室温感受：不太敏感，室温变化较大也通常能适应；电器时间：只要按时完成，具体运行时间都可以；参与安排：通常主要由这位成员决定；需求优先：没有特别优先；节费/错峰重视 3/4；系统控制：更愿意自己安排，尽量不让系统调整。
m02 子女，32岁，照顾家人 / 部分时间在家，部分时间外出；工作日通常在家 00:00–09:00、12:00–15:00、19:00–24:00；室温感受：能接受小幅变化，变化较大会不舒服；电器时间：只要按时完成，具体运行时间都可以；参与安排：通常与家人共同商量决定；需求优先：没有特别优先；节费/错峰重视 4/5；系统控制：更愿意自己安排，尽量不让系统调整。
m03 子女，36岁，在外工作 / 通常固定时间外出工作或学习；工作日通常在家 00:00–07:30、18:30–24:00；室温感受：比较敏感，小幅变化也容易不舒服；电器时间：只接受小幅提前或推迟；参与安排：通常与家人共同商量决定；需求优先：没有特别优先；节费/错峰重视 1/1；系统控制：每次先问，得到明确同意后再调整。
通常白天：大部分时间有人；晚间：部分时间有人；作息：部分成员或部分日期固定；深夜用电：很少或没有；事件当天是否在受控房间另核。
家庭月收入情境 13500元、上月电费情境 120元；电费压力 1/5。必要生活开支较多，本月电费变化容易挤占其他项目。
节费/舒适/错峰重视 3/3/3；控制边界：更愿意自己安排，尽量不让系统调整；提前通知 1 小时；受保护活动：睡眠休息, 做饭用餐。
居住方式：自有住房；电价背景：峰谷分时电价；定时/自动控制经验：没有使用过；既有错峰经验：没有参加过；受扰后恢复偏好：改回原安排；其他背景设备：冰箱。
空调 2台，每周 2—3天；下午到睡前（14:00—23:00），制冷设定 25℃，室温希望范围 24—26℃，可接受变化 0.5℃。条件：有人在受控房间时使用；轮班或事件日另核，不把空屋冷量算作舒适收益。
洗衣机 1台，每周 2—3天；默认 19:50，可从 19:00 开始，最晚 23:00 完成，一次 60 分钟。条件：默认时刻须有成员在家并完成装载；轮班或事件日另核，不默认预约或远程启动。
参与者对十天方案的选择、理由和评分尚未填写。",UNKNOWN,NOT_COLLECTED,NOT_EXPORTED_PENDING_D_ACCEPTANCE,UNKNOWN
cityrole-0098,eb.synthetic_fixed_profile_300.v1,慈溪市,浙江,330282,2,1,1,mostly_occupied,mostly_home,regular,13000,360,2,电费有压力，需调整其他开支,本月收入已有其他固定支出安排，可灵活调整的预算较紧。,both_high,4,4,1,high_trust_auto,0.5,shared_dwelling_private_rooms_with_allocated_common_area,one_room,1,8及以下,16.0,synthetic_H6_like_household_attributed_building_area_in_shared_dwelling,75.333323,experimental_F_scaled_whole_dwelling,50_89,matches_F_experimental_whole_dwelling,apartment,ground,1,cn-home-0098,shared_flat_private_rooms,Low-rise apartment_Hangzhou_2010,middle,15.2,12.783607,2.416393,CHN_Zhejiang.Hangzhou.584570_CSWD,93.307,a49e0e3321da244b89969ea5899b64711107782fcbfd9fca2d375d484dbe1bea,4314eb872d0c58ef71f6a1a18a5edd24ee90c10b623f21a9d67f719f4ac4af5b,1,1,1,assigned_private_rooms_ac_only,0,,慈溪市的2人家庭。合住住房中本户独用1间房，分摊建筑面积约16平方米；整套住房设计建筑面积约75.3333平方米（按模型整套净面积和实验0.95比值换算）；仅私有房间的1台空调可由本户安排，公共设备不纳入。主要说明人（65岁，通常主要在家）、伴侣（68岁，通常定时外出）。通常白天有人在家。家庭月收入情境约13000元，通常月电费情境约360元；电费有压力，需调整其他开支。本月收入已有其他固定支出安排，可灵活调整的预算较紧。纳入安排的设备：空调。节费重视4/5，舒适重视4/5，系统控制边界是约定范围内可自动调整；希望提前0.5小时通知。费用压力描述的是当前预算余量；节费重视描述的是调整方案时的取舍，两者分别考虑。空屋提前开空调须另确认预约或远控与本人许可。,"【合成角色条件；尚无真人回答】
cityrole-0098｜浙江慈溪市｜2人｜合住，本户独用1间自然房；16㎡是本户分摊建筑面积，整套住房设计建筑面积约75.3333㎡，按冻结源单元净面积和实验 0.95 比值换算，并非实测。
楼房中的一套住宅，楼层位置 底层，房龄背景 2010—2019年；住宅原型 Low-rise apartment_Hangzhou_2010，源户位 middle，天气代理站 CHN_Zhejiang.Hangzhou.584570_CSWD（距城市约93.3km）；天气/原型及房龄并非本户实测。
m01 主要说明人，65岁，照顾家人 / 主要在家生活，包括居家工作、学习、休息或照护；工作日通常在家 00:00–24:00；室温感受：比较敏感，小幅变化也容易不舒服；电器时间：希望按原定时间运行，尽量不调整；参与安排：通常主要由这位成员决定；需求优先：没有特别优先；节费/错峰重视 4/2；系统控制：在约定范围内，可以让系统自动调整。
m02 伴侣，68岁，在外工作 / 通常固定时间外出工作或学习；工作日通常在家 00:00–07:30、18:30–24:00；室温感受：不太敏感，室温变化较大也通常能适应；电器时间：只要按时完成，具体运行时间都可以；参与安排：通常与家人共同商量决定；需求优先：没有特别优先；节费/错峰重视 5/3；系统控制：在约定范围内，可以让系统自动调整。
通常白天：大部分时间有人；晚间：大部分时间有人；作息：大体固定；深夜用电：很少或没有；事件当天是否在受控房间另核。
家庭月收入情境 13000元、上月电费情境 360元；电费压力 2/5。本月收入已有其他固定支出安排，可灵活调整的预算较紧。
节费/舒适/错峰重视 4/4/1；控制边界：在约定范围内，可以让系统自动调整；提前通知 半小时；受保护活动：睡眠休息, 做饭用餐。
居住方式：与他人合租；电价背景：峰谷分时电价；定时/自动控制经验：没有使用过；既有错峰经验：没有参加过；受扰后恢复偏好：保留自动安排；其他背景设备：没有上述设备。
空调 1台，每周 4—6天；傍晚到睡前（18:00—23:00），制冷设定 26℃，室温希望范围 25—27℃，可接受变化 1℃。条件：有人在受控房间时使用；18:00–18:30若空屋预冷，须当天确认家户许可及实际预约/远控能力，否则到家后开启；空屋冷量不算舒适收益。
参与者对十天方案的选择、理由和评分尚未填写。",UNKNOWN,NOT_COLLECTED,NOT_EXPORTED_PENDING_D_ACCEPTANCE,UNKNOWN
cityrole-0099,eb.synthetic_fixed_profile_300.v1,合肥市,安徽,340100,4,3,0,mostly_occupied,partly_home,partly_regular,12800,360,1,电费超出预算会挤占必要支出,必要生活开支较多，本月电费变化容易挤占其他项目。,comfort_priority,2,4,5,confirm_required,6,independent_dwelling,three_rooms,3,30-39,138.0,synthetic_H6_like_whole_dwelling_building_area,138.0,known_synthetic_whole_dwelling,120_159,matches_synthetic_whole_dwelling,apartment,middle,2,cn-home-0099,self_contained_source_three_room,Low-rise apartment_Hefei_2001,middle,103.759398,103.759398,0,CHN_Anhui.Hefei.583210_CSWD,4.33,c3ae181f5e9fcdc0ed763f477bad819f87cc7a105772aeef66c921526394f1f5,9033bee4d33d359cb10ddc9daca3f702d1001b813a62c02d640f0f4cdc4a4d39,7,7,8,household_selected_devices,0,,合肥市的4人家庭。独立住房建筑面积约138平方米，七普口径至少3间自然房间。长辈（58岁，在家外出交替）、主要说明人（40岁，通常定时外出）、子女（9岁，通常定时外出）、子女（5岁，通常主要在家）。通常白天有人在家。家庭月收入情境约12800元，通常月电费情境约360元；电费超出预算会挤占必要支出。必要生活开支较多，本月电费变化容易挤占其他项目。纳入安排的设备：洗衣机、烘干机、电热水器。节费重视2/5，舒适重视4/5，系统控制边界是每次先确认；希望提前6小时通知。虽然电费挤压预算，但家里更在意任务按原计划完成，不愿为了少量节费频繁改时间。洗衣等任务需有人在家完成装载。,"【合成角色条件；尚无真人回答】
cityrole-0099｜安徽合肥市｜4人｜独立住宅，H7 至少3间自然房；整套设计建筑面积138㎡。
楼房中的一套住宅，楼层位置 中间层，房龄背景 2000—2009年；住宅原型 Low-rise apartment_Hefei_2001，源户位 middle，天气代理站 CHN_Anhui.Hefei.583210_CSWD（距城市约4.3km）；天气/原型及房龄并非本户实测。
m01 长辈，58岁，照顾家人 / 部分时间在家，部分时间外出；工作日通常在家 00:00–09:00、12:00–15:00、19:00–24:00；室温感受：能接受小幅变化，变化较大会不舒服；电器时间：希望按原定时间运行，尽量不调整；参与安排：通常主要由这位成员决定；需求优先：通常会优先考虑；节费/错峰重视 2/5；系统控制：每次先问，得到明确同意后再调整。
m02 主要说明人，40岁，在外工作 / 通常固定时间外出工作或学习；工作日通常在家 00:00–07:30、18:30–24:00；室温感受：比较敏感，小幅变化也容易不舒服；电器时间：希望按原定时间运行，尽量不调整；参与安排：通常与家人共同商量决定；需求优先：没有特别优先；节费/错峰重视 1/1；系统控制：每次先问，得到明确同意后再调整。
m03 子女，9岁，上学 / 通常固定时间外出工作或学习；工作日通常在家 00:00–07:30、18:30–24:00；室温感受：不太敏感，室温变化较大也通常能适应；电器时间：只要按时完成，具体运行时间都可以；参与安排：通常与家人共同商量决定；需求优先：通常会优先考虑；节费/错峰重视 3/2；系统控制：在约定范围内，可以让系统自动调整。
m04 子女，5岁，尚未入学 / 主要在家生活，包括居家工作、学习、休息或照护；工作日通常在家 00:00–24:00；室温感受：能接受小幅变化，变化较大会不舒服；电器时间：只要按时完成，具体运行时间都可以；参与安排：通常与家人共同商量决定；需求优先：通常会优先考虑；节费/错峰重视 5/3；系统控制：更愿意自己安排，尽量不让系统调整。
通常白天：大部分时间有人；晚间：部分时间有人；作息：部分成员或部分日期固定；深夜用电：很少或没有；事件当天是否在受控房间另核。
家庭月收入情境 12800元、上月电费情境 360元；电费压力 1/5。必要生活开支较多，本月电费变化容易挤占其他项目。
节费/舒适/错峰重视 2/4/5；控制边界：每次先问我，得到明确同意后再调整；提前通知 6 小时；受保护活动：睡眠休息, 做饭用餐, 照顾家人。
居住方式：整套租住；电价背景：单一时段电价；定时/自动控制经验：没有使用过；既有错峰经验：参加过；受扰后恢复偏好：改回原安排；其他背景设备：冰箱。
洗衣机 1台，每周 每天（7天）；默认 19:00，可从 19:00 开始，最晚 23:00 完成，一次 60 分钟。条件：默认时刻须有成员在家并完成装载；轮班或事件日另核，不默认预约或远程启动。
烘干机 1台，每周 每天（7天）；默认 21:00，可从 19:00 开始，最晚 24:00 完成，一次 90 分钟。条件：默认时刻须有成员在家并完成装载；轮班或事件日另核，不默认预约或远程启动。
电热水器 1台，每周 每天（7天）；加热 19:50–22:00，需热水 21:00，提前加热：不希望提前加热。条件：普通加热须对准有人需要热水的时段；事件日及额外提前加热按当次许可确认。
参与者对十天方案的选择、理由和评分尚未填写。",UNKNOWN,NOT_COLLECTED,NOT_EXPORTED_PENDING_D_ACCEPTANCE,UNKNOWN
cityrole-0100,eb.synthetic_fixed_profile_300.v1,通辽市,内蒙古,150500,1,1,0,sometimes_occupied,partly_home,partly_regular,6500,720,3,电费可承担，但会留意变化,本月电费可承担，但家庭会留意它的变化。,both_low,2,2,4,low_auto_accept,24,independent_dwelling,two_rooms,2,40-49,44.5,synthetic_H6_like_whole_dwelling_building_area,44.5,known_synthetic_whole_dwelling,lt50,matches_synthetic_whole_dwelling,apartment,middle,2,cn-home-0100,self_contained_openplan,High-rise apartment(slab type)_Tongliao_2010,edge,33.458647,33.458647,0,CHN_Nei.Mongol.Tongliao.541350_CSWD,2.551,4d62302e8e5732b42b774a18924b2ac94b6087f5f8fcbb43bc212d12296a5109,78d63bbbbbaac9da020208d34b9c7eb832140321ff44e9f1d7f6df3d8c9eadd2,7,7,10,household_selected_devices,0,,通辽市的1人家庭。独立住房建筑面积约44.5平方米，七普口径至少2间自然房间。主要说明人（52岁，在家外出交替）。通常白天部分时间有人。家庭月收入情境约6500元，通常月电费情境约720元；电费可承担，但会留意变化。本月电费可承担，但家庭会留意它的变化。纳入安排的设备：洗衣机、电热水器。节费重视2/5，舒适重视2/5，系统控制边界是以自己安排为主；希望提前24小时通知。费用与室温都不是首要判断项，家里更关注日常任务是否照计划完成。洗衣等任务需有人在家完成装载。,"【合成角色条件；尚无真人回答】
cityrole-0100｜内蒙古通辽市｜1人｜独立住宅，H7 至少2间自然房；整套设计建筑面积44.5㎡。
楼房中的一套住宅，楼层位置 中间层，房龄背景 2010—2019年；住宅原型 High-rise apartment(slab type)_Tongliao_2010，源户位 edge，天气代理站 CHN_Nei.Mongol.Tongliao.541350_CSWD（距城市约2.6km）；天气/原型及房龄并非本户实测。
m01 主要说明人，52岁，暂未工作（非退休） / 部分时间在家，部分时间外出；工作日通常在家 00:00–09:00、12:00–15:00、19:00–24:00；室温感受：不太敏感，室温变化较大也通常能适应；电器时间：只接受小幅提前或推迟；参与安排：通常主要由这位成员决定；需求优先：没有特别优先；节费/错峰重视 2/3；系统控制：更愿意自己安排，尽量不让系统调整。
通常白天：部分时间有人；晚间：部分时间有人；作息：部分成员或部分日期固定；深夜用电：很少或没有；事件当天是否在受控房间另核。
家庭月收入情境 6500元、上月电费情境 720元；电费压力 3/5。本月电费可承担，但家庭会留意它的变化。
节费/舒适/错峰重视 2/2/4；控制边界：更愿意自己安排，尽量不让系统调整；提前通知 一天；受保护活动：睡眠休息, 做饭用餐。
居住方式：与他人合租；电价背景：单一时段电价；定时/自动控制经验：经常使用；既有错峰经验：没有参加过；受扰后恢复偏好：改回原安排；其他背景设备：冰箱。
洗衣机 1台，每周 2—3天；默认 19:50，可从 19:00 开始，最晚 23:00 完成，一次 60 分钟。条件：默认时刻须有成员在家并完成装载；轮班或事件日另核，不默认预约或远程启动。
电热水器 1台，每周 2—3天；加热 06:00–08:00，需热水 07:00，提前加热：可以提前安排。条件：普通加热须对准有人需要热水的时段；事件日及额外提前加热按当次许可确认。
参与者对十天方案的选择、理由和评分尚未填写。",UNKNOWN,NOT_COLLECTED,NOT_EXPORTED_PENDING_D_ACCEPTANCE,UNKNOWN
cityrole-0101,eb.synthetic_fixed_profile_300.v1,临沂市,山东,371300,5,3,0,sometimes_occupied,varies,irregular,22500,360,5,电费不构成当前预算约束,本月电费占可安排预算较小。,both_low,1,1,2,high_trust_auto,6,independent_dwelling,two_rooms,2,13-16,72.5,synthetic_H6_like_whole_dwelling_building_area,72.5,known_synthetic_whole_dwelling,50_89,matches_synthetic_whole_dwelling,apartment,top,9,cn-home-0101,self_contained_openplan,High-rise apartment(slab type)_Yanzhou_1995,middle,54.511278,54.511278,0,CHN_Shandong.Juxian.549360_CSWD,73.948,2f0fee9661523bf12037aacccfb779d05c18f07b58bbbfa7504d9782477c02d2,a61b9f0163b8a9016dc9f38088b4fea23ade031107078f3500bd4bf244e9d034,7,7,8,household_selected_devices,0,,临沂市的5人家庭。独立住房建筑面积约72.5平方米，七普口径至少2间自然房间。长辈（57岁，通常定时外出）、主要说明人（39岁，轮班或时间多变）、子女（11岁，通常定时外出）、子女（10岁，通常定时外出）、伴侣（38岁，在家外出交替）。通常白天部分时间有人。家庭月收入情境约22500元，通常月电费情境约360元；电费不构成当前预算约束。本月电费占可安排预算较小。纳入安排的设备：洗衣机、电热水器。节费重视1/5，舒适重视1/5，系统控制边界是约定范围内可自动调整；希望提前6小时通知。费用与室温都不是首要判断项，家里更关注日常任务是否照计划完成。洗衣等任务需有人在家完成装载。轮班日按当天在家情况确认。,"【合成角色条件；尚无真人回答】
cityrole-0101｜山东临沂市｜5人｜独立住宅，H7 至少2间自然房；整套设计建筑面积72.5㎡。
楼房中的一套住宅，楼层位置 顶层，房龄背景 2000年前；住宅原型 High-rise apartment(slab type)_Yanzhou_1995，源户位 middle，天气代理站 CHN_Shandong.Juxian.549360_CSWD（距城市约73.9km）；天气/原型及房龄并非本户实测。
m01 长辈，57岁，在外工作 / 通常固定时间外出工作或学习；工作日通常在家 00:00–07:30、18:30–24:00；室温感受：比较敏感，小幅变化也容易不舒服；电器时间：只接受小幅提前或推迟；参与安排：通常主要由这位成员决定；需求优先：没有特别优先；节费/错峰重视 1/1；系统控制：在约定范围内，可以让系统自动调整。
m02 主要说明人，39岁，轮班工作 / 轮班或时间经常变化；工作日到家时段不固定；室温感受：不太敏感，室温变化较大也通常能适应；电器时间：只接受小幅提前或推迟；参与安排：通常与家人共同商量决定；需求优先：没有特别优先；节费/错峰重视 3/2；系统控制：在约定范围内，可以让系统自动调整。
m03 子女，11岁，上学 / 通常固定时间外出工作或学习；工作日通常在家 00:00–07:30、18:30–24:00；室温感受：能接受小幅变化，变化较大会不舒服；电器时间：希望按原定时间运行，尽量不调整；参与安排：通常与家人共同商量决定；需求优先：通常会优先考虑；节费/错峰重视 5/3；系统控制：更愿意自己安排，尽量不让系统调整。
m04 子女，10岁，上学 / 通常固定时间外出工作或学习；工作日通常在家 00:00–07:30、18:30–24:00；室温感受：比较敏感，小幅变化也容易不舒服；电器时间：希望按原定时间运行，尽量不调整；参与安排：通常与家人共同商量决定；需求优先：通常会优先考虑；节费/错峰重视 2/4；系统控制：每次先问，得到明确同意后再调整。
m05 伴侣，38岁，照顾家人 / 部分时间在家，部分时间外出；工作日通常在家 00:00–09:00、12:00–15:00、19:00–24:00；室温感受：不太敏感，室温变化较大也通常能适应；电器时间：只要按时完成，具体运行时间都可以；参与安排：通常与家人共同商量决定；需求优先：没有特别优先；节费/错峰重视 4/5；系统控制：在约定范围内，可以让系统自动调整。
通常白天：部分时间有人；晚间：每天不太固定；作息：变化较多；深夜用电：偶尔；事件当天是否在受控房间另核。
家庭月收入情境 22500元、上月电费情境 360元；电费压力 5/5。本月电费占可安排预算较小。
节费/舒适/错峰重视 1/1/2；控制边界：在约定范围内，可以让系统自动调整；提前通知 6 小时；受保护活动：睡眠休息, 做饭用餐, 照顾家人。
居住方式：整套租住；电价背景：峰谷分时电价；定时/自动控制经验：经常使用；既有错峰经验：没有参加过；受扰后恢复偏好：改回原安排；其他背景设备：冰箱。
洗衣机 1台，每周 4—6天；默认 21:00，可从 19:00 开始，最晚 24:00 完成，一次 60 分钟。条件：默认时刻须有成员在家并完成装载；轮班或事件日另核，不默认预约或远程启动。
电热水器 1台，每周 4—6天；加热 19:00–22:00，需热水 21:00，提前加热：每次先确认。条件：普通加热须对准有人需要热水的时段；事件日及额外提前加热按当次许可确认。
参与者对十天方案的选择、理由和评分尚未填写。",UNKNOWN,NOT_COLLECTED,NOT_EXPORTED_PENDING_D_ACCEPTANCE,UNKNOWN
cityrole-0102,eb.synthetic_fixed_profile_300.v1,阜康市,新疆,652302,1,1,0,mostly_occupied,mostly_home,regular,3200,380,1,电费超出预算会挤占必要支出,必要生活开支较多，本月电费变化容易挤占其他项目。,both_high,5,5,5,confirm_required,72,independent_dwelling,two_rooms,2,70及以上,75.0,synthetic_H6_like_whole_dwelling_building_area,75.0,known_synthetic_whole_dwelling,50_89,matches_synthetic_whole_dwelling,apartment,ground,1,cn-home-0102,self_contained_openplan,Low-rise apartment_Yanqi_2010,middle,56.390977,56.390977,0,CHN_Xinjiang.Uygur.Urumqi.514630_CSWD,49.539,d09a151117d86988839e0d187416f6f5613bef66c32ac65462dde49c948f0204,93e84567917621e3f65a6c30c0999aed364806494d7f728dddb0f0e62386c858,7,7,8,household_selected_devices,0,,阜康市的1人家庭。独立住房建筑面积约75平方米，七普口径至少2间自然房间。主要说明人（26岁，通常主要在家）。通常白天有人在家。家庭月收入情境约3200元，通常月电费情境约380元；电费超出预算会挤占必要支出。必要生活开支较多，本月电费变化容易挤占其他项目。纳入安排的设备：电热水器。节费重视5/5，舒适重视5/5，系统控制边界是每次先确认；希望提前72小时通知。费用压力描述的是当前预算余量；节费重视描述的是调整方案时的取舍，两者分别考虑。,"【合成角色条件；尚无真人回答】
cityrole-0102｜新疆阜康市｜1人｜独立住宅，H7 至少2间自然房；整套设计建筑面积75㎡。
楼房中的一套住宅，楼层位置 底层，房龄背景 2010—2019年；住宅原型 Low-rise apartment_Yanqi_2010，源户位 middle，天气代理站 CHN_Xinjiang.Uygur.Urumqi.514630_CSWD（距城市约49.5km）；天气/原型及房龄并非本户实测。
m01 主要说明人，26岁，居家工作/学习 / 主要在家生活，包括居家工作、学习、休息或照护；工作日通常在家 00:00–24:00；室温感受：能接受小幅变化，变化较大会不舒服；电器时间：只要按时完成，具体运行时间都可以；参与安排：通常主要由这位成员决定；需求优先：没有特别优先；节费/错峰重视 5/4；系统控制：每次先问，得到明确同意后再调整。
通常白天：大部分时间有人；晚间：大部分时间有人；作息：大体固定；深夜用电：很少或没有；事件当天是否在受控房间另核。
家庭月收入情境 3200元、上月电费情境 380元；电费压力 1/5。必要生活开支较多，本月电费变化容易挤占其他项目。
节费/舒适/错峰重视 5/5/5；控制边界：每次先问我，得到明确同意后再调整；提前通知 三天或更早；受保护活动：睡眠休息, 做饭用餐。
居住方式：整套租住；电价背景：峰谷分时电价；定时/自动控制经验：没有使用过；既有错峰经验：没有参加过；受扰后恢复偏好：改回原安排；其他背景设备：冰箱。
电热水器 1台，每周 每天（7天）；加热 19:50–22:00，需热水 21:00，提前加热：不希望提前加热。条件：普通加热须对准有人需要热水的时段；事件日及额外提前加热按当次许可确认。
参与者对十天方案的选择、理由和评分尚未填写。",UNKNOWN,NOT_COLLECTED,NOT_EXPORTED_PENDING_D_ACCEPTANCE,UNKNOWN
cityrole-0103,eb.synthetic_fixed_profile_300.v1,五常市,黑龙江,230184,2,1,0,sometimes_occupied,varies,irregular,13000,360,1,电费超出预算会挤占必要支出,本月收入已有其他固定支出安排，可灵活调整的预算较紧。,comfort_priority,1,5,1,high_trust_auto,72,shared_dwelling_private_rooms_with_allocated_common_area,one_room,1,13-16,29.0,synthetic_H6_like_household_attributed_building_area_in_shared_dwelling,134.077635,experimental_F_scaled_whole_dwelling,120_159,matches_F_experimental_whole_dwelling,apartment,top,9,cn-home-0103,shared_flat_private_rooms,High-rise apartment(slab type)_Shangzhi_1995,edge,27.55,23.210934,4.339066,CHN_Heilongjiang.Shangzhi.509680_CSWD,72.395,1cca4c6cf2e38228d9155920636a434a78c95b4e1332407bec3c0290c13a46ad,b186f6f896356afcbd47a95f744406f063c204f68300c6be163dc7ae299f67b1,1,1,2,assigned_private_rooms_ac_only,0,,五常市的2人家庭。合住住房中本户独用1间房，分摊建筑面积约29平方米；整套住房设计建筑面积约134.078平方米（按模型整套净面积和实验0.95比值换算）；仅私有房间的1台空调可由本户安排，公共设备不纳入。主要说明人（38岁，轮班或时间多变）、伴侣（43岁，在家外出交替）。通常白天部分时间有人。家庭月收入情境约13000元，通常月电费情境约360元；电费超出预算会挤占必要支出。本月收入已有其他固定支出安排，可灵活调整的预算较紧。纳入安排的设备：空调。节费重视1/5，舒适重视5/5，系统控制边界是约定范围内可自动调整；希望提前72小时通知。虽然电费挤压预算，但家里更在意任务按原计划完成，不愿为了少量节费频繁改时间。空屋提前开空调须另确认预约或远控与本人许可。轮班日按当天在家情况确认。,"【合成角色条件；尚无真人回答】
cityrole-0103｜黑龙江五常市｜2人｜合住，本户独用1间自然房；29㎡是本户分摊建筑面积，整套住房设计建筑面积约134.078㎡，按冻结源单元净面积和实验 0.95 比值换算，并非实测。
楼房中的一套住宅，楼层位置 顶层，房龄背景 2000年前；住宅原型 High-rise apartment(slab type)_Shangzhi_1995，源户位 edge，天气代理站 CHN_Heilongjiang.Shangzhi.509680_CSWD（距城市约72.4km）；天气/原型及房龄并非本户实测。
m01 主要说明人，38岁，轮班工作 / 轮班或时间经常变化；工作日到家时段不固定；室温感受：不太敏感，室温变化较大也通常能适应；电器时间：只要按时完成，具体运行时间都可以；参与安排：通常主要由这位成员决定；需求优先：没有特别优先；节费/错峰重视 1/2；系统控制：在约定范围内，可以让系统自动调整。
m02 伴侣，43岁，暂未工作（非退休） / 部分时间在家，部分时间外出；工作日通常在家 00:00–09:00、12:00–15:00、19:00–24:00；室温感受：能接受小幅变化，变化较大会不舒服；电器时间：只要按时完成，具体运行时间都可以；参与安排：通常与家人共同商量决定；需求优先：没有特别优先；节费/错峰重视 5/3；系统控制：更愿意自己安排，尽量不让系统调整。
通常白天：部分时间有人；晚间：每天不太固定；作息：变化较多；深夜用电：偶尔；事件当天是否在受控房间另核。
家庭月收入情境 13000元、上月电费情境 360元；电费压力 1/5。本月收入已有其他固定支出安排，可灵活调整的预算较紧。
节费/舒适/错峰重视 1/5/1；控制边界：在约定范围内，可以让系统自动调整；提前通知 三天或更早；受保护活动：睡眠休息, 做饭用餐。
居住方式：与他人合租；电价背景：峰谷分时电价；定时/自动控制经验：偶尔使用；既有错峰经验：没有参加过；受扰后恢复偏好：改回原安排；其他背景设备：没有上述设备。
空调 1台，每周 2—3天；傍晚到睡前（18:00—23:00），制冷设定 27℃，室温希望范围 26—28℃，可接受变化 0.5℃。条件：有人在受控房间时使用；18:00–18:30若空屋预冷，须当天确认家户许可及实际预约/远控能力，否则到家后开启；空屋冷量不算舒适收益。
参与者对十天方案的选择、理由和评分尚未填写。",UNKNOWN,NOT_COLLECTED,NOT_EXPORTED_PENDING_D_ACCEPTANCE,UNKNOWN
cityrole-0104,eb.synthetic_fixed_profile_300.v1,楚雄市,云南,532301,8,3,0,sometimes_occupied,varies,irregular,25600,220,3,电费可承担，但会留意变化,本月电费可承担，但家庭会留意它的变化。,saving_priority,5,1,4,confirm_required,12,independent_dwelling,five_or_more_rooms,5,30-39,276.0,synthetic_H6_like_whole_dwelling_building_area,276.0,known_synthetic_whole_dwelling,ge160,matches_synthetic_whole_dwelling,rowhouse,NOT_APPLICABLE,two_storey_terraced_inferred_unit,cn-home-0104,terraced_five_room_inferred,Terraced house_Chuxiong_2019,edge,207.518797,207.518797,0,CHN_Yunnan.Chuxiong.567680_CSWD,1.139,b9cd9cc2c9f919ea75f9c0e3316c10981bea788e323dc7ada1041c3a818aacc8,3c9788818007975c2c96c8ed214f6c03afa6fbc0c87c697a5b1304f3fa2cfab9,14,13,25,household_selected_devices,0,,楚雄市的8人家庭。独立住房建筑面积约276平方米，七普口径至少5间自然房间。长辈（57岁，在家外出交替）、主要说明人（37岁，通常定时外出）、子女（18岁，轮班或时间多变）、伴侣（37岁，在家外出交替）、子女（13岁，通常定时外出）、兄弟姐妹（39岁，在家外出交替）、子女（13岁，通常定时外出）、兄弟姐妹（37岁，轮班或时间多变）。通常白天部分时间有人。家庭月收入情境约25600元，通常月电费情境约220元；电费可承担，但会留意变化。本月电费可承担，但家庭会留意它的变化。纳入安排的设备：空调、洗衣机。节费重视5/5，舒适重视1/5，系统控制边界是每次先确认；希望提前12小时通知。费用压力描述的是当前预算余量；节费重视描述的是调整方案时的取舍，两者分别考虑。洗衣等任务需有人在家完成装载。轮班日按当天在家情况确认。,"【合成角色条件；尚无真人回答】
cityrole-0104｜云南楚雄市｜8人｜独立住宅，H7 至少5间自然房；整套设计建筑面积276㎡。
联排住宅，楼层位置 不适用，房龄背景 2010—2019年；住宅原型 Terraced house_Chuxiong_2019，源户位 edge，天气代理站 CHN_Yunnan.Chuxiong.567680_CSWD（距城市约1.1km）；天气/原型及房龄并非本户实测。
m01 长辈，57岁，照顾家人 / 部分时间在家，部分时间外出；工作日通常在家 00:00–09:00、12:00–15:00、19:00–24:00；室温感受：比较敏感，小幅变化也容易不舒服；电器时间：希望按原定时间运行，尽量不调整；参与安排：通常主要由这位成员决定；需求优先：通常会优先考虑；节费/错峰重视 5/5；系统控制：每次先问，得到明确同意后再调整。
m02 主要说明人，37岁，在外工作 / 通常固定时间外出工作或学习；工作日通常在家 00:00–07:30、18:30–24:00；室温感受：不太敏感，室温变化较大也通常能适应；电器时间：只要按时完成，具体运行时间都可以；参与安排：通常与家人共同商量决定；需求优先：没有特别优先；节费/错峰重视 1/1；系统控制：在约定范围内，可以让系统自动调整。
m03 子女，18岁，轮班工作 / 轮班或时间经常变化；工作日到家时段不固定；室温感受：能接受小幅变化，变化较大会不舒服；电器时间：只要按时完成，具体运行时间都可以；参与安排：通常与家人共同商量决定；需求优先：没有特别优先；节费/错峰重视 3/2；系统控制：更愿意自己安排，尽量不让系统调整。
m04 伴侣，37岁，暂未工作（非退休） / 部分时间在家，部分时间外出；工作日通常在家 00:00–09:00、12:00–15:00、19:00–24:00；室温感受：比较敏感，小幅变化也容易不舒服；电器时间：只接受小幅提前或推迟；参与安排：通常与家人共同商量决定；需求优先：没有特别优先；节费/错峰重视 5/3；系统控制：每次先问，得到明确同意后再调整。
m05 子女，13岁，上学 / 通常固定时间外出工作或学习；工作日通常在家 00:00–07:30、18:30–24:00；室温感受：不太敏感，室温变化较大也通常能适应；电器时间：只接受小幅提前或推迟；参与安排：通常与家人共同商量决定；需求优先：通常会优先考虑；节费/错峰重视 2/4；系统控制：在约定范围内，可以让系统自动调整。
m06 兄弟姐妹，39岁，照顾家人 / 部分时间在家，部分时间外出；工作日通常在家 00:00–09:00、12:00–15:00、19:00–24:00；室温感受：能接受小幅变化，变化较大会不舒服；电器时间：希望按原定时间运行，尽量不调整；参与安排：通常与家人共同商量决定；需求优先：没有特别优先；节费/错峰重视 4/5；系统控制：更愿意自己安排，尽量不让系统调整。
m07 子女，13岁，上学 / 通常固定时间外出工作或学习；工作日通常在家 00:00–07:30、18:30–24:00；室温感受：比较敏感，小幅变化也容易不舒服；电器时间：希望按原定时间运行，尽量不调整；参与安排：通常与家人共同商量决定；需求优先：通常会优先考虑；节费/错峰重视 1/1；系统控制：每次先问，得到明确同意后再调整。
m08 兄弟姐妹，37岁，轮班工作 / 轮班或时间经常变化；工作日到家时段不固定；室温感受：不太敏感，室温变化较大也通常能适应；电器时间：只要按时完成，具体运行时间都可以；参与安排：通常与家人共同商量决定；需求优先：没有特别优先；节费/错峰重视 3/2；系统控制：在约定范围内，可以让系统自动调整。
通常白天：部分时间有人；晚间：每天不太固定；作息：变化较多；深夜用电：偶尔；事件当天是否在受控房间另核。
家庭月收入情境 25600元、上月电费情境 220元；电费压力 3/5。本月电费可承担，但家庭会留意它的变化。
节费/舒适/错峰重视 5/1/4；控制边界：每次先问我，得到明确同意后再调整；提前通知 半天；受保护活动：睡眠休息, 做饭用餐, 照顾家人。
居住方式：与他人合租；电价背景：单一时段电价；定时/自动控制经验：没有使用过；既有错峰经验：没有参加过；受扰后恢复偏好：先看影响再决定；其他背景设备：冰箱。
空调 1台，每周 4—6天；自己选择使用时段（可跨午夜），制冷设定 24℃，室温希望范围 23—25℃，可接受变化 1℃，自选时段 19:00–23:00。条件：有人在受控房间时使用；轮班或事件日另核，不把空屋冷量算作舒适收益。
洗衣机 1台，每周 4—6天；默认 21:00，可从 19:00 开始，最晚 24:00 完成，一次 60 分钟。条件：默认时刻须有成员在家并完成装载；轮班或事件日另核，不默认预约或远程启动。
参与者对十天方案的选择、理由和评分尚未填写。",UNKNOWN,NOT_COLLECTED,NOT_EXPORTED_PENDING_D_ACCEPTANCE,UNKNOWN
cityrole-0105,eb.synthetic_fixed_profile_300.v1,桂林市,广西,450300,2,2,0,sometimes_occupied,partly_home,partly_regular,19000,720,1,电费超出预算会挤占必要支出,本月收入已有其他固定支出安排，可灵活调整的预算较紧。,saving_priority,5,1,2,high_trust_auto,48,independent_dwelling,three_rooms,3,30-39,69.0,synthetic_H6_like_whole_dwelling_building_area,69.0,known_synthetic_whole_dwelling,50_89,matches_synthetic_whole_dwelling,apartment,top,9,cn-home-0105,self_contained_source_three_room,High-rise apartment(slab type)_Guilin_2001,edge,51.879699,51.879699,0,CHN_Guangxi.Zhuang.Guilin.579570_CSWD,6.735,ac42a2509c40b8dd971b15b52b197066b05c2dc0866958405e05d468a1440c7f,79bdeb3933eb54ae24137ca1d102d50e3e9e7cd5c02af56358fe9f92e058374f,7,7,10,household_selected_devices,0,,桂林市的2人家庭。独立住房建筑面积约69平方米，七普口径至少3间自然房间。主要说明人（46岁，在家外出交替）、子女（16岁，通常定时外出）。通常白天部分时间有人。家庭月收入情境约19000元，通常月电费情境约720元；电费超出预算会挤占必要支出。本月收入已有其他固定支出安排，可灵活调整的预算较紧。纳入安排的设备：空调、洗衣机。节费重视5/5，舒适重视1/5，系统控制边界是约定范围内可自动调整；希望提前48小时通知。费用压力描述的是当前预算余量；节费重视描述的是调整方案时的取舍，两者分别考虑。洗衣等任务需有人在家完成装载。空屋提前开空调须另确认预约或远控与本人许可。,"【合成角色条件；尚无真人回答】
cityrole-0105｜广西桂林市｜2人｜独立住宅，H7 至少3间自然房；整套设计建筑面积69㎡。
楼房中的一套住宅，楼层位置 顶层，房龄背景 2000—2009年；住宅原型 High-rise apartment(slab type)_Guilin_2001，源户位 edge，天气代理站 CHN_Guangxi.Zhuang.Guilin.579570_CSWD（距城市约6.7km）；天气/原型及房龄并非本户实测。
m01 主要说明人，46岁，暂未工作（非退休） / 部分时间在家，部分时间外出；工作日通常在家 00:00–09:00、12:00–15:00、19:00–24:00；室温感受：能接受小幅变化，变化较大会不舒服；电器时间：希望按原定时间运行，尽量不调整；参与安排：通常主要由这位成员决定；需求优先：没有特别优先；节费/错峰重视 5/3；系统控制：在约定范围内，可以让系统自动调整。
m02 子女，16岁，上学 / 通常固定时间外出工作或学习；工作日通常在家 00:00–07:30、18:30–24:00；室温感受：比较敏感，小幅变化也容易不舒服；电器时间：希望按原定时间运行，尽量不调整；参与安排：通常与家人共同商量决定；需求优先：通常会优先考虑；节费/错峰重视 2/4；系统控制：每次先问，得到明确同意后再调整。
通常白天：部分时间有人；晚间：部分时间有人；作息：部分成员或部分日期固定；深夜用电：很少或没有；事件当天是否在受控房间另核。
家庭月收入情境 19000元、上月电费情境 720元；电费压力 1/5。本月收入已有其他固定支出安排，可灵活调整的预算较紧。
节费/舒适/错峰重视 5/1/2；控制边界：在约定范围内，可以让系统自动调整；提前通知 两天；受保护活动：睡眠休息, 做饭用餐, 照顾家人。
居住方式：整套租住；电价背景：峰谷分时电价；定时/自动控制经验：经常使用；既有错峰经验：没有参加过；受扰后恢复偏好：先看影响再决定；其他背景设备：冰箱。
空调 2台，每周 每天（7天）；傍晚到睡前（18:00—23:00），制冷设定 25℃，室温希望范围 24—26℃，可接受变化 1.5℃。条件：有人在受控房间时使用；18:00–18:30若空屋预冷，须当天确认家户许可及实际预约/远控能力，否则到家后开启；空屋冷量不算舒适收益。
洗衣机 1台，每周 每天（7天）；默认 19:00，可从 19:00 开始，最晚 23:00 完成，一次 60 分钟。条件：默认时刻须有成员在家并完成装载；轮班或事件日另核，不默认预约或远程启动。
参与者对十天方案的选择、理由和评分尚未填写。",UNKNOWN,NOT_COLLECTED,NOT_EXPORTED_PENDING_D_ACCEPTANCE,UNKNOWN
cityrole-0106,eb.synthetic_fixed_profile_300.v1,上海市,上海,310000,3,2,0,sometimes_occupied,varies,irregular,19500,520,5,电费不构成当前预算约束,本月电费占可安排预算较小。,comfort_priority,2,4,3,confirm_required,24,independent_dwelling,one_room,1,17-19,54.0,synthetic_H6_like_whole_dwelling_building_area,54.0,known_synthetic_whole_dwelling,50_89,matches_synthetic_whole_dwelling,apartment,middle,4,cn-home-0106,self_contained_openplan,High-rise apartment(slab type)_Shanghai_2001,middle,40.601504,40.601504,0,CHN_Shanghai.Shanghai.583620_CSWD,20.633,aba93c03542042b4da278198119f5b6966aff75e1b2c1eb04acd749f5e5671f3,098c6a0abc092c00d6e34bc6a1fd6ae2f26f7382a42c738fac1092c8f9fa22d7,7,7,8,household_selected_devices,0,,上海市的3人家庭。独立住房建筑面积约54平方米，七普口径至少1间自然房间。主要说明人（51岁，通常定时外出）、子女（28岁，轮班或时间多变）、子女（26岁，在家外出交替）。通常白天部分时间有人。家庭月收入情境约19500元，通常月电费情境约520元；电费不构成当前预算约束。本月电费占可安排预算较小。纳入安排的设备：空调、洗衣机、电热水器。节费重视2/5，舒适重视4/5，系统控制边界是每次先确认；希望提前24小时通知。费用压力描述的是当前预算余量；节费重视描述的是调整方案时的取舍，两者分别考虑。洗衣等任务需有人在家完成装载。空屋提前开空调须另确认预约或远控与本人许可。轮班日按当天在家情况确认。,"【合成角色条件；尚无真人回答】
cityrole-0106｜上海上海市｜3人｜独立住宅，H7 至少1间自然房；整套设计建筑面积54㎡。
楼房中的一套住宅，楼层位置 中间层，房龄背景 2000—2009年；住宅原型 High-rise apartment(slab type)_Shanghai_2001，源户位 middle，天气代理站 CHN_Shanghai.Shanghai.583620_CSWD（距城市约20.6km）；天气/原型及房龄并非本户实测。
m01 主要说明人，51岁，在外工作 / 通常固定时间外出工作或学习；工作日通常在家 00:00–07:30、18:30–24:00；室温感受：不太敏感，室温变化较大也通常能适应；电器时间：只接受小幅提前或推迟；参与安排：通常主要由这位成员决定；需求优先：没有特别优先；节费/错峰重视 2/1；系统控制：每次先问，得到明确同意后再调整。
m02 子女，28岁，轮班工作 / 轮班或时间经常变化；工作日到家时段不固定；室温感受：能接受小幅变化，变化较大会不舒服；电器时间：希望按原定时间运行，尽量不调整；参与安排：通常与家人共同商量决定；需求优先：没有特别优先；节费/错峰重视 3/2；系统控制：更愿意自己安排，尽量不让系统调整。
m03 子女，26岁，暂未工作（非退休） / 部分时间在家，部分时间外出；工作日通常在家 00:00–09:00、12:00–15:00、19:00–24:00；室温感受：比较敏感，小幅变化也容易不舒服；电器时间：希望按原定时间运行，尽量不调整；参与安排：通常与家人共同商量决定；需求优先：没有特别优先；节费/错峰重视 5/3；系统控制：每次先问，得到明确同意后再调整。
通常白天：部分时间有人；晚间：每天不太固定；作息：变化较多；深夜用电：偶尔；事件当天是否在受控房间另核。
家庭月收入情境 19500元、上月电费情境 520元；电费压力 5/5。本月电费占可安排预算较小。
节费/舒适/错峰重视 2/4/3；控制边界：每次先问我，得到明确同意后再调整；提前通知 一天；受保护活动：睡眠休息, 做饭用餐。
居住方式：自有住房；电价背景：峰谷分时电价；定时/自动控制经验：经常使用；既有错峰经验：参加过；受扰后恢复偏好：改回原安排；其他背景设备：冰箱。
空调 1台，每周 2—3天；傍晚到睡前（18:00—23:00），制冷设定 26℃，室温希望范围 25—27℃，可接受变化 0.5℃。条件：有人在受控房间时使用；18:00–18:30若空屋预冷，须当天确认家户许可及实际预约/远控能力，否则到家后开启；空屋冷量不算舒适收益。
洗衣机 1台，每周 2—3天；默认 19:50，可从 19:00 开始，最晚 23:00 完成，一次 60 分钟。条件：默认时刻须有成员在家并完成装载；轮班或事件日另核，不默认预约或远程启动。
电热水器 1台，每周 2—3天；加热 06:00–08:00，需热水 07:00，提前加热：可以提前安排。条件：普通加热须对准有人需要热水的时段；事件日及额外提前加热按当次许可确认。
参与者对十天方案的选择、理由和评分尚未填写。",UNKNOWN,NOT_COLLECTED,NOT_EXPORTED_PENDING_D_ACCEPTANCE,UNKNOWN
cityrole-0107,eb.synthetic_fixed_profile_300.v1,广州市,广东,440100,2,1,0,mostly_occupied,partly_home,partly_regular,4000,220,1,电费超出预算会挤占必要支出,必要生活开支较多，本月电费变化容易挤占其他项目。,saving_priority,4,2,1,confirm_required,6,independent_dwelling,five_or_more_rooms,5,60-69,129.0,synthetic_H6_like_whole_dwelling_building_area,129.0,known_synthetic_whole_dwelling,120_159,matches_synthetic_whole_dwelling,rowhouse,NOT_APPLICABLE,two_storey_terraced_inferred_unit,cn-home-0107,terraced_five_room_inferred,Terraced house_Guangzhou_2012,edge,96.992481,96.992481,0,CHN_Guangdong.Guangzhou.592870_CSWD,5.46,8aba1405cf372b1266858ed2455d3b45d43a20315f9e450e72373d5a70b4a026,9953ebbbf31d3a34639d7daea4eed5fed92397c01a7c2cbc09dbf86dfb2865d0,14,13,25,household_selected_devices,0,,广州市的2人家庭。独立住房建筑面积约129平方米，七普口径至少5间自然房间。主要说明人（30岁，通常主要在家）、伴侣（32岁，在家外出交替）。通常白天有人在家。家庭月收入情境约4000元，通常月电费情境约220元；电费超出预算会挤占必要支出。必要生活开支较多，本月电费变化容易挤占其他项目。纳入安排的设备：空调、洗衣机、电热水器。节费重视4/5，舒适重视2/5，系统控制边界是每次先确认；希望提前6小时通知。费用压力描述的是当前预算余量；节费重视描述的是调整方案时的取舍，两者分别考虑。洗衣等任务需有人在家完成装载。空屋提前开空调须另确认预约或远控与本人许可。,"【合成角色条件；尚无真人回答】
cityrole-0107｜广东广州市｜2人｜独立住宅，H7 至少5间自然房；整套设计建筑面积129㎡。
联排住宅，楼层位置 不适用，房龄背景 2010—2019年；住宅原型 Terraced house_Guangzhou_2012，源户位 edge，天气代理站 CHN_Guangdong.Guangzhou.592870_CSWD（距城市约5.5km）；天气/原型及房龄并非本户实测。
m01 主要说明人，30岁，居家工作/学习 / 主要在家生活，包括居家工作、学习、休息或照护；工作日通常在家 00:00–24:00；室温感受：比较敏感，小幅变化也容易不舒服；电器时间：只接受小幅提前或推迟；参与安排：通常主要由这位成员决定；需求优先：没有特别优先；节费/错峰重视 4/4；系统控制：每次先问，得到明确同意后再调整。
m02 伴侣，32岁，照顾家人 / 部分时间在家，部分时间外出；工作日通常在家 00:00–09:00、12:00–15:00、19:00–24:00；室温感受：不太敏感，室温变化较大也通常能适应；电器时间：只接受小幅提前或推迟；参与安排：通常与家人共同商量决定；需求优先：没有特别优先；节费/错峰重视 4/5；系统控制：在约定范围内，可以让系统自动调整。
通常白天：大部分时间有人；晚间：部分时间有人；作息：部分成员或部分日期固定；深夜用电：很少或没有；事件当天是否在受控房间另核。
家庭月收入情境 4000元、上月电费情境 220元；电费压力 1/5。必要生活开支较多，本月电费变化容易挤占其他项目。
节费/舒适/错峰重视 4/2/1；控制边界：每次先问我，得到明确同意后再调整；提前通知 6 小时；受保护活动：睡眠休息, 做饭用餐。
居住方式：自有住房；电价背景：峰谷分时电价；定时/自动控制经验：偶尔使用；既有错峰经验：没有参加过；受扰后恢复偏好：改回原安排；其他背景设备：冰箱。
空调 1台，每周 4—6天；傍晚到睡前（18:00—23:00），制冷设定 27℃，室温希望范围 26—28℃，可接受变化 1℃。条件：有人在受控房间时使用；18:00–18:30若空屋预冷，须当天确认家户许可及实际预约/远控能力，否则到家后开启；空屋冷量不算舒适收益。
洗衣机 1台，每周 4—6天；默认 21:00，可从 19:00 开始，最晚 24:00 完成，一次 60 分钟。条件：默认时刻须有成员在家并完成装载；轮班或事件日另核，不默认预约或远程启动。
电热水器 1台，每周 4—6天；加热 19:00–22:00，需热水 21:00，提前加热：每次先确认。条件：普通加热须对准有人需要热水的时段；事件日及额外提前加热按当次许可确认。
参与者对十天方案的选择、理由和评分尚未填写。",UNKNOWN,NOT_COLLECTED,NOT_EXPORTED_PENDING_D_ACCEPTANCE,UNKNOWN
cityrole-0108,eb.synthetic_fixed_profile_300.v1,苏州市,江苏,320500,5,3,0,mostly_occupied,partly_home,irregular,32500,720,1,电费超出预算会挤占必要支出,本月收入已有其他固定支出安排，可灵活调整的预算较紧。,middle,3,3,1,high_trust_auto,3,independent_dwelling,two_rooms,2,17-19,90.0,synthetic_H6_like_whole_dwelling_building_area,90.0,known_synthetic_whole_dwelling,90_119,matches_synthetic_whole_dwelling,apartment,ground,1,cn-home-0108,self_contained_openplan,High-rise apartment(slab type)_Dongtai_2001,edge,67.669173,67.669173,0,CHN_Jiangsu.Lusi.582650_CSWD,119.962,c92346c9972b2dcc7f2064862db0b41111de3985fdfd3db09d6fc2ec585f6b6c,ecc41ad66472d63e42fe5456d9bd41b61bf3cd850b6d9c3061485bf77c1a7b07,7,7,10,household_selected_devices,0,,苏州市的5人家庭。独立住房建筑面积约90平方米，七普口径至少2间自然房间。长辈（59岁，轮班或时间多变）、主要说明人（40岁，在家外出交替）、子女（20岁，通常主要在家）、伴侣（39岁，在家外出交替）、子女（17岁，通常定时外出）。通常白天有人在家。家庭月收入情境约32500元，通常月电费情境约720元；电费超出预算会挤占必要支出。本月收入已有其他固定支出安排，可灵活调整的预算较紧。纳入安排的设备：空调、洗衣机、电热水器。节费重视3/5，舒适重视3/5，系统控制边界是约定范围内可自动调整；希望提前3小时通知。费用压力描述的是当前预算余量；节费重视描述的是调整方案时的取舍，两者分别考虑。洗衣等任务需有人在家完成装载。轮班日按当天在家情况确认。,"【合成角色条件；尚无真人回答】
cityrole-0108｜江苏苏州市｜5人｜独立住宅，H7 至少2间自然房；整套设计建筑面积90㎡。
楼房中的一套住宅，楼层位置 底层，房龄背景 2000—2009年；住宅原型 High-rise apartment(slab type)_Dongtai_2001，源户位 edge，天气代理站 CHN_Jiangsu.Lusi.582650_CSWD（距城市约120.0km）；天气/原型及房龄并非本户实测。
m01 长辈，59岁，轮班工作 / 轮班或时间经常变化；工作日到家时段不固定；室温感受：能接受小幅变化，变化较大会不舒服；电器时间：只要按时完成，具体运行时间都可以；参与安排：通常主要由这位成员决定；需求优先：没有特别优先；节费/错峰重视 3/2；系统控制：在约定范围内，可以让系统自动调整。
m02 主要说明人，40岁，暂未工作（非退休） / 部分时间在家，部分时间外出；工作日通常在家 00:00–09:00、12:00–15:00、19:00–24:00；室温感受：比较敏感，小幅变化也容易不舒服；电器时间：只接受小幅提前或推迟；参与安排：通常与家人共同商量决定；需求优先：没有特别优先；节费/错峰重视 5/3；系统控制：每次先问，得到明确同意后再调整。
m03 子女，20岁，居家工作/学习 / 主要在家生活，包括居家工作、学习、休息或照护；工作日通常在家 00:00–24:00；室温感受：不太敏感，室温变化较大也通常能适应；电器时间：只接受小幅提前或推迟；参与安排：通常与家人共同商量决定；需求优先：没有特别优先；节费/错峰重视 2/4；系统控制：在约定范围内，可以让系统自动调整。
m04 伴侣，39岁，照顾家人 / 部分时间在家，部分时间外出；工作日通常在家 00:00–09:00、12:00–15:00、19:00–24:00；室温感受：能接受小幅变化，变化较大会不舒服；电器时间：希望按原定时间运行，尽量不调整；参与安排：通常与家人共同商量决定；需求优先：没有特别优先；节费/错峰重视 4/5；系统控制：更愿意自己安排，尽量不让系统调整。
m05 子女，17岁，上学 / 通常固定时间外出工作或学习；工作日通常在家 00:00–07:30、18:30–24:00；室温感受：比较敏感，小幅变化也容易不舒服；电器时间：希望按原定时间运行，尽量不调整；参与安排：通常与家人共同商量决定；需求优先：通常会优先考虑；节费/错峰重视 1/1；系统控制：每次先问，得到明确同意后再调整。
通常白天：大部分时间有人；晚间：部分时间有人；作息：变化较多；深夜用电：偶尔；事件当天是否在受控房间另核。
家庭月收入情境 32500元、上月电费情境 720元；电费压力 1/5。本月收入已有其他固定支出安排，可灵活调整的预算较紧。
节费/舒适/错峰重视 3/3/1；控制边界：在约定范围内，可以让系统自动调整；提前通知 3 小时；受保护活动：睡眠休息, 做饭用餐, 照顾家人。
居住方式：整套租住；电价背景：单一时段电价；定时/自动控制经验：偶尔使用；既有错峰经验：没有参加过；受扰后恢复偏好：先看影响再决定；其他背景设备：冰箱。
空调 1台，每周 每天（7天）；自己选择使用时段（可跨午夜），制冷设定 24℃，室温希望范围 23—25℃，可接受变化 1.5℃，自选时段 16:00–23:00。条件：有人在受控房间时使用；轮班或事件日另核，不把空屋冷量算作舒适收益。
洗衣机 1台，每周 每天（7天）；默认 19:00，可从 19:00 开始，最晚 23:00 完成，一次 60 分钟。条件：默认时刻须有成员在家并完成装载；轮班或事件日另核，不默认预约或远程启动。
电热水器 1台，每周 每天（7天）；加热 19:50–22:00，需热水 21:00，提前加热：不希望提前加热。条件：普通加热须对准有人需要热水的时段；事件日及额外提前加热按当次许可确认。
参与者对十天方案的选择、理由和评分尚未填写。",UNKNOWN,NOT_COLLECTED,NOT_EXPORTED_PENDING_D_ACCEPTANCE,UNKNOWN
cityrole-0109,eb.synthetic_fixed_profile_300.v1,北京市,北京,110000,3,2,0,sometimes_occupied,varies,irregular,9600,520,1,电费超出预算会挤占必要支出,必要生活开支较多，本月电费变化容易挤占其他项目。,saving_priority,4,2,1,low_auto_accept,48,independent_dwelling,three_rooms,3,13-16,43.5,synthetic_H6_like_whole_dwelling_building_area,43.5,known_synthetic_whole_dwelling,lt50,matches_synthetic_whole_dwelling,apartment,middle,6,cn-home-0109,self_contained_source_three_room,High-rise apartment(slab type)_Beijing_2010,middle,32.706767,32.706767,0,CHN_Beijing.Beijing.545110_CSWD,16.45,c5a000246fd9c838eefeea8ddaa808bc1ed349ea33ced3f620f24f8ccebd2a3e,bbfbcb6db85d54357035ebe866d4d16c8f1ff10293331b33be559c43b8baef7f,7,7,8,household_selected_devices,0,,北京市的3人家庭。独立住房建筑面积约43.5平方米，七普口径至少3间自然房间。主要说明人（43岁，在家外出交替）、子女（11岁，通常定时外出）、伴侣（42岁，轮班或时间多变）。通常白天部分时间有人。家庭月收入情境约9600元，通常月电费情境约520元；电费超出预算会挤占必要支出。必要生活开支较多，本月电费变化容易挤占其他项目。纳入安排的设备：空调、洗衣机、洗碗机、电热水器。节费重视4/5，舒适重视2/5，系统控制边界是以自己安排为主；希望提前48小时通知。费用压力描述的是当前预算余量；节费重视描述的是调整方案时的取舍，两者分别考虑。洗衣等任务需有人在家完成装载。空屋提前开空调须另确认预约或远控与本人许可。轮班日按当天在家情况确认。,"【合成角色条件；尚无真人回答】
cityrole-0109｜北京北京市｜3人｜独立住宅，H7 至少3间自然房；整套设计建筑面积43.5㎡。
楼房中的一套住宅，楼层位置 中间层，房龄背景 2010—2019年；住宅原型 High-rise apartment(slab type)_Beijing_2010，源户位 middle，天气代理站 CHN_Beijing.Beijing.545110_CSWD（距城市约16.4km）；天气/原型及房龄并非本户实测。
m01 主要说明人，43岁，照顾家人 / 部分时间在家，部分时间外出；工作日通常在家 00:00–09:00、12:00–15:00、19:00–24:00；室温感受：不太敏感，室温变化较大也通常能适应；电器时间：只要按时完成，具体运行时间都可以；参与安排：通常主要由这位成员决定；需求优先：通常会优先考虑；节费/错峰重视 4/5；系统控制：更愿意自己安排，尽量不让系统调整。
m02 子女，11岁，上学 / 通常固定时间外出工作或学习；工作日通常在家 00:00–07:30、18:30–24:00；室温感受：能接受小幅变化，变化较大会不舒服；电器时间：只要按时完成，具体运行时间都可以；参与安排：通常与家人共同商量决定；需求优先：通常会优先考虑；节费/错峰重视 1/1；系统控制：更愿意自己安排，尽量不让系统调整。
m03 伴侣，42岁，轮班工作 / 轮班或时间经常变化；工作日到家时段不固定；室温感受：比较敏感，小幅变化也容易不舒服；电器时间：只接受小幅提前或推迟；参与安排：通常与家人共同商量决定；需求优先：没有特别优先；节费/错峰重视 3/2；系统控制：每次先问，得到明确同意后再调整。
通常白天：部分时间有人；晚间：每天不太固定；作息：变化较多；深夜用电：偶尔；事件当天是否在受控房间另核。
家庭月收入情境 9600元、上月电费情境 520元；电费压力 1/5。必要生活开支较多，本月电费变化容易挤占其他项目。
节费/舒适/错峰重视 4/2/1；控制边界：更愿意自己安排，尽量不让系统调整；提前通知 两天；受保护活动：睡眠休息, 做饭用餐, 照顾家人。
居住方式：与他人合租；电价背景：峰谷分时电价；定时/自动控制经验：经常使用；既有错峰经验：没有参加过；受扰后恢复偏好：先看影响再决定；其他背景设备：冰箱。
空调 2台，每周 2—3天；傍晚到睡前（18:00—23:00），制冷设定 25℃，室温希望范围 24—26℃，可接受变化 0.5℃。条件：有人在受控房间时使用；18:00–18:30若空屋预冷，须当天确认家户许可及实际预约/远控能力，否则到家后开启；空屋冷量不算舒适收益。
洗衣机 1台，每周 2—3天；默认 19:50，可从 19:00 开始，最晚 23:00 完成，一次 60 分钟。条件：默认时刻须有成员在家并完成装载；轮班或事件日另核，不默认预约或远程启动。
洗碗机 1台，每周 2—3天；默认 21:00，可从 19:00 开始，最晚 24:00 完成，一次 60 分钟。条件：默认时刻须有成员在家并完成装载；轮班或事件日另核，不默认预约或远程启动。
电热水器 1台，每周 2—3天；加热 06:00–08:00，需热水 07:00，提前加热：可以提前安排。条件：普通加热须对准有人需要热水的时段；事件日及额外提前加热按当次许可确认。
参与者对十天方案的选择、理由和评分尚未填写。",UNKNOWN,NOT_COLLECTED,NOT_EXPORTED_PENDING_D_ACCEPTANCE,UNKNOWN
cityrole-0110,eb.synthetic_fixed_profile_300.v1,济南市,山东,370100,2,2,1,mostly_occupied,mostly_home,regular,6400,120,3,电费可承担，但会留意变化,本月电费可承担，但家庭会留意它的变化。,both_high,4,4,3,high_trust_auto,24,independent_dwelling,three_rooms,3,30-39,69.0,synthetic_H6_like_whole_dwelling_building_area,69.0,known_synthetic_whole_dwelling,50_89,matches_synthetic_whole_dwelling,apartment,top,4,cn-home-0110,self_contained_source_three_room,Low-rise apartment_Jinan_2010,middle,51.879699,51.879699,0,CHN_Shandong.Jinan.548230_CSWD,7.383,3d9efc4e69d2ac44152de7c2112bf0f168702ca549300ff9c9f3fe74c30863e7,f53477702b83f34335c11ae51cdca06cbf8a2b729782a23e660159fa9cd3018a,7,7,8,household_selected_devices,0,,济南市的2人家庭。独立住房建筑面积约69平方米，七普口径至少3间自然房间。主要说明人（78岁，通常主要在家）、子女（52岁，通常主要在家）。通常白天有人在家。家庭月收入情境约6400元，通常月电费情境约120元；电费可承担，但会留意变化。本月电费可承担，但家庭会留意它的变化。纳入安排的设备：空调、洗衣机、电热水器。节费重视4/5，舒适重视4/5，系统控制边界是约定范围内可自动调整；希望提前24小时通知。费用压力描述的是当前预算余量；节费重视描述的是调整方案时的取舍，两者分别考虑。洗衣等任务需有人在家完成装载。空屋提前开空调须另确认预约或远控与本人许可。,"【合成角色条件；尚无真人回答】
cityrole-0110｜山东济南市｜2人｜独立住宅，H7 至少3间自然房；整套设计建筑面积69㎡。
楼房中的一套住宅，楼层位置 顶层，房龄背景 2010—2019年；住宅原型 Low-rise apartment_Jinan_2010，源户位 middle，天气代理站 CHN_Shandong.Jinan.548230_CSWD（距城市约7.4km）；天气/原型及房龄并非本户实测。
m01 主要说明人，78岁，照顾家人 / 主要在家生活，包括居家工作、学习、休息或照护；工作日通常在家 00:00–24:00；室温感受：比较敏感，小幅变化也容易不舒服；电器时间：希望按原定时间运行，尽量不调整；参与安排：通常主要由这位成员决定；需求优先：没有特别优先；节费/错峰重视 4/3；系统控制：在约定范围内，可以让系统自动调整。
m02 子女，52岁，居家工作/学习 / 主要在家生活，包括居家工作、学习、休息或照护；工作日通常在家 00:00–24:00；室温感受：不太敏感，室温变化较大也通常能适应；电器时间：只要按时完成，具体运行时间都可以；参与安排：通常与家人共同商量决定；需求优先：没有特别优先；节费/错峰重视 2/4；系统控制：在约定范围内，可以让系统自动调整。
通常白天：大部分时间有人；晚间：大部分时间有人；作息：大体固定；深夜用电：很少或没有；事件当天是否在受控房间另核。
家庭月收入情境 6400元、上月电费情境 120元；电费压力 3/5。本月电费可承担，但家庭会留意它的变化。
节费/舒适/错峰重视 4/4/3；控制边界：在约定范围内，可以让系统自动调整；提前通知 一天；受保护活动：睡眠休息, 做饭用餐。
居住方式：与他人合租；电价背景：峰谷分时电价；定时/自动控制经验：偶尔使用；既有错峰经验：没有参加过；受扰后恢复偏好：先看影响再决定；其他背景设备：冰箱。
空调 1台，每周 4—6天；傍晚到睡前（18:00—23:00），制冷设定 26℃，室温希望范围 25—27℃，可接受变化 1℃。条件：有人在受控房间时使用；18:00–18:30若空屋预冷，须当天确认家户许可及实际预约/远控能力，否则到家后开启；空屋冷量不算舒适收益。
洗衣机 1台，每周 4—6天；默认 21:00，可从 19:00 开始，最晚 24:00 完成，一次 60 分钟。条件：默认时刻须有成员在家并完成装载；轮班或事件日另核，不默认预约或远程启动。
电热水器 1台，每周 4—6天；加热 19:00–22:00，需热水 21:00，提前加热：每次先确认。条件：普通加热须对准有人需要热水的时段；事件日及额外提前加热按当次许可确认。
参与者对十天方案的选择、理由和评分尚未填写。",UNKNOWN,NOT_COLLECTED,NOT_EXPORTED_PENDING_D_ACCEPTANCE,UNKNOWN
cityrole-0111,eb.synthetic_fixed_profile_300.v1,成都市,四川,510100,3,2,0,sometimes_occupied,partly_home,partly_regular,19500,220,2,电费有压力，需调整其他开支,本月收入已有其他固定支出安排，可灵活调整的预算较紧。,comfort_priority,1,5,4,confirm_required,12,independent_dwelling,three_rooms,3,20-29,73.5,synthetic_H6_like_whole_dwelling_building_area,73.5,known_synthetic_whole_dwelling,50_89,matches_synthetic_whole_dwelling,apartment,middle,3,cn-home-0111,self_contained_source_three_room,Low-rise apartment_Chengdu_2001,middle,55.263158,55.263158,0,CHN_Sichuan.Chengdu.562940_CSWD,2.503,7204a177b51424d23876255d175b502ac55aa3178ba1ac01691f571af00196ed,1664c570deb16a0ac82da0cc143463656291c0c8a0f0c13120091a2baf6204fe,7,7,8,household_selected_devices,0,,成都市的3人家庭。独立住房建筑面积约73.5平方米，七普口径至少3间自然房间。主要说明人（36岁，通常定时外出）、子女（11岁，通常定时外出）、伴侣（34岁，在家外出交替）。通常白天部分时间有人。家庭月收入情境约19500元，通常月电费情境约220元；电费有压力，需调整其他开支。本月收入已有其他固定支出安排，可灵活调整的预算较紧。纳入安排的设备：洗衣机。节费重视1/5，舒适重视5/5，系统控制边界是每次先确认；希望提前12小时通知。虽然电费挤压预算，但家里更在意任务按原计划完成，不愿为了少量节费频繁改时间。洗衣等任务需有人在家完成装载。,"【合成角色条件；尚无真人回答】
cityrole-0111｜四川成都市｜3人｜独立住宅，H7 至少3间自然房；整套设计建筑面积73.5㎡。
楼房中的一套住宅，楼层位置 中间层，房龄背景 2000—2009年；住宅原型 Low-rise apartment_Chengdu_2001，源户位 middle，天气代理站 CHN_Sichuan.Chengdu.562940_CSWD（距城市约2.5km）；天气/原型及房龄并非本户实测。
m01 主要说明人，36岁，在外工作 / 通常固定时间外出工作或学习；工作日通常在家 00:00–07:30、18:30–24:00；室温感受：能接受小幅变化，变化较大会不舒服；电器时间：希望按原定时间运行，尽量不调整；参与安排：通常主要由这位成员决定；需求优先：没有特别优先；节费/错峰重视 1/1；系统控制：每次先问，得到明确同意后再调整。
m02 子女，11岁，上学 / 通常固定时间外出工作或学习；工作日通常在家 00:00–07:30、18:30–24:00；室温感受：比较敏感，小幅变化也容易不舒服；电器时间：希望按原定时间运行，尽量不调整；参与安排：通常与家人共同商量决定；需求优先：通常会优先考虑；节费/错峰重视 3/2；系统控制：每次先问，得到明确同意后再调整。
m03 伴侣，34岁，暂未工作（非退休） / 部分时间在家，部分时间外出；工作日通常在家 00:00–09:00、12:00–15:00、19:00–24:00；室温感受：不太敏感，室温变化较大也通常能适应；电器时间：只要按时完成，具体运行时间都可以；参与安排：通常与家人共同商量决定；需求优先：没有特别优先；节费/错峰重视 5/3；系统控制：在约定范围内，可以让系统自动调整。
通常白天：部分时间有人；晚间：部分时间有人；作息：部分成员或部分日期固定；深夜用电：很少或没有；事件当天是否在受控房间另核。
家庭月收入情境 19500元、上月电费情境 220元；电费压力 2/5。本月收入已有其他固定支出安排，可灵活调整的预算较紧。
节费/舒适/错峰重视 1/5/4；控制边界：每次先问我，得到明确同意后再调整；提前通知 半天；受保护活动：睡眠休息, 做饭用餐, 照顾家人。
居住方式：与他人合租；电价背景：单一时段电价；定时/自动控制经验：没有使用过；既有错峰经验：没有参加过；受扰后恢复偏好：先看影响再决定；其他背景设备：冰箱。
洗衣机 1台，每周 每天（7天）；默认 19:00，可从 19:00 开始，最晚 23:00 完成，一次 60 分钟。条件：默认时刻须有成员在家并完成装载；轮班或事件日另核，不默认预约或远程启动。
参与者对十天方案的选择、理由和评分尚未填写。",UNKNOWN,NOT_COLLECTED,NOT_EXPORTED_PENDING_D_ACCEPTANCE,UNKNOWN
cityrole-0112,eb.synthetic_fixed_profile_300.v1,重庆市,重庆,500000,3,2,1,sometimes_occupied,partly_home,partly_regular,19500,360,4,电费有余量，通常不需改变开支,本月电费占可安排预算较小。,middle,3,3,2,confirm_required,24,independent_dwelling,three_rooms,3,30-39,103.5,synthetic_H6_like_whole_dwelling_building_area,103.5,known_synthetic_whole_dwelling,90_119,matches_synthetic_whole_dwelling,apartment,middle,3,cn-home-0112,self_contained_source_three_room,Low-rise apartment_Youyang_2001,edge,77.819549,77.819549,0,CHN_Chongqing.Chongqing.Shapingba.575160_CSWD,5.879,454a6f076037de18c42c492b2db58bd57789e0464fbca049b4616ca770465130,0dbea36577e48e92aed716a0a646d671a6418eff16715b9d1849975f4b7aa8e3,7,7,10,household_selected_devices,1,m03,重庆市的3人家庭。独立住房建筑面积约103.5平方米，七普口径至少3间自然房间。主要说明人（66岁，在家外出交替）、子女（37岁，在家外出交替）、子女（40岁，通常定时外出）。通常白天部分时间有人。家庭月收入情境约19500元，通常月电费情境约360元；电费有余量，通常不需改变开支。本月电费占可安排预算较小。纳入安排的设备：空调、洗衣机、电热水器、可在家充电的电动车。节费重视3/5，舒适重视3/5，系统控制边界是每次先确认；希望提前24小时通知。费用压力描述的是当前预算余量；节费重视描述的是调整方案时的取舍，两者分别考虑。洗衣等任务需有人在家完成装载。,"【合成角色条件；尚无真人回答】
cityrole-0112｜重庆重庆市｜3人｜独立住宅，H7 至少3间自然房；整套设计建筑面积103.5㎡。
楼房中的一套住宅，楼层位置 中间层，房龄背景 2000—2009年；住宅原型 Low-rise apartment_Youyang_2001，源户位 edge，天气代理站 CHN_Chongqing.Chongqing.Shapingba.575160_CSWD（距城市约5.9km）；天气/原型及房龄并非本户实测。
m01 主要说明人，66岁，居家工作/学习 / 部分时间在家，部分时间外出；工作日通常在家 00:00–09:00、12:00–15:00、19:00–24:00；室温感受：不太敏感，室温变化较大也通常能适应；电器时间：只接受小幅提前或推迟；参与安排：通常主要由这位成员决定；需求优先：没有特别优先；节费/错峰重视 3/4；系统控制：每次先问，得到明确同意后再调整。
m02 子女，37岁，照顾家人 / 部分时间在家，部分时间外出；工作日通常在家 00:00–09:00、12:00–15:00、19:00–24:00；室温感受：能接受小幅变化，变化较大会不舒服；电器时间：希望按原定时间运行，尽量不调整；参与安排：通常与家人共同商量决定；需求优先：没有特别优先；节费/错峰重视 4/5；系统控制：更愿意自己安排，尽量不让系统调整。
m03 子女，40岁，在外工作 / 通常固定时间外出工作或学习；工作日通常在家 00:00–07:30、18:30–24:00；室温感受：比较敏感，小幅变化也容易不舒服；电器时间：希望按原定时间运行，尽量不调整；参与安排：通常与家人共同商量决定；需求优先：没有特别优先；节费/错峰重视 1/1；系统控制：每次先问，得到明确同意后再调整。
通常白天：部分时间有人；晚间：部分时间有人；作息：部分成员或部分日期固定；深夜用电：很少或没有；事件当天是否在受控房间另核。
家庭月收入情境 19500元、上月电费情境 360元；电费压力 4/5。本月电费占可安排预算较小。
节费/舒适/错峰重视 3/3/2；控制边界：每次先问我，得到明确同意后再调整；提前通知 一天；受保护活动：睡眠休息, 做饭用餐。
居住方式：与他人合租；电价背景：峰谷分时电价；定时/自动控制经验：偶尔使用；既有错峰经验：没有参加过；受扰后恢复偏好：先看影响再决定；其他背景设备：冰箱。
空调 1台，每周 2—3天；自己选择使用时段（可跨午夜），制冷设定 24℃，室温希望范围 23—25℃，可接受变化 0.5℃，自选时段 19:00–23:00。条件：有人在受控房间时使用；轮班或事件日另核，不把空屋冷量算作舒适收益。
洗衣机 1台，每周 2—3天；默认 19:50，可从 19:00 开始，最晚 23:00 完成，一次 60 分钟。条件：默认时刻须有成员在家并完成装载；轮班或事件日另核，不默认预约或远程启动。
电热水器 1台，每周 2—3天；加热 06:00–08:00，需热水 07:00，提前加热：可以提前安排。条件：普通加热须对准有人需要热水的时段；事件日及额外提前加热按当次许可确认。
可在家充电的电动汽车 1辆，每周 2—3天；接入 19:00，次日离家 07:00，目标/保底电量 80%/20%，驾驶成员 m03。条件：由m03在典型外出日返家后接入；车辆实际到家、次日离家与充电权限按当天确认。
参与者对十天方案的选择、理由和评分尚未填写。",UNKNOWN,NOT_COLLECTED,NOT_EXPORTED_PENDING_D_ACCEPTANCE,UNKNOWN
cityrole-0113,eb.synthetic_fixed_profile_300.v1,广州市,广东,440100,1,1,1,sometimes_occupied,partly_home,partly_regular,4500,360,4,电费有余量，通常不需改变开支,家庭已为当前电费预留预算，按这个金额可以承担；增加用电仍需重新权衡。,both_high,5,5,1,high_trust_auto,0,shared_dwelling_private_rooms_with_allocated_common_area,one_room,1,9-12,10.5,synthetic_H6_like_household_attributed_building_area_in_shared_dwelling,49.437493,experimental_F_scaled_whole_dwelling,lt50,matches_F_experimental_whole_dwelling,apartment,top,4,cn-home-0113,shared_flat_private_rooms,Low-rise apartment_Guangzhou_2012,middle,9.975,8.389242,1.585758,CHN_Guangdong.Guangzhou.592870_CSWD,5.46,8aba1405cf372b1266858ed2455d3b45d43a20315f9e450e72373d5a70b4a026,484abad95bb1b2dd19486ab209352e73d4d651e1fba971cd1650305feefc090b,1,1,1,assigned_private_rooms_ac_only,0,,广州市的1人家庭。合住住房中本户独用1间房，分摊建筑面积约10.5平方米；整套住房设计建筑面积约49.4375平方米（按模型整套净面积和实验0.95比值换算）；仅私有房间的1台空调可由本户安排，公共设备不纳入。主要说明人（85岁，在家外出交替）。通常白天部分时间有人。家庭月收入情境约4500元，通常月电费情境约360元；电费有余量，通常不需改变开支。家庭已为当前电费预留预算，按这个金额可以承担；增加用电仍需重新权衡。纳入安排的设备：空调。节费重视5/5，舒适重视5/5，系统控制边界是约定范围内可自动调整；希望提前0小时通知。当前电费负担不重，但仍重视避免浪费。空屋提前开空调须另确认预约或远控与本人许可。,"【合成角色条件；尚无真人回答】
cityrole-0113｜广东广州市｜1人｜合住，本户独用1间自然房；10.5㎡是本户分摊建筑面积，整套住房设计建筑面积约49.4375㎡，按冻结源单元净面积和实验 0.95 比值换算，并非实测。
楼房中的一套住宅，楼层位置 顶层，房龄背景 2010—2019年；住宅原型 Low-rise apartment_Guangzhou_2012，源户位 middle，天气代理站 CHN_Guangdong.Guangzhou.592870_CSWD（距城市约5.5km）；天气/原型及房龄并非本户实测。
m01 主要说明人，85岁，居家工作/学习 / 部分时间在家，部分时间外出；工作日通常在家 00:00–09:00、12:00–15:00、19:00–24:00；室温感受：比较敏感，小幅变化也容易不舒服；电器时间：只接受小幅提前或推迟；参与安排：通常主要由这位成员决定；需求优先：没有特别优先；节费/错峰重视 5/2；系统控制：在约定范围内，可以让系统自动调整。
通常白天：部分时间有人；晚间：部分时间有人；作息：部分成员或部分日期固定；深夜用电：很少或没有；事件当天是否在受控房间另核。
家庭月收入情境 4500元、上月电费情境 360元；电费压力 4/5。家庭已为当前电费预留预算，按这个金额可以承担；增加用电仍需重新权衡。
节费/舒适/错峰重视 5/5/1；控制边界：在约定范围内，可以让系统自动调整；提前通知 无需提前；受保护活动：睡眠休息, 做饭用餐。
居住方式：与他人合租；电价背景：峰谷分时电价；定时/自动控制经验：没有使用过；既有错峰经验：参加过；受扰后恢复偏好：先看影响再决定；其他背景设备：没有上述设备。
空调 1台，每周 4—6天；傍晚到睡前（18:00—23:00），制冷设定 25℃，室温希望范围 24—26℃，可接受变化 1℃。条件：有人在受控房间时使用；18:00–18:30若空屋预冷，须当天确认家户许可及实际预约/远控能力，否则到家后开启；空屋冷量不算舒适收益。
参与者对十天方案的选择、理由和评分尚未填写。",UNKNOWN,NOT_COLLECTED,NOT_EXPORTED_PENDING_D_ACCEPTANCE,UNKNOWN
cityrole-0114,eb.synthetic_fixed_profile_300.v1,天津市,天津,120000,5,2,1,mostly_occupied,partly_home,irregular,32500,360,3,电费可承担，但会留意变化,本月电费可承担，但家庭会留意它的变化。,both_low,1,1,3,high_trust_auto,12,independent_dwelling,two_rooms,2,17-19,90.0,synthetic_H6_like_whole_dwelling_building_area,90.0,known_synthetic_whole_dwelling,90_119,matches_synthetic_whole_dwelling,apartment,ground,1,cn-home-0114,self_contained_openplan,Low-rise apartment_Tianjin_2010,middle,67.669173,67.669173,0,CHN_Tianjin.Tianjin.545270_CSWD,12.212,36e8a3b022198a8bb6d218d9a6e4d00a531581684750d406e90defc9ce4f7713,9eb91c698971c09295b2480541a4433c410172f709ae902e5de1dc4b6784f2f5,7,7,8,household_selected_devices,0,,天津市的5人家庭。独立住房建筑面积约90平方米，七普口径至少2间自然房间。主要说明人（81岁，在家外出交替）、子女（52岁，通常定时外出）、子女（55岁，轮班或时间多变）、子女伴侣（50岁，在家外出交替）、子女（49岁，通常主要在家）。通常白天有人在家。家庭月收入情境约32500元，通常月电费情境约360元；电费可承担，但会留意变化。本月电费可承担，但家庭会留意它的变化。纳入安排的设备：空调、洗衣机、烘干机。节费重视1/5，舒适重视1/5，系统控制边界是约定范围内可自动调整；希望提前12小时通知。费用与室温都不是首要判断项，家里更关注日常任务是否照计划完成。洗衣等任务需有人在家完成装载。空屋提前开空调须另确认预约或远控与本人许可。轮班日按当天在家情况确认。,"【合成角色条件；尚无真人回答】
cityrole-0114｜天津天津市｜5人｜独立住宅，H7 至少2间自然房；整套设计建筑面积90㎡。
楼房中的一套住宅，楼层位置 底层，房龄背景 2010—2019年；住宅原型 Low-rise apartment_Tianjin_2010，源户位 middle，天气代理站 CHN_Tianjin.Tianjin.545270_CSWD（距城市约12.2km）；天气/原型及房龄并非本户实测。
m01 主要说明人，81岁，照顾家人 / 部分时间在家，部分时间外出；工作日通常在家 00:00–09:00、12:00–15:00、19:00–24:00；室温感受：能接受小幅变化，变化较大会不舒服；电器时间：只要按时完成，具体运行时间都可以；参与安排：通常主要由这位成员决定；需求优先：没有特别优先；节费/错峰重视 1/5；系统控制：在约定范围内，可以让系统自动调整。
m02 子女，52岁，在外工作 / 通常固定时间外出工作或学习；工作日通常在家 00:00–07:30、18:30–24:00；室温感受：比较敏感，小幅变化也容易不舒服；电器时间：只接受小幅提前或推迟；参与安排：通常与家人共同商量决定；需求优先：没有特别优先；节费/错峰重视 1/1；系统控制：每次先问，得到明确同意后再调整。
m03 子女，55岁，轮班工作 / 轮班或时间经常变化；工作日到家时段不固定；室温感受：不太敏感，室温变化较大也通常能适应；电器时间：只接受小幅提前或推迟；参与安排：通常与家人共同商量决定；需求优先：没有特别优先；节费/错峰重视 3/2；系统控制：在约定范围内，可以让系统自动调整。
m04 子女伴侣，50岁，暂未工作（非退休） / 部分时间在家，部分时间外出；工作日通常在家 00:00–09:00、12:00–15:00、19:00–24:00；室温感受：能接受小幅变化，变化较大会不舒服；电器时间：希望按原定时间运行，尽量不调整；参与安排：通常与家人共同商量决定；需求优先：没有特别优先；节费/错峰重视 5/3；系统控制：更愿意自己安排，尽量不让系统调整。
m05 子女，49岁，居家工作/学习 / 主要在家生活，包括居家工作、学习、休息或照护；工作日通常在家 00:00–24:00；室温感受：比较敏感，小幅变化也容易不舒服；电器时间：希望按原定时间运行，尽量不调整；参与安排：通常与家人共同商量决定；需求优先：没有特别优先；节费/错峰重视 2/4；系统控制：每次先问，得到明确同意后再调整。
通常白天：大部分时间有人；晚间：部分时间有人；作息：变化较多；深夜用电：偶尔；事件当天是否在受控房间另核。
家庭月收入情境 32500元、上月电费情境 360元；电费压力 3/5。本月电费可承担，但家庭会留意它的变化。
节费/舒适/错峰重视 1/1/3；控制边界：在约定范围内，可以让系统自动调整；提前通知 半天；受保护活动：睡眠休息, 做饭用餐。
居住方式：整套租住；电价背景：单一时段电价；定时/自动控制经验：没有使用过；既有错峰经验：没有参加过；受扰后恢复偏好：改回原安排；其他背景设备：冰箱。
空调 1台，每周 每天（7天）；傍晚到睡前（18:00—23:00），制冷设定 26℃，室温希望范围 25—27℃，可接受变化 1.5℃。条件：有人在受控房间时使用；18:00–18:30若空屋预冷，须当天确认家户许可及实际预约/远控能力，否则到家后开启；空屋冷量不算舒适收益。
洗衣机 1台，每周 每天（7天）；默认 19:00，可从 19:00 开始，最晚 23:00 完成，一次 60 分钟。条件：默认时刻须有成员在家并完成装载；轮班或事件日另核，不默认预约或远程启动。
烘干机 1台，每周 每天（7天）；默认 21:00，可从 19:00 开始，最晚 24:00 完成，一次 90 分钟。条件：默认时刻须有成员在家并完成装载；轮班或事件日另核，不默认预约或远程启动。
参与者对十天方案的选择、理由和评分尚未填写。",UNKNOWN,NOT_COLLECTED,NOT_EXPORTED_PENDING_D_ACCEPTANCE,UNKNOWN
cityrole-0115,eb.synthetic_fixed_profile_300.v1,五家渠市,新疆,659004,2,1,0,mostly_occupied,partly_home,partly_regular,13000,240,4,电费有余量，通常不需改变开支,本月电费占可安排预算较小。,saving_priority,5,1,3,high_trust_auto,6,independent_dwelling,three_rooms,3,40-49,89.0,synthetic_H6_like_whole_dwelling_building_area,89.0,known_synthetic_whole_dwelling,50_89,matches_synthetic_whole_dwelling,apartment,middle,2,cn-home-0115,self_contained_source_three_room,Low-rise apartment_Wusu_2010,middle,66.917293,66.917293,0,CHN_Xinjiang.Uygur.Urumqi.514630_CSWD,43.683,d09a151117d86988839e0d187416f6f5613bef66c32ac65462dde49c948f0204,99c893d95c27dea13786d7bbf8bcdcf10decd0740577133173cad92336644515,7,7,8,household_selected_devices,0,,五家渠市的2人家庭。独立住房建筑面积约89平方米，七普口径至少3间自然房间。主要说明人（33岁，在家外出交替）、伴侣（36岁，通常主要在家）。通常白天有人在家。家庭月收入情境约13000元，通常月电费情境约240元；电费有余量，通常不需改变开支。本月电费占可安排预算较小。纳入安排的设备：空调、洗衣机、洗碗机、电热水器。节费重视5/5，舒适重视1/5，系统控制边界是约定范围内可自动调整；希望提前6小时通知。当前电费负担不重，但仍重视避免浪费。洗衣等任务需有人在家完成装载。空屋提前开空调须另确认预约或远控与本人许可。,"【合成角色条件；尚无真人回答】
cityrole-0115｜新疆五家渠市｜2人｜独立住宅，H7 至少3间自然房；整套设计建筑面积89㎡。
楼房中的一套住宅，楼层位置 中间层，房龄背景 2010—2019年；住宅原型 Low-rise apartment_Wusu_2010，源户位 middle，天气代理站 CHN_Xinjiang.Uygur.Urumqi.514630_CSWD（距城市约43.7km）；天气/原型及房龄并非本户实测。
m01 主要说明人，33岁，暂未工作（非退休） / 部分时间在家，部分时间外出；工作日通常在家 00:00–09:00、12:00–15:00、19:00–24:00；室温感受：不太敏感，室温变化较大也通常能适应；电器时间：只要按时完成，具体运行时间都可以；参与安排：通常主要由这位成员决定；需求优先：没有特别优先；节费/错峰重视 5/3；系统控制：在约定范围内，可以让系统自动调整。
m02 伴侣，36岁，居家工作/学习 / 主要在家生活，包括居家工作、学习、休息或照护；工作日通常在家 00:00–24:00；室温感受：能接受小幅变化，变化较大会不舒服；电器时间：只要按时完成，具体运行时间都可以；参与安排：通常与家人共同商量决定；需求优先：没有特别优先；节费/错峰重视 2/4；系统控制：更愿意自己安排，尽量不让系统调整。
通常白天：大部分时间有人；晚间：部分时间有人；作息：部分成员或部分日期固定；深夜用电：很少或没有；事件当天是否在受控房间另核。
家庭月收入情境 13000元、上月电费情境 240元；电费压力 4/5。本月电费占可安排预算较小。
节费/舒适/错峰重视 5/1/3；控制边界：在约定范围内，可以让系统自动调整；提前通知 6 小时；受保护活动：睡眠休息, 做饭用餐。
居住方式：自有住房；电价背景：单一时段电价；定时/自动控制经验：偶尔使用；既有错峰经验：没有参加过；受扰后恢复偏好：先看影响再决定；其他背景设备：冰箱。
空调 1台，每周 2—3天；傍晚到睡前（18:00—23:00），制冷设定 27℃，室温希望范围 26—28℃，可接受变化 0.5℃。条件：有人在受控房间时使用；18:00–18:30若空屋预冷，须当天确认家户许可及实际预约/远控能力，否则到家后开启；空屋冷量不算舒适收益。
洗衣机 1台，每周 2—3天；默认 19:50，可从 19:00 开始，最晚 23:00 完成，一次 60 分钟。条件：默认时刻须有成员在家并完成装载；轮班或事件日另核，不默认预约或远程启动。
洗碗机 1台，每周 2—3天；默认 21:00，可从 19:00 开始，最晚 24:00 完成，一次 60 分钟。条件：默认时刻须有成员在家并完成装载；轮班或事件日另核，不默认预约或远程启动。
电热水器 1台，每周 2—3天；加热 06:00–08:00，需热水 07:00，提前加热：可以提前安排。条件：普通加热须对准有人需要热水的时段；事件日及额外提前加热按当次许可确认。
参与者对十天方案的选择、理由和评分尚未填写。",UNKNOWN,NOT_COLLECTED,NOT_EXPORTED_PENDING_D_ACCEPTANCE,UNKNOWN
cityrole-0116,eb.synthetic_fixed_profile_300.v1,锦州市,辽宁,210700,4,2,0,mostly_occupied,partly_home,irregular,38000,220,1,电费超出预算会挤占必要支出,本月收入已有其他固定支出安排，可灵活调整的预算较紧。,middle,3,3,2,confirm_required,72,independent_dwelling,two_rooms,2,20-29,98.0,synthetic_H6_like_whole_dwelling_building_area,98.0,known_synthetic_whole_dwelling,90_119,matches_synthetic_whole_dwelling,apartment,top,4,cn-home-0116,self_contained_openplan,Low-rise apartment_Xingcheng_2010,middle,73.684211,73.684211,0,CHN_Liaoning.Jinzhou.543370_CSWD,62.566,28b3aef175701e80159ca1641bccac1230e79c0d140cd4ccdcf7a6bb0b139d3a,f7b63dfaf994c2c8e79ecc53ce07f4efab7814a8dbc30b114cc5bc75d939597b,7,7,8,household_selected_devices,0,,锦州市的4人家庭。独立住房建筑面积约98平方米，七普口径至少2间自然房间。主要说明人（51岁，通常定时外出）、子女（20岁，轮班或时间多变）、子女（18岁，在家外出交替）、子女伴侣（23岁，通常主要在家）。通常白天有人在家。家庭月收入情境约38000元，通常月电费情境约220元；电费超出预算会挤占必要支出。本月收入已有其他固定支出安排，可灵活调整的预算较紧。纳入安排的设备：洗衣机。节费重视3/5，舒适重视3/5，系统控制边界是每次先确认；希望提前72小时通知。费用压力描述的是当前预算余量；节费重视描述的是调整方案时的取舍，两者分别考虑。洗衣等任务需有人在家完成装载。轮班日按当天在家情况确认。,"【合成角色条件；尚无真人回答】
cityrole-0116｜辽宁锦州市｜4人｜独立住宅，H7 至少2间自然房；整套设计建筑面积98㎡。
楼房中的一套住宅，楼层位置 顶层，房龄背景 2010—2019年；住宅原型 Low-rise apartment_Xingcheng_2010，源户位 middle，天气代理站 CHN_Liaoning.Jinzhou.543370_CSWD（距城市约62.6km）；天气/原型及房龄并非本户实测。
m01 主要说明人，51岁，在外工作 / 通常固定时间外出工作或学习；工作日通常在家 00:00–07:30、18:30–24:00；室温感受：比较敏感，小幅变化也容易不舒服；电器时间：希望按原定时间运行，尽量不调整；参与安排：通常主要由这位成员决定；需求优先：没有特别优先；节费/错峰重视 3/1；系统控制：每次先问，得到明确同意后再调整。
m02 子女，20岁，轮班工作 / 轮班或时间经常变化；工作日到家时段不固定；室温感受：不太敏感，室温变化较大也通常能适应；电器时间：只要按时完成，具体运行时间都可以；参与安排：通常与家人共同商量决定；需求优先：没有特别优先；节费/错峰重视 3/2；系统控制：在约定范围内，可以让系统自动调整。
m03 子女，18岁，暂未工作（非退休） / 部分时间在家，部分时间外出；工作日通常在家 00:00–09:00、12:00–15:00、19:00–24:00；室温感受：能接受小幅变化，变化较大会不舒服；电器时间：只要按时完成，具体运行时间都可以；参与安排：通常与家人共同商量决定；需求优先：没有特别优先；节费/错峰重视 5/3；系统控制：更愿意自己安排，尽量不让系统调整。
m04 子女伴侣，23岁，居家工作/学习 / 主要在家生活，包括居家工作、学习、休息或照护；工作日通常在家 00:00–24:00；室温感受：比较敏感，小幅变化也容易不舒服；电器时间：只接受小幅提前或推迟；参与安排：通常与家人共同商量决定；需求优先：没有特别优先；节费/错峰重视 2/4；系统控制：每次先问，得到明确同意后再调整。
通常白天：大部分时间有人；晚间：部分时间有人；作息：变化较多；深夜用电：偶尔；事件当天是否在受控房间另核。
家庭月收入情境 38000元、上月电费情境 220元；电费压力 1/5。本月收入已有其他固定支出安排，可灵活调整的预算较紧。
节费/舒适/错峰重视 3/3/2；控制边界：每次先问我，得到明确同意后再调整；提前通知 三天或更早；受保护活动：睡眠休息, 做饭用餐。
居住方式：整套租住；电价背景：峰谷分时电价；定时/自动控制经验：没有使用过；既有错峰经验：没有参加过；受扰后恢复偏好：保留自动安排；其他背景设备：冰箱。
洗衣机 1台，每周 4—6天；默认 21:00，可从 19:00 开始，最晚 24:00 完成，一次 60 分钟。条件：默认时刻须有成员在家并完成装载；轮班或事件日另核，不默认预约或远程启动。
参与者对十天方案的选择、理由和评分尚未填写。",UNKNOWN,NOT_COLLECTED,NOT_EXPORTED_PENDING_D_ACCEPTANCE,UNKNOWN
cityrole-0117,eb.synthetic_fixed_profile_300.v1,济南市,山东,370100,2,1,0,mostly_occupied,partly_home,partly_regular,13000,360,3,电费可承担，但会留意变化,本月电费可承担，但家庭会留意它的变化。,comfort_priority,2,4,4,low_auto_accept,12,independent_dwelling,four_rooms,4,30-39,69.0,synthetic_H6_like_whole_dwelling_building_area,69.0,known_synthetic_whole_dwelling,50_89,matches_synthetic_whole_dwelling,apartment,middle,2,cn-home-0117,self_contained_four_room_thermally_aggregated,Low-rise apartment_Jinan_2010,edge,51.879699,51.879699,0,CHN_Shandong.Jinan.548230_CSWD,7.383,3d9efc4e69d2ac44152de7c2112bf0f168702ca549300ff9c9f3fe74c30863e7,45d361396960e7d96f4303d6d2888fb9491a645030c9d7f98305fb10dd9ed7c9,7,7,10,household_selected_devices,1,m02,济南市的2人家庭。独立住房建筑面积约69平方米，七普口径至少4间自然房间。主要说明人（29岁，通常主要在家）、伴侣（27岁，在家外出交替）。通常白天有人在家。家庭月收入情境约13000元，通常月电费情境约360元；电费可承担，但会留意变化。本月电费可承担，但家庭会留意它的变化。纳入安排的设备：洗衣机、可在家充电的电动车。节费重视2/5，舒适重视4/5，系统控制边界是以自己安排为主；希望提前12小时通知。费用压力描述的是当前预算余量；节费重视描述的是调整方案时的取舍，两者分别考虑。洗衣等任务需有人在家完成装载。,"【合成角色条件；尚无真人回答】
cityrole-0117｜山东济南市｜2人｜独立住宅，H7 至少4间自然房；整套设计建筑面积69㎡。
楼房中的一套住宅，楼层位置 中间层，房龄背景 2010—2019年；住宅原型 Low-rise apartment_Jinan_2010，源户位 edge，天气代理站 CHN_Shandong.Jinan.548230_CSWD（距城市约7.4km）；天气/原型及房龄并非本户实测。
m01 主要说明人，29岁，居家工作/学习 / 主要在家生活，包括居家工作、学习、休息或照护；工作日通常在家 00:00–24:00；室温感受：能接受小幅变化，变化较大会不舒服；电器时间：希望按原定时间运行，尽量不调整；参与安排：通常主要由这位成员决定；需求优先：没有特别优先；节费/错峰重视 2/4；系统控制：更愿意自己安排，尽量不让系统调整。
m02 伴侣，27岁，照顾家人 / 部分时间在家，部分时间外出；工作日通常在家 00:00–09:00、12:00–15:00、19:00–24:00；室温感受：比较敏感，小幅变化也容易不舒服；电器时间：希望按原定时间运行，尽量不调整；参与安排：通常与家人共同商量决定；需求优先：没有特别优先；节费/错峰重视 4/5；系统控制：每次先问，得到明确同意后再调整。
通常白天：大部分时间有人；晚间：部分时间有人；作息：部分成员或部分日期固定；深夜用电：很少或没有；事件当天是否在受控房间另核。
家庭月收入情境 13000元、上月电费情境 360元；电费压力 3/5。本月电费可承担，但家庭会留意它的变化。
节费/舒适/错峰重视 2/4/4；控制边界：更愿意自己安排，尽量不让系统调整；提前通知 半天；受保护活动：睡眠休息, 做饭用餐。
居住方式：自有住房；电价背景：单一时段电价；定时/自动控制经验：经常使用；既有错峰经验：没有参加过；受扰后恢复偏好：保留自动安排；其他背景设备：冰箱。
洗衣机 1台，每周 每天（7天）；默认 19:00，可从 19:00 开始，最晚 23:00 完成，一次 60 分钟。条件：默认时刻须有成员在家并完成装载；轮班或事件日另核，不默认预约或远程启动。
可在家充电的电动汽车 1辆，每周 每天（7天）；接入 21:00，次日离家 08:30，目标/保底电量 70%/40%，驾驶成员 m02。条件：由m02在典型外出日返家后接入；车辆实际到家、次日离家与充电权限按当天确认。
参与者对十天方案的选择、理由和评分尚未填写。",UNKNOWN,NOT_COLLECTED,NOT_EXPORTED_PENDING_D_ACCEPTANCE,UNKNOWN
cityrole-0118,eb.synthetic_fixed_profile_300.v1,玉林市,广西,450900,1,1,0,variable,varies,irregular,4500,540,2,电费有压力，需调整其他开支,必要生活开支较多，本月电费变化容易挤占其他项目。,middle,3,3,4,high_trust_auto,12,independent_dwelling,three_rooms,3,70及以上,75.0,synthetic_H6_like_whole_dwelling_building_area,75.0,known_synthetic_whole_dwelling,50_89,matches_synthetic_whole_dwelling,apartment,middle,3,cn-home-0118,self_contained_source_three_room,High-rise apartment(slab type)_Guiping_2012,middle,56.390977,56.390977,0,CHN_Guangxi.Zhuang.Guiping.592540_CSWD,85.998,db4ebc9fcd7c18ff332b4338e74507871057202b3efe67164cace8f73d3361e2,ed250fc017852427f678c894b6dcb64597b0172cada192cac6f1c0d281134b8f,7,7,8,household_selected_devices,0,,玉林市的1人家庭。独立住房建筑面积约75平方米，七普口径至少3间自然房间。主要说明人（23岁，轮班或时间多变）。通常白天不固定。家庭月收入情境约4500元，通常月电费情境约540元；电费有压力，需调整其他开支。必要生活开支较多，本月电费变化容易挤占其他项目。纳入安排的设备：空调、洗衣机、电热水器。节费重视3/5，舒适重视3/5，系统控制边界是约定范围内可自动调整；希望提前12小时通知。费用压力描述的是当前预算余量；节费重视描述的是调整方案时的取舍，两者分别考虑。洗衣等任务需有人在家完成装载。空屋提前开空调须另确认预约或远控与本人许可。轮班日按当天在家情况确认。,"【合成角色条件；尚无真人回答】
cityrole-0118｜广西玉林市｜1人｜独立住宅，H7 至少3间自然房；整套设计建筑面积75㎡。
楼房中的一套住宅，楼层位置 中间层，房龄背景 2010—2019年；住宅原型 High-rise apartment(slab type)_Guiping_2012，源户位 middle，天气代理站 CHN_Guangxi.Zhuang.Guiping.592540_CSWD（距城市约86.0km）；天气/原型及房龄并非本户实测。
m01 主要说明人，23岁，轮班工作 / 轮班或时间经常变化；工作日到家时段不固定；室温感受：不太敏感，室温变化较大也通常能适应；电器时间：只接受小幅提前或推迟；参与安排：通常主要由这位成员决定；需求优先：没有特别优先；节费/错峰重视 3/2；系统控制：在约定范围内，可以让系统自动调整。
通常白天：不固定，很难概括；晚间：每天不太固定；作息：变化较多；深夜用电：偶尔；事件当天是否在受控房间另核。
家庭月收入情境 4500元、上月电费情境 540元；电费压力 2/5。必要生活开支较多，本月电费变化容易挤占其他项目。
节费/舒适/错峰重视 3/3/4；控制边界：在约定范围内，可以让系统自动调整；提前通知 半天；受保护活动：睡眠休息, 做饭用餐。
居住方式：与他人合租；电价背景：单一时段电价；定时/自动控制经验：没有使用过；既有错峰经验：没有参加过；受扰后恢复偏好：改回原安排；其他背景设备：冰箱。
空调 1台，每周 2—3天；傍晚到睡前（18:00—23:00），制冷设定 26℃，室温希望范围 25—27℃，可接受变化 0.5℃。条件：有人在受控房间时使用；18:00–18:30若空屋预冷，须当天确认家户许可及实际预约/远控能力，否则到家后开启；空屋冷量不算舒适收益。
洗衣机 1台，每周 2—3天；默认 19:50，可从 19:00 开始，最晚 23:00 完成，一次 60 分钟。条件：默认时刻须有成员在家并完成装载；轮班或事件日另核，不默认预约或远程启动。
电热水器 1台，每周 2—3天；加热 06:00–08:00，需热水 07:00，提前加热：可以提前安排。条件：普通加热须对准有人需要热水的时段；事件日及额外提前加热按当次许可确认。
参与者对十天方案的选择、理由和评分尚未填写。",UNKNOWN,NOT_COLLECTED,NOT_EXPORTED_PENDING_D_ACCEPTANCE,UNKNOWN
cityrole-0119,eb.synthetic_fixed_profile_300.v1,泉州市,福建,350500,2,1,1,sometimes_occupied,partly_home,partly_regular,13000,120,3,电费可承担，但会留意变化,本月电费可承担，但家庭会留意它的变化。,middle,3,3,4,confirm_required,1,independent_dwelling,two_rooms,2,17-19,36.0,synthetic_H6_like_whole_dwelling_building_area,36.0,known_synthetic_whole_dwelling,lt50,matches_synthetic_whole_dwelling,apartment,middle,4,cn-home-0119,self_contained_openplan,High-rise apartment(slab type)_Xiamen_2012,middle,27.067669,27.067669,0,CHN_Fujian.Congwu.591330_CSWD,38.256,d7ed89be32b75cb225cf9fffd8355264b5fa5f6005df6f40e05d2841dbc6b753,ab9d632dfec61c1a43faba393ecdcf6648bce9a6102ecaf1760a8ada24027910,7,7,8,household_selected_devices,0,,泉州市的2人家庭。独立住房建筑面积约36平方米，七普口径至少2间自然房间。主要说明人（65岁，通常定时外出）、伴侣（65岁，在家外出交替）。通常白天部分时间有人。家庭月收入情境约13000元，通常月电费情境约120元；电费可承担，但会留意变化。本月电费可承担，但家庭会留意它的变化。纳入安排的设备：洗衣机。节费重视3/5，舒适重视3/5，系统控制边界是每次先确认；希望提前1小时通知。费用压力描述的是当前预算余量；节费重视描述的是调整方案时的取舍，两者分别考虑。洗衣等任务需有人在家完成装载。,"【合成角色条件；尚无真人回答】
cityrole-0119｜福建泉州市｜2人｜独立住宅，H7 至少2间自然房；整套设计建筑面积36㎡。
楼房中的一套住宅，楼层位置 中间层，房龄背景 2010—2019年；住宅原型 High-rise apartment(slab type)_Xiamen_2012，源户位 middle，天气代理站 CHN_Fujian.Congwu.591330_CSWD（距城市约38.3km）；天气/原型及房龄并非本户实测。
m01 主要说明人，65岁，在外工作 / 通常固定时间外出工作或学习；工作日通常在家 00:00–07:30、18:30–24:00；室温感受：比较敏感，小幅变化也容易不舒服；电器时间：只接受小幅提前或推迟；参与安排：通常主要由这位成员决定；需求优先：没有特别优先；节费/错峰重视 3/5；系统控制：每次先问，得到明确同意后再调整。
m02 伴侣，65岁，居家工作/学习 / 部分时间在家，部分时间外出；工作日通常在家 00:00–09:00、12:00–15:00、19:00–24:00；室温感受：不太敏感，室温变化较大也通常能适应；电器时间：只接受小幅提前或推迟；参与安排：通常与家人共同商量决定；需求优先：没有特别优先；节费/错峰重视 1/1；系统控制：在约定范围内，可以让系统自动调整。
通常白天：部分时间有人；晚间：部分时间有人；作息：部分成员或部分日期固定；深夜用电：很少或没有；事件当天是否在受控房间另核。
家庭月收入情境 13000元、上月电费情境 120元；电费压力 3/5。本月电费可承担，但家庭会留意它的变化。
节费/舒适/错峰重视 3/3/4；控制边界：每次先问我，得到明确同意后再调整；提前通知 1 小时；受保护活动：睡眠休息, 做饭用餐。
居住方式：整套租住；电价背景：单一时段电价；定时/自动控制经验：没有使用过；既有错峰经验：没有参加过；受扰后恢复偏好：保留自动安排；其他背景设备：冰箱。
洗衣机 1台，每周 4—6天；默认 21:00，可从 19:00 开始，最晚 24:00 完成，一次 60 分钟。条件：默认时刻须有成员在家并完成装载；轮班或事件日另核，不默认预约或远程启动。
参与者对十天方案的选择、理由和评分尚未填写。",UNKNOWN,NOT_COLLECTED,NOT_EXPORTED_PENDING_D_ACCEPTANCE,UNKNOWN
cityrole-0120,eb.synthetic_fixed_profile_300.v1,巩义市,河南,410181,2,1,1,sometimes_occupied,partly_home,partly_regular,9000,240,3,电费可承担，但会留意变化,本月电费可承担，但家庭会留意它的变化。,saving_priority,4,2,4,high_trust_auto,6,independent_dwelling,three_rooms,3,40-49,89.0,synthetic_H6_like_whole_dwelling_building_area,89.0,known_synthetic_whole_dwelling,50_89,matches_synthetic_whole_dwelling,apartment,middle,3,cn-home-0120,self_contained_source_three_room,Low-rise apartment_Zhengzhou_2010,middle,66.917293,66.917293,0,CHN_Henan.Zhengzhou.570830_CSWD,61.544,5c7f20613a94f695be63734559173574f32406af8c0f407e0ea7eb63f5228c64,3be30c0dbd046ee9845c74e81b05fe0d05a6f58f70a65f566146c183acb50093,7,7,8,household_selected_devices,0,,巩义市的2人家庭。独立住房建筑面积约89平方米，七普口径至少3间自然房间。主要说明人（83岁，在家外出交替）、伴侣（80岁，在家外出交替）。通常白天部分时间有人。家庭月收入情境约9000元，通常月电费情境约240元；电费可承担，但会留意变化。本月电费可承担，但家庭会留意它的变化。纳入安排的设备：空调、洗衣机、烘干机、电热水器。节费重视4/5，舒适重视2/5，系统控制边界是约定范围内可自动调整；希望提前6小时通知。费用压力描述的是当前预算余量；节费重视描述的是调整方案时的取舍，两者分别考虑。洗衣等任务需有人在家完成装载。,"【合成角色条件；尚无真人回答】
cityrole-0120｜河南巩义市｜2人｜独立住宅，H7 至少3间自然房；整套设计建筑面积89㎡。
楼房中的一套住宅，楼层位置 中间层，房龄背景 2010—2019年；住宅原型 Low-rise apartment_Zhengzhou_2010，源户位 middle，天气代理站 CHN_Henan.Zhengzhou.570830_CSWD（距城市约61.5km）；天气/原型及房龄并非本户实测。
m01 主要说明人，83岁，照顾家人 / 部分时间在家，部分时间外出；工作日通常在家 00:00–09:00、12:00–15:00、19:00–24:00；室温感受：能接受小幅变化，变化较大会不舒服；电器时间：只要按时完成，具体运行时间都可以；参与安排：通常主要由这位成员决定；需求优先：没有特别优先；节费/错峰重视 4/3；系统控制：在约定范围内，可以让系统自动调整。
m02 伴侣，80岁，居家工作/学习 / 部分时间在家，部分时间外出；工作日通常在家 00:00–09:00、12:00–15:00、19:00–24:00；室温感受：比较敏感，小幅变化也容易不舒服；电器时间：只接受小幅提前或推迟；参与安排：通常与家人共同商量决定；需求优先：没有特别优先；节费/错峰重视 2/4；系统控制：每次先问，得到明确同意后再调整。
通常白天：部分时间有人；晚间：部分时间有人；作息：部分成员或部分日期固定；深夜用电：很少或没有；事件当天是否在受控房间另核。
家庭月收入情境 9000元、上月电费情境 240元；电费压力 3/5。本月电费可承担，但家庭会留意它的变化。
节费/舒适/错峰重视 4/2/4；控制边界：在约定范围内，可以让系统自动调整；提前通知 6 小时；受保护活动：睡眠休息, 做饭用餐。
居住方式：整套租住；电价背景：单一时段电价；定时/自动控制经验：偶尔使用；既有错峰经验：参加过；受扰后恢复偏好：先看影响再决定；其他背景设备：冰箱。
空调 1台，每周 每天（7天）；自己选择使用时段（可跨午夜），制冷设定 24℃，室温希望范围 23—25℃，可接受变化 1.5℃，自选时段 19:00–23:00。条件：有人在受控房间时使用；轮班或事件日另核，不把空屋冷量算作舒适收益。
洗衣机 1台，每周 每天（7天）；默认 19:00，可从 19:00 开始，最晚 23:00 完成，一次 60 分钟。条件：默认时刻须有成员在家并完成装载；轮班或事件日另核，不默认预约或远程启动。
烘干机 1台，每周 每天（7天）；默认 21:00，可从 19:00 开始，最晚 24:00 完成，一次 90 分钟。条件：默认时刻须有成员在家并完成装载；轮班或事件日另核，不默认预约或远程启动。
电热水器 1台，每周 每天（7天）；加热 19:50–22:00，需热水 21:00，提前加热：不希望提前加热。条件：普通加热须对准有人需要热水的时段；事件日及额外提前加热按当次许可确认。
参与者对十天方案的选择、理由和评分尚未填写。",UNKNOWN,NOT_COLLECTED,NOT_EXPORTED_PENDING_D_ACCEPTANCE,UNKNOWN
cityrole-0121,eb.synthetic_fixed_profile_300.v1,泉州市,福建,350500,2,1,0,variable,varies,irregular,19000,360,1,电费超出预算会挤占必要支出,本月收入已有其他固定支出安排，可灵活调整的预算较紧。,saving_priority,5,1,2,confirm_required,6,independent_dwelling,three_rooms,3,30-39,69.0,synthetic_H6_like_whole_dwelling_building_area,69.0,known_synthetic_whole_dwelling,50_89,matches_synthetic_whole_dwelling,apartment,middle,3,cn-home-0121,self_contained_source_three_room,Low-rise apartment_Xiamen_2012,edge,51.879699,51.879699,0,CHN_Fujian.Congwu.591330_CSWD,38.256,d7ed89be32b75cb225cf9fffd8355264b5fa5f6005df6f40e05d2841dbc6b753,5ac0eed386ceaac0b5bce0122d7c93a21e256c1d946219f39f67d014ef5d4bb7,7,7,10,household_selected_devices,0,,泉州市的2人家庭。独立住房建筑面积约69平方米，七普口径至少3间自然房间。主要说明人（36岁，通常定时外出）、伴侣（41岁，轮班或时间多变）。通常白天不固定。家庭月收入情境约19000元，通常月电费情境约360元；电费超出预算会挤占必要支出。本月收入已有其他固定支出安排，可灵活调整的预算较紧。纳入安排的设备：洗衣机、电热水器。节费重视5/5，舒适重视1/5，系统控制边界是每次先确认；希望提前6小时通知。费用压力描述的是当前预算余量；节费重视描述的是调整方案时的取舍，两者分别考虑。洗衣等任务需有人在家完成装载。轮班日按当天在家情况确认。,"【合成角色条件；尚无真人回答】
cityrole-0121｜福建泉州市｜2人｜独立住宅，H7 至少3间自然房；整套设计建筑面积69㎡。
楼房中的一套住宅，楼层位置 中间层，房龄背景 2010—2019年；住宅原型 Low-rise apartment_Xiamen_2012，源户位 edge，天气代理站 CHN_Fujian.Congwu.591330_CSWD（距城市约38.3km）；天气/原型及房龄并非本户实测。
m01 主要说明人，36岁，在外工作 / 通常固定时间外出工作或学习；工作日通常在家 00:00–07:30、18:30–24:00；室温感受：不太敏感，室温变化较大也通常能适应；电器时间：只要按时完成，具体运行时间都可以；参与安排：通常主要由这位成员决定；需求优先：没有特别优先；节费/错峰重视 5/1；系统控制：每次先问，得到明确同意后再调整。
m02 伴侣，41岁，轮班工作 / 轮班或时间经常变化；工作日到家时段不固定；室温感受：能接受小幅变化，变化较大会不舒服；电器时间：只要按时完成，具体运行时间都可以；参与安排：通常与家人共同商量决定；需求优先：没有特别优先；节费/错峰重视 3/2；系统控制：更愿意自己安排，尽量不让系统调整。
通常白天：不固定，很难概括；晚间：每天不太固定；作息：变化较多；深夜用电：偶尔；事件当天是否在受控房间另核。
家庭月收入情境 19000元、上月电费情境 360元；电费压力 1/5。本月收入已有其他固定支出安排，可灵活调整的预算较紧。
节费/舒适/错峰重视 5/1/2；控制边界：每次先问我，得到明确同意后再调整；提前通知 6 小时；受保护活动：睡眠休息, 做饭用餐。
居住方式：自有住房；电价背景：单一时段电价；定时/自动控制经验：偶尔使用；既有错峰经验：没有参加过；受扰后恢复偏好：改回原安排；其他背景设备：冰箱。
洗衣机 1台，每周 2—3天；默认 19:50，可从 19:00 开始，最晚 23:00 完成，一次 60 分钟。条件：默认时刻须有成员在家并完成装载；轮班或事件日另核，不默认预约或远程启动。
电热水器 1台，每周 2—3天；加热 06:00–08:00，需热水 07:00，提前加热：可以提前安排。条件：普通加热须对准有人需要热水的时段；事件日及额外提前加热按当次许可确认。
参与者对十天方案的选择、理由和评分尚未填写。",UNKNOWN,NOT_COLLECTED,NOT_EXPORTED_PENDING_D_ACCEPTANCE,UNKNOWN
cityrole-0122,eb.synthetic_fixed_profile_300.v1,乐山市,四川,511100,3,2,0,mostly_occupied,partly_home,partly_regular,13500,360,4,电费有余量，通常不需改变开支,本月电费占可安排预算较小。,both_low,1,1,1,low_auto_accept,0.5,independent_dwelling,two_rooms,2,20-29,73.5,synthetic_H6_like_whole_dwelling_building_area,73.5,known_synthetic_whole_dwelling,50_89,matches_synthetic_whole_dwelling,apartment,middle,8,cn-home-0122,self_contained_openplan,High-rise apartment(slab type)_Leshan_2001,edge,55.263158,55.263158,0,CHN_Sichuan.Leshan.563860_CSWD,2.209,6f1e0596e4cbae431030432174b7b79c8a088d7d91d33da893905cae59420d6d,fac4e9a28de1ef9525975590a741d72291f237906f1e6014ab54285e9d02f0d6,7,7,10,household_selected_devices,0,,乐山市的3人家庭。独立住房建筑面积约73.5平方米，七普口径至少2间自然房间。主要说明人（56岁，通常主要在家）、子女（23岁，在家外出交替）、子女（23岁，通常定时外出）。通常白天有人在家。家庭月收入情境约13500元，通常月电费情境约360元；电费有余量，通常不需改变开支。本月电费占可安排预算较小。纳入安排的设备：空调、洗衣机、烘干机、电热水器。节费重视1/5，舒适重视1/5，系统控制边界是以自己安排为主；希望提前0.5小时通知。费用与室温都不是首要判断项，家里更关注日常任务是否照计划完成。洗衣等任务需有人在家完成装载。空屋提前开空调须另确认预约或远控与本人许可。,"【合成角色条件；尚无真人回答】
cityrole-0122｜四川乐山市｜3人｜独立住宅，H7 至少2间自然房；整套设计建筑面积73.5㎡。
楼房中的一套住宅，楼层位置 中间层，房龄背景 2000—2009年；住宅原型 High-rise apartment(slab type)_Leshan_2001，源户位 edge，天气代理站 CHN_Sichuan.Leshan.563860_CSWD（距城市约2.2km）；天气/原型及房龄并非本户实测。
m01 主要说明人，56岁，居家工作/学习 / 主要在家生活，包括居家工作、学习、休息或照护；工作日通常在家 00:00–24:00；室温感受：比较敏感，小幅变化也容易不舒服；电器时间：希望按原定时间运行，尽量不调整；参与安排：通常主要由这位成员决定；需求优先：没有特别优先；节费/错峰重视 1/4；系统控制：更愿意自己安排，尽量不让系统调整。
m02 子女，23岁，照顾家人 / 部分时间在家，部分时间外出；工作日通常在家 00:00–09:00、12:00–15:00、19:00–24:00；室温感受：不太敏感，室温变化较大也通常能适应；电器时间：只要按时完成，具体运行时间都可以；参与安排：通常与家人共同商量决定；需求优先：没有特别优先；节费/错峰重视 4/5；系统控制：在约定范围内，可以让系统自动调整。
m03 子女，23岁，在外工作 / 通常固定时间外出工作或学习；工作日通常在家 00:00–07:30、18:30–24:00；室温感受：能接受小幅变化，变化较大会不舒服；电器时间：只要按时完成，具体运行时间都可以；参与安排：通常与家人共同商量决定；需求优先：没有特别优先；节费/错峰重视 1/1；系统控制：更愿意自己安排，尽量不让系统调整。
通常白天：大部分时间有人；晚间：部分时间有人；作息：部分成员或部分日期固定；深夜用电：很少或没有；事件当天是否在受控房间另核。
家庭月收入情境 13500元、上月电费情境 360元；电费压力 4/5。本月电费占可安排预算较小。
节费/舒适/错峰重视 1/1/1；控制边界：更愿意自己安排，尽量不让系统调整；提前通知 半小时；受保护活动：睡眠休息, 做饭用餐。
居住方式：自有住房；电价背景：单一时段电价；定时/自动控制经验：偶尔使用；既有错峰经验：没有参加过；受扰后恢复偏好：先看影响再决定；其他背景设备：冰箱。
空调 1台，每周 4—6天；傍晚到睡前（18:00—23:00），制冷设定 26℃，室温希望范围 25—27℃，可接受变化 1℃。条件：有人在受控房间时使用；18:00–18:30若空屋预冷，须当天确认家户许可及实际预约/远控能力，否则到家后开启；空屋冷量不算舒适收益。
洗衣机 1台，每周 4—6天；默认 21:00，可从 19:00 开始，最晚 24:00 完成，一次 60 分钟。条件：默认时刻须有成员在家并完成装载；轮班或事件日另核，不默认预约或远程启动。
烘干机 1台，每周 4—6天；默认 19:50，可从 19:00 开始，最晚 23:00 完成，一次 90 分钟。条件：默认时刻须有成员在家并完成装载；轮班或事件日另核，不默认预约或远程启动。
电热水器 1台，每周 4—6天；加热 19:00–22:00，需热水 21:00，提前加热：每次先确认。条件：普通加热须对准有人需要热水的时段；事件日及额外提前加热按当次许可确认。
参与者对十天方案的选择、理由和评分尚未填写。",UNKNOWN,NOT_COLLECTED,NOT_EXPORTED_PENDING_D_ACCEPTANCE,UNKNOWN
cityrole-0123,eb.synthetic_fixed_profile_300.v1,天水市,甘肃,620500,1,1,0,variable,varies,irregular,3200,380,3,电费可承担，但会留意变化,本月电费可承担，但家庭会留意它的变化。,comfort_priority,1,5,5,high_trust_auto,0,independent_dwelling,two_rooms,2,40-49,44.5,synthetic_H6_like_whole_dwelling_building_area,44.5,known_synthetic_whole_dwelling,lt50,matches_synthetic_whole_dwelling,apartment,middle,2,cn-home-0123,self_contained_openplan,Low-rise apartment_Tianshui_2010,edge,33.458647,33.458647,0,CHN_Gansu.Tianshui.570060_CSWD,1.498,ab15147ecd4403ec012a5b6217146ca350a114f130352dd7a1b917f51de7febf,dfbc0508982c199bbbadce022b237938df586ef859e19ce9726d2695c503fd58,7,7,10,household_selected_devices,0,,天水市的1人家庭。独立住房建筑面积约44.5平方米，七普口径至少2间自然房间。主要说明人（34岁，轮班或时间多变）。通常白天不固定。家庭月收入情境约3200元，通常月电费情境约380元；电费可承担，但会留意变化。本月电费可承担，但家庭会留意它的变化。纳入安排的设备：空调、洗衣机。节费重视1/5，舒适重视5/5，系统控制边界是约定范围内可自动调整；希望提前0小时通知。费用压力描述的是当前预算余量；节费重视描述的是调整方案时的取舍，两者分别考虑。洗衣等任务需有人在家完成装载。空屋提前开空调须另确认预约或远控与本人许可。轮班日按当天在家情况确认。,"【合成角色条件；尚无真人回答】
cityrole-0123｜甘肃天水市｜1人｜独立住宅，H7 至少2间自然房；整套设计建筑面积44.5㎡。
楼房中的一套住宅，楼层位置 中间层，房龄背景 2010—2019年；住宅原型 Low-rise apartment_Tianshui_2010，源户位 edge，天气代理站 CHN_Gansu.Tianshui.570060_CSWD（距城市约1.5km）；天气/原型及房龄并非本户实测。
m01 主要说明人，34岁，轮班工作 / 轮班或时间经常变化；工作日到家时段不固定；室温感受：能接受小幅变化，变化较大会不舒服；电器时间：希望按原定时间运行，尽量不调整；参与安排：通常主要由这位成员决定；需求优先：没有特别优先；节费/错峰重视 1/2；系统控制：在约定范围内，可以让系统自动调整。
通常白天：不固定，很难概括；晚间：每天不太固定；作息：变化较多；深夜用电：偶尔；事件当天是否在受控房间另核。
家庭月收入情境 3200元、上月电费情境 380元；电费压力 3/5。本月电费可承担，但家庭会留意它的变化。
节费/舒适/错峰重视 1/5/5；控制边界：在约定范围内，可以让系统自动调整；提前通知 无需提前；受保护活动：睡眠休息, 做饭用餐。
居住方式：自有住房；电价背景：单一时段电价；定时/自动控制经验：偶尔使用；既有错峰经验：没有参加过；受扰后恢复偏好：保留自动安排；其他背景设备：冰箱。
空调 1台，每周 每天（7天）；傍晚到睡前（18:00—23:00），制冷设定 27℃，室温希望范围 26—28℃，可接受变化 1.5℃。条件：有人在受控房间时使用；18:00–18:30若空屋预冷，须当天确认家户许可及实际预约/远控能力，否则到家后开启；空屋冷量不算舒适收益。
洗衣机 1台，每周 每天（7天）；默认 19:00，可从 19:00 开始，最晚 23:00 完成，一次 60 分钟。条件：默认时刻须有成员在家并完成装载；轮班或事件日另核，不默认预约或远程启动。
参与者对十天方案的选择、理由和评分尚未填写。",UNKNOWN,NOT_COLLECTED,NOT_EXPORTED_PENDING_D_ACCEPTANCE,UNKNOWN
cityrole-0124,eb.synthetic_fixed_profile_300.v1,绥化市,黑龙江,231200,4,3,0,sometimes_occupied,varies,irregular,18000,360,1,电费超出预算会挤占必要支出,必要生活开支较多，本月电费变化容易挤占其他项目。,comfort_priority,1,5,4,high_trust_auto,3,independent_dwelling,two_rooms,2,20-29,98.0,synthetic_H6_like_whole_dwelling_building_area,98.0,known_synthetic_whole_dwelling,90_119,matches_synthetic_whole_dwelling,apartment,ground,1,cn-home-0124,self_contained_openplan,Low-rise apartment_Hailun_2010,middle,73.684211,73.684211,0,CHN_Heilongjiang.Hailun.507560_CSWD,88.012,80ae0b2a76dd6f78d8f91a449b98b7f95ba805c8f6a28bab2f21129a689fef0b,f66d644e64765c71098773b738156b0446c316b9faaea7e4154e549ee38bd16a,7,7,8,household_selected_devices,0,,绥化市的4人家庭。独立住房建筑面积约98平方米，七普口径至少2间自然房间。长辈（59岁，在家外出交替）、主要说明人（40岁，通常定时外出）、子女（19岁，轮班或时间多变）、伴侣（43岁，在家外出交替）。通常白天部分时间有人。家庭月收入情境约18000元，通常月电费情境约360元；电费超出预算会挤占必要支出。必要生活开支较多，本月电费变化容易挤占其他项目。纳入安排的设备：洗衣机、洗碗机、电热水器。节费重视1/5，舒适重视5/5，系统控制边界是约定范围内可自动调整；希望提前3小时通知。虽然电费挤压预算，但家里更在意任务按原计划完成，不愿为了少量节费频繁改时间。洗衣等任务需有人在家完成装载。轮班日按当天在家情况确认。,"【合成角色条件；尚无真人回答】
cityrole-0124｜黑龙江绥化市｜4人｜独立住宅，H7 至少2间自然房；整套设计建筑面积98㎡。
楼房中的一套住宅，楼层位置 底层，房龄背景 2010—2019年；住宅原型 Low-rise apartment_Hailun_2010，源户位 middle，天气代理站 CHN_Heilongjiang.Hailun.507560_CSWD（距城市约88.0km）；天气/原型及房龄并非本户实测。
m01 长辈，59岁，照顾家人 / 部分时间在家，部分时间外出；工作日通常在家 00:00–09:00、12:00–15:00、19:00–24:00；室温感受：不太敏感，室温变化较大也通常能适应；电器时间：只接受小幅提前或推迟；参与安排：通常主要由这位成员决定；需求优先：没有特别优先；节费/错峰重视 1/5；系统控制：在约定范围内，可以让系统自动调整。
m02 主要说明人，40岁，在外工作 / 通常固定时间外出工作或学习；工作日通常在家 00:00–07:30、18:30–24:00；室温感受：能接受小幅变化，变化较大会不舒服；电器时间：希望按原定时间运行，尽量不调整；参与安排：通常与家人共同商量决定；需求优先：没有特别优先；节费/错峰重视 1/1；系统控制：更愿意自己安排，尽量不让系统调整。
m03 子女，19岁，轮班工作 / 轮班或时间经常变化；工作日到家时段不固定；室温感受：比较敏感，小幅变化也容易不舒服；电器时间：希望按原定时间运行，尽量不调整；参与安排：通常与家人共同商量决定；需求优先：没有特别优先；节费/错峰重视 3/2；系统控制：每次先问，得到明确同意后再调整。
m04 伴侣，43岁，暂未工作（非退休） / 部分时间在家，部分时间外出；工作日通常在家 00:00–09:00、12:00–15:00、19:00–24:00；室温感受：不太敏感，室温变化较大也通常能适应；电器时间：只要按时完成，具体运行时间都可以；参与安排：通常与家人共同商量决定；需求优先：没有特别优先；节费/错峰重视 5/3；系统控制：在约定范围内，可以让系统自动调整。
通常白天：部分时间有人；晚间：每天不太固定；作息：变化较多；深夜用电：偶尔；事件当天是否在受控房间另核。
家庭月收入情境 18000元、上月电费情境 360元；电费压力 1/5。必要生活开支较多，本月电费变化容易挤占其他项目。
节费/舒适/错峰重视 1/5/4；控制边界：在约定范围内，可以让系统自动调整；提前通知 3 小时；受保护活动：睡眠休息, 做饭用餐。
居住方式：整套租住；电价背景：单一时段电价；定时/自动控制经验：经常使用；既有错峰经验：没有参加过；受扰后恢复偏好：改回原安排；其他背景设备：冰箱。
洗衣机 1台，每周 2—3天；默认 19:50，可从 19:00 开始，最晚 23:00 完成，一次 60 分钟。条件：默认时刻须有成员在家并完成装载；轮班或事件日另核，不默认预约或远程启动。
洗碗机 1台，每周 2—3天；默认 21:00，可从 19:00 开始，最晚 24:00 完成，一次 60 分钟。条件：默认时刻须有成员在家并完成装载；轮班或事件日另核，不默认预约或远程启动。
电热水器 1台，每周 2—3天；加热 06:00–08:00，需热水 07:00，提前加热：可以提前安排。条件：普通加热须对准有人需要热水的时段；事件日及额外提前加热按当次许可确认。
参与者对十天方案的选择、理由和评分尚未填写。",UNKNOWN,NOT_COLLECTED,NOT_EXPORTED_PENDING_D_ACCEPTANCE,UNKNOWN
cityrole-0125,eb.synthetic_fixed_profile_300.v1,普宁市,广东,445281,4,2,0,mostly_occupied,partly_home,partly_regular,38000,120,5,电费不构成当前预算约束,本月电费占可安排预算较小。,middle,3,3,5,low_auto_accept,1,independent_dwelling,two_rooms,2,17-19,72.0,synthetic_H6_like_whole_dwelling_building_area,72.0,known_synthetic_whole_dwelling,50_89,matches_synthetic_whole_dwelling,apartment,middle,3,cn-home-0125,self_contained_openplan,Low-rise apartment_Shantou_2003,middle,54.135338,54.135338,0,CHN_Guangdong.Shantou.593160_CSWD,32.889,9d7c38012670bd5c44cda35836c101ab9e13fccf84929691f8513c83a14e7001,d3ed6153758ea8f0953a0701a73f77409865fce769c5fe47f7a17ed6dc90dc67,7,7,8,household_selected_devices,0,,普宁市的4人家庭。独立住房建筑面积约72平方米，七普口径至少2间自然房间。主要说明人（50岁，在家外出交替）、子女（9岁，通常定时外出）、伴侣（48岁，在家外出交替）、子女（5岁，通常主要在家）。通常白天有人在家。家庭月收入情境约38000元，通常月电费情境约120元；电费不构成当前预算约束。本月电费占可安排预算较小。纳入安排的设备：空调、洗衣机、电热水器。节费重视3/5，舒适重视3/5，系统控制边界是以自己安排为主；希望提前1小时通知。费用压力描述的是当前预算余量；节费重视描述的是调整方案时的取舍，两者分别考虑。洗衣等任务需有人在家完成装载。,"【合成角色条件；尚无真人回答】
cityrole-0125｜广东普宁市｜4人｜独立住宅，H7 至少2间自然房；整套设计建筑面积72㎡。
楼房中的一套住宅，楼层位置 中间层，房龄背景 2000—2009年；住宅原型 Low-rise apartment_Shantou_2003，源户位 middle，天气代理站 CHN_Guangdong.Shantou.593160_CSWD（距城市约32.9km）；天气/原型及房龄并非本户实测。
m01 主要说明人，50岁，暂未工作（非退休） / 部分时间在家，部分时间外出；工作日通常在家 00:00–09:00、12:00–15:00、19:00–24:00；室温感受：比较敏感，小幅变化也容易不舒服；电器时间：只接受小幅提前或推迟；参与安排：通常主要由这位成员决定；需求优先：没有特别优先；节费/错峰重视 3/3；系统控制：更愿意自己安排，尽量不让系统调整。
m02 子女，9岁，上学 / 通常固定时间外出工作或学习；工作日通常在家 00:00–07:30、18:30–24:00；室温感受：不太敏感，室温变化较大也通常能适应；电器时间：只接受小幅提前或推迟；参与安排：通常与家人共同商量决定；需求优先：通常会优先考虑；节费/错峰重视 2/4；系统控制：在约定范围内，可以让系统自动调整。
m03 伴侣，48岁，照顾家人 / 部分时间在家，部分时间外出；工作日通常在家 00:00–09:00、12:00–15:00、19:00–24:00；室温感受：能接受小幅变化，变化较大会不舒服；电器时间：希望按原定时间运行，尽量不调整；参与安排：通常与家人共同商量决定；需求优先：没有特别优先；节费/错峰重视 4/5；系统控制：更愿意自己安排，尽量不让系统调整。
m04 子女，5岁，尚未入学 / 主要在家生活，包括居家工作、学习、休息或照护；工作日通常在家 00:00–24:00；室温感受：比较敏感，小幅变化也容易不舒服；电器时间：希望按原定时间运行，尽量不调整；参与安排：通常与家人共同商量决定；需求优先：通常会优先考虑；节费/错峰重视 1/1；系统控制：每次先问，得到明确同意后再调整。
通常白天：大部分时间有人；晚间：部分时间有人；作息：部分成员或部分日期固定；深夜用电：很少或没有；事件当天是否在受控房间另核。
家庭月收入情境 38000元、上月电费情境 120元；电费压力 5/5。本月电费占可安排预算较小。
节费/舒适/错峰重视 3/3/5；控制边界：更愿意自己安排，尽量不让系统调整；提前通知 1 小时；受保护活动：睡眠休息, 做饭用餐, 照顾家人。
居住方式：自有住房；电价背景：单一时段电价；定时/自动控制经验：偶尔使用；既有错峰经验：没有参加过；受扰后恢复偏好：先看影响再决定；其他背景设备：冰箱。
空调 2台，每周 4—6天；下午到睡前（14:00—23:00），制冷设定 25℃，室温希望范围 24—26℃，可接受变化 1℃。条件：有人在受控房间时使用；轮班或事件日另核，不把空屋冷量算作舒适收益。
洗衣机 1台，每周 4—6天；默认 21:00，可从 19:00 开始，最晚 24:00 完成，一次 60 分钟。条件：默认时刻须有成员在家并完成装载；轮班或事件日另核，不默认预约或远程启动。
电热水器 1台，每周 4—6天；加热 19:00–22:00，需热水 21:00，提前加热：每次先确认。条件：普通加热须对准有人需要热水的时段；事件日及额外提前加热按当次许可确认。
参与者对十天方案的选择、理由和评分尚未填写。",UNKNOWN,NOT_COLLECTED,NOT_EXPORTED_PENDING_D_ACCEPTANCE,UNKNOWN
cityrole-0126,eb.synthetic_fixed_profile_300.v1,淄博市,山东,370300,1,1,0,mostly_absent,mostly_home,regular,3200,380,1,电费超出预算会挤占必要支出,必要生活开支较多，本月电费变化容易挤占其他项目。,saving_priority,4,2,2,confirm_required,72,independent_dwelling,two_rooms,2,70及以上,75.0,synthetic_H6_like_whole_dwelling_building_area,75.0,known_synthetic_whole_dwelling,50_89,matches_synthetic_whole_dwelling,apartment,ground,1,cn-home-0126,self_contained_openplan,Low-rise apartment_Jinan_2010,middle,56.390977,56.390977,0,CHN_Shandong.Jinan.548230_CSWD,85.482,3d9efc4e69d2ac44152de7c2112bf0f168702ca549300ff9c9f3fe74c30863e7,a262e5d440a84cf0b8262979aea6e508484766849ae90cdf20f3057c27898b93,7,7,8,household_selected_devices,1,m01,淄博市的1人家庭。独立住房建筑面积约75平方米，七普口径至少2间自然房间。主要说明人（59岁，通常定时外出）。通常白天多在外。家庭月收入情境约3200元，通常月电费情境约380元；电费超出预算会挤占必要支出。必要生活开支较多，本月电费变化容易挤占其他项目。纳入安排的设备：空调、洗衣机、电热水器、可在家充电的电动车。节费重视4/5，舒适重视2/5，系统控制边界是每次先确认；希望提前72小时通知。费用压力描述的是当前预算余量；节费重视描述的是调整方案时的取舍，两者分别考虑。洗衣等任务需有人在家完成装载。空屋提前开空调须另确认预约或远控与本人许可。,"【合成角色条件；尚无真人回答】
cityrole-0126｜山东淄博市｜1人｜独立住宅，H7 至少2间自然房；整套设计建筑面积75㎡。
楼房中的一套住宅，楼层位置 底层，房龄背景 2010—2019年；住宅原型 Low-rise apartment_Jinan_2010，源户位 middle，天气代理站 CHN_Shandong.Jinan.548230_CSWD（距城市约85.5km）；天气/原型及房龄并非本户实测。
m01 主要说明人，59岁，在外工作 / 通常固定时间外出工作或学习；工作日通常在家 00:00–07:30、18:30–24:00；室温感受：能接受小幅变化，变化较大会不舒服；电器时间：只要按时完成，具体运行时间都可以；参与安排：通常主要由这位成员决定；需求优先：没有特别优先；节费/错峰重视 4/1；系统控制：每次先问，得到明确同意后再调整。
通常白天：大部分时间没人；晚间：大部分时间有人；作息：大体固定；深夜用电：很少或没有；事件当天是否在受控房间另核。
家庭月收入情境 3200元、上月电费情境 380元；电费压力 1/5。必要生活开支较多，本月电费变化容易挤占其他项目。
节费/舒适/错峰重视 4/2/2；控制边界：每次先问我，得到明确同意后再调整；提前通知 三天或更早；受保护活动：睡眠休息, 做饭用餐。
居住方式：自有住房；电价背景：单一时段电价；定时/自动控制经验：没有使用过；既有错峰经验：没有参加过；受扰后恢复偏好：改回原安排；其他背景设备：冰箱。
空调 1台，每周 每天（7天）；傍晚到睡前（18:00—23:00），制冷设定 26℃，室温希望范围 25—27℃，可接受变化 1.5℃。条件：有人在受控房间时使用；18:00–18:30若空屋预冷，须当天确认家户许可及实际预约/远控能力，否则到家后开启；空屋冷量不算舒适收益。
洗衣机 1台，每周 每天（7天）；默认 19:00，可从 19:00 开始，最晚 23:00 完成，一次 60 分钟。条件：默认时刻须有成员在家并完成装载；轮班或事件日另核，不默认预约或远程启动。
电热水器 1台，每周 每天（7天）；加热 19:50–22:00，需热水 21:00，提前加热：不希望提前加热。条件：普通加热须对准有人需要热水的时段；事件日及额外提前加热按当次许可确认。
可在家充电的电动汽车 1辆，每周 每天（7天）；接入 21:00，次日离家 07:00，目标/保底电量 70%/40%，驾驶成员 m01。条件：由m01在典型外出日返家后接入；车辆实际到家、次日离家与充电权限按当天确认。
参与者对十天方案的选择、理由和评分尚未填写。",UNKNOWN,NOT_COLLECTED,NOT_EXPORTED_PENDING_D_ACCEPTANCE,UNKNOWN
cityrole-0127,eb.synthetic_fixed_profile_300.v1,太原市,山西,140100,4,2,1,sometimes_occupied,varies,irregular,8000,120,4,电费有余量，通常不需改变开支,本月电费已列入预算，按当前金额可以承担。,middle,3,3,3,low_auto_accept,6,independent_dwelling,four_rooms,4,40-49,178.0,synthetic_H6_like_whole_dwelling_building_area,178.0,known_synthetic_whole_dwelling,ge160,matches_synthetic_whole_dwelling,apartment,top,4,cn-home-0127,self_contained_four_room_thermally_aggregated,Low-rise apartment_Taiyuan_2010,middle,133.834586,133.834586,0,CHN_Shanxi.Taiyuan.537720_CSWD,8.131,f6b125ed8424f062ededec7f5c685b03c903b85f0a64521830b5519520488175,924536d98c927a59a0fe0e11b8d10d27d7e13878f157c7a8462b9b2af827b9d7,7,7,8,household_selected_devices,0,,太原市的4人家庭。独立住房建筑面积约178平方米，七普口径至少4间自然房间。主要说明人（71岁，通常定时外出）、子女（46岁，在家外出交替）、子女（48岁，通常定时外出）、子女伴侣（50岁，轮班或时间多变）。通常白天部分时间有人。家庭月收入情境约8000元，通常月电费情境约120元；电费有余量，通常不需改变开支。本月电费已列入预算，按当前金额可以承担。纳入安排的设备：洗衣机、电热水器。节费重视3/5，舒适重视3/5，系统控制边界是以自己安排为主；希望提前6小时通知。费用压力描述的是当前预算余量；节费重视描述的是调整方案时的取舍，两者分别考虑。洗衣等任务需有人在家完成装载。轮班日按当天在家情况确认。,"【合成角色条件；尚无真人回答】
cityrole-0127｜山西太原市｜4人｜独立住宅，H7 至少4间自然房；整套设计建筑面积178㎡。
楼房中的一套住宅，楼层位置 顶层，房龄背景 2010—2019年；住宅原型 Low-rise apartment_Taiyuan_2010，源户位 middle，天气代理站 CHN_Shanxi.Taiyuan.537720_CSWD（距城市约8.1km）；天气/原型及房龄并非本户实测。
m01 主要说明人，71岁，在外工作 / 通常固定时间外出工作或学习；工作日通常在家 00:00–07:30、18:30–24:00；室温感受：不太敏感，室温变化较大也通常能适应；电器时间：只要按时完成，具体运行时间都可以；参与安排：通常主要由这位成员决定；需求优先：没有特别优先；节费/错峰重视 3/4；系统控制：更愿意自己安排，尽量不让系统调整。
m02 子女，46岁，照顾家人 / 部分时间在家，部分时间外出；工作日通常在家 00:00–09:00、12:00–15:00、19:00–24:00；室温感受：能接受小幅变化，变化较大会不舒服；电器时间：只要按时完成，具体运行时间都可以；参与安排：通常与家人共同商量决定；需求优先：没有特别优先；节费/错峰重视 4/5；系统控制：更愿意自己安排，尽量不让系统调整。
m03 子女，48岁，在外工作 / 通常固定时间外出工作或学习；工作日通常在家 00:00–07:30、18:30–24:00；室温感受：比较敏感，小幅变化也容易不舒服；电器时间：只接受小幅提前或推迟；参与安排：通常与家人共同商量决定；需求优先：没有特别优先；节费/错峰重视 1/1；系统控制：每次先问，得到明确同意后再调整。
m04 子女伴侣，50岁，轮班工作 / 轮班或时间经常变化；工作日到家时段不固定；室温感受：不太敏感，室温变化较大也通常能适应；电器时间：只接受小幅提前或推迟；参与安排：通常与家人共同商量决定；需求优先：没有特别优先；节费/错峰重视 3/2；系统控制：在约定范围内，可以让系统自动调整。
通常白天：部分时间有人；晚间：每天不太固定；作息：变化较多；深夜用电：偶尔；事件当天是否在受控房间另核。
家庭月收入情境 8000元、上月电费情境 120元；电费压力 4/5。本月电费已列入预算，按当前金额可以承担。
节费/舒适/错峰重视 3/3/3；控制边界：更愿意自己安排，尽量不让系统调整；提前通知 6 小时；受保护活动：睡眠休息, 做饭用餐。
居住方式：自有住房；电价背景：单一时段电价；定时/自动控制经验：经常使用；既有错峰经验：参加过；受扰后恢复偏好：先看影响再决定；其他背景设备：冰箱。
洗衣机 1台，每周 2—3天；默认 19:50，可从 19:00 开始，最晚 23:00 完成，一次 60 分钟。条件：默认时刻须有成员在家并完成装载；轮班或事件日另核，不默认预约或远程启动。
电热水器 1台，每周 2—3天；加热 06:00–08:00，需热水 07:00，提前加热：可以提前安排。条件：普通加热须对准有人需要热水的时段；事件日及额外提前加热按当次许可确认。
参与者对十天方案的选择、理由和评分尚未填写。",UNKNOWN,NOT_COLLECTED,NOT_EXPORTED_PENDING_D_ACCEPTANCE,UNKNOWN
cityrole-0128,eb.synthetic_fixed_profile_300.v1,海宁市,浙江,330481,1,1,0,variable,varies,irregular,2000,240,1,电费超出预算会挤占必要支出,必要生活开支较多，本月电费变化容易挤占其他项目。,middle,3,3,1,high_trust_auto,6,shared_dwelling_private_rooms_with_allocated_common_area,one_room,1,20-29,24.5,synthetic_H6_like_household_attributed_building_area_in_shared_dwelling,111.300567,experimental_F_scaled_whole_dwelling,90_119,matches_F_experimental_whole_dwelling,apartment,middle,3,cn-home-0128,shared_flat_private_rooms,Low-rise apartment_Hangzhou_2001,edge,23.275,19.263297,4.011703,CHN_Zhejiang.Hangzhou.584570_CSWD,59.517,a49e0e3321da244b89969ea5899b64711107782fcbfd9fca2d375d484dbe1bea,e2af9fcde6dfb6b12cce57ed6e1d7c6cf5e937dd2f378bcb51915f29ba085b34,1,1,2,assigned_private_rooms_ac_only,0,,海宁市的1人家庭。合住住房中本户独用1间房，分摊建筑面积约24.5平方米；整套住房设计建筑面积约111.301平方米（按模型整套净面积和实验0.95比值换算）；仅私有房间的1台空调可由本户安排，公共设备不纳入。主要说明人（22岁，轮班或时间多变）。通常白天不固定。家庭月收入情境约2000元，通常月电费情境约240元；电费超出预算会挤占必要支出。必要生活开支较多，本月电费变化容易挤占其他项目。纳入安排的设备：空调。节费重视3/5，舒适重视3/5，系统控制边界是约定范围内可自动调整；希望提前6小时通知。费用压力描述的是当前预算余量；节费重视描述的是调整方案时的取舍，两者分别考虑。轮班日按当天在家情况确认。,"【合成角色条件；尚无真人回答】
cityrole-0128｜浙江海宁市｜1人｜合住，本户独用1间自然房；24.5㎡是本户分摊建筑面积，整套住房设计建筑面积约111.301㎡，按冻结源单元净面积和实验 0.95 比值换算，并非实测。
楼房中的一套住宅，楼层位置 中间层，房龄背景 2000—2009年；住宅原型 Low-rise apartment_Hangzhou_2001，源户位 edge，天气代理站 CHN_Zhejiang.Hangzhou.584570_CSWD（距城市约59.5km）；天气/原型及房龄并非本户实测。
m01 主要说明人，22岁，轮班工作 / 轮班或时间经常变化；工作日到家时段不固定；室温感受：比较敏感，小幅变化也容易不舒服；电器时间：希望按原定时间运行，尽量不调整；参与安排：通常主要由这位成员决定；需求优先：没有特别优先；节费/错峰重视 3/2；系统控制：在约定范围内，可以让系统自动调整。
通常白天：不固定，很难概括；晚间：每天不太固定；作息：变化较多；深夜用电：偶尔；事件当天是否在受控房间另核。
家庭月收入情境 2000元、上月电费情境 240元；电费压力 1/5。必要生活开支较多，本月电费变化容易挤占其他项目。
节费/舒适/错峰重视 3/3/1；控制边界：在约定范围内，可以让系统自动调整；提前通知 6 小时；受保护活动：睡眠休息, 做饭用餐。
居住方式：与他人合租；电价背景：单一时段电价；定时/自动控制经验：没有使用过；既有错峰经验：没有参加过；受扰后恢复偏好：先看影响再决定；其他背景设备：没有上述设备。
空调 1台，每周 4—6天；自己选择使用时段（可跨午夜），制冷设定 24℃，室温希望范围 23—25℃，可接受变化 1℃，自选时段 19:00–23:00。条件：有人在受控房间时使用；轮班或事件日另核，不把空屋冷量算作舒适收益。
参与者对十天方案的选择、理由和评分尚未填写。",UNKNOWN,NOT_COLLECTED,NOT_EXPORTED_PENDING_D_ACCEPTANCE,UNKNOWN
cityrole-0129,eb.synthetic_fixed_profile_300.v1,孝感市,湖北,420900,2,1,0,sometimes_occupied,partly_home,partly_regular,13000,220,3,电费可承担，但会留意变化,本月电费可承担，但家庭会留意它的变化。,middle,3,3,4,high_trust_auto,24,independent_dwelling,two_rooms,2,17-19,36.0,synthetic_H6_like_whole_dwelling_building_area,36.0,known_synthetic_whole_dwelling,lt50,matches_synthetic_whole_dwelling,apartment,top,4,cn-home-0129,self_contained_openplan,Low-rise apartment_Wuhan_2001,middle,27.067669,27.067669,0,CHN_Hubei.Wuhan.574940_CSWD,39.9,65a29af989141a22ef3694aec4620f007550e6c715621a8991c9f4a260df3d1c,06f37419e13e3789167d2a54d98d4ade18612dad39018277819cc2ff1d1fe8b9,7,7,8,household_selected_devices,0,,孝感市的2人家庭。独立住房建筑面积约36平方米，七普口径至少2间自然房间。主要说明人（30岁，在家外出交替）、伴侣（28岁，通常定时外出）。通常白天部分时间有人。家庭月收入情境约13000元，通常月电费情境约220元；电费可承担，但会留意变化。本月电费可承担，但家庭会留意它的变化。纳入安排的设备：空调、洗衣机。节费重视3/5，舒适重视3/5，系统控制边界是约定范围内可自动调整；希望提前24小时通知。费用压力描述的是当前预算余量；节费重视描述的是调整方案时的取舍，两者分别考虑。洗衣等任务需有人在家完成装载。空屋提前开空调须另确认预约或远控与本人许可。,"【合成角色条件；尚无真人回答】
cityrole-0129｜湖北孝感市｜2人｜独立住宅，H7 至少2间自然房；整套设计建筑面积36㎡。
楼房中的一套住宅，楼层位置 顶层，房龄背景 2000—2009年；住宅原型 Low-rise apartment_Wuhan_2001，源户位 middle，天气代理站 CHN_Hubei.Wuhan.574940_CSWD（距城市约39.9km）；天气/原型及房龄并非本户实测。
m01 主要说明人，30岁，照顾家人 / 部分时间在家，部分时间外出；工作日通常在家 00:00–09:00、12:00–15:00、19:00–24:00；室温感受：能接受小幅变化，变化较大会不舒服；电器时间：希望按原定时间运行，尽量不调整；参与安排：通常主要由这位成员决定；需求优先：没有特别优先；节费/错峰重视 3/5；系统控制：在约定范围内，可以让系统自动调整。
m02 伴侣，28岁，在外工作 / 通常固定时间外出工作或学习；工作日通常在家 00:00–07:30、18:30–24:00；室温感受：比较敏感，小幅变化也容易不舒服；电器时间：希望按原定时间运行，尽量不调整；参与安排：通常与家人共同商量决定；需求优先：没有特别优先；节费/错峰重视 1/1；系统控制：每次先问，得到明确同意后再调整。
通常白天：部分时间有人；晚间：部分时间有人；作息：部分成员或部分日期固定；深夜用电：很少或没有；事件当天是否在受控房间另核。
家庭月收入情境 13000元、上月电费情境 220元；电费压力 3/5。本月电费可承担，但家庭会留意它的变化。
节费/舒适/错峰重视 3/3/4；控制边界：在约定范围内，可以让系统自动调整；提前通知 一天；受保护活动：睡眠休息, 做饭用餐。
居住方式：自有住房；电价背景：峰谷分时电价；定时/自动控制经验：经常使用；既有错峰经验：没有参加过；受扰后恢复偏好：改回原安排；其他背景设备：冰箱。
空调 2台，每周 每天（7天）；傍晚到睡前（18:00—23:00），制冷设定 25℃，室温希望范围 24—26℃，可接受变化 1.5℃。条件：有人在受控房间时使用；18:00–18:30若空屋预冷，须当天确认家户许可及实际预约/远控能力，否则到家后开启；空屋冷量不算舒适收益。
洗衣机 1台，每周 每天（7天）；默认 19:00，可从 19:00 开始，最晚 23:00 完成，一次 60 分钟。条件：默认时刻须有成员在家并完成装载；轮班或事件日另核，不默认预约或远程启动。
参与者对十天方案的选择、理由和评分尚未填写。",UNKNOWN,NOT_COLLECTED,NOT_EXPORTED_PENDING_D_ACCEPTANCE,UNKNOWN
cityrole-0130,eb.synthetic_fixed_profile_300.v1,张家界市,湖南,430800,1,1,0,sometimes_occupied,partly_home,partly_regular,4500,540,5,电费不构成当前预算约束,家庭已为当前电费预留预算，按这个金额可以承担；增加用电仍需重新权衡。,both_low,2,2,3,confirm_required,0.5,independent_dwelling,four_rooms,4,60-69,64.5,synthetic_H6_like_whole_dwelling_building_area,64.5,known_synthetic_whole_dwelling,50_89,matches_synthetic_whole_dwelling,apartment,top,9,cn-home-0130,self_contained_four_room_thermally_aggregated,High-rise apartment(slab type)_Shimen_2001,middle,48.496241,48.496241,0,CHN_Hunan.Shimen.575620_CSWD,100.158,d9cca7e358fccb4864f6fc177701943fea7d7eb36d5c22af8c08d356a6ff69bd,beded36eb0f90f84b23b7127ad0012f300ff556cb2835f1beaf1188881db2d37,7,7,8,household_selected_devices,0,,张家界市的1人家庭。独立住房建筑面积约64.5平方米，七普口径至少4间自然房间。主要说明人（44岁，在家外出交替）。通常白天部分时间有人。家庭月收入情境约4500元，通常月电费情境约540元；电费不构成当前预算约束。家庭已为当前电费预留预算，按这个金额可以承担；增加用电仍需重新权衡。纳入安排的设备：洗衣机、烘干机。节费重视2/5，舒适重视2/5，系统控制边界是每次先确认；希望提前0.5小时通知。费用与室温都不是首要判断项，家里更关注日常任务是否照计划完成。洗衣等任务需有人在家完成装载。,"【合成角色条件；尚无真人回答】
cityrole-0130｜湖南张家界市｜1人｜独立住宅，H7 至少4间自然房；整套设计建筑面积64.5㎡。
楼房中的一套住宅，楼层位置 顶层，房龄背景 2000—2009年；住宅原型 High-rise apartment(slab type)_Shimen_2001，源户位 middle，天气代理站 CHN_Hunan.Shimen.575620_CSWD（距城市约100.2km）；天气/原型及房龄并非本户实测。
m01 主要说明人，44岁，暂未工作（非退休） / 部分时间在家，部分时间外出；工作日通常在家 00:00–09:00、12:00–15:00、19:00–24:00；室温感受：不太敏感，室温变化较大也通常能适应；电器时间：只接受小幅提前或推迟；参与安排：通常主要由这位成员决定；需求优先：没有特别优先；节费/错峰重视 2/3；系统控制：每次先问，得到明确同意后再调整。
通常白天：部分时间有人；晚间：部分时间有人；作息：部分成员或部分日期固定；深夜用电：很少或没有；事件当天是否在受控房间另核。
家庭月收入情境 4500元、上月电费情境 540元；电费压力 5/5。家庭已为当前电费预留预算，按这个金额可以承担；增加用电仍需重新权衡。
节费/舒适/错峰重视 2/2/3；控制边界：每次先问我，得到明确同意后再调整；提前通知 半小时；受保护活动：睡眠休息, 做饭用餐。
居住方式：自有住房；电价背景：单一时段电价；定时/自动控制经验：经常使用；既有错峰经验：没有参加过；受扰后恢复偏好：保留自动安排；其他背景设备：冰箱。
洗衣机 1台，每周 2—3天；默认 19:50，可从 19:00 开始，最晚 23:00 完成，一次 60 分钟。条件：默认时刻须有成员在家并完成装载；轮班或事件日另核，不默认预约或远程启动。
烘干机 1台，每周 2—3天；默认 19:00，可从 19:00 开始，最晚 23:00 完成，一次 90 分钟。条件：默认时刻须有成员在家并完成装载；轮班或事件日另核，不默认预约或远程启动。
参与者对十天方案的选择、理由和评分尚未填写。",UNKNOWN,NOT_COLLECTED,NOT_EXPORTED_PENDING_D_ACCEPTANCE,UNKNOWN
cityrole-0131,eb.synthetic_fixed_profile_300.v1,西安市,陕西,610100,1,1,0,mostly_absent,mostly_home,regular,6500,720,5,电费不构成当前预算约束,家庭已为当前电费预留预算，按这个金额可以承担；增加用电仍需重新权衡。,middle,3,3,3,high_trust_auto,48,independent_dwelling,three_rooms,3,70及以上,75.0,synthetic_H6_like_whole_dwelling_building_area,75.0,known_synthetic_whole_dwelling,50_89,matches_synthetic_whole_dwelling,apartment,ground,1,cn-home-0131,self_contained_source_three_room,Low-rise apartment_Xian_2010,middle,56.390977,56.390977,0,CHN_Shaanxi.Xian.570360_CSWD,5.251,a57847ea71bccc3e890839d9675e49b7b95aa9d2f5a76068343ec60b5211dba7,47c9283d137ca6d2d07ce89c7315f1cdc785073e9474e0b4114d11093b8a7415,7,7,8,household_selected_devices,0,,西安市的1人家庭。独立住房建筑面积约75平方米，七普口径至少3间自然房间。主要说明人（21岁，通常定时外出）。通常白天多在外。家庭月收入情境约6500元，通常月电费情境约720元；电费不构成当前预算约束。家庭已为当前电费预留预算，按这个金额可以承担；增加用电仍需重新权衡。纳入安排的设备：空调、洗衣机、烘干机、电热水器。节费重视3/5，舒适重视3/5，系统控制边界是约定范围内可自动调整；希望提前48小时通知。费用压力描述的是当前预算余量；节费重视描述的是调整方案时的取舍，两者分别考虑。洗衣等任务需有人在家完成装载。空屋提前开空调须另确认预约或远控与本人许可。,"【合成角色条件；尚无真人回答】
cityrole-0131｜陕西西安市｜1人｜独立住宅，H7 至少3间自然房；整套设计建筑面积75㎡。
楼房中的一套住宅，楼层位置 底层，房龄背景 2010—2019年；住宅原型 Low-rise apartment_Xian_2010，源户位 middle，天气代理站 CHN_Shaanxi.Xian.570360_CSWD（距城市约5.3km）；天气/原型及房龄并非本户实测。
m01 主要说明人，21岁，在外工作 / 通常固定时间外出工作或学习；工作日通常在家 00:00–07:30、18:30–24:00；室温感受：比较敏感，小幅变化也容易不舒服；电器时间：只接受小幅提前或推迟；参与安排：通常主要由这位成员决定；需求优先：没有特别优先；节费/错峰重视 3/1；系统控制：在约定范围内，可以让系统自动调整。
通常白天：大部分时间没人；晚间：大部分时间有人；作息：大体固定；深夜用电：很少或没有；事件当天是否在受控房间另核。
家庭月收入情境 6500元、上月电费情境 720元；电费压力 5/5。家庭已为当前电费预留预算，按这个金额可以承担；增加用电仍需重新权衡。
节费/舒适/错峰重视 3/3/3；控制边界：在约定范围内，可以让系统自动调整；提前通知 两天；受保护活动：睡眠休息, 做饭用餐。
居住方式：整套租住；电价背景：峰谷分时电价；定时/自动控制经验：经常使用；既有错峰经验：没有参加过；受扰后恢复偏好：先看影响再决定；其他背景设备：冰箱。
空调 1台，每周 4—6天；傍晚到睡前（18:00—23:00），制冷设定 27℃，室温希望范围 26—28℃，可接受变化 1℃。条件：有人在受控房间时使用；18:00–18:30若空屋预冷，须当天确认家户许可及实际预约/远控能力，否则到家后开启；空屋冷量不算舒适收益。
洗衣机 1台，每周 4—6天；默认 21:00，可从 19:00 开始，最晚 24:00 完成，一次 60 分钟。条件：默认时刻须有成员在家并完成装载；轮班或事件日另核，不默认预约或远程启动。
烘干机 1台，每周 4—6天；默认 19:50，可从 19:00 开始，最晚 23:00 完成，一次 90 分钟。条件：默认时刻须有成员在家并完成装载；轮班或事件日另核，不默认预约或远程启动。
电热水器 1台，每周 4—6天；加热 19:00–22:00，需热水 21:00，提前加热：每次先确认。条件：普通加热须对准有人需要热水的时段；事件日及额外提前加热按当次许可确认。
参与者对十天方案的选择、理由和评分尚未填写。",UNKNOWN,NOT_COLLECTED,NOT_EXPORTED_PENDING_D_ACCEPTANCE,UNKNOWN
cityrole-0132,eb.synthetic_fixed_profile_300.v1,广州市,广东,440100,2,2,1,sometimes_occupied,partly_home,partly_regular,19000,220,5,电费不构成当前预算约束,本月电费占可安排预算较小。,both_high,5,5,3,confirm_required,12,independent_dwelling,three_rooms,3,40-49,89.0,synthetic_H6_like_whole_dwelling_building_area,89.0,known_synthetic_whole_dwelling,50_89,matches_synthetic_whole_dwelling,apartment,top,4,cn-home-0132,self_contained_source_three_room,Low-rise apartment_Guangzhou_2003,edge,66.917293,66.917293,0,CHN_Guangdong.Guangzhou.592870_CSWD,5.46,8aba1405cf372b1266858ed2455d3b45d43a20315f9e450e72373d5a70b4a026,9aebe0057432691e0fa5685bc2a7a2165f83a0a0688409eb04bfa876af8dca52,7,7,10,household_selected_devices,0,,广州市的2人家庭。独立住房建筑面积约89平方米，七普口径至少3间自然房间。主要说明人（81岁，在家外出交替）、子女（51岁，在家外出交替）。通常白天部分时间有人。家庭月收入情境约19000元，通常月电费情境约220元；电费不构成当前预算约束。本月电费占可安排预算较小。纳入安排的设备：空调、洗衣机、电热水器。节费重视5/5，舒适重视5/5，系统控制边界是每次先确认；希望提前12小时通知。当前电费负担不重，但仍重视避免浪费。洗衣等任务需有人在家完成装载。,"【合成角色条件；尚无真人回答】
cityrole-0132｜广东广州市｜2人｜独立住宅，H7 至少3间自然房；整套设计建筑面积89㎡。
楼房中的一套住宅，楼层位置 顶层，房龄背景 2000—2009年；住宅原型 Low-rise apartment_Guangzhou_2003，源户位 edge，天气代理站 CHN_Guangdong.Guangzhou.592870_CSWD（距城市约5.5km）；天气/原型及房龄并非本户实测。
m01 主要说明人，81岁，照顾家人 / 部分时间在家，部分时间外出；工作日通常在家 00:00–09:00、12:00–15:00、19:00–24:00；室温感受：能接受小幅变化，变化较大会不舒服；电器时间：只要按时完成，具体运行时间都可以；参与安排：通常主要由这位成员决定；需求优先：没有特别优先；节费/错峰重视 5/4；系统控制：每次先问，得到明确同意后再调整。
m02 子女，51岁，照顾家人 / 部分时间在家，部分时间外出；工作日通常在家 00:00–09:00、12:00–15:00、19:00–24:00；室温感受：比较敏感，小幅变化也容易不舒服；电器时间：只接受小幅提前或推迟；参与安排：通常与家人共同商量决定；需求优先：没有特别优先；节费/错峰重视 4/5；系统控制：每次先问，得到明确同意后再调整。
通常白天：部分时间有人；晚间：部分时间有人；作息：部分成员或部分日期固定；深夜用电：很少或没有；事件当天是否在受控房间另核。
家庭月收入情境 19000元、上月电费情境 220元；电费压力 5/5。本月电费占可安排预算较小。
节费/舒适/错峰重视 5/5/3；控制边界：每次先问我，得到明确同意后再调整；提前通知 半天；受保护活动：睡眠休息, 做饭用餐。
居住方式：自有住房；电价背景：单一时段电价；定时/自动控制经验：偶尔使用；既有错峰经验：没有参加过；受扰后恢复偏好：先看影响再决定；其他背景设备：冰箱。
空调 1台，每周 每天（7天）；自己选择使用时段（可跨午夜），制冷设定 24℃，室温希望范围 23—25℃，可接受变化 1.5℃，自选时段 19:00–23:00。条件：有人在受控房间时使用；轮班或事件日另核，不把空屋冷量算作舒适收益。
洗衣机 1台，每周 每天（7天）；默认 19:00，可从 19:00 开始，最晚 23:00 完成，一次 60 分钟。条件：默认时刻须有成员在家并完成装载；轮班或事件日另核，不默认预约或远程启动。
电热水器 1台，每周 每天（7天）；加热 19:50–22:00，需热水 21:00，提前加热：不希望提前加热。条件：普通加热须对准有人需要热水的时段；事件日及额外提前加热按当次许可确认。
参与者对十天方案的选择、理由和评分尚未填写。",UNKNOWN,NOT_COLLECTED,NOT_EXPORTED_PENDING_D_ACCEPTANCE,UNKNOWN
cityrole-0133,eb.synthetic_fixed_profile_300.v1,杭州市,浙江,330100,1,1,0,variable,varies,irregular,9500,240,3,电费可承担，但会留意变化,本月电费可承担，但家庭会留意它的变化。,comfort_priority,1,5,2,confirm_required,6,independent_dwelling,one_room,1,40-49,44.5,synthetic_H6_like_whole_dwelling_building_area,44.5,known_synthetic_whole_dwelling,lt50,matches_synthetic_whole_dwelling,apartment,middle,3,cn-home-0133,self_contained_openplan,Low-rise apartment_Hangzhou_2001,edge,33.458647,33.458647,0,CHN_Zhejiang.Hangzhou.584570_CSWD,9.662,a49e0e3321da244b89969ea5899b64711107782fcbfd9fca2d375d484dbe1bea,9761a0a79a16920a9f653082e7efc8a46e5010b75f769a494d5f2cf9140a7f75,7,7,10,household_selected_devices,0,,杭州市的1人家庭。独立住房建筑面积约44.5平方米，七普口径至少1间自然房间。主要说明人（21岁，轮班或时间多变）。通常白天不固定。家庭月收入情境约9500元，通常月电费情境约240元；电费可承担，但会留意变化。本月电费可承担，但家庭会留意它的变化。纳入安排的设备：空调、洗衣机、烘干机、电热水器。节费重视1/5，舒适重视5/5，系统控制边界是每次先确认；希望提前6小时通知。费用压力描述的是当前预算余量；节费重视描述的是调整方案时的取舍，两者分别考虑。洗衣等任务需有人在家完成装载。空屋提前开空调须另确认预约或远控与本人许可。轮班日按当天在家情况确认。,"【合成角色条件；尚无真人回答】
cityrole-0133｜浙江杭州市｜1人｜独立住宅，H7 至少1间自然房；整套设计建筑面积44.5㎡。
楼房中的一套住宅，楼层位置 中间层，房龄背景 2000—2009年；住宅原型 Low-rise apartment_Hangzhou_2001，源户位 edge，天气代理站 CHN_Zhejiang.Hangzhou.584570_CSWD（距城市约9.7km）；天气/原型及房龄并非本户实测。
m01 主要说明人，21岁，轮班工作 / 轮班或时间经常变化；工作日到家时段不固定；室温感受：不太敏感，室温变化较大也通常能适应；电器时间：只要按时完成，具体运行时间都可以；参与安排：通常主要由这位成员决定；需求优先：没有特别优先；节费/错峰重视 1/2；系统控制：每次先问，得到明确同意后再调整。
通常白天：不固定，很难概括；晚间：每天不太固定；作息：变化较多；深夜用电：偶尔；事件当天是否在受控房间另核。
家庭月收入情境 9500元、上月电费情境 240元；电费压力 3/5。本月电费可承担，但家庭会留意它的变化。
节费/舒适/错峰重视 1/5/2；控制边界：每次先问我，得到明确同意后再调整；提前通知 6 小时；受保护活动：睡眠休息, 做饭用餐。
居住方式：自有住房；电价背景：单一时段电价；定时/自动控制经验：没有使用过；既有错峰经验：没有参加过；受扰后恢复偏好：改回原安排；其他背景设备：冰箱。
空调 2台，每周 2—3天；傍晚到睡前（18:00—23:00），制冷设定 25℃，室温希望范围 24—26℃，可接受变化 0.5℃。条件：有人在受控房间时使用；18:00–18:30若空屋预冷，须当天确认家户许可及实际预约/远控能力，否则到家后开启；空屋冷量不算舒适收益。
洗衣机 1台，每周 2—3天；默认 19:50，可从 19:00 开始，最晚 23:00 完成，一次 60 分钟。条件：默认时刻须有成员在家并完成装载；轮班或事件日另核，不默认预约或远程启动。
烘干机 1台，每周 2—3天；默认 19:00，可从 19:00 开始，最晚 23:00 完成，一次 90 分钟。条件：默认时刻须有成员在家并完成装载；轮班或事件日另核，不默认预约或远程启动。
电热水器 1台，每周 2—3天；加热 06:00–08:00，需热水 07:00，提前加热：可以提前安排。条件：普通加热须对准有人需要热水的时段；事件日及额外提前加热按当次许可确认。
参与者对十天方案的选择、理由和评分尚未填写。",UNKNOWN,NOT_COLLECTED,NOT_EXPORTED_PENDING_D_ACCEPTANCE,UNKNOWN
cityrole-0134,eb.synthetic_fixed_profile_300.v1,上海市,上海,310000,1,1,0,sometimes_occupied,partly_home,partly_regular,9500,520,4,电费有余量，通常不需改变开支,本月电费占可安排预算较小。,saving_priority,5,1,3,low_auto_accept,0.5,independent_dwelling,two_rooms,2,70及以上,75.0,synthetic_H6_like_whole_dwelling_building_area,75.0,known_synthetic_whole_dwelling,50_89,matches_synthetic_whole_dwelling,apartment,middle,3,cn-home-0134,self_contained_openplan,Low-rise apartment_Shanghai_2010,edge,56.390977,56.390977,0,CHN_Shanghai.Shanghai.583620_CSWD,20.633,aba93c03542042b4da278198119f5b6966aff75e1b2c1eb04acd749f5e5671f3,f05a0b64558321e73e64e1afa4dadc24dba0c86376c5be38b75d9b3cf065ab10,7,7,10,household_selected_devices,0,,上海市的1人家庭。独立住房建筑面积约75平方米，七普口径至少2间自然房间。主要说明人（28岁，在家外出交替）。通常白天部分时间有人。家庭月收入情境约9500元，通常月电费情境约520元；电费有余量，通常不需改变开支。本月电费占可安排预算较小。纳入安排的设备：空调、洗衣机、洗碗机、电热水器。节费重视5/5，舒适重视1/5，系统控制边界是以自己安排为主；希望提前0.5小时通知。当前电费负担不重，但仍重视避免浪费。洗衣等任务需有人在家完成装载。空屋提前开空调须另确认预约或远控与本人许可。,"【合成角色条件；尚无真人回答】
cityrole-0134｜上海上海市｜1人｜独立住宅，H7 至少2间自然房；整套设计建筑面积75㎡。
楼房中的一套住宅，楼层位置 中间层，房龄背景 2010—2019年；住宅原型 Low-rise apartment_Shanghai_2010，源户位 edge，天气代理站 CHN_Shanghai.Shanghai.583620_CSWD（距城市约20.6km）；天气/原型及房龄并非本户实测。
m01 主要说明人，28岁，照顾家人 / 部分时间在家，部分时间外出；工作日通常在家 00:00–09:00、12:00–15:00、19:00–24:00；室温感受：比较敏感，小幅变化也容易不舒服；电器时间：希望按原定时间运行，尽量不调整；参与安排：通常主要由这位成员决定；需求优先：没有特别优先；节费/错峰重视 5/5；系统控制：更愿意自己安排，尽量不让系统调整。
通常白天：部分时间有人；晚间：部分时间有人；作息：部分成员或部分日期固定；深夜用电：很少或没有；事件当天是否在受控房间另核。
家庭月收入情境 9500元、上月电费情境 520元；电费压力 4/5。本月电费占可安排预算较小。
节费/舒适/错峰重视 5/1/3；控制边界：更愿意自己安排，尽量不让系统调整；提前通知 半小时；受保护活动：睡眠休息, 做饭用餐。
居住方式：与他人合租；电价背景：单一时段电价；定时/自动控制经验：没有使用过；既有错峰经验：参加过；受扰后恢复偏好：先看影响再决定；其他背景设备：冰箱。
空调 1台，每周 4—6天；傍晚到睡前（18:00—23:00），制冷设定 26℃，室温希望范围 25—27℃，可接受变化 1℃。条件：有人在受控房间时使用；18:00–18:30若空屋预冷，须当天确认家户许可及实际预约/远控能力，否则到家后开启；空屋冷量不算舒适收益。
洗衣机 1台，每周 4—6天；默认 21:00，可从 19:00 开始，最晚 24:00 完成，一次 60 分钟。条件：默认时刻须有成员在家并完成装载；轮班或事件日另核，不默认预约或远程启动。
洗碗机 1台，每周 4—6天；默认 19:00，可从 19:00 开始，最晚 23:00 完成，一次 60 分钟。条件：默认时刻须有成员在家并完成装载；轮班或事件日另核，不默认预约或远程启动。
电热水器 1台，每周 4—6天；加热 19:00–22:00，需热水 21:00，提前加热：每次先确认。条件：普通加热须对准有人需要热水的时段；事件日及额外提前加热按当次许可确认。
参与者对十天方案的选择、理由和评分尚未填写。",UNKNOWN,NOT_COLLECTED,NOT_EXPORTED_PENDING_D_ACCEPTANCE,UNKNOWN
cityrole-0135,eb.synthetic_fixed_profile_300.v1,河间市,河北,130984,1,1,1,mostly_absent,mostly_home,regular,2000,120,5,电费不构成当前预算约束,本月电费已列入预算，按当前金额可以承担。,both_low,1,1,3,confirm_required,24,independent_dwelling,three_rooms,3,70及以上,75.0,synthetic_H6_like_whole_dwelling_building_area,75.0,known_synthetic_whole_dwelling,50_89,matches_synthetic_whole_dwelling,apartment,middle,2,cn-home-0135,self_contained_source_three_room,High-rise apartment(slab type)_Raoyang_2010,edge,56.390977,56.390977,0,CHN_Hebei.Raoyang.546060_CSWD,39.397,fb5140cc44aefcaff7f0c6dfe810a7b75f8cd0d717930371e1349994d496a49b,0432de0ff25dc437b01f16fa0a3d7dbe6a172039df8bef307977bf3b5c491a71,7,7,10,household_selected_devices,0,,河间市的1人家庭。独立住房建筑面积约75平方米，七普口径至少3间自然房间。主要说明人（64岁，通常定时外出）。通常白天多在外。家庭月收入情境约2000元，通常月电费情境约120元；电费不构成当前预算约束。本月电费已列入预算，按当前金额可以承担。纳入安排的设备：空调、洗衣机、电热水器。节费重视1/5，舒适重视1/5，系统控制边界是每次先确认；希望提前24小时通知。费用与室温都不是首要判断项，家里更关注日常任务是否照计划完成。洗衣等任务需有人在家完成装载。空屋提前开空调须另确认预约或远控与本人许可。,"【合成角色条件；尚无真人回答】
cityrole-0135｜河北河间市｜1人｜独立住宅，H7 至少3间自然房；整套设计建筑面积75㎡。
楼房中的一套住宅，楼层位置 中间层，房龄背景 2010—2019年；住宅原型 High-rise apartment(slab type)_Raoyang_2010，源户位 edge，天气代理站 CHN_Hebei.Raoyang.546060_CSWD（距城市约39.4km）；天气/原型及房龄并非本户实测。
m01 主要说明人，64岁，在外工作 / 通常固定时间外出工作或学习；工作日通常在家 00:00–07:30、18:30–24:00；室温感受：能接受小幅变化，变化较大会不舒服；电器时间：希望按原定时间运行，尽量不调整；参与安排：通常主要由这位成员决定；需求优先：没有特别优先；节费/错峰重视 1/3；系统控制：每次先问，得到明确同意后再调整。
通常白天：大部分时间没人；晚间：大部分时间有人；作息：大体固定；深夜用电：很少或没有；事件当天是否在受控房间另核。
家庭月收入情境 2000元、上月电费情境 120元；电费压力 5/5。本月电费已列入预算，按当前金额可以承担。
节费/舒适/错峰重视 1/1/3；控制边界：每次先问我，得到明确同意后再调整；提前通知 一天；受保护活动：睡眠休息, 做饭用餐。
居住方式：自有住房；电价背景：单一时段电价；定时/自动控制经验：没有使用过；既有错峰经验：没有参加过；受扰后恢复偏好：先看影响再决定；其他背景设备：冰箱。
空调 1台，每周 每天（7天）；傍晚到睡前（18:00—23:00），制冷设定 27℃，室温希望范围 26—28℃，可接受变化 1.5℃。条件：有人在受控房间时使用；18:00–18:30若空屋预冷，须当天确认家户许可及实际预约/远控能力，否则到家后开启；空屋冷量不算舒适收益。
洗衣机 1台，每周 每天（7天）；默认 19:00，可从 19:00 开始，最晚 23:00 完成，一次 60 分钟。条件：默认时刻须有成员在家并完成装载；轮班或事件日另核，不默认预约或远程启动。
电热水器 1台，每周 每天（7天）；加热 19:50–22:00，需热水 21:00，提前加热：不希望提前加热。条件：普通加热须对准有人需要热水的时段；事件日及额外提前加热按当次许可确认。
参与者对十天方案的选择、理由和评分尚未填写。",UNKNOWN,NOT_COLLECTED,NOT_EXPORTED_PENDING_D_ACCEPTANCE,UNKNOWN
cityrole-0136,eb.synthetic_fixed_profile_300.v1,上海市,上海,310000,2,1,0,variable,varies,irregular,13000,220,5,电费不构成当前预算约束,本月电费占可安排预算较小。,middle,3,3,5,low_auto_accept,6,shared_dwelling_private_rooms_with_allocated_common_area,one_room,1,8及以下,16.0,synthetic_H6_like_household_attributed_building_area_in_shared_dwelling,75.333323,experimental_F_scaled_whole_dwelling,50_89,matches_F_experimental_whole_dwelling,apartment,middle,2,cn-home-0136,shared_flat_private_rooms,Low-rise apartment_Shanghai_2001,middle,15.2,12.783607,2.416393,CHN_Shanghai.Shanghai.583620_CSWD,20.633,aba93c03542042b4da278198119f5b6966aff75e1b2c1eb04acd749f5e5671f3,f7f5b1e946122482b78dd9e663512491999608348c226a9b83b73e2ee7513f1d,1,1,1,assigned_private_rooms_ac_only,0,,上海市的2人家庭。合住住房中本户独用1间房，分摊建筑面积约16平方米；整套住房设计建筑面积约75.3333平方米（按模型整套净面积和实验0.95比值换算）；仅私有房间的1台空调可由本户安排，公共设备不纳入。主要说明人（38岁，通常定时外出）、伴侣（34岁，轮班或时间多变）。通常白天不固定。家庭月收入情境约13000元，通常月电费情境约220元；电费不构成当前预算约束。本月电费占可安排预算较小。纳入安排的设备：空调。节费重视3/5，舒适重视3/5，系统控制边界是以自己安排为主；希望提前6小时通知。费用压力描述的是当前预算余量；节费重视描述的是调整方案时的取舍，两者分别考虑。轮班日按当天在家情况确认。,"【合成角色条件；尚无真人回答】
cityrole-0136｜上海上海市｜2人｜合住，本户独用1间自然房；16㎡是本户分摊建筑面积，整套住房设计建筑面积约75.3333㎡，按冻结源单元净面积和实验 0.95 比值换算，并非实测。
楼房中的一套住宅，楼层位置 中间层，房龄背景 2000—2009年；住宅原型 Low-rise apartment_Shanghai_2001，源户位 middle，天气代理站 CHN_Shanghai.Shanghai.583620_CSWD（距城市约20.6km）；天气/原型及房龄并非本户实测。
m01 主要说明人，38岁，在外工作 / 通常固定时间外出工作或学习；工作日通常在家 00:00–07:30、18:30–24:00；室温感受：不太敏感，室温变化较大也通常能适应；电器时间：只接受小幅提前或推迟；参与安排：通常主要由这位成员决定；需求优先：没有特别优先；节费/错峰重视 3/1；系统控制：更愿意自己安排，尽量不让系统调整。
m02 伴侣，34岁，轮班工作 / 轮班或时间经常变化；工作日到家时段不固定；室温感受：能接受小幅变化，变化较大会不舒服；电器时间：希望按原定时间运行，尽量不调整；参与安排：通常与家人共同商量决定；需求优先：没有特别优先；节费/错峰重视 3/2；系统控制：更愿意自己安排，尽量不让系统调整。
通常白天：不固定，很难概括；晚间：每天不太固定；作息：变化较多；深夜用电：偶尔；事件当天是否在受控房间另核。
家庭月收入情境 13000元、上月电费情境 220元；电费压力 5/5。本月电费占可安排预算较小。
节费/舒适/错峰重视 3/3/5；控制边界：更愿意自己安排，尽量不让系统调整；提前通知 6 小时；受保护活动：睡眠休息, 做饭用餐。
居住方式：与他人合租；电价背景：峰谷分时电价；定时/自动控制经验：经常使用；既有错峰经验：没有参加过；受扰后恢复偏好：先看影响再决定；其他背景设备：没有上述设备。
空调 1台，每周 2—3天；自己选择使用时段（可跨午夜），制冷设定 24℃，室温希望范围 23—25℃，可接受变化 0.5℃，自选时段 19:00–23:00。条件：有人在受控房间时使用；轮班或事件日另核，不把空屋冷量算作舒适收益。
参与者对十天方案的选择、理由和评分尚未填写。",UNKNOWN,NOT_COLLECTED,NOT_EXPORTED_PENDING_D_ACCEPTANCE,UNKNOWN
cityrole-0137,eb.synthetic_fixed_profile_300.v1,禹城市,山东,371482,1,1,0,mostly_occupied,mostly_home,regular,2000,240,4,电费有余量，通常不需改变开支,家庭已为当前电费预留预算，按这个金额可以承担；增加用电仍需重新权衡。,saving_priority,4,2,4,low_auto_accept,0.5,independent_dwelling,two_rooms,2,50-59,54.5,synthetic_H6_like_whole_dwelling_building_area,54.5,known_synthetic_whole_dwelling,50_89,matches_synthetic_whole_dwelling,apartment,middle,3,cn-home-0137,self_contained_openplan,Low-rise apartment_Jinan_2010,middle,40.977444,40.977444,0,CHN_Shandong.Jinan.548230_CSWD,51.885,3d9efc4e69d2ac44152de7c2112bf0f168702ca549300ff9c9f3fe74c30863e7,f4f040110ad9b84fc8b3f59159e31cd82507f91b05924c5a7e07d06b32e8dae0,7,7,8,household_selected_devices,0,,禹城市的1人家庭。独立住房建筑面积约54.5平方米，七普口径至少2间自然房间。主要说明人（23岁，通常主要在家）。通常白天有人在家。家庭月收入情境约2000元，通常月电费情境约240元；电费有余量，通常不需改变开支。家庭已为当前电费预留预算，按这个金额可以承担；增加用电仍需重新权衡。纳入安排的设备：空调、洗衣机、洗碗机、电热水器。节费重视4/5，舒适重视2/5，系统控制边界是以自己安排为主；希望提前0.5小时通知。当前电费负担不重，但仍重视避免浪费。洗衣等任务需有人在家完成装载。,"【合成角色条件；尚无真人回答】
cityrole-0137｜山东禹城市｜1人｜独立住宅，H7 至少2间自然房；整套设计建筑面积54.5㎡。
楼房中的一套住宅，楼层位置 中间层，房龄背景 2010—2019年；住宅原型 Low-rise apartment_Jinan_2010，源户位 middle，天气代理站 CHN_Shandong.Jinan.548230_CSWD（距城市约51.9km）；天气/原型及房龄并非本户实测。
m01 主要说明人，23岁，居家工作/学习 / 主要在家生活，包括居家工作、学习、休息或照护；工作日通常在家 00:00–24:00；室温感受：比较敏感，小幅变化也容易不舒服；电器时间：只接受小幅提前或推迟；参与安排：通常主要由这位成员决定；需求优先：没有特别优先；节费/错峰重视 4/4；系统控制：更愿意自己安排，尽量不让系统调整。
通常白天：大部分时间有人；晚间：大部分时间有人；作息：大体固定；深夜用电：很少或没有；事件当天是否在受控房间另核。
家庭月收入情境 2000元、上月电费情境 240元；电费压力 4/5。家庭已为当前电费预留预算，按这个金额可以承担；增加用电仍需重新权衡。
节费/舒适/错峰重视 4/2/4；控制边界：更愿意自己安排，尽量不让系统调整；提前通知 半小时；受保护活动：睡眠休息, 做饭用餐。
居住方式：整套租住；电价背景：峰谷分时电价；定时/自动控制经验：没有使用过；既有错峰经验：没有参加过；受扰后恢复偏好：先看影响再决定；其他背景设备：冰箱。
空调 2台，每周 4—6天；下午到睡前（14:00—23:00），制冷设定 25℃，室温希望范围 24—26℃，可接受变化 1℃。条件：有人在受控房间时使用；轮班或事件日另核，不把空屋冷量算作舒适收益。
洗衣机 1台，每周 4—6天；默认 21:00，可从 19:00 开始，最晚 24:00 完成，一次 60 分钟。条件：默认时刻须有成员在家并完成装载；轮班或事件日另核，不默认预约或远程启动。
洗碗机 1台，每周 4—6天；默认 19:00，可从 19:00 开始，最晚 23:00 完成，一次 60 分钟。条件：默认时刻须有成员在家并完成装载；轮班或事件日另核，不默认预约或远程启动。
电热水器 1台，每周 4—6天；加热 19:00–22:00，需热水 21:00，提前加热：每次先确认。条件：普通加热须对准有人需要热水的时段；事件日及额外提前加热按当次许可确认。
参与者对十天方案的选择、理由和评分尚未填写。",UNKNOWN,NOT_COLLECTED,NOT_EXPORTED_PENDING_D_ACCEPTANCE,UNKNOWN
cityrole-0138,eb.synthetic_fixed_profile_300.v1,广元市,四川,510800,2,1,1,mostly_occupied,mostly_home,regular,6400,720,1,电费超出预算会挤占必要支出,必要生活开支较多，本月电费变化容易挤占其他项目。,both_low,2,2,3,low_auto_accept,0.5,independent_dwelling,one_room,1,20-29,49.0,synthetic_H6_like_whole_dwelling_building_area,49.0,known_synthetic_whole_dwelling,lt50,matches_synthetic_whole_dwelling,apartment,ground,1,cn-home-0138,self_contained_openplan,Low-rise apartment_Mianyang_2010,edge,36.842105,36.842105,0,CHN_Sichuan.Mianyang.561960_CSWD,153.063,49449c84da9520b6c9ec9229ab83d3d6c353224b1a43828b098098f7cd1e1125,90d7701e5d2952aeb742a68d1a2d0e88356f807c43b6dfaa270685026fe91e84,7,7,10,household_selected_devices,0,,广元市的2人家庭。独立住房建筑面积约49平方米，七普口径至少1间自然房间。主要说明人（60岁，通常主要在家）、伴侣（60岁，通常定时外出）。通常白天有人在家。家庭月收入情境约6400元，通常月电费情境约720元；电费超出预算会挤占必要支出。必要生活开支较多，本月电费变化容易挤占其他项目。纳入安排的设备：空调、洗衣机、电热水器。节费重视2/5，舒适重视2/5，系统控制边界是以自己安排为主；希望提前0.5小时通知。虽然电费挤压预算，但家里更在意任务按原计划完成，不愿为了少量节费频繁改时间。洗衣等任务需有人在家完成装载。空屋提前开空调须另确认预约或远控与本人许可。,"【合成角色条件；尚无真人回答】
cityrole-0138｜四川广元市｜2人｜独立住宅，H7 至少1间自然房；整套设计建筑面积49㎡。
楼房中的一套住宅，楼层位置 底层，房龄背景 2010—2019年；住宅原型 Low-rise apartment_Mianyang_2010，源户位 edge，天气代理站 CHN_Sichuan.Mianyang.561960_CSWD（距城市约153.1km）；天气/原型及房龄并非本户实测。
m01 主要说明人，60岁，照顾家人 / 主要在家生活，包括居家工作、学习、休息或照护；工作日通常在家 00:00–24:00；室温感受：能接受小幅变化，变化较大会不舒服；电器时间：只要按时完成，具体运行时间都可以；参与安排：通常主要由这位成员决定；需求优先：没有特别优先；节费/错峰重视 2/2；系统控制：更愿意自己安排，尽量不让系统调整。
m02 伴侣，60岁，在外工作 / 通常固定时间外出工作或学习；工作日通常在家 00:00–07:30、18:30–24:00；室温感受：比较敏感，小幅变化也容易不舒服；电器时间：只接受小幅提前或推迟；参与安排：通常与家人共同商量决定；需求优先：没有特别优先；节费/错峰重视 5/3；系统控制：每次先问，得到明确同意后再调整。
通常白天：大部分时间有人；晚间：大部分时间有人；作息：大体固定；深夜用电：很少或没有；事件当天是否在受控房间另核。
家庭月收入情境 6400元、上月电费情境 720元；电费压力 1/5。必要生活开支较多，本月电费变化容易挤占其他项目。
节费/舒适/错峰重视 2/2/3；控制边界：更愿意自己安排，尽量不让系统调整；提前通知 半小时；受保护活动：睡眠休息, 做饭用餐。
居住方式：自有住房；电价背景：峰谷分时电价；定时/自动控制经验：经常使用；既有错峰经验：没有参加过；受扰后恢复偏好：先看影响再决定；其他背景设备：冰箱。
空调 1台，每周 每天（7天）；傍晚到睡前（18:00—23:00），制冷设定 26℃，室温希望范围 25—27℃，可接受变化 1.5℃。条件：有人在受控房间时使用；18:00–18:30若空屋预冷，须当天确认家户许可及实际预约/远控能力，否则到家后开启；空屋冷量不算舒适收益。
洗衣机 1台，每周 每天（7天）；默认 19:00，可从 19:00 开始，最晚 23:00 完成，一次 60 分钟。条件：默认时刻须有成员在家并完成装载；轮班或事件日另核，不默认预约或远程启动。
电热水器 1台，每周 每天（7天）；加热 19:50–22:00，需热水 21:00，提前加热：不希望提前加热。条件：普通加热须对准有人需要热水的时段；事件日及额外提前加热按当次许可确认。
参与者对十天方案的选择、理由和评分尚未填写。",UNKNOWN,NOT_COLLECTED,NOT_EXPORTED_PENDING_D_ACCEPTANCE,UNKNOWN
cityrole-0139,eb.synthetic_fixed_profile_300.v1,太原市,山西,140100,1,1,0,sometimes_occupied,partly_home,partly_regular,4500,220,4,电费有余量，通常不需改变开支,本月电费占可安排预算较小。,middle,3,3,2,confirm_required,1,independent_dwelling,one_room,1,70及以上,75.0,synthetic_H6_like_whole_dwelling_building_area,75.0,known_synthetic_whole_dwelling,50_89,matches_synthetic_whole_dwelling,apartment,middle,2,cn-home-0139,self_contained_openplan,Low-rise apartment_Taiyuan_2010,edge,56.390977,56.390977,0,CHN_Shanxi.Taiyuan.537720_CSWD,8.131,f6b125ed8424f062ededec7f5c685b03c903b85f0a64521830b5519520488175,bc16257a1f7cee9083f87450266f245ce856bf4a47decd2c6183ed2981787eb1,7,7,10,household_selected_devices,0,,太原市的1人家庭。独立住房建筑面积约75平方米，七普口径至少1间自然房间。主要说明人（41岁，在家外出交替）。通常白天部分时间有人。家庭月收入情境约4500元，通常月电费情境约220元；电费有余量，通常不需改变开支。本月电费占可安排预算较小。纳入安排的设备：烘干机、电热水器。节费重视3/5，舒适重视3/5，系统控制边界是每次先确认；希望提前1小时通知。费用压力描述的是当前预算余量；节费重视描述的是调整方案时的取舍，两者分别考虑。洗衣等任务需有人在家完成装载。,"【合成角色条件；尚无真人回答】
cityrole-0139｜山西太原市｜1人｜独立住宅，H7 至少1间自然房；整套设计建筑面积75㎡。
楼房中的一套住宅，楼层位置 中间层，房龄背景 2010—2019年；住宅原型 Low-rise apartment_Taiyuan_2010，源户位 edge，天气代理站 CHN_Shanxi.Taiyuan.537720_CSWD（距城市约8.1km）；天气/原型及房龄并非本户实测。
m01 主要说明人，41岁，照顾家人 / 部分时间在家，部分时间外出；工作日通常在家 00:00–09:00、12:00–15:00、19:00–24:00；室温感受：不太敏感，室温变化较大也通常能适应；电器时间：只要按时完成，具体运行时间都可以；参与安排：通常主要由这位成员决定；需求优先：没有特别优先；节费/错峰重视 3/5；系统控制：每次先问，得到明确同意后再调整。
通常白天：部分时间有人；晚间：部分时间有人；作息：部分成员或部分日期固定；深夜用电：很少或没有；事件当天是否在受控房间另核。
家庭月收入情境 4500元、上月电费情境 220元；电费压力 4/5。本月电费占可安排预算较小。
节费/舒适/错峰重视 3/3/2；控制边界：每次先问我，得到明确同意后再调整；提前通知 1 小时；受保护活动：睡眠休息, 做饭用餐。
居住方式：与他人合租；电价背景：峰谷分时电价；定时/自动控制经验：偶尔使用；既有错峰经验：没有参加过；受扰后恢复偏好：先看影响再决定；其他背景设备：冰箱。
烘干机 1台，每周 2—3天；默认 19:00，可从 19:00 开始，最晚 23:00 完成，一次 90 分钟。条件：默认时刻须有成员在家并完成装载；轮班或事件日另核，不默认预约或远程启动。
电热水器 1台，每周 2—3天；加热 06:00–08:00，需热水 07:00，提前加热：可以提前安排。条件：普通加热须对准有人需要热水的时段；事件日及额外提前加热按当次许可确认。
参与者对十天方案的选择、理由和评分尚未填写。",UNKNOWN,NOT_COLLECTED,NOT_EXPORTED_PENDING_D_ACCEPTANCE,UNKNOWN
cityrole-0140,eb.synthetic_fixed_profile_300.v1,广州市,广东,440100,4,2,0,mostly_occupied,partly_home,partly_regular,38000,520,4,电费有余量，通常不需改变开支,本月电费占可安排预算较小。,both_low,2,2,5,high_trust_auto,48,independent_dwelling,three_rooms,3,9-12,42.0,synthetic_H6_like_whole_dwelling_building_area,42.0,known_synthetic_whole_dwelling,lt50,matches_synthetic_whole_dwelling,apartment,middle,2,cn-home-0140,self_contained_source_three_room,Low-rise apartment_Guangzhou_2003,edge,31.578947,31.578947,0,CHN_Guangdong.Guangzhou.592870_CSWD,5.46,8aba1405cf372b1266858ed2455d3b45d43a20315f9e450e72373d5a70b4a026,ec1cff19f80f64297ea1f9c958d5e83406372c075ca0fc1fbfe609662555804e,7,7,10,household_selected_devices,0,,广州市的4人家庭。独立住房建筑面积约42平方米，七普口径至少3间自然房间。主要说明人（51岁，在家外出交替）、子女（20岁，通常主要在家）、子女（23岁，在家外出交替）、子女伴侣（23岁，通常定时外出）。通常白天有人在家。家庭月收入情境约38000元，通常月电费情境约520元；电费有余量，通常不需改变开支。本月电费占可安排预算较小。纳入安排的设备：洗衣机。节费重视2/5，舒适重视2/5，系统控制边界是约定范围内可自动调整；希望提前48小时通知。费用与室温都不是首要判断项，家里更关注日常任务是否照计划完成。洗衣等任务需有人在家完成装载。,"【合成角色条件；尚无真人回答】
cityrole-0140｜广东广州市｜4人｜独立住宅，H7 至少3间自然房；整套设计建筑面积42㎡。
楼房中的一套住宅，楼层位置 中间层，房龄背景 2000—2009年；住宅原型 Low-rise apartment_Guangzhou_2003，源户位 edge，天气代理站 CHN_Guangdong.Guangzhou.592870_CSWD（距城市约5.5km）；天气/原型及房龄并非本户实测。
m01 主要说明人，51岁，暂未工作（非退休） / 部分时间在家，部分时间外出；工作日通常在家 00:00–09:00、12:00–15:00、19:00–24:00；室温感受：比较敏感，小幅变化也容易不舒服；电器时间：希望按原定时间运行，尽量不调整；参与安排：通常主要由这位成员决定；需求优先：没有特别优先；节费/错峰重视 2/3；系统控制：在约定范围内，可以让系统自动调整。
m02 子女，20岁，居家工作/学习 / 主要在家生活，包括居家工作、学习、休息或照护；工作日通常在家 00:00–24:00；室温感受：不太敏感，室温变化较大也通常能适应；电器时间：只要按时完成，具体运行时间都可以；参与安排：通常与家人共同商量决定；需求优先：没有特别优先；节费/错峰重视 2/4；系统控制：在约定范围内，可以让系统自动调整。
m03 子女，23岁，照顾家人 / 部分时间在家，部分时间外出；工作日通常在家 00:00–09:00、12:00–15:00、19:00–24:00；室温感受：能接受小幅变化，变化较大会不舒服；电器时间：只要按时完成，具体运行时间都可以；参与安排：通常与家人共同商量决定；需求优先：没有特别优先；节费/错峰重视 4/5；系统控制：更愿意自己安排，尽量不让系统调整。
m04 子女伴侣，23岁，在外工作 / 通常固定时间外出工作或学习；工作日通常在家 00:00–07:30、18:30–24:00；室温感受：比较敏感，小幅变化也容易不舒服；电器时间：只接受小幅提前或推迟；参与安排：通常与家人共同商量决定；需求优先：没有特别优先；节费/错峰重视 1/1；系统控制：每次先问，得到明确同意后再调整。
通常白天：大部分时间有人；晚间：部分时间有人；作息：部分成员或部分日期固定；深夜用电：很少或没有；事件当天是否在受控房间另核。
家庭月收入情境 38000元、上月电费情境 520元；电费压力 4/5。本月电费占可安排预算较小。
节费/舒适/错峰重视 2/2/5；控制边界：在约定范围内，可以让系统自动调整；提前通知 两天；受保护活动：睡眠休息, 做饭用餐。
居住方式：与他人合租；电价背景：单一时段电价；定时/自动控制经验：偶尔使用；既有错峰经验：没有参加过；受扰后恢复偏好：先看影响再决定；其他背景设备：冰箱。
洗衣机 1台，每周 4—6天；默认 21:00，可从 19:00 开始，最晚 24:00 完成，一次 60 分钟。条件：默认时刻须有成员在家并完成装载；轮班或事件日另核，不默认预约或远程启动。
参与者对十天方案的选择、理由和评分尚未填写。",UNKNOWN,NOT_COLLECTED,NOT_EXPORTED_PENDING_D_ACCEPTANCE,UNKNOWN
cityrole-0141,eb.synthetic_fixed_profile_300.v1,佳木斯市,黑龙江,230800,2,1,0,variable,varies,irregular,6400,360,4,电费有余量，通常不需改变开支,本月电费已列入预算，按当前金额可以承担。,saving_priority,5,1,3,confirm_required,1,independent_dwelling,two_rooms,2,40-49,89.0,synthetic_H6_like_whole_dwelling_building_area,89.0,known_synthetic_whole_dwelling,50_89,matches_synthetic_whole_dwelling,apartment,middle,2,cn-home-0141,self_contained_openplan,Low-rise apartment_Jiamusi_1986,middle,66.917293,66.917293,0,CHN_Heilongjiang.Jiamusi.508730_CSWD,7.51,ddd314b5da6ee89bb5ed0b5c005258fab0e74bd5324e9483e572e54994419bc0,e99b7b2c715b22f17caf129ea47e0fbfe4092a0ad7a6afe7892f1354eea37789,7,7,8,household_selected_devices,0,,佳木斯市的2人家庭。独立住房建筑面积约89平方米，七普口径至少2间自然房间。主要说明人（30岁，通常定时外出）、伴侣（29岁，轮班或时间多变）。通常白天不固定。家庭月收入情境约6400元，通常月电费情境约360元；电费有余量，通常不需改变开支。本月电费已列入预算，按当前金额可以承担。纳入安排的设备：空调、洗衣机。节费重视5/5，舒适重视1/5，系统控制边界是每次先确认；希望提前1小时通知。当前电费负担不重，但仍重视避免浪费。洗衣等任务需有人在家完成装载。空屋提前开空调须另确认预约或远控与本人许可。轮班日按当天在家情况确认。,"【合成角色条件；尚无真人回答】
cityrole-0141｜黑龙江佳木斯市｜2人｜独立住宅，H7 至少2间自然房；整套设计建筑面积89㎡。
楼房中的一套住宅，楼层位置 中间层，房龄背景 2000年前；住宅原型 Low-rise apartment_Jiamusi_1986，源户位 middle，天气代理站 CHN_Heilongjiang.Jiamusi.508730_CSWD（距城市约7.5km）；天气/原型及房龄并非本户实测。
m01 主要说明人，30岁，在外工作 / 通常固定时间外出工作或学习；工作日通常在家 00:00–07:30、18:30–24:00；室温感受：能接受小幅变化，变化较大会不舒服；电器时间：希望按原定时间运行，尽量不调整；参与安排：通常主要由这位成员决定；需求优先：没有特别优先；节费/错峰重视 5/1；系统控制：每次先问，得到明确同意后再调整。
m02 伴侣，29岁，轮班工作 / 轮班或时间经常变化；工作日到家时段不固定；室温感受：比较敏感，小幅变化也容易不舒服；电器时间：希望按原定时间运行，尽量不调整；参与安排：通常与家人共同商量决定；需求优先：没有特别优先；节费/错峰重视 3/2；系统控制：每次先问，得到明确同意后再调整。
通常白天：不固定，很难概括；晚间：每天不太固定；作息：变化较多；深夜用电：偶尔；事件当天是否在受控房间另核。
家庭月收入情境 6400元、上月电费情境 360元；电费压力 4/5。本月电费已列入预算，按当前金额可以承担。
节费/舒适/错峰重视 5/1/3；控制边界：每次先问我，得到明确同意后再调整；提前通知 1 小时；受保护活动：睡眠休息, 做饭用餐。
居住方式：自有住房；电价背景：单一时段电价；定时/自动控制经验：没有使用过；既有错峰经验：参加过；受扰后恢复偏好：保留自动安排；其他背景设备：冰箱。
空调 2台，每周 每天（7天）；傍晚到睡前（18:00—23:00），制冷设定 25℃，室温希望范围 24—26℃，可接受变化 1.5℃。条件：有人在受控房间时使用；18:00–18:30若空屋预冷，须当天确认家户许可及实际预约/远控能力，否则到家后开启；空屋冷量不算舒适收益。
洗衣机 1台，每周 每天（7天）；默认 19:00，可从 19:00 开始，最晚 23:00 完成，一次 60 分钟。条件：默认时刻须有成员在家并完成装载；轮班或事件日另核，不默认预约或远程启动。
参与者对十天方案的选择、理由和评分尚未填写。",UNKNOWN,NOT_COLLECTED,NOT_EXPORTED_PENDING_D_ACCEPTANCE,UNKNOWN
cityrole-0142,eb.synthetic_fixed_profile_300.v1,牡丹江市,黑龙江,231000,3,2,0,mostly_occupied,partly_home,partly_regular,13500,120,5,电费不构成当前预算约束,本月电费占可安排预算较小。,comfort_priority,1,5,5,low_auto_accept,3,independent_dwelling,two_rooms,2,30-39,103.5,synthetic_H6_like_whole_dwelling_building_area,103.5,known_synthetic_whole_dwelling,90_119,matches_synthetic_whole_dwelling,apartment,top,4,cn-home-0142,self_contained_openplan,Low-rise apartment_Mudanjiang_2018,edge,77.819549,77.819549,0,CHN_Heilongjiang.Mudanjiang.540940_CSWD,1.017,6490fd7314d1bf9d4f05d65935a4695d592c478ac59f81c9619a39a91674b2f9,fc392e26defcfa5a9b77b1edb257d6159062d63d52a1ec3f2db8f1b4426c6940,7,7,10,household_selected_devices,0,,牡丹江市的3人家庭。独立住房建筑面积约103.5平方米，七普口径至少2间自然房间。主要说明人（52岁，通常主要在家）、子女（24岁，在家外出交替）、子女（22岁，通常定时外出）。通常白天有人在家。家庭月收入情境约13500元，通常月电费情境约120元；电费不构成当前预算约束。本月电费占可安排预算较小。纳入安排的设备：空调、洗衣机。节费重视1/5，舒适重视5/5，系统控制边界是以自己安排为主；希望提前3小时通知。费用压力描述的是当前预算余量；节费重视描述的是调整方案时的取舍，两者分别考虑。洗衣等任务需有人在家完成装载。空屋提前开空调须另确认预约或远控与本人许可。,"【合成角色条件；尚无真人回答】
cityrole-0142｜黑龙江牡丹江市｜3人｜独立住宅，H7 至少2间自然房；整套设计建筑面积103.5㎡。
楼房中的一套住宅，楼层位置 顶层，房龄背景 2010—2019年；住宅原型 Low-rise apartment_Mudanjiang_2018，源户位 edge，天气代理站 CHN_Heilongjiang.Mudanjiang.540940_CSWD（距城市约1.0km）；天气/原型及房龄并非本户实测。
m01 主要说明人，52岁，居家工作/学习 / 主要在家生活，包括居家工作、学习、休息或照护；工作日通常在家 00:00–24:00；室温感受：不太敏感，室温变化较大也通常能适应；电器时间：只接受小幅提前或推迟；参与安排：通常主要由这位成员决定；需求优先：没有特别优先；节费/错峰重视 1/4；系统控制：更愿意自己安排，尽量不让系统调整。
m02 子女，24岁，照顾家人 / 部分时间在家，部分时间外出；工作日通常在家 00:00–09:00、12:00–15:00、19:00–24:00；室温感受：能接受小幅变化，变化较大会不舒服；电器时间：希望按原定时间运行，尽量不调整；参与安排：通常与家人共同商量决定；需求优先：没有特别优先；节费/错峰重视 4/5；系统控制：更愿意自己安排，尽量不让系统调整。
m03 子女，22岁，在外工作 / 通常固定时间外出工作或学习；工作日通常在家 00:00–07:30、18:30–24:00；室温感受：比较敏感，小幅变化也容易不舒服；电器时间：希望按原定时间运行，尽量不调整；参与安排：通常与家人共同商量决定；需求优先：没有特别优先；节费/错峰重视 1/1；系统控制：每次先问，得到明确同意后再调整。
通常白天：大部分时间有人；晚间：部分时间有人；作息：部分成员或部分日期固定；深夜用电：很少或没有；事件当天是否在受控房间另核。
家庭月收入情境 13500元、上月电费情境 120元；电费压力 5/5。本月电费占可安排预算较小。
节费/舒适/错峰重视 1/5/5；控制边界：更愿意自己安排，尽量不让系统调整；提前通知 3 小时；受保护活动：睡眠休息, 做饭用餐。
居住方式：整套租住；电价背景：峰谷分时电价；定时/自动控制经验：偶尔使用；既有错峰经验：没有参加过；受扰后恢复偏好：改回原安排；其他背景设备：冰箱。
空调 1台，每周 2—3天；傍晚到睡前（18:00—23:00），制冷设定 26℃，室温希望范围 25—27℃，可接受变化 0.5℃。条件：有人在受控房间时使用；18:00–18:30若空屋预冷，须当天确认家户许可及实际预约/远控能力，否则到家后开启；空屋冷量不算舒适收益。
洗衣机 1台，每周 2—3天；默认 19:50，可从 19:00 开始，最晚 23:00 完成，一次 60 分钟。条件：默认时刻须有成员在家并完成装载；轮班或事件日另核，不默认预约或远程启动。
参与者对十天方案的选择、理由和评分尚未填写。",UNKNOWN,NOT_COLLECTED,NOT_EXPORTED_PENDING_D_ACCEPTANCE,UNKNOWN
cityrole-0143,eb.synthetic_fixed_profile_300.v1,荣成市,山东,371082,2,2,1,sometimes_occupied,partly_home,partly_regular,4000,480,2,电费有压力，需调整其他开支,必要生活开支较多，本月电费变化容易挤占其他项目。,comfort_priority,1,5,5,high_trust_auto,6,independent_dwelling,two_rooms,2,20-29,49.0,synthetic_H6_like_whole_dwelling_building_area,49.0,known_synthetic_whole_dwelling,lt50,matches_synthetic_whole_dwelling,apartment,ground,1,cn-home-0143,self_contained_openplan,Low-rise apartment_Chengshantou_2010,middle,36.842105,36.842105,0,CHN_Shandong.Chengshantou.547760_CSWD,34.811,5ad4d31a5394e7f5b50137321d630d3366ecb5ba0b1b43a5e516b99ce847da92,c4085d874ba3e5356900712a0af22832da6a0e1a5de114e1ed43cbf3207d6081,7,7,8,household_selected_devices,0,,荣成市的2人家庭。独立住房建筑面积约49平方米，七普口径至少2间自然房间。主要说明人（75岁，通常定时外出）、子女（44岁，在家外出交替）。通常白天部分时间有人。家庭月收入情境约4000元，通常月电费情境约480元；电费有压力，需调整其他开支。必要生活开支较多，本月电费变化容易挤占其他项目。纳入安排的设备：空调、洗衣机、电热水器。节费重视1/5，舒适重视5/5，系统控制边界是约定范围内可自动调整；希望提前6小时通知。虽然电费挤压预算，但家里更在意任务按原计划完成，不愿为了少量节费频繁改时间。洗衣等任务需有人在家完成装载。空屋提前开空调须另确认预约或远控与本人许可。,"【合成角色条件；尚无真人回答】
cityrole-0143｜山东荣成市｜2人｜独立住宅，H7 至少2间自然房；整套设计建筑面积49㎡。
楼房中的一套住宅，楼层位置 底层，房龄背景 2010—2019年；住宅原型 Low-rise apartment_Chengshantou_2010，源户位 middle，天气代理站 CHN_Shandong.Chengshantou.547760_CSWD（距城市约34.8km）；天气/原型及房龄并非本户实测。
m01 主要说明人，75岁，在外工作 / 通常固定时间外出工作或学习；工作日通常在家 00:00–07:30、18:30–24:00；室温感受：比较敏感，小幅变化也容易不舒服；电器时间：只接受小幅提前或推迟；参与安排：通常主要由这位成员决定；需求优先：没有特别优先；节费/错峰重视 1/2；系统控制：在约定范围内，可以让系统自动调整。
m02 子女，44岁，暂未工作（非退休） / 部分时间在家，部分时间外出；工作日通常在家 00:00–09:00、12:00–15:00、19:00–24:00；室温感受：不太敏感，室温变化较大也通常能适应；电器时间：只接受小幅提前或推迟；参与安排：通常与家人共同商量决定；需求优先：没有特别优先；节费/错峰重视 5/3；系统控制：在约定范围内，可以让系统自动调整。
通常白天：部分时间有人；晚间：部分时间有人；作息：部分成员或部分日期固定；深夜用电：很少或没有；事件当天是否在受控房间另核。
家庭月收入情境 4000元、上月电费情境 480元；电费压力 2/5。必要生活开支较多，本月电费变化容易挤占其他项目。
节费/舒适/错峰重视 1/5/5；控制边界：在约定范围内，可以让系统自动调整；提前通知 6 小时；受保护活动：睡眠休息, 做饭用餐。
居住方式：整套租住；电价背景：单一时段电价；定时/自动控制经验：经常使用；既有错峰经验：没有参加过；受扰后恢复偏好：保留自动安排；其他背景设备：冰箱。
空调 1台，每周 4—6天；傍晚到睡前（18:00—23:00），制冷设定 27℃，室温希望范围 26—28℃，可接受变化 1℃。条件：有人在受控房间时使用；18:00–18:30若空屋预冷，须当天确认家户许可及实际预约/远控能力，否则到家后开启；空屋冷量不算舒适收益。
洗衣机 1台，每周 4—6天；默认 21:00，可从 19:00 开始，最晚 24:00 完成，一次 60 分钟。条件：默认时刻须有成员在家并完成装载；轮班或事件日另核，不默认预约或远程启动。
电热水器 1台，每周 4—6天；加热 19:00–22:00，需热水 21:00，提前加热：每次先确认。条件：普通加热须对准有人需要热水的时段；事件日及额外提前加热按当次许可确认。
参与者对十天方案的选择、理由和评分尚未填写。",UNKNOWN,NOT_COLLECTED,NOT_EXPORTED_PENDING_D_ACCEPTANCE,UNKNOWN
cityrole-0144,eb.synthetic_fixed_profile_300.v1,宜昌市,湖北,420500,2,2,0,sometimes_occupied,partly_home,partly_regular,4000,360,3,电费可承担，但会留意变化,本月电费可承担，但家庭会留意它的变化。,saving_priority,5,1,3,low_auto_accept,0.5,independent_dwelling,three_rooms,3,40-49,89.0,synthetic_H6_like_whole_dwelling_building_area,89.0,known_synthetic_whole_dwelling,50_89,matches_synthetic_whole_dwelling,apartment,top,9,cn-home-0144,self_contained_source_three_room,High-rise apartment(slab type)_Yichang_2010,middle,66.917293,66.917293,0,CHN_Hubei.Yichang.574610_CSWD,1.735,3ddcc36e96710571e1686301cde58958943906f9353a8f34ec3571dcd008b864,1b52c90e5979770dc2ee06e1491b5dada107769385d81e3f6700e4ebd3118915,7,7,8,household_selected_devices,0,,宜昌市的2人家庭。独立住房建筑面积约89平方米，七普口径至少3间自然房间。主要说明人（56岁，在家外出交替）、子女（21岁，通常定时外出）。通常白天部分时间有人。家庭月收入情境约4000元，通常月电费情境约360元；电费可承担，但会留意变化。本月电费可承担，但家庭会留意它的变化。纳入安排的设备：空调、洗衣机、电热水器。节费重视5/5，舒适重视1/5，系统控制边界是以自己安排为主；希望提前0.5小时通知。费用压力描述的是当前预算余量；节费重视描述的是调整方案时的取舍，两者分别考虑。洗衣等任务需有人在家完成装载。,"【合成角色条件；尚无真人回答】
cityrole-0144｜湖北宜昌市｜2人｜独立住宅，H7 至少3间自然房；整套设计建筑面积89㎡。
楼房中的一套住宅，楼层位置 顶层，房龄背景 2010—2019年；住宅原型 High-rise apartment(slab type)_Yichang_2010，源户位 middle，天气代理站 CHN_Hubei.Yichang.574610_CSWD（距城市约1.7km）；天气/原型及房龄并非本户实测。
m01 主要说明人，56岁，照顾家人 / 部分时间在家，部分时间外出；工作日通常在家 00:00–09:00、12:00–15:00、19:00–24:00；室温感受：能接受小幅变化，变化较大会不舒服；电器时间：只要按时完成，具体运行时间都可以；参与安排：通常主要由这位成员决定；需求优先：没有特别优先；节费/错峰重视 5/5；系统控制：更愿意自己安排，尽量不让系统调整。
m02 子女，21岁，在外工作 / 通常固定时间外出工作或学习；工作日通常在家 00:00–07:30、18:30–24:00；室温感受：比较敏感，小幅变化也容易不舒服；电器时间：只接受小幅提前或推迟；参与安排：通常与家人共同商量决定；需求优先：没有特别优先；节费/错峰重视 1/1；系统控制：每次先问，得到明确同意后再调整。
通常白天：部分时间有人；晚间：部分时间有人；作息：部分成员或部分日期固定；深夜用电：很少或没有；事件当天是否在受控房间另核。
家庭月收入情境 4000元、上月电费情境 360元；电费压力 3/5。本月电费可承担，但家庭会留意它的变化。
节费/舒适/错峰重视 5/1/3；控制边界：更愿意自己安排，尽量不让系统调整；提前通知 半小时；受保护活动：睡眠休息, 做饭用餐。
居住方式：自有住房；电价背景：单一时段电价；定时/自动控制经验：经常使用；既有错峰经验：没有参加过；受扰后恢复偏好：保留自动安排；其他背景设备：冰箱。
空调 1台，每周 每天（7天）；自己选择使用时段（可跨午夜），制冷设定 24℃，室温希望范围 23—25℃，可接受变化 1.5℃，自选时段 19:00–23:00。条件：有人在受控房间时使用；轮班或事件日另核，不把空屋冷量算作舒适收益。
洗衣机 1台，每周 每天（7天）；默认 19:00，可从 19:00 开始，最晚 23:00 完成，一次 60 分钟。条件：默认时刻须有成员在家并完成装载；轮班或事件日另核，不默认预约或远程启动。
电热水器 1台，每周 每天（7天）；加热 19:50–22:00，需热水 21:00，提前加热：不希望提前加热。条件：普通加热须对准有人需要热水的时段；事件日及额外提前加热按当次许可确认。
参与者对十天方案的选择、理由和评分尚未填写。",UNKNOWN,NOT_COLLECTED,NOT_EXPORTED_PENDING_D_ACCEPTANCE,UNKNOWN
cityrole-0145,eb.synthetic_fixed_profile_300.v1,荆州市,湖北,421000,1,1,0,sometimes_occupied,partly_home,partly_regular,4500,240,1,电费超出预算会挤占必要支出,必要生活开支较多，本月电费变化容易挤占其他项目。,both_high,5,5,5,confirm_required,6,independent_dwelling,three_rooms,3,70及以上,75.0,synthetic_H6_like_whole_dwelling_building_area,75.0,known_synthetic_whole_dwelling,50_89,matches_synthetic_whole_dwelling,apartment,middle,7,cn-home-0145,self_contained_source_three_room,High-rise apartment(slab type)_Yichang_2001,middle,56.390977,56.390977,0,CHN_Hubei.Yichang.574610_CSWD,99.167,3ddcc36e96710571e1686301cde58958943906f9353a8f34ec3571dcd008b864,501a3f5da8bd5abbbaa021aab6b72d0d4b1a480852b1a4a8271314616b3e3311,7,7,8,household_selected_devices,0,,荆州市的1人家庭。独立住房建筑面积约75平方米，七普口径至少3间自然房间。主要说明人（20岁，在家外出交替）。通常白天部分时间有人。家庭月收入情境约4500元，通常月电费情境约240元；电费超出预算会挤占必要支出。必要生活开支较多，本月电费变化容易挤占其他项目。纳入安排的设备：空调、洗衣机、洗碗机、电热水器。节费重视5/5，舒适重视5/5，系统控制边界是每次先确认；希望提前6小时通知。费用压力描述的是当前预算余量；节费重视描述的是调整方案时的取舍，两者分别考虑。洗衣等任务需有人在家完成装载。空屋提前开空调须另确认预约或远控与本人许可。,"【合成角色条件；尚无真人回答】
cityrole-0145｜湖北荆州市｜1人｜独立住宅，H7 至少3间自然房；整套设计建筑面积75㎡。
楼房中的一套住宅，楼层位置 中间层，房龄背景 2000—2009年；住宅原型 High-rise apartment(slab type)_Yichang_2001，源户位 middle，天气代理站 CHN_Hubei.Yichang.574610_CSWD（距城市约99.2km）；天气/原型及房龄并非本户实测。
m01 主要说明人，20岁，暂未工作（非退休） / 部分时间在家，部分时间外出；工作日通常在家 00:00–09:00、12:00–15:00、19:00–24:00；室温感受：不太敏感，室温变化较大也通常能适应；电器时间：只要按时完成，具体运行时间都可以；参与安排：通常主要由这位成员决定；需求优先：没有特别优先；节费/错峰重视 5/3；系统控制：每次先问，得到明确同意后再调整。
通常白天：部分时间有人；晚间：部分时间有人；作息：部分成员或部分日期固定；深夜用电：很少或没有；事件当天是否在受控房间另核。
家庭月收入情境 4500元、上月电费情境 240元；电费压力 1/5。必要生活开支较多，本月电费变化容易挤占其他项目。
节费/舒适/错峰重视 5/5/5；控制边界：每次先问我，得到明确同意后再调整；提前通知 6 小时；受保护活动：睡眠休息, 做饭用餐。
居住方式：整套租住；电价背景：峰谷分时电价；定时/自动控制经验：偶尔使用；既有错峰经验：没有参加过；受扰后恢复偏好：改回原安排；其他背景设备：冰箱。
空调 2台，每周 2—3天；傍晚到睡前（18:00—23:00），制冷设定 25℃，室温希望范围 24—26℃，可接受变化 0.5℃。条件：有人在受控房间时使用；18:00–18:30若空屋预冷，须当天确认家户许可及实际预约/远控能力，否则到家后开启；空屋冷量不算舒适收益。
洗衣机 1台，每周 2—3天；默认 19:50，可从 19:00 开始，最晚 23:00 完成，一次 60 分钟。条件：默认时刻须有成员在家并完成装载；轮班或事件日另核，不默认预约或远程启动。
洗碗机 1台，每周 2—3天；默认 21:00，可从 19:00 开始，最晚 24:00 完成，一次 60 分钟。条件：默认时刻须有成员在家并完成装载；轮班或事件日另核，不默认预约或远程启动。
电热水器 1台，每周 2—3天；加热 06:00–08:00，需热水 07:00，提前加热：可以提前安排。条件：普通加热须对准有人需要热水的时段；事件日及额外提前加热按当次许可确认。
参与者对十天方案的选择、理由和评分尚未填写。",UNKNOWN,NOT_COLLECTED,NOT_EXPORTED_PENDING_D_ACCEPTANCE,UNKNOWN
cityrole-0146,eb.synthetic_fixed_profile_300.v1,济南市,山东,370100,2,1,1,mostly_occupied,mostly_home,regular,4000,480,5,电费不构成当前预算约束,家庭已为当前电费预留预算，按这个金额可以承担；增加用电仍需重新权衡。,both_low,2,2,4,confirm_required,48,independent_dwelling,three_rooms,3,70及以上,150.0,synthetic_H6_like_whole_dwelling_building_area,150.0,known_synthetic_whole_dwelling,120_159,matches_synthetic_whole_dwelling,apartment,ground,1,cn-home-0146,self_contained_source_three_room,Low-rise apartment_Jinan_2010,edge,112.781955,112.781955,0,CHN_Shandong.Jinan.548230_CSWD,7.383,3d9efc4e69d2ac44152de7c2112bf0f168702ca549300ff9c9f3fe74c30863e7,4c56121488c561063626fde2d3f81400e287fba493a80ef6d3208a3b670a0b26,7,7,10,household_selected_devices,0,,济南市的2人家庭。独立住房建筑面积约150平方米，七普口径至少3间自然房间。主要说明人（77岁，通常主要在家）、伴侣（77岁，通常定时外出）。通常白天有人在家。家庭月收入情境约4000元，通常月电费情境约480元；电费不构成当前预算约束。家庭已为当前电费预留预算，按这个金额可以承担；增加用电仍需重新权衡。纳入安排的设备：洗衣机、烘干机、电热水器。节费重视2/5，舒适重视2/5，系统控制边界是每次先确认；希望提前48小时通知。费用与室温都不是首要判断项，家里更关注日常任务是否照计划完成。洗衣等任务需有人在家完成装载。,"【合成角色条件；尚无真人回答】
cityrole-0146｜山东济南市｜2人｜独立住宅，H7 至少3间自然房；整套设计建筑面积150㎡。
楼房中的一套住宅，楼层位置 底层，房龄背景 2010—2019年；住宅原型 Low-rise apartment_Jinan_2010，源户位 edge，天气代理站 CHN_Shandong.Jinan.548230_CSWD（距城市约7.4km）；天气/原型及房龄并非本户实测。
m01 主要说明人，77岁，照顾家人 / 主要在家生活，包括居家工作、学习、休息或照护；工作日通常在家 00:00–24:00；室温感受：比较敏感，小幅变化也容易不舒服；电器时间：希望按原定时间运行，尽量不调整；参与安排：通常主要由这位成员决定；需求优先：没有特别优先；节费/错峰重视 2/1；系统控制：每次先问，得到明确同意后再调整。
m02 伴侣，77岁，在外工作 / 通常固定时间外出工作或学习；工作日通常在家 00:00–07:30、18:30–24:00；室温感受：不太敏感，室温变化较大也通常能适应；电器时间：只要按时完成，具体运行时间都可以；参与安排：通常与家人共同商量决定；需求优先：没有特别优先；节费/错峰重视 3/2；系统控制：在约定范围内，可以让系统自动调整。
通常白天：大部分时间有人；晚间：大部分时间有人；作息：大体固定；深夜用电：很少或没有；事件当天是否在受控房间另核。
家庭月收入情境 4000元、上月电费情境 480元；电费压力 5/5。家庭已为当前电费预留预算，按这个金额可以承担；增加用电仍需重新权衡。
节费/舒适/错峰重视 2/2/4；控制边界：每次先问我，得到明确同意后再调整；提前通知 两天；受保护活动：睡眠休息, 做饭用餐。
居住方式：自有住房；电价背景：单一时段电价；定时/自动控制经验：经常使用；既有错峰经验：没有参加过；受扰后恢复偏好：改回原安排；其他背景设备：冰箱。
洗衣机 1台，每周 4—6天；默认 21:00，可从 19:00 开始，最晚 24:00 完成，一次 60 分钟。条件：默认时刻须有成员在家并完成装载；轮班或事件日另核，不默认预约或远程启动。
烘干机 1台，每周 4—6天；默认 19:50，可从 19:00 开始，最晚 23:00 完成，一次 90 分钟。条件：默认时刻须有成员在家并完成装载；轮班或事件日另核，不默认预约或远程启动。
电热水器 1台，每周 4—6天；加热 19:00–22:00，需热水 21:00，提前加热：每次先确认。条件：普通加热须对准有人需要热水的时段；事件日及额外提前加热按当次许可确认。
参与者对十天方案的选择、理由和评分尚未填写。",UNKNOWN,NOT_COLLECTED,NOT_EXPORTED_PENDING_D_ACCEPTANCE,UNKNOWN
cityrole-0147,eb.synthetic_fixed_profile_300.v1,深圳市,广东,440300,2,1,0,mostly_occupied,partly_home,partly_regular,4000,480,5,电费不构成当前预算约束,家庭已为当前电费预留预算，按这个金额可以承担；增加用电仍需重新权衡。,comfort_priority,2,4,2,low_auto_accept,1,shared_dwelling_private_rooms_with_allocated_common_area,one_room,1,9-12,21.0,synthetic_H6_like_household_attributed_building_area_in_shared_dwelling,97.090701,experimental_F_scaled_whole_dwelling,90_119,matches_F_experimental_whole_dwelling,apartment,middle,2,cn-home-0147,shared_flat_private_rooms,High-rise apartment(slab type)_Guangzhou_2003,edge,19.95,16.807918,3.142082,CHN_Guangdong.Zhengcheng.592940_CSWD,71.504,727f5e6b09dcc556dda40c79b3ff34a808d77ed2abb72b10e0402e1f4718ef90,d20720f6beaa369445b2bb776947ac23f04e7f669419689395f888621731fec5,1,1,2,assigned_private_rooms_ac_only,0,,深圳市的2人家庭。合住住房中本户独用1间房，分摊建筑面积约21平方米；整套住房设计建筑面积约97.0907平方米（按模型整套净面积和实验0.95比值换算）；仅私有房间的1台空调可由本户安排，公共设备不纳入。主要说明人（39岁，通常主要在家）、伴侣（36岁，在家外出交替）。通常白天有人在家。家庭月收入情境约4000元，通常月电费情境约480元；电费不构成当前预算约束。家庭已为当前电费预留预算，按这个金额可以承担；增加用电仍需重新权衡。纳入安排的设备：空调。节费重视2/5，舒适重视4/5，系统控制边界是以自己安排为主；希望提前1小时通知。费用压力描述的是当前预算余量；节费重视描述的是调整方案时的取舍，两者分别考虑。空屋提前开空调须另确认预约或远控与本人许可。,"【合成角色条件；尚无真人回答】
cityrole-0147｜广东深圳市｜2人｜合住，本户独用1间自然房；21㎡是本户分摊建筑面积，整套住房设计建筑面积约97.0907㎡，按冻结源单元净面积和实验 0.95 比值换算，并非实测。
楼房中的一套住宅，楼层位置 中间层，房龄背景 2000—2009年；住宅原型 High-rise apartment(slab type)_Guangzhou_2003，源户位 edge，天气代理站 CHN_Guangdong.Zhengcheng.592940_CSWD（距城市约71.5km）；天气/原型及房龄并非本户实测。
m01 主要说明人，39岁，居家工作/学习 / 主要在家生活，包括居家工作、学习、休息或照护；工作日通常在家 00:00–24:00；室温感受：能接受小幅变化，变化较大会不舒服；电器时间：希望按原定时间运行，尽量不调整；参与安排：通常主要由这位成员决定；需求优先：没有特别优先；节费/错峰重视 2/4；系统控制：更愿意自己安排，尽量不让系统调整。
m02 伴侣，36岁，照顾家人 / 部分时间在家，部分时间外出；工作日通常在家 00:00–09:00、12:00–15:00、19:00–24:00；室温感受：比较敏感，小幅变化也容易不舒服；电器时间：希望按原定时间运行，尽量不调整；参与安排：通常与家人共同商量决定；需求优先：没有特别优先；节费/错峰重视 4/5；系统控制：每次先问，得到明确同意后再调整。
通常白天：大部分时间有人；晚间：部分时间有人；作息：部分成员或部分日期固定；深夜用电：很少或没有；事件当天是否在受控房间另核。
家庭月收入情境 4000元、上月电费情境 480元；电费压力 5/5。家庭已为当前电费预留预算，按这个金额可以承担；增加用电仍需重新权衡。
节费/舒适/错峰重视 2/4/2；控制边界：更愿意自己安排，尽量不让系统调整；提前通知 1 小时；受保护活动：睡眠休息, 做饭用餐。
居住方式：与他人合租；电价背景：单一时段电价；定时/自动控制经验：经常使用；既有错峰经验：没有参加过；受扰后恢复偏好：先看影响再决定；其他背景设备：没有上述设备。
空调 1台，每周 每天（7天）；傍晚到睡前（18:00—23:00），制冷设定 27℃，室温希望范围 26—28℃，可接受变化 1.5℃。条件：有人在受控房间时使用；18:00–18:30若空屋预冷，须当天确认家户许可及实际预约/远控能力，否则到家后开启；空屋冷量不算舒适收益。
参与者对十天方案的选择、理由和评分尚未填写。",UNKNOWN,NOT_COLLECTED,NOT_EXPORTED_PENDING_D_ACCEPTANCE,UNKNOWN
cityrole-0148,eb.synthetic_fixed_profile_300.v1,营口市,辽宁,210800,2,1,0,sometimes_occupied,varies,irregular,4000,480,2,电费有压力，需调整其他开支,必要生活开支较多，本月电费变化容易挤占其他项目。,both_high,4,4,3,high_trust_auto,0,independent_dwelling,two_rooms,2,30-39,69.0,synthetic_H6_like_whole_dwelling_building_area,69.0,known_synthetic_whole_dwelling,50_89,matches_synthetic_whole_dwelling,apartment,ground,1,cn-home-0148,self_contained_openplan,Low-rise apartment_Yingkou_2010,edge,51.879699,51.879699,0,CHN_Liaoning.Yingkou.544710_CSWD,2.18,50740c3038cc26df85eae1c6d90c9c8418b499578e1a4b3533439c9aa968ab93,a1d79df0e81e4a42131382a2c8b2bdc2e7b2b64225b14e5cbc693b13f82d6fbd,7,7,10,household_selected_devices,0,,营口市的2人家庭。独立住房建筑面积约69平方米，七普口径至少2间自然房间。主要说明人（32岁，轮班或时间多变）、伴侣（27岁，在家外出交替）。通常白天部分时间有人。家庭月收入情境约4000元，通常月电费情境约480元；电费有压力，需调整其他开支。必要生活开支较多，本月电费变化容易挤占其他项目。纳入安排的设备：空调、洗衣机。节费重视4/5，舒适重视4/5，系统控制边界是约定范围内可自动调整；希望提前0小时通知。费用压力描述的是当前预算余量；节费重视描述的是调整方案时的取舍，两者分别考虑。洗衣等任务需有人在家完成装载。轮班日按当天在家情况确认。,"【合成角色条件；尚无真人回答】
cityrole-0148｜辽宁营口市｜2人｜独立住宅，H7 至少2间自然房；整套设计建筑面积69㎡。
楼房中的一套住宅，楼层位置 底层，房龄背景 2010—2019年；住宅原型 Low-rise apartment_Yingkou_2010，源户位 edge，天气代理站 CHN_Liaoning.Yingkou.544710_CSWD（距城市约2.2km）；天气/原型及房龄并非本户实测。
m01 主要说明人，32岁，轮班工作 / 轮班或时间经常变化；工作日到家时段不固定；室温感受：不太敏感，室温变化较大也通常能适应；电器时间：只接受小幅提前或推迟；参与安排：通常主要由这位成员决定；需求优先：没有特别优先；节费/错峰重视 4/2；系统控制：在约定范围内，可以让系统自动调整。
m02 伴侣，27岁，暂未工作（非退休） / 部分时间在家，部分时间外出；工作日通常在家 00:00–09:00、12:00–15:00、19:00–24:00；室温感受：能接受小幅变化，变化较大会不舒服；电器时间：希望按原定时间运行，尽量不调整；参与安排：通常与家人共同商量决定；需求优先：没有特别优先；节费/错峰重视 5/3；系统控制：更愿意自己安排，尽量不让系统调整。
通常白天：部分时间有人；晚间：每天不太固定；作息：变化较多；深夜用电：偶尔；事件当天是否在受控房间另核。
家庭月收入情境 4000元、上月电费情境 480元；电费压力 2/5。必要生活开支较多，本月电费变化容易挤占其他项目。
节费/舒适/错峰重视 4/4/3；控制边界：在约定范围内，可以让系统自动调整；提前通知 无需提前；受保护活动：睡眠休息, 做饭用餐。
居住方式：整套租住；电价背景：单一时段电价；定时/自动控制经验：没有使用过；既有错峰经验：参加过；受扰后恢复偏好：保留自动安排；其他背景设备：冰箱。
空调 1台，每周 2—3天；自己选择使用时段（可跨午夜），制冷设定 24℃，室温希望范围 23—25℃，可接受变化 0.5℃，自选时段 19:00–23:00。条件：有人在受控房间时使用；轮班或事件日另核，不把空屋冷量算作舒适收益。
洗衣机 1台，每周 2—3天；默认 19:50，可从 19:00 开始，最晚 23:00 完成，一次 60 分钟。条件：默认时刻须有成员在家并完成装载；轮班或事件日另核，不默认预约或远程启动。
参与者对十天方案的选择、理由和评分尚未填写。",UNKNOWN,NOT_COLLECTED,NOT_EXPORTED_PENDING_D_ACCEPTANCE,UNKNOWN
cityrole-0149,eb.synthetic_fixed_profile_300.v1,南通市,江苏,320600,2,1,0,sometimes_occupied,partly_home,partly_regular,6400,220,5,电费不构成当前预算约束,本月电费已列入预算，按当前金额可以承担。,both_low,2,2,5,high_trust_auto,24,independent_dwelling,three_rooms,3,60-69,129.0,synthetic_H6_like_whole_dwelling_building_area,129.0,known_synthetic_whole_dwelling,120_159,matches_synthetic_whole_dwelling,apartment,top,4,cn-home-0149,self_contained_source_three_room,Low-rise apartment_Dongtai_2001,edge,96.992481,96.992481,0,CHN_Jiangsu.Lusi.582650_CSWD,69.543,c92346c9972b2dcc7f2064862db0b41111de3985fdfd3db09d6fc2ec585f6b6c,53a4b28326c62361bf0062ff5e46394704c13688b67473232d9306116653f01e,7,7,10,household_selected_devices,0,,南通市的2人家庭。独立住房建筑面积约129平方米，七普口径至少3间自然房间。主要说明人（41岁，在家外出交替）、伴侣（44岁，通常定时外出）。通常白天部分时间有人。家庭月收入情境约6400元，通常月电费情境约220元；电费不构成当前预算约束。本月电费已列入预算，按当前金额可以承担。纳入安排的设备：空调、洗衣机。节费重视2/5，舒适重视2/5，系统控制边界是约定范围内可自动调整；希望提前24小时通知。费用与室温都不是首要判断项，家里更关注日常任务是否照计划完成。洗衣等任务需有人在家完成装载。空屋提前开空调须另确认预约或远控与本人许可。,"【合成角色条件；尚无真人回答】
cityrole-0149｜江苏南通市｜2人｜独立住宅，H7 至少3间自然房；整套设计建筑面积129㎡。
楼房中的一套住宅，楼层位置 顶层，房龄背景 2000—2009年；住宅原型 Low-rise apartment_Dongtai_2001，源户位 edge，天气代理站 CHN_Jiangsu.Lusi.582650_CSWD（距城市约69.5km）；天气/原型及房龄并非本户实测。
m01 主要说明人，41岁，照顾家人 / 部分时间在家，部分时间外出；工作日通常在家 00:00–09:00、12:00–15:00、19:00–24:00；室温感受：比较敏感，小幅变化也容易不舒服；电器时间：只接受小幅提前或推迟；参与安排：通常主要由这位成员决定；需求优先：没有特别优先；节费/错峰重视 2/5；系统控制：在约定范围内，可以让系统自动调整。
m02 伴侣，44岁，在外工作 / 通常固定时间外出工作或学习；工作日通常在家 00:00–07:30、18:30–24:00；室温感受：不太敏感，室温变化较大也通常能适应；电器时间：只接受小幅提前或推迟；参与安排：通常与家人共同商量决定；需求优先：没有特别优先；节费/错峰重视 1/1；系统控制：在约定范围内，可以让系统自动调整。
通常白天：部分时间有人；晚间：部分时间有人；作息：部分成员或部分日期固定；深夜用电：很少或没有；事件当天是否在受控房间另核。
家庭月收入情境 6400元、上月电费情境 220元；电费压力 5/5。本月电费已列入预算，按当前金额可以承担。
节费/舒适/错峰重视 2/2/5；控制边界：在约定范围内，可以让系统自动调整；提前通知 一天；受保护活动：睡眠休息, 做饭用餐。
居住方式：自有住房；电价背景：峰谷分时电价；定时/自动控制经验：偶尔使用；既有错峰经验：没有参加过；受扰后恢复偏好：改回原安排；其他背景设备：冰箱。
空调 2台，每周 4—6天；傍晚到睡前（18:00—23:00），制冷设定 25℃，室温希望范围 24—26℃，可接受变化 1℃。条件：有人在受控房间时使用；18:00–18:30若空屋预冷，须当天确认家户许可及实际预约/远控能力，否则到家后开启；空屋冷量不算舒适收益。
洗衣机 1台，每周 4—6天；默认 21:00，可从 19:00 开始，最晚 24:00 完成，一次 60 分钟。条件：默认时刻须有成员在家并完成装载；轮班或事件日另核，不默认预约或远程启动。
参与者对十天方案的选择、理由和评分尚未填写。",UNKNOWN,NOT_COLLECTED,NOT_EXPORTED_PENDING_D_ACCEPTANCE,UNKNOWN
cityrole-0150,eb.synthetic_fixed_profile_300.v1,许昌市,河南,411000,2,1,0,mostly_occupied,partly_home,partly_regular,6400,720,3,电费可承担，但会留意变化,本月电费可承担，但家庭会留意它的变化。,both_low,2,2,1,confirm_required,12,independent_dwelling,two_rooms,2,30-39,69.0,synthetic_H6_like_whole_dwelling_building_area,69.0,known_synthetic_whole_dwelling,50_89,matches_synthetic_whole_dwelling,apartment,middle,3,cn-home-0150,self_contained_openplan,Low-rise apartment_Zhengzhou_2018,middle,51.879699,51.879699,0,CHN_Henan.Zhengzhou.570830_CSWD,79.071,5c7f20613a94f695be63734559173574f32406af8c0f407e0ea7eb63f5228c64,1b5975a3e29d2a2ab17189eea4089e4f7158c2a6bdc4ac72f9f3956f17de952c,7,7,8,household_selected_devices,0,,许昌市的2人家庭。独立住房建筑面积约69平方米，七普口径至少2间自然房间。主要说明人（37岁，在家外出交替）、伴侣（40岁，通常主要在家）。通常白天有人在家。家庭月收入情境约6400元，通常月电费情境约720元；电费可承担，但会留意变化。本月电费可承担，但家庭会留意它的变化。纳入安排的设备：洗衣机、电热水器。节费重视2/5，舒适重视2/5，系统控制边界是每次先确认；希望提前12小时通知。费用与室温都不是首要判断项，家里更关注日常任务是否照计划完成。洗衣等任务需有人在家完成装载。,"【合成角色条件；尚无真人回答】
cityrole-0150｜河南许昌市｜2人｜独立住宅，H7 至少2间自然房；整套设计建筑面积69㎡。
楼房中的一套住宅，楼层位置 中间层，房龄背景 2010—2019年；住宅原型 Low-rise apartment_Zhengzhou_2018，源户位 middle，天气代理站 CHN_Henan.Zhengzhou.570830_CSWD（距城市约79.1km）；天气/原型及房龄并非本户实测。
m01 主要说明人，37岁，暂未工作（非退休） / 部分时间在家，部分时间外出；工作日通常在家 00:00–09:00、12:00–15:00、19:00–24:00；室温感受：能接受小幅变化，变化较大会不舒服；电器时间：只要按时完成，具体运行时间都可以；参与安排：通常主要由这位成员决定；需求优先：没有特别优先；节费/错峰重视 2/3；系统控制：每次先问，得到明确同意后再调整。
m02 伴侣，40岁，居家工作/学习 / 主要在家生活，包括居家工作、学习、休息或照护；工作日通常在家 00:00–24:00；室温感受：比较敏感，小幅变化也容易不舒服；电器时间：只接受小幅提前或推迟；参与安排：通常与家人共同商量决定；需求优先：没有特别优先；节费/错峰重视 2/4；系统控制：每次先问，得到明确同意后再调整。
通常白天：大部分时间有人；晚间：部分时间有人；作息：部分成员或部分日期固定；深夜用电：很少或没有；事件当天是否在受控房间另核。
家庭月收入情境 6400元、上月电费情境 720元；电费压力 3/5。本月电费可承担，但家庭会留意它的变化。
节费/舒适/错峰重视 2/2/1；控制边界：每次先问我，得到明确同意后再调整；提前通知 半天；受保护活动：睡眠休息, 做饭用餐。
居住方式：自有住房；电价背景：单一时段电价；定时/自动控制经验：经常使用；既有错峰经验：没有参加过；受扰后恢复偏好：改回原安排；其他背景设备：冰箱。
洗衣机 1台，每周 每天（7天）；默认 19:00，可从 19:00 开始，最晚 23:00 完成，一次 60 分钟。条件：默认时刻须有成员在家并完成装载；轮班或事件日另核，不默认预约或远程启动。
电热水器 1台，每周 每天（7天）；加热 19:50–22:00，需热水 21:00，提前加热：不希望提前加热。条件：普通加热须对准有人需要热水的时段；事件日及额外提前加热按当次许可确认。
参与者对十天方案的选择、理由和评分尚未填写。",UNKNOWN,NOT_COLLECTED,NOT_EXPORTED_PENDING_D_ACCEPTANCE,UNKNOWN
cityrole-0151,eb.synthetic_fixed_profile_300.v1,南京市,江苏,320100,2,1,0,variable,varies,irregular,4000,360,5,电费不构成当前预算约束,家庭已为当前电费预留预算，按这个金额可以承担；增加用电仍需重新权衡。,middle,3,3,3,high_trust_auto,72,independent_dwelling,four_rooms,4,40-49,89.0,synthetic_H6_like_whole_dwelling_building_area,89.0,known_synthetic_whole_dwelling,50_89,matches_synthetic_whole_dwelling,apartment,middle,2,cn-home-0151,self_contained_four_room_thermally_aggregated,Low-rise apartment_Nanjing_2001,middle,66.917293,66.917293,0,CHN_Jiangsu.Nanjing.582380_CSWD,88.368,a3597e683006c39186eb8fa774c0a811de2174e42e644672ddb64057cabe52e2,5ac2911e94556f71fa2ed766327a41b801759fa8ebabe32617d065c556a1fb94,7,7,8,household_selected_devices,0,,南京市的2人家庭。独立住房建筑面积约89平方米，七普口径至少4间自然房间。主要说明人（31岁，通常定时外出）、伴侣（32岁，轮班或时间多变）。通常白天不固定。家庭月收入情境约4000元，通常月电费情境约360元；电费不构成当前预算约束。家庭已为当前电费预留预算，按这个金额可以承担；增加用电仍需重新权衡。纳入安排的设备：空调、洗衣机。节费重视3/5，舒适重视3/5，系统控制边界是约定范围内可自动调整；希望提前72小时通知。费用压力描述的是当前预算余量；节费重视描述的是调整方案时的取舍，两者分别考虑。洗衣等任务需有人在家完成装载。空屋提前开空调须另确认预约或远控与本人许可。轮班日按当天在家情况确认。,"【合成角色条件；尚无真人回答】
cityrole-0151｜江苏南京市｜2人｜独立住宅，H7 至少4间自然房；整套设计建筑面积89㎡。
楼房中的一套住宅，楼层位置 中间层，房龄背景 2000—2009年；住宅原型 Low-rise apartment_Nanjing_2001，源户位 middle，天气代理站 CHN_Jiangsu.Nanjing.582380_CSWD（距城市约88.4km）；天气/原型及房龄并非本户实测。
m01 主要说明人，31岁，在外工作 / 通常固定时间外出工作或学习；工作日通常在家 00:00–07:30、18:30–24:00；室温感受：不太敏感，室温变化较大也通常能适应；电器时间：只要按时完成，具体运行时间都可以；参与安排：通常主要由这位成员决定；需求优先：没有特别优先；节费/错峰重视 3/1；系统控制：在约定范围内，可以让系统自动调整。
m02 伴侣，32岁，轮班工作 / 轮班或时间经常变化；工作日到家时段不固定；室温感受：能接受小幅变化，变化较大会不舒服；电器时间：只要按时完成，具体运行时间都可以；参与安排：通常与家人共同商量决定；需求优先：没有特别优先；节费/错峰重视 3/2；系统控制：更愿意自己安排，尽量不让系统调整。
通常白天：不固定，很难概括；晚间：每天不太固定；作息：变化较多；深夜用电：偶尔；事件当天是否在受控房间另核。
家庭月收入情境 4000元、上月电费情境 360元；电费压力 5/5。家庭已为当前电费预留预算，按这个金额可以承担；增加用电仍需重新权衡。
节费/舒适/错峰重视 3/3/3；控制边界：在约定范围内，可以让系统自动调整；提前通知 三天或更早；受保护活动：睡眠休息, 做饭用餐。
居住方式：与他人合租；电价背景：单一时段电价；定时/自动控制经验：偶尔使用；既有错峰经验：没有参加过；受扰后恢复偏好：先看影响再决定；其他背景设备：冰箱。
空调 1台，每周 2—3天；傍晚到睡前（18:00—23:00），制冷设定 27℃，室温希望范围 26—28℃，可接受变化 0.5℃。条件：有人在受控房间时使用；18:00–18:30若空屋预冷，须当天确认家户许可及实际预约/远控能力，否则到家后开启；空屋冷量不算舒适收益。
洗衣机 1台，每周 2—3天；默认 19:50，可从 19:00 开始，最晚 23:00 完成，一次 60 分钟。条件：默认时刻须有成员在家并完成装载；轮班或事件日另核，不默认预约或远程启动。
参与者对十天方案的选择、理由和评分尚未填写。",UNKNOWN,NOT_COLLECTED,NOT_EXPORTED_PENDING_D_ACCEPTANCE,UNKNOWN
cityrole-0152,eb.synthetic_fixed_profile_300.v1,郴州市,湖南,431000,3,2,0,mostly_occupied,partly_home,partly_regular,9600,220,5,电费不构成当前预算约束,本月电费已列入预算，按当前金额可以承担。,both_low,1,1,1,confirm_required,0.5,independent_dwelling,three_rooms,3,20-29,73.5,synthetic_H6_like_whole_dwelling_building_area,73.5,known_synthetic_whole_dwelling,50_89,matches_synthetic_whole_dwelling,apartment,middle,6,cn-home-0152,self_contained_source_three_room,High-rise apartment(slab type)_Changning_2010,middle,55.263158,55.263158,0,CHN_Hunan.Changning.578740_CSWD,93.012,70b00928fd58c4f8ea54984ed8260f9fa261dbe1f67db7b3cd219e8e81131be7,167a437ec763c1a434f33c650053cb1f18cc412f624148ac0c336c53b66f13a7,7,7,8,household_selected_devices,0,,郴州市的3人家庭。独立住房建筑面积约73.5平方米，七普口径至少3间自然房间。主要说明人（55岁，通常主要在家）、子女（27岁，在家外出交替）、子女（31岁，通常定时外出）。通常白天有人在家。家庭月收入情境约9600元，通常月电费情境约220元；电费不构成当前预算约束。本月电费已列入预算，按当前金额可以承担。纳入安排的设备：空调、洗衣机、电热水器。节费重视1/5，舒适重视1/5，系统控制边界是每次先确认；希望提前0.5小时通知。费用与室温都不是首要判断项，家里更关注日常任务是否照计划完成。洗衣等任务需有人在家完成装载。,"【合成角色条件；尚无真人回答】
cityrole-0152｜湖南郴州市｜3人｜独立住宅，H7 至少3间自然房；整套设计建筑面积73.5㎡。
楼房中的一套住宅，楼层位置 中间层，房龄背景 2010—2019年；住宅原型 High-rise apartment(slab type)_Changning_2010，源户位 middle，天气代理站 CHN_Hunan.Changning.578740_CSWD（距城市约93.0km）；天气/原型及房龄并非本户实测。
m01 主要说明人，55岁，居家工作/学习 / 主要在家生活，包括居家工作、学习、休息或照护；工作日通常在家 00:00–24:00；室温感受：比较敏感，小幅变化也容易不舒服；电器时间：希望按原定时间运行，尽量不调整；参与安排：通常主要由这位成员决定；需求优先：没有特别优先；节费/错峰重视 1/4；系统控制：每次先问，得到明确同意后再调整。
m02 子女，27岁，照顾家人 / 部分时间在家，部分时间外出；工作日通常在家 00:00–09:00、12:00–15:00、19:00–24:00；室温感受：不太敏感，室温变化较大也通常能适应；电器时间：只要按时完成，具体运行时间都可以；参与安排：通常与家人共同商量决定；需求优先：没有特别优先；节费/错峰重视 4/5；系统控制：在约定范围内，可以让系统自动调整。
m03 子女，31岁，在外工作 / 通常固定时间外出工作或学习；工作日通常在家 00:00–07:30、18:30–24:00；室温感受：能接受小幅变化，变化较大会不舒服；电器时间：只要按时完成，具体运行时间都可以；参与安排：通常与家人共同商量决定；需求优先：没有特别优先；节费/错峰重视 1/1；系统控制：更愿意自己安排，尽量不让系统调整。
通常白天：大部分时间有人；晚间：部分时间有人；作息：部分成员或部分日期固定；深夜用电：很少或没有；事件当天是否在受控房间另核。
家庭月收入情境 9600元、上月电费情境 220元；电费压力 5/5。本月电费已列入预算，按当前金额可以承担。
节费/舒适/错峰重视 1/1/1；控制边界：每次先问我，得到明确同意后再调整；提前通知 半小时；受保护活动：睡眠休息, 做饭用餐。
居住方式：与他人合租；电价背景：峰谷分时电价；定时/自动控制经验：偶尔使用；既有错峰经验：没有参加过；受扰后恢复偏好：改回原安排；其他背景设备：冰箱。
空调 1台，每周 4—6天；自己选择使用时段（可跨午夜），制冷设定 24℃，室温希望范围 23—25℃，可接受变化 1℃，自选时段 16:00–23:00。条件：有人在受控房间时使用；轮班或事件日另核，不把空屋冷量算作舒适收益。
洗衣机 1台，每周 4—6天；默认 21:00，可从 19:00 开始，最晚 24:00 完成，一次 60 分钟。条件：默认时刻须有成员在家并完成装载；轮班或事件日另核，不默认预约或远程启动。
电热水器 1台，每周 4—6天；加热 19:00–22:00，需热水 21:00，提前加热：每次先确认。条件：普通加热须对准有人需要热水的时段；事件日及额外提前加热按当次许可确认。
参与者对十天方案的选择、理由和评分尚未填写。",UNKNOWN,NOT_COLLECTED,NOT_EXPORTED_PENDING_D_ACCEPTANCE,UNKNOWN
cityrole-0153,eb.synthetic_fixed_profile_300.v1,青岛市,山东,370200,2,1,0,sometimes_occupied,varies,irregular,13000,720,4,电费有余量，通常不需改变开支,本月电费占可安排预算较小。,middle,3,3,3,high_trust_auto,3,independent_dwelling,three_rooms,3,30-39,69.0,synthetic_H6_like_whole_dwelling_building_area,69.0,known_synthetic_whole_dwelling,50_89,matches_synthetic_whole_dwelling,apartment,middle,3,cn-home-0153,self_contained_source_three_room,Low-rise apartment_Weifang_1995,edge,51.879699,51.879699,0,CHN_Shandong.Weifang.548430_CSWD,126.287,f126b4e56bc616992c2f815ac9760ff4f82fdfb5f16a91461c045d903f15a553,bdcb91dabd8631668ffae05d34c6927a63ecaf81a51422c5d83aaa3fd368051c,7,7,10,household_selected_devices,0,,青岛市的2人家庭。独立住房建筑面积约69平方米，七普口径至少3间自然房间。主要说明人（35岁，轮班或时间多变）、伴侣（38岁，在家外出交替）。通常白天部分时间有人。家庭月收入情境约13000元，通常月电费情境约720元；电费有余量，通常不需改变开支。本月电费占可安排预算较小。纳入安排的设备：空调、洗衣机、电热水器。节费重视3/5，舒适重视3/5，系统控制边界是约定范围内可自动调整；希望提前3小时通知。费用压力描述的是当前预算余量；节费重视描述的是调整方案时的取舍，两者分别考虑。洗衣等任务需有人在家完成装载。空屋提前开空调须另确认预约或远控与本人许可。轮班日按当天在家情况确认。,"【合成角色条件；尚无真人回答】
cityrole-0153｜山东青岛市｜2人｜独立住宅，H7 至少3间自然房；整套设计建筑面积69㎡。
楼房中的一套住宅，楼层位置 中间层，房龄背景 2000年前；住宅原型 Low-rise apartment_Weifang_1995，源户位 edge，天气代理站 CHN_Shandong.Weifang.548430_CSWD（距城市约126.3km）；天气/原型及房龄并非本户实测。
m01 主要说明人，35岁，轮班工作 / 轮班或时间经常变化；工作日到家时段不固定；室温感受：能接受小幅变化，变化较大会不舒服；电器时间：希望按原定时间运行，尽量不调整；参与安排：通常主要由这位成员决定；需求优先：没有特别优先；节费/错峰重视 3/2；系统控制：在约定范围内，可以让系统自动调整。
m02 伴侣，38岁，暂未工作（非退休） / 部分时间在家，部分时间外出；工作日通常在家 00:00–09:00、12:00–15:00、19:00–24:00；室温感受：比较敏感，小幅变化也容易不舒服；电器时间：希望按原定时间运行，尽量不调整；参与安排：通常与家人共同商量决定；需求优先：没有特别优先；节费/错峰重视 5/3；系统控制：每次先问，得到明确同意后再调整。
通常白天：部分时间有人；晚间：每天不太固定；作息：变化较多；深夜用电：偶尔；事件当天是否在受控房间另核。
家庭月收入情境 13000元、上月电费情境 720元；电费压力 4/5。本月电费占可安排预算较小。
节费/舒适/错峰重视 3/3/3；控制边界：在约定范围内，可以让系统自动调整；提前通知 3 小时；受保护活动：睡眠休息, 做饭用餐。
居住方式：自有住房；电价背景：峰谷分时电价；定时/自动控制经验：没有使用过；既有错峰经验：没有参加过；受扰后恢复偏好：保留自动安排；其他背景设备：冰箱。
空调 2台，每周 每天（7天）；傍晚到睡前（18:00—23:00），制冷设定 25℃，室温希望范围 24—26℃，可接受变化 1.5℃。条件：有人在受控房间时使用；18:00–18:30若空屋预冷，须当天确认家户许可及实际预约/远控能力，否则到家后开启；空屋冷量不算舒适收益。
洗衣机 1台，每周 每天（7天）；默认 19:00，可从 19:00 开始，最晚 23:00 完成，一次 60 分钟。条件：默认时刻须有成员在家并完成装载；轮班或事件日另核，不默认预约或远程启动。
电热水器 1台，每周 每天（7天）；加热 19:50–22:00，需热水 21:00，提前加热：不希望提前加热。条件：普通加热须对准有人需要热水的时段；事件日及额外提前加热按当次许可确认。
参与者对十天方案的选择、理由和评分尚未填写。",UNKNOWN,NOT_COLLECTED,NOT_EXPORTED_PENDING_D_ACCEPTANCE,UNKNOWN
cityrole-0154,eb.synthetic_fixed_profile_300.v1,承德市,河北,130800,3,2,0,sometimes_occupied,varies,irregular,9600,120,2,电费有压力，需调整其他开支,必要生活开支较多，本月电费变化容易挤占其他项目。,saving_priority,5,1,2,confirm_required,24,independent_dwelling,two_rooms,2,17-19,54.0,synthetic_H6_like_whole_dwelling_building_area,54.0,known_synthetic_whole_dwelling,50_89,matches_synthetic_whole_dwelling,apartment,middle,2,cn-home-0154,self_contained_openplan,Low-rise apartment_Chengde_1995,edge,40.601504,40.601504,0,CHN_Hebei.Chengde.544230_CSWD,2.945,7986d7c579e7f22281d21b0f2519d5ab860b819b57890d0ef34686f1549c708b,5f432e6827bb73914ab6db0a885971f95e4b526f980b274e850fb07e0f071231,7,7,10,household_selected_devices,0,,承德市的3人家庭。独立住房建筑面积约54平方米，七普口径至少2间自然房间。主要说明人（52岁，在家外出交替）、子女（26岁，通常定时外出）、子女（23岁，轮班或时间多变）。通常白天部分时间有人。家庭月收入情境约9600元，通常月电费情境约120元；电费有压力，需调整其他开支。必要生活开支较多，本月电费变化容易挤占其他项目。纳入安排的设备：电热水器。节费重视5/5，舒适重视1/5，系统控制边界是每次先确认；希望提前24小时通知。费用压力描述的是当前预算余量；节费重视描述的是调整方案时的取舍，两者分别考虑。轮班日按当天在家情况确认。,"【合成角色条件；尚无真人回答】
cityrole-0154｜河北承德市｜3人｜独立住宅，H7 至少2间自然房；整套设计建筑面积54㎡。
楼房中的一套住宅，楼层位置 中间层，房龄背景 2000年前；住宅原型 Low-rise apartment_Chengde_1995，源户位 edge，天气代理站 CHN_Hebei.Chengde.544230_CSWD（距城市约2.9km）；天气/原型及房龄并非本户实测。
m01 主要说明人，52岁，照顾家人 / 部分时间在家，部分时间外出；工作日通常在家 00:00–09:00、12:00–15:00、19:00–24:00；室温感受：不太敏感，室温变化较大也通常能适应；电器时间：只接受小幅提前或推迟；参与安排：通常主要由这位成员决定；需求优先：没有特别优先；节费/错峰重视 5/5；系统控制：每次先问，得到明确同意后再调整。
m02 子女，26岁，在外工作 / 通常固定时间外出工作或学习；工作日通常在家 00:00–07:30、18:30–24:00；室温感受：能接受小幅变化，变化较大会不舒服；电器时间：希望按原定时间运行，尽量不调整；参与安排：通常与家人共同商量决定；需求优先：没有特别优先；节费/错峰重视 1/1；系统控制：更愿意自己安排，尽量不让系统调整。
m03 子女，23岁，轮班工作 / 轮班或时间经常变化；工作日到家时段不固定；室温感受：比较敏感，小幅变化也容易不舒服；电器时间：希望按原定时间运行，尽量不调整；参与安排：通常与家人共同商量决定；需求优先：没有特别优先；节费/错峰重视 3/2；系统控制：每次先问，得到明确同意后再调整。
通常白天：部分时间有人；晚间：每天不太固定；作息：变化较多；深夜用电：偶尔；事件当天是否在受控房间另核。
家庭月收入情境 9600元、上月电费情境 120元；电费压力 2/5。必要生活开支较多，本月电费变化容易挤占其他项目。
节费/舒适/错峰重视 5/1/2；控制边界：每次先问我，得到明确同意后再调整；提前通知 一天；受保护活动：睡眠休息, 做饭用餐。
居住方式：整套租住；电价背景：单一时段电价；定时/自动控制经验：经常使用；既有错峰经验：没有参加过；受扰后恢复偏好：保留自动安排；其他背景设备：冰箱。
电热水器 1台，每周 2—3天；加热 06:00–08:00，需热水 07:00，提前加热：可以提前安排。条件：普通加热须对准有人需要热水的时段；事件日及额外提前加热按当次许可确认。
参与者对十天方案的选择、理由和评分尚未填写。",UNKNOWN,NOT_COLLECTED,NOT_EXPORTED_PENDING_D_ACCEPTANCE,UNKNOWN
cityrole-0155,eb.synthetic_fixed_profile_300.v1,岳阳市,湖南,430600,3,2,0,sometimes_occupied,partly_home,partly_regular,19500,520,3,电费可承担，但会留意变化,本月电费可承担，但家庭会留意它的变化。,both_low,1,1,2,confirm_required,1,independent_dwelling,four_rooms,4,50-59,163.5,synthetic_H6_like_whole_dwelling_building_area,163.5,known_synthetic_whole_dwelling,ge160,matches_synthetic_whole_dwelling,apartment,top,9,cn-home-0155,self_contained_four_room_thermally_aggregated,High-rise apartment(slab type)_Nanxian_2010,middle,122.932331,122.932331,0,CHN_Hunan.Nanxian.575740_CSWD,70.013,0839a717d36ac8d6db2a96d627c5c5585ab54021abf3ab1b785f3ddf15f6f717,8efdbbc7d1625d21f1ed63068e30b2770c3dcc18076c6cee35b4f616f802d4ec,7,7,8,household_selected_devices,0,,岳阳市的3人家庭。独立住房建筑面积约163.5平方米，七普口径至少4间自然房间。主要说明人（42岁，在家外出交替）、子女（16岁，通常定时外出）、伴侣（39岁，在家外出交替）。通常白天部分时间有人。家庭月收入情境约19500元，通常月电费情境约520元；电费可承担，但会留意变化。本月电费可承担，但家庭会留意它的变化。纳入安排的设备：洗衣机。节费重视1/5，舒适重视1/5，系统控制边界是每次先确认；希望提前1小时通知。费用与室温都不是首要判断项，家里更关注日常任务是否照计划完成。洗衣等任务需有人在家完成装载。,"【合成角色条件；尚无真人回答】
cityrole-0155｜湖南岳阳市｜3人｜独立住宅，H7 至少4间自然房；整套设计建筑面积163.5㎡。
楼房中的一套住宅，楼层位置 顶层，房龄背景 2010—2019年；住宅原型 High-rise apartment(slab type)_Nanxian_2010，源户位 middle，天气代理站 CHN_Hunan.Nanxian.575740_CSWD（距城市约70.0km）；天气/原型及房龄并非本户实测。
m01 主要说明人，42岁，暂未工作（非退休） / 部分时间在家，部分时间外出；工作日通常在家 00:00–09:00、12:00–15:00、19:00–24:00；室温感受：比较敏感，小幅变化也容易不舒服；电器时间：只接受小幅提前或推迟；参与安排：通常主要由这位成员决定；需求优先：没有特别优先；节费/错峰重视 1/3；系统控制：每次先问，得到明确同意后再调整。
m02 子女，16岁，上学 / 通常固定时间外出工作或学习；工作日通常在家 00:00–07:30、18:30–24:00；室温感受：不太敏感，室温变化较大也通常能适应；电器时间：只接受小幅提前或推迟；参与安排：通常与家人共同商量决定；需求优先：通常会优先考虑；节费/错峰重视 2/4；系统控制：在约定范围内，可以让系统自动调整。
m03 伴侣，39岁，照顾家人 / 部分时间在家，部分时间外出；工作日通常在家 00:00–09:00、12:00–15:00、19:00–24:00；室温感受：能接受小幅变化，变化较大会不舒服；电器时间：希望按原定时间运行，尽量不调整；参与安排：通常与家人共同商量决定；需求优先：没有特别优先；节费/错峰重视 4/5；系统控制：更愿意自己安排，尽量不让系统调整。
通常白天：部分时间有人；晚间：部分时间有人；作息：部分成员或部分日期固定；深夜用电：很少或没有；事件当天是否在受控房间另核。
家庭月收入情境 19500元、上月电费情境 520元；电费压力 3/5。本月电费可承担，但家庭会留意它的变化。
节费/舒适/错峰重视 1/1/2；控制边界：每次先问我，得到明确同意后再调整；提前通知 1 小时；受保护活动：睡眠休息, 做饭用餐, 照顾家人。
居住方式：与他人合租；电价背景：单一时段电价；定时/自动控制经验：经常使用；既有错峰经验：参加过；受扰后恢复偏好：先看影响再决定；其他背景设备：冰箱。
洗衣机 1台，每周 4—6天；默认 21:00，可从 19:00 开始，最晚 24:00 完成，一次 60 分钟。条件：默认时刻须有成员在家并完成装载；轮班或事件日另核，不默认预约或远程启动。
参与者对十天方案的选择、理由和评分尚未填写。",UNKNOWN,NOT_COLLECTED,NOT_EXPORTED_PENDING_D_ACCEPTANCE,UNKNOWN
cityrole-0156,eb.synthetic_fixed_profile_300.v1,寿光市,山东,370783,1,1,0,mostly_absent,mostly_home,regular,4500,520,1,电费超出预算会挤占必要支出,必要生活开支较多，本月电费变化容易挤占其他项目。,both_high,4,4,2,confirm_required,1,independent_dwelling,two_rooms,2,40-49,44.5,synthetic_H6_like_whole_dwelling_building_area,44.5,known_synthetic_whole_dwelling,lt50,matches_synthetic_whole_dwelling,apartment,middle,4,cn-home-0156,self_contained_openplan,High-rise apartment(slab type)_Weifang_2010,middle,33.458647,33.458647,0,CHN_Shandong.Weifang.548430_CSWD,40.436,f126b4e56bc616992c2f815ac9760ff4f82fdfb5f16a91461c045d903f15a553,4e610433c06c1f65ab98f97b44d21a131121533cd17624ccdfadda8373bcce3d,7,7,8,household_selected_devices,0,,寿光市的1人家庭。独立住房建筑面积约44.5平方米，七普口径至少2间自然房间。主要说明人（48岁，通常定时外出）。通常白天多在外。家庭月收入情境约4500元，通常月电费情境约520元；电费超出预算会挤占必要支出。必要生活开支较多，本月电费变化容易挤占其他项目。纳入安排的设备：空调、洗衣机、电热水器。节费重视4/5，舒适重视4/5，系统控制边界是每次先确认；希望提前1小时通知。费用压力描述的是当前预算余量；节费重视描述的是调整方案时的取舍，两者分别考虑。洗衣等任务需有人在家完成装载。空屋提前开空调须另确认预约或远控与本人许可。,"【合成角色条件；尚无真人回答】
cityrole-0156｜山东寿光市｜1人｜独立住宅，H7 至少2间自然房；整套设计建筑面积44.5㎡。
楼房中的一套住宅，楼层位置 中间层，房龄背景 2010—2019年；住宅原型 High-rise apartment(slab type)_Weifang_2010，源户位 middle，天气代理站 CHN_Shandong.Weifang.548430_CSWD（距城市约40.4km）；天气/原型及房龄并非本户实测。
m01 主要说明人，48岁，在外工作 / 通常固定时间外出工作或学习；工作日通常在家 00:00–07:30、18:30–24:00；室温感受：能接受小幅变化，变化较大会不舒服；电器时间：只要按时完成，具体运行时间都可以；参与安排：通常主要由这位成员决定；需求优先：没有特别优先；节费/错峰重视 4/1；系统控制：每次先问，得到明确同意后再调整。
通常白天：大部分时间没人；晚间：大部分时间有人；作息：大体固定；深夜用电：很少或没有；事件当天是否在受控房间另核。
家庭月收入情境 4500元、上月电费情境 520元；电费压力 1/5。必要生活开支较多，本月电费变化容易挤占其他项目。
节费/舒适/错峰重视 4/4/2；控制边界：每次先问我，得到明确同意后再调整；提前通知 1 小时；受保护活动：睡眠休息, 做饭用餐。
居住方式：自有住房；电价背景：峰谷分时电价；定时/自动控制经验：经常使用；既有错峰经验：没有参加过；受扰后恢复偏好：先看影响再决定；其他背景设备：冰箱。
空调 1台，每周 每天（7天）；傍晚到睡前（18:00—23:00），制冷设定 24℃，室温希望范围 23—25℃，可接受变化 1.5℃。条件：有人在受控房间时使用；18:00–18:30若空屋预冷，须当天确认家户许可及实际预约/远控能力，否则到家后开启；空屋冷量不算舒适收益。
洗衣机 1台，每周 每天（7天）；默认 19:00，可从 19:00 开始，最晚 23:00 完成，一次 60 分钟。条件：默认时刻须有成员在家并完成装载；轮班或事件日另核，不默认预约或远程启动。
电热水器 1台，每周 每天（7天）；加热 19:50–22:00，需热水 21:00，提前加热：不希望提前加热。条件：普通加热须对准有人需要热水的时段；事件日及额外提前加热按当次许可确认。
参与者对十天方案的选择、理由和评分尚未填写。",UNKNOWN,NOT_COLLECTED,NOT_EXPORTED_PENDING_D_ACCEPTANCE,UNKNOWN
cityrole-0157,eb.synthetic_fixed_profile_300.v1,广州市,广东,440100,3,2,0,mostly_occupied,mostly_home,regular,6000,360,3,电费可承担，但会留意变化,本月电费可承担，但家庭会留意它的变化。,both_low,2,2,2,low_auto_accept,6,independent_dwelling,three_rooms,3,30-39,103.5,synthetic_H6_like_whole_dwelling_building_area,103.5,known_synthetic_whole_dwelling,90_119,matches_synthetic_whole_dwelling,apartment,middle,3,cn-home-0157,self_contained_source_three_room,High-rise apartment(slab type)_Guangzhou_2003,middle,77.819549,77.819549,0,CHN_Guangdong.Guangzhou.592870_CSWD,5.46,8aba1405cf372b1266858ed2455d3b45d43a20315f9e450e72373d5a70b4a026,af5ac9c1ec09accda5bf07959b01d60d9974dde1d81854d19c329a45fa01accd,7,7,8,household_selected_devices,0,,广州市的3人家庭。独立住房建筑面积约103.5平方米，七普口径至少3间自然房间。主要说明人（42岁，通常主要在家）、子女（5岁，通常主要在家）、伴侣（42岁，通常定时外出）。通常白天有人在家。家庭月收入情境约6000元，通常月电费情境约360元；电费可承担，但会留意变化。本月电费可承担，但家庭会留意它的变化。纳入安排的设备：空调、洗衣机、洗碗机、电热水器。节费重视2/5，舒适重视2/5，系统控制边界是以自己安排为主；希望提前6小时通知。费用与室温都不是首要判断项，家里更关注日常任务是否照计划完成。洗衣等任务需有人在家完成装载。,"【合成角色条件；尚无真人回答】
cityrole-0157｜广东广州市｜3人｜独立住宅，H7 至少3间自然房；整套设计建筑面积103.5㎡。
楼房中的一套住宅，楼层位置 中间层，房龄背景 2000—2009年；住宅原型 High-rise apartment(slab type)_Guangzhou_2003，源户位 middle，天气代理站 CHN_Guangdong.Guangzhou.592870_CSWD（距城市约5.5km）；天气/原型及房龄并非本户实测。
m01 主要说明人，42岁，居家工作/学习 / 主要在家生活，包括居家工作、学习、休息或照护；工作日通常在家 00:00–24:00；室温感受：不太敏感，室温变化较大也通常能适应；电器时间：只要按时完成，具体运行时间都可以；参与安排：通常主要由这位成员决定；需求优先：没有特别优先；节费/错峰重视 2/4；系统控制：更愿意自己安排，尽量不让系统调整。
m02 子女，5岁，尚未入学 / 主要在家生活，包括居家工作、学习、休息或照护；工作日通常在家 00:00–24:00；室温感受：能接受小幅变化，变化较大会不舒服；电器时间：只要按时完成，具体运行时间都可以；参与安排：通常与家人共同商量决定；需求优先：通常会优先考虑；节费/错峰重视 4/5；系统控制：更愿意自己安排，尽量不让系统调整。
m03 伴侣，42岁，在外工作 / 通常固定时间外出工作或学习；工作日通常在家 00:00–07:30、18:30–24:00；室温感受：比较敏感，小幅变化也容易不舒服；电器时间：只接受小幅提前或推迟；参与安排：通常与家人共同商量决定；需求优先：没有特别优先；节费/错峰重视 1/1；系统控制：每次先问，得到明确同意后再调整。
通常白天：大部分时间有人；晚间：大部分时间有人；作息：大体固定；深夜用电：很少或没有；事件当天是否在受控房间另核。
家庭月收入情境 6000元、上月电费情境 360元；电费压力 3/5。本月电费可承担，但家庭会留意它的变化。
节费/舒适/错峰重视 2/2/2；控制边界：更愿意自己安排，尽量不让系统调整；提前通知 6 小时；受保护活动：睡眠休息, 做饭用餐, 照顾家人。
居住方式：自有住房；电价背景：峰谷分时电价；定时/自动控制经验：经常使用；既有错峰经验：没有参加过；受扰后恢复偏好：先看影响再决定；其他背景设备：冰箱。
空调 2台，每周 2—3天；下午到睡前（14:00—23:00），制冷设定 25℃，室温希望范围 24—26℃，可接受变化 0.5℃。条件：有人在受控房间时使用；轮班或事件日另核，不把空屋冷量算作舒适收益。
洗衣机 1台，每周 2—3天；默认 19:50，可从 19:00 开始，最晚 23:00 完成，一次 60 分钟。条件：默认时刻须有成员在家并完成装载；轮班或事件日另核，不默认预约或远程启动。
洗碗机 1台，每周 2—3天；默认 21:00，可从 19:00 开始，最晚 24:00 完成，一次 60 分钟。条件：默认时刻须有成员在家并完成装载；轮班或事件日另核，不默认预约或远程启动。
电热水器 1台，每周 2—3天；加热 06:00–08:00，需热水 07:00，提前加热：可以提前安排。条件：普通加热须对准有人需要热水的时段；事件日及额外提前加热按当次许可确认。
参与者对十天方案的选择、理由和评分尚未填写。",UNKNOWN,NOT_COLLECTED,NOT_EXPORTED_PENDING_D_ACCEPTANCE,UNKNOWN
cityrole-0158,eb.synthetic_fixed_profile_300.v1,洛阳市,河南,410300,3,2,0,mostly_occupied,partly_home,irregular,13500,360,1,电费超出预算会挤占必要支出,必要生活开支较多，本月电费变化容易挤占其他项目。,comfort_priority,2,4,1,high_trust_auto,3,independent_dwelling,two_rooms,2,20-29,73.5,synthetic_H6_like_whole_dwelling_building_area,73.5,known_synthetic_whole_dwelling,50_89,matches_synthetic_whole_dwelling,apartment,top,9,cn-home-0158,self_contained_openplan,High-rise apartment(slab type)_Zhengzhou_1995,edge,55.263158,55.263158,0,CHN_Henan.Zhengzhou.570830_CSWD,113.085,5c7f20613a94f695be63734559173574f32406af8c0f407e0ea7eb63f5228c64,ef0f2a6248ce1587ac9ae0620642d33ed6cc130700f583fc016d08ac566a799c,7,7,10,household_selected_devices,0,,洛阳市的3人家庭。独立住房建筑面积约73.5平方米，七普口径至少2间自然房间。主要说明人（56岁，轮班或时间多变）、子女（22岁，在家外出交替）、子女（23岁，通常主要在家）。通常白天有人在家。家庭月收入情境约13500元，通常月电费情境约360元；电费超出预算会挤占必要支出。必要生活开支较多，本月电费变化容易挤占其他项目。纳入安排的设备：洗衣机。节费重视2/5，舒适重视4/5，系统控制边界是约定范围内可自动调整；希望提前3小时通知。虽然电费挤压预算，但家里更在意任务按原计划完成，不愿为了少量节费频繁改时间。洗衣等任务需有人在家完成装载。轮班日按当天在家情况确认。,"【合成角色条件；尚无真人回答】
cityrole-0158｜河南洛阳市｜3人｜独立住宅，H7 至少2间自然房；整套设计建筑面积73.5㎡。
楼房中的一套住宅，楼层位置 顶层，房龄背景 2000年前；住宅原型 High-rise apartment(slab type)_Zhengzhou_1995，源户位 edge，天气代理站 CHN_Henan.Zhengzhou.570830_CSWD（距城市约113.1km）；天气/原型及房龄并非本户实测。
m01 主要说明人，56岁，轮班工作 / 轮班或时间经常变化；工作日到家时段不固定；室温感受：比较敏感，小幅变化也容易不舒服；电器时间：希望按原定时间运行，尽量不调整；参与安排：通常主要由这位成员决定；需求优先：没有特别优先；节费/错峰重视 2/2；系统控制：在约定范围内，可以让系统自动调整。
m02 子女，22岁，暂未工作（非退休） / 部分时间在家，部分时间外出；工作日通常在家 00:00–09:00、12:00–15:00、19:00–24:00；室温感受：不太敏感，室温变化较大也通常能适应；电器时间：只要按时完成，具体运行时间都可以；参与安排：通常与家人共同商量决定；需求优先：没有特别优先；节费/错峰重视 5/3；系统控制：在约定范围内，可以让系统自动调整。
m03 子女，23岁，居家工作/学习 / 主要在家生活，包括居家工作、学习、休息或照护；工作日通常在家 00:00–24:00；室温感受：能接受小幅变化，变化较大会不舒服；电器时间：只要按时完成，具体运行时间都可以；参与安排：通常与家人共同商量决定；需求优先：没有特别优先；节费/错峰重视 2/4；系统控制：更愿意自己安排，尽量不让系统调整。
通常白天：大部分时间有人；晚间：部分时间有人；作息：变化较多；深夜用电：偶尔；事件当天是否在受控房间另核。
家庭月收入情境 13500元、上月电费情境 360元；电费压力 1/5。必要生活开支较多，本月电费变化容易挤占其他项目。
节费/舒适/错峰重视 2/4/1；控制边界：在约定范围内，可以让系统自动调整；提前通知 3 小时；受保护活动：睡眠休息, 做饭用餐。
居住方式：整套租住；电价背景：峰谷分时电价；定时/自动控制经验：偶尔使用；既有错峰经验：没有参加过；受扰后恢复偏好：保留自动安排；其他背景设备：冰箱。
洗衣机 1台，每周 4—6天；默认 21:00，可从 19:00 开始，最晚 24:00 完成，一次 60 分钟。条件：默认时刻须有成员在家并完成装载；轮班或事件日另核，不默认预约或远程启动。
参与者对十天方案的选择、理由和评分尚未填写。",UNKNOWN,NOT_COLLECTED,NOT_EXPORTED_PENDING_D_ACCEPTANCE,UNKNOWN
cityrole-0159,eb.synthetic_fixed_profile_300.v1,大安市,吉林,220882,1,1,0,sometimes_occupied,partly_home,partly_regular,2000,220,5,电费不构成当前预算约束,家庭已为当前电费预留预算，按这个金额可以承担；增加用电仍需重新权衡。,middle,3,3,3,high_trust_auto,1,independent_dwelling,two_rooms,2,70及以上,75.0,synthetic_H6_like_whole_dwelling_building_area,75.0,known_synthetic_whole_dwelling,50_89,matches_synthetic_whole_dwelling,apartment,middle,4,cn-home-0159,self_contained_openplan,High-rise apartment(slab type)_Baicheng_2010,middle,56.390977,56.390977,0,CHN_Jilin.Qian.Gorlos.509490_CSWD,65.099,e9cc877e9d31e991fec70a5835fef656598dcc8ae62f25d1038444c3a46ddaf4,37315a45affdcb093ee2894fae897cfd3503c6c4530590d025319da97b8e3a41,7,7,8,household_selected_devices,0,,大安市的1人家庭。独立住房建筑面积约75平方米，七普口径至少2间自然房间。主要说明人（47岁，在家外出交替）。通常白天部分时间有人。家庭月收入情境约2000元，通常月电费情境约220元；电费不构成当前预算约束。家庭已为当前电费预留预算，按这个金额可以承担；增加用电仍需重新权衡。纳入安排的设备：空调、洗衣机。节费重视3/5，舒适重视3/5，系统控制边界是约定范围内可自动调整；希望提前1小时通知。费用压力描述的是当前预算余量；节费重视描述的是调整方案时的取舍，两者分别考虑。洗衣等任务需有人在家完成装载。空屋提前开空调须另确认预约或远控与本人许可。,"【合成角色条件；尚无真人回答】
cityrole-0159｜吉林大安市｜1人｜独立住宅，H7 至少2间自然房；整套设计建筑面积75㎡。
楼房中的一套住宅，楼层位置 中间层，房龄背景 2010—2019年；住宅原型 High-rise apartment(slab type)_Baicheng_2010，源户位 middle，天气代理站 CHN_Jilin.Qian.Gorlos.509490_CSWD（距城市约65.1km）；天气/原型及房龄并非本户实测。
m01 主要说明人，47岁，照顾家人 / 部分时间在家，部分时间外出；工作日通常在家 00:00–09:00、12:00–15:00、19:00–24:00；室温感受：能接受小幅变化，变化较大会不舒服；电器时间：希望按原定时间运行，尽量不调整；参与安排：通常主要由这位成员决定；需求优先：没有特别优先；节费/错峰重视 3/5；系统控制：在约定范围内，可以让系统自动调整。
通常白天：部分时间有人；晚间：部分时间有人；作息：部分成员或部分日期固定；深夜用电：很少或没有；事件当天是否在受控房间另核。
家庭月收入情境 2000元、上月电费情境 220元；电费压力 5/5。家庭已为当前电费预留预算，按这个金额可以承担；增加用电仍需重新权衡。
节费/舒适/错峰重视 3/3/3；控制边界：在约定范围内，可以让系统自动调整；提前通知 1 小时；受保护活动：睡眠休息, 做饭用餐。
居住方式：整套租住；电价背景：峰谷分时电价；定时/自动控制经验：经常使用；既有错峰经验：没有参加过；受扰后恢复偏好：先看影响再决定；其他背景设备：冰箱。
空调 1台，每周 每天（7天）；傍晚到睡前（18:00—23:00），制冷设定 27℃，室温希望范围 26—28℃，可接受变化 1.5℃。条件：有人在受控房间时使用；18:00–18:30若空屋预冷，须当天确认家户许可及实际预约/远控能力，否则到家后开启；空屋冷量不算舒适收益。
洗衣机 1台，每周 每天（7天）；默认 19:00，可从 19:00 开始，最晚 23:00 完成，一次 60 分钟。条件：默认时刻须有成员在家并完成装载；轮班或事件日另核，不默认预约或远程启动。
参与者对十天方案的选择、理由和评分尚未填写。",UNKNOWN,NOT_COLLECTED,NOT_EXPORTED_PENDING_D_ACCEPTANCE,UNKNOWN
cityrole-0160,eb.synthetic_fixed_profile_300.v1,焦作市,河南,410800,3,2,0,mostly_occupied,partly_home,partly_regular,13500,120,2,电费有压力，需调整其他开支,必要生活开支较多，本月电费变化容易挤占其他项目。,comfort_priority,2,4,5,high_trust_auto,6,independent_dwelling,three_rooms,3,20-29,73.5,synthetic_H6_like_whole_dwelling_building_area,73.5,known_synthetic_whole_dwelling,50_89,matches_synthetic_whole_dwelling,apartment,middle,3,cn-home-0160,self_contained_source_three_room,Low-rise apartment_Zhengzhou_1995,edge,55.263158,55.263158,0,CHN_Henan.Zhengzhou.570830_CSWD,69.158,5c7f20613a94f695be63734559173574f32406af8c0f407e0ea7eb63f5228c64,932fbaabfdfd47ae543abfc5a9d689448ceed3c062470fc8c698dbf3e9829f38,7,7,10,household_selected_devices,0,,焦作市的3人家庭。独立住房建筑面积约73.5平方米，七普口径至少3间自然房间。主要说明人（52岁，在家外出交替）、子女（21岁，通常主要在家）、子女（23岁，在家外出交替）。通常白天有人在家。家庭月收入情境约13500元，通常月电费情境约120元；电费有压力，需调整其他开支。必要生活开支较多，本月电费变化容易挤占其他项目。纳入安排的设备：空调、洗衣机、电热水器。节费重视2/5，舒适重视4/5，系统控制边界是约定范围内可自动调整；希望提前6小时通知。虽然电费挤压预算，但家里更在意任务按原计划完成，不愿为了少量节费频繁改时间。洗衣等任务需有人在家完成装载。,"【合成角色条件；尚无真人回答】
cityrole-0160｜河南焦作市｜3人｜独立住宅，H7 至少3间自然房；整套设计建筑面积73.5㎡。
楼房中的一套住宅，楼层位置 中间层，房龄背景 2000年前；住宅原型 Low-rise apartment_Zhengzhou_1995，源户位 edge，天气代理站 CHN_Henan.Zhengzhou.570830_CSWD（距城市约69.2km）；天气/原型及房龄并非本户实测。
m01 主要说明人，52岁，暂未工作（非退休） / 部分时间在家，部分时间外出；工作日通常在家 00:00–09:00、12:00–15:00、19:00–24:00；室温感受：不太敏感，室温变化较大也通常能适应；电器时间：只接受小幅提前或推迟；参与安排：通常主要由这位成员决定；需求优先：没有特别优先；节费/错峰重视 2/3；系统控制：在约定范围内，可以让系统自动调整。
m02 子女，21岁，居家工作/学习 / 主要在家生活，包括居家工作、学习、休息或照护；工作日通常在家 00:00–24:00；室温感受：能接受小幅变化，变化较大会不舒服；电器时间：希望按原定时间运行，尽量不调整；参与安排：通常与家人共同商量决定；需求优先：没有特别优先；节费/错峰重视 2/4；系统控制：更愿意自己安排，尽量不让系统调整。
m03 子女，23岁，照顾家人 / 部分时间在家，部分时间外出；工作日通常在家 00:00–09:00、12:00–15:00、19:00–24:00；室温感受：比较敏感，小幅变化也容易不舒服；电器时间：希望按原定时间运行，尽量不调整；参与安排：通常与家人共同商量决定；需求优先：没有特别优先；节费/错峰重视 4/5；系统控制：每次先问，得到明确同意后再调整。
通常白天：大部分时间有人；晚间：部分时间有人；作息：部分成员或部分日期固定；深夜用电：很少或没有；事件当天是否在受控房间另核。
家庭月收入情境 13500元、上月电费情境 120元；电费压力 2/5。必要生活开支较多，本月电费变化容易挤占其他项目。
节费/舒适/错峰重视 2/4/5；控制边界：在约定范围内，可以让系统自动调整；提前通知 6 小时；受保护活动：睡眠休息, 做饭用餐。
居住方式：与他人合租；电价背景：峰谷分时电价；定时/自动控制经验：没有使用过；既有错峰经验：没有参加过；受扰后恢复偏好：先看影响再决定；其他背景设备：冰箱。
空调 1台，每周 2—3天；自己选择使用时段（可跨午夜），制冷设定 24℃，室温希望范围 23—25℃，可接受变化 0.5℃，自选时段 16:00–23:00。条件：有人在受控房间时使用；轮班或事件日另核，不把空屋冷量算作舒适收益。
洗衣机 1台，每周 2—3天；默认 19:50，可从 19:00 开始，最晚 23:00 完成，一次 60 分钟。条件：默认时刻须有成员在家并完成装载；轮班或事件日另核，不默认预约或远程启动。
电热水器 1台，每周 2—3天；加热 06:00–08:00，需热水 07:00，提前加热：可以提前安排。条件：普通加热须对准有人需要热水的时段；事件日及额外提前加热按当次许可确认。
参与者对十天方案的选择、理由和评分尚未填写。",UNKNOWN,NOT_COLLECTED,NOT_EXPORTED_PENDING_D_ACCEPTANCE,UNKNOWN
cityrole-0161,eb.synthetic_fixed_profile_300.v1,滨州市,山东,371600,3,2,0,sometimes_occupied,partly_home,partly_regular,6000,520,3,电费可承担，但会留意变化,本月电费可承担，但家庭会留意它的变化。,middle,3,3,4,high_trust_auto,0,independent_dwelling,three_rooms,3,20-29,73.5,synthetic_H6_like_whole_dwelling_building_area,73.5,known_synthetic_whole_dwelling,50_89,matches_synthetic_whole_dwelling,apartment,middle,6,cn-home-0161,self_contained_source_three_room,High-rise apartment(slab type)_Jinan_2010,edge,55.263158,55.263158,0,CHN_Shandong.Huimin.Xian.547250_CSWD,42.988,0d0afe70d9fb526b27831d3d364ea68d5b55f4af57261a5cea82666bfb165f7e,4b1776bfc25d10020475ae45a0fa10c03967a90f1b1fbc1093459653c83ad373,7,7,10,household_selected_devices,0,,滨州市的3人家庭。独立住房建筑面积约73.5平方米，七普口径至少3间自然房间。主要说明人（40岁，通常定时外出）、子女（11岁，通常定时外出）、伴侣（40岁，在家外出交替）。通常白天部分时间有人。家庭月收入情境约6000元，通常月电费情境约520元；电费可承担，但会留意变化。本月电费可承担，但家庭会留意它的变化。纳入安排的设备：空调、洗衣机、电热水器。节费重视3/5，舒适重视3/5，系统控制边界是约定范围内可自动调整；希望提前0小时通知。费用压力描述的是当前预算余量；节费重视描述的是调整方案时的取舍，两者分别考虑。洗衣等任务需有人在家完成装载。空屋提前开空调须另确认预约或远控与本人许可。,"【合成角色条件；尚无真人回答】
cityrole-0161｜山东滨州市｜3人｜独立住宅，H7 至少3间自然房；整套设计建筑面积73.5㎡。
楼房中的一套住宅，楼层位置 中间层，房龄背景 2010—2019年；住宅原型 High-rise apartment(slab type)_Jinan_2010，源户位 edge，天气代理站 CHN_Shandong.Huimin.Xian.547250_CSWD（距城市约43.0km）；天气/原型及房龄并非本户实测。
m01 主要说明人，40岁，在外工作 / 通常固定时间外出工作或学习；工作日通常在家 00:00–07:30、18:30–24:00；室温感受：比较敏感，小幅变化也容易不舒服；电器时间：只接受小幅提前或推迟；参与安排：通常主要由这位成员决定；需求优先：没有特别优先；节费/错峰重视 3/1；系统控制：在约定范围内，可以让系统自动调整。
m02 子女，11岁，上学 / 通常固定时间外出工作或学习；工作日通常在家 00:00–07:30、18:30–24:00；室温感受：不太敏感，室温变化较大也通常能适应；电器时间：只接受小幅提前或推迟；参与安排：通常与家人共同商量决定；需求优先：通常会优先考虑；节费/错峰重视 3/2；系统控制：在约定范围内，可以让系统自动调整。
m03 伴侣，40岁，暂未工作（非退休） / 部分时间在家，部分时间外出；工作日通常在家 00:00–09:00、12:00–15:00、19:00–24:00；室温感受：能接受小幅变化，变化较大会不舒服；电器时间：希望按原定时间运行，尽量不调整；参与安排：通常与家人共同商量决定；需求优先：没有特别优先；节费/错峰重视 5/3；系统控制：更愿意自己安排，尽量不让系统调整。
通常白天：部分时间有人；晚间：部分时间有人；作息：部分成员或部分日期固定；深夜用电：很少或没有；事件当天是否在受控房间另核。
家庭月收入情境 6000元、上月电费情境 520元；电费压力 3/5。本月电费可承担，但家庭会留意它的变化。
节费/舒适/错峰重视 3/3/4；控制边界：在约定范围内，可以让系统自动调整；提前通知 无需提前；受保护活动：睡眠休息, 做饭用餐, 照顾家人。
居住方式：自有住房；电价背景：单一时段电价；定时/自动控制经验：经常使用；既有错峰经验：没有参加过；受扰后恢复偏好：先看影响再决定；其他背景设备：冰箱。
空调 2台，每周 4—6天；傍晚到睡前（18:00—23:00），制冷设定 25℃，室温希望范围 24—26℃，可接受变化 1℃。条件：有人在受控房间时使用；18:00–18:30若空屋预冷，须当天确认家户许可及实际预约/远控能力，否则到家后开启；空屋冷量不算舒适收益。
洗衣机 1台，每周 4—6天；默认 21:00，可从 19:00 开始，最晚 24:00 完成，一次 60 分钟。条件：默认时刻须有成员在家并完成装载；轮班或事件日另核，不默认预约或远程启动。
电热水器 1台，每周 4—6天；加热 19:00–22:00，需热水 21:00，提前加热：每次先确认。条件：普通加热须对准有人需要热水的时段；事件日及额外提前加热按当次许可确认。
参与者对十天方案的选择、理由和评分尚未填写。",UNKNOWN,NOT_COLLECTED,NOT_EXPORTED_PENDING_D_ACCEPTANCE,UNKNOWN
cityrole-0162,eb.synthetic_fixed_profile_300.v1,沈阳市,辽宁,210100,1,1,0,mostly_occupied,mostly_home,regular,4500,120,3,电费可承担，但会留意变化,本月电费可承担，但家庭会留意它的变化。,saving_priority,5,1,3,high_trust_auto,48,independent_dwelling,two_rooms,2,30-39,34.5,synthetic_H6_like_whole_dwelling_building_area,34.5,known_synthetic_whole_dwelling,lt50,matches_synthetic_whole_dwelling,apartment,middle,4,cn-home-0162,self_contained_openplan,High-rise apartment(slab type)_Shenyang_2010,edge,25.93985,25.93985,0,CHN_Liaoning.Shenyang.543420_CSWD,8.989,3524d8146cd9cd4a8fea451fb2139d515aa640352754c9879225b6bba587af91,c454b2221d77450e88f554e3a1025ddf3a85893d465b80d8a8f62b9590283e9b,7,7,10,household_selected_devices,0,,沈阳市的1人家庭。独立住房建筑面积约34.5平方米，七普口径至少2间自然房间。主要说明人（51岁，通常主要在家）。通常白天有人在家。家庭月收入情境约4500元，通常月电费情境约120元；电费可承担，但会留意变化。本月电费可承担，但家庭会留意它的变化。纳入安排的设备：空调、洗衣机。节费重视5/5，舒适重视1/5，系统控制边界是约定范围内可自动调整；希望提前48小时通知。费用压力描述的是当前预算余量；节费重视描述的是调整方案时的取舍，两者分别考虑。洗衣等任务需有人在家完成装载。空屋提前开空调须另确认预约或远控与本人许可。,"【合成角色条件；尚无真人回答】
cityrole-0162｜辽宁沈阳市｜1人｜独立住宅，H7 至少2间自然房；整套设计建筑面积34.5㎡。
楼房中的一套住宅，楼层位置 中间层，房龄背景 2010—2019年；住宅原型 High-rise apartment(slab type)_Shenyang_2010，源户位 edge，天气代理站 CHN_Liaoning.Shenyang.543420_CSWD（距城市约9.0km）；天气/原型及房龄并非本户实测。
m01 主要说明人，51岁，居家工作/学习 / 主要在家生活，包括居家工作、学习、休息或照护；工作日通常在家 00:00–24:00；室温感受：能接受小幅变化，变化较大会不舒服；电器时间：只要按时完成，具体运行时间都可以；参与安排：通常主要由这位成员决定；需求优先：没有特别优先；节费/错峰重视 5/4；系统控制：在约定范围内，可以让系统自动调整。
通常白天：大部分时间有人；晚间：大部分时间有人；作息：大体固定；深夜用电：很少或没有；事件当天是否在受控房间另核。
家庭月收入情境 4500元、上月电费情境 120元；电费压力 3/5。本月电费可承担，但家庭会留意它的变化。
节费/舒适/错峰重视 5/1/3；控制边界：在约定范围内，可以让系统自动调整；提前通知 两天；受保护活动：睡眠休息, 做饭用餐。
居住方式：自有住房；电价背景：峰谷分时电价；定时/自动控制经验：经常使用；既有错峰经验：参加过；受扰后恢复偏好：保留自动安排；其他背景设备：冰箱。
空调 1台，每周 每天（7天）；傍晚到睡前（18:00—23:00），制冷设定 26℃，室温希望范围 25—27℃，可接受变化 1.5℃。条件：有人在受控房间时使用；18:00–18:30若空屋预冷，须当天确认家户许可及实际预约/远控能力，否则到家后开启；空屋冷量不算舒适收益。
洗衣机 1台，每周 每天（7天）；默认 19:00，可从 19:00 开始，最晚 23:00 完成，一次 60 分钟。条件：默认时刻须有成员在家并完成装载；轮班或事件日另核，不默认预约或远程启动。
参与者对十天方案的选择、理由和评分尚未填写。",UNKNOWN,NOT_COLLECTED,NOT_EXPORTED_PENDING_D_ACCEPTANCE,UNKNOWN
cityrole-0163,eb.synthetic_fixed_profile_300.v1,北京市,北京,110000,1,1,0,variable,varies,irregular,9500,720,2,电费有压力，需调整其他开支,本月收入已有其他固定支出安排，可灵活调整的预算较紧。,middle,3,3,5,low_auto_accept,72,independent_dwelling,one_room,1,40-49,44.5,synthetic_H6_like_whole_dwelling_building_area,44.5,known_synthetic_whole_dwelling,lt50,matches_synthetic_whole_dwelling,apartment,middle,3,cn-home-0163,self_contained_openplan,Low-rise apartment_Beijing_2018,middle,33.458647,33.458647,0,CHN_Beijing.Beijing.545110_CSWD,16.45,c5a000246fd9c838eefeea8ddaa808bc1ed349ea33ced3f620f24f8ccebd2a3e,77ce5b69c0b5a47bc5377f063efb149fade4426cc9457f9e6dac80f46367c572,7,7,8,household_selected_devices,0,,北京市的1人家庭。独立住房建筑面积约44.5平方米，七普口径至少1间自然房间。主要说明人（30岁，轮班或时间多变）。通常白天不固定。家庭月收入情境约9500元，通常月电费情境约720元；电费有压力，需调整其他开支。本月收入已有其他固定支出安排，可灵活调整的预算较紧。纳入安排的设备：空调、洗衣机、洗碗机。节费重视3/5，舒适重视3/5，系统控制边界是以自己安排为主；希望提前72小时通知。费用压力描述的是当前预算余量；节费重视描述的是调整方案时的取舍，两者分别考虑。洗衣等任务需有人在家完成装载。空屋提前开空调须另确认预约或远控与本人许可。轮班日按当天在家情况确认。,"【合成角色条件；尚无真人回答】
cityrole-0163｜北京北京市｜1人｜独立住宅，H7 至少1间自然房；整套设计建筑面积44.5㎡。
楼房中的一套住宅，楼层位置 中间层，房龄背景 2010—2019年；住宅原型 Low-rise apartment_Beijing_2018，源户位 middle，天气代理站 CHN_Beijing.Beijing.545110_CSWD（距城市约16.4km）；天气/原型及房龄并非本户实测。
m01 主要说明人，30岁，轮班工作 / 轮班或时间经常变化；工作日到家时段不固定；室温感受：不太敏感，室温变化较大也通常能适应；电器时间：只要按时完成，具体运行时间都可以；参与安排：通常主要由这位成员决定；需求优先：没有特别优先；节费/错峰重视 3/2；系统控制：更愿意自己安排，尽量不让系统调整。
通常白天：不固定，很难概括；晚间：每天不太固定；作息：变化较多；深夜用电：偶尔；事件当天是否在受控房间另核。
家庭月收入情境 9500元、上月电费情境 720元；电费压力 2/5。本月收入已有其他固定支出安排，可灵活调整的预算较紧。
节费/舒适/错峰重视 3/3/5；控制边界：更愿意自己安排，尽量不让系统调整；提前通知 三天或更早；受保护活动：睡眠休息, 做饭用餐。
居住方式：与他人合租；电价背景：单一时段电价；定时/自动控制经验：偶尔使用；既有错峰经验：没有参加过；受扰后恢复偏好：保留自动安排；其他背景设备：冰箱。
空调 1台，每周 2—3天；傍晚到睡前（18:00—23:00），制冷设定 27℃，室温希望范围 26—28℃，可接受变化 0.5℃。条件：有人在受控房间时使用；18:00–18:30若空屋预冷，须当天确认家户许可及实际预约/远控能力，否则到家后开启；空屋冷量不算舒适收益。
洗衣机 1台，每周 2—3天；默认 19:50，可从 19:00 开始，最晚 23:00 完成，一次 60 分钟。条件：默认时刻须有成员在家并完成装载；轮班或事件日另核，不默认预约或远程启动。
洗碗机 1台，每周 2—3天；默认 21:00，可从 19:00 开始，最晚 24:00 完成，一次 60 分钟。条件：默认时刻须有成员在家并完成装载；轮班或事件日另核，不默认预约或远程启动。
参与者对十天方案的选择、理由和评分尚未填写。",UNKNOWN,NOT_COLLECTED,NOT_EXPORTED_PENDING_D_ACCEPTANCE,UNKNOWN
cityrole-0164,eb.synthetic_fixed_profile_300.v1,大同市,山西,140200,3,2,0,sometimes_occupied,varies,irregular,13500,520,1,电费超出预算会挤占必要支出,必要生活开支较多，本月电费变化容易挤占其他项目。,both_high,5,5,5,high_trust_auto,3,independent_dwelling,two_rooms,2,20-29,73.5,synthetic_H6_like_whole_dwelling_building_area,73.5,known_synthetic_whole_dwelling,50_89,matches_synthetic_whole_dwelling,apartment,middle,3,cn-home-0164,self_contained_openplan,Low-rise apartment_Datong_1986,edge,55.263158,55.263158,0,CHN_Shanxi.Datong.534870_CSWD,8.567,6c9365cfbfa48b267d250a835e43e8910c6f02dbda48e64f29c4d5b43937f2bb,4200c9537e1f1f753d301692a3214ecd1e9925fe9799d953f1c7e2672c684b6b,7,7,10,household_selected_devices,1,m02,大同市的3人家庭。独立住房建筑面积约73.5平方米，七普口径至少2间自然房间。主要说明人（54岁，在家外出交替）、子女（26岁，通常定时外出）、子女（27岁，轮班或时间多变）。通常白天部分时间有人。家庭月收入情境约13500元，通常月电费情境约520元；电费超出预算会挤占必要支出。必要生活开支较多，本月电费变化容易挤占其他项目。纳入安排的设备：空调、洗衣机、电热水器、可在家充电的电动车。节费重视5/5，舒适重视5/5，系统控制边界是约定范围内可自动调整；希望提前3小时通知。费用压力描述的是当前预算余量；节费重视描述的是调整方案时的取舍，两者分别考虑。洗衣等任务需有人在家完成装载。轮班日按当天在家情况确认。,"【合成角色条件；尚无真人回答】
cityrole-0164｜山西大同市｜3人｜独立住宅，H7 至少2间自然房；整套设计建筑面积73.5㎡。
楼房中的一套住宅，楼层位置 中间层，房龄背景 2000年前；住宅原型 Low-rise apartment_Datong_1986，源户位 edge，天气代理站 CHN_Shanxi.Datong.534870_CSWD（距城市约8.6km）；天气/原型及房龄并非本户实测。
m01 主要说明人，54岁，照顾家人 / 部分时间在家，部分时间外出；工作日通常在家 00:00–09:00、12:00–15:00、19:00–24:00；室温感受：比较敏感，小幅变化也容易不舒服；电器时间：希望按原定时间运行，尽量不调整；参与安排：通常主要由这位成员决定；需求优先：没有特别优先；节费/错峰重视 5/5；系统控制：在约定范围内，可以让系统自动调整。
m02 子女，26岁，在外工作 / 通常固定时间外出工作或学习；工作日通常在家 00:00–07:30、18:30–24:00；室温感受：不太敏感，室温变化较大也通常能适应；电器时间：只要按时完成，具体运行时间都可以；参与安排：通常与家人共同商量决定；需求优先：没有特别优先；节费/错峰重视 1/1；系统控制：在约定范围内，可以让系统自动调整。
m03 子女，27岁，轮班工作 / 轮班或时间经常变化；工作日到家时段不固定；室温感受：能接受小幅变化，变化较大会不舒服；电器时间：只要按时完成，具体运行时间都可以；参与安排：通常与家人共同商量决定；需求优先：没有特别优先；节费/错峰重视 3/2；系统控制：更愿意自己安排，尽量不让系统调整。
通常白天：部分时间有人；晚间：每天不太固定；作息：变化较多；深夜用电：偶尔；事件当天是否在受控房间另核。
家庭月收入情境 13500元、上月电费情境 520元；电费压力 1/5。必要生活开支较多，本月电费变化容易挤占其他项目。
节费/舒适/错峰重视 5/5/5；控制边界：在约定范围内，可以让系统自动调整；提前通知 3 小时；受保护活动：睡眠休息, 做饭用餐。
居住方式：与他人合租；电价背景：单一时段电价；定时/自动控制经验：经常使用；既有错峰经验：没有参加过；受扰后恢复偏好：保留自动安排；其他背景设备：冰箱。
空调 1台，每周 4—6天；自己选择使用时段（可跨午夜），制冷设定 24℃，室温希望范围 23—25℃，可接受变化 1℃，自选时段 19:00–23:00。条件：有人在受控房间时使用；轮班或事件日另核，不把空屋冷量算作舒适收益。
洗衣机 1台，每周 4—6天；默认 21:00，可从 19:00 开始，最晚 24:00 完成，一次 60 分钟。条件：默认时刻须有成员在家并完成装载；轮班或事件日另核，不默认预约或远程启动。
电热水器 1台，每周 4—6天；加热 19:00–22:00，需热水 21:00，提前加热：每次先确认。条件：普通加热须对准有人需要热水的时段；事件日及额外提前加热按当次许可确认。
可在家充电的电动汽车 1辆，每周 4—6天；接入 19:50，次日离家 07:00，目标/保底电量 90%/30%，驾驶成员 m02。条件：由m02在典型外出日返家后接入；车辆实际到家、次日离家与充电权限按当天确认。
参与者对十天方案的选择、理由和评分尚未填写。",UNKNOWN,NOT_COLLECTED,NOT_EXPORTED_PENDING_D_ACCEPTANCE,UNKNOWN
cityrole-0165,eb.synthetic_fixed_profile_300.v1,盐城市,江苏,320900,2,1,1,mostly_occupied,mostly_home,regular,19000,720,1,电费超出预算会挤占必要支出,本月收入已有其他固定支出安排，可灵活调整的预算较紧。,comfort_priority,1,5,5,low_auto_accept,6,independent_dwelling,three_rooms,3,40-49,89.0,synthetic_H6_like_whole_dwelling_building_area,89.0,known_synthetic_whole_dwelling,50_89,matches_synthetic_whole_dwelling,apartment,middle,2,cn-home-0165,self_contained_source_three_room,High-rise apartment(slab type)_Dongtai_2001,edge,66.917293,66.917293,0,CHN_Jiangsu.Dongtai.582510_CSWD,58.924,f9428984e25db3076a15bff7d78c7cefb0b584df61106b99d6da325f40a3ce43,f3c25094e6460fe9552cf073d38bf244c5efb6477f8fd0a500f0b450c4f9c3d4,7,7,10,household_selected_devices,0,,盐城市的2人家庭。独立住房建筑面积约89平方米，七普口径至少3间自然房间。主要说明人（62岁，通常主要在家）、伴侣（60岁，通常主要在家）。通常白天有人在家。家庭月收入情境约19000元，通常月电费情境约720元；电费超出预算会挤占必要支出。本月收入已有其他固定支出安排，可灵活调整的预算较紧。纳入安排的设备：洗衣机、电热水器。节费重视1/5，舒适重视5/5，系统控制边界是以自己安排为主；希望提前6小时通知。虽然电费挤压预算，但家里更在意任务按原计划完成，不愿为了少量节费频繁改时间。洗衣等任务需有人在家完成装载。,"【合成角色条件；尚无真人回答】
cityrole-0165｜江苏盐城市｜2人｜独立住宅，H7 至少3间自然房；整套设计建筑面积89㎡。
楼房中的一套住宅，楼层位置 中间层，房龄背景 2000—2009年；住宅原型 High-rise apartment(slab type)_Dongtai_2001，源户位 edge，天气代理站 CHN_Jiangsu.Dongtai.582510_CSWD（距城市约58.9km）；天气/原型及房龄并非本户实测。
m01 主要说明人，62岁，退休 / 主要在家生活，包括居家工作、学习、休息或照护；工作日通常在家 00:00–24:00；室温感受：能接受小幅变化，变化较大会不舒服；电器时间：希望按原定时间运行，尽量不调整；参与安排：通常主要由这位成员决定；需求优先：没有特别优先；节费/错峰重视 1/3；系统控制：更愿意自己安排，尽量不让系统调整。
m02 伴侣，60岁，照顾家人 / 主要在家生活，包括居家工作、学习、休息或照护；工作日通常在家 00:00–24:00；室温感受：比较敏感，小幅变化也容易不舒服；电器时间：希望按原定时间运行，尽量不调整；参与安排：通常与家人共同商量决定；需求优先：没有特别优先；节费/错峰重视 2/4；系统控制：每次先问，得到明确同意后再调整。
通常白天：大部分时间有人；晚间：大部分时间有人；作息：大体固定；深夜用电：很少或没有；事件当天是否在受控房间另核。
家庭月收入情境 19000元、上月电费情境 720元；电费压力 1/5。本月收入已有其他固定支出安排，可灵活调整的预算较紧。
节费/舒适/错峰重视 1/5/5；控制边界：更愿意自己安排，尽量不让系统调整；提前通知 6 小时；受保护活动：睡眠休息, 做饭用餐。
居住方式：与他人合租；电价背景：峰谷分时电价；定时/自动控制经验：偶尔使用；既有错峰经验：没有参加过；受扰后恢复偏好：先看影响再决定；其他背景设备：冰箱。
洗衣机 1台，每周 每天（7天）；默认 19:00，可从 19:00 开始，最晚 23:00 完成，一次 60 分钟。条件：默认时刻须有成员在家并完成装载；轮班或事件日另核，不默认预约或远程启动。
电热水器 1台，每周 每天（7天）；加热 19:50–22:00，需热水 21:00，提前加热：不希望提前加热。条件：普通加热须对准有人需要热水的时段；事件日及额外提前加热按当次许可确认。
参与者对十天方案的选择、理由和评分尚未填写。",UNKNOWN,NOT_COLLECTED,NOT_EXPORTED_PENDING_D_ACCEPTANCE,UNKNOWN
cityrole-0166,eb.synthetic_fixed_profile_300.v1,定州市,河北,130682,1,1,0,mostly_absent,mostly_home,regular,9500,360,1,电费超出预算会挤占必要支出,本月收入已有其他固定支出安排，可灵活调整的预算较紧。,comfort_priority,2,4,4,low_auto_accept,1,independent_dwelling,two_rooms,2,60-69,64.5,synthetic_H6_like_whole_dwelling_building_area,64.5,known_synthetic_whole_dwelling,50_89,matches_synthetic_whole_dwelling,apartment,middle,3,cn-home-0166,self_contained_openplan,Low-rise apartment_Shijiazhuang_2010,middle,48.496241,48.496241,0,CHN_Hebei.Shijiazhuang.536980_CSWD,73.257,f3a95733d503c608e9d1f439a213d678c2cae95a955e24ccc7bcf3b919171fd0,ef02d2652a3351c9ee3c99e3814b6e27acd61a239323768d3cbc38fe72ce5be0,7,7,8,household_selected_devices,0,,定州市的1人家庭。独立住房建筑面积约64.5平方米，七普口径至少2间自然房间。主要说明人（20岁，通常定时外出）。通常白天多在外。家庭月收入情境约9500元，通常月电费情境约360元；电费超出预算会挤占必要支出。本月收入已有其他固定支出安排，可灵活调整的预算较紧。纳入安排的设备：洗碗机、电热水器。节费重视2/5，舒适重视4/5，系统控制边界是以自己安排为主；希望提前1小时通知。虽然电费挤压预算，但家里更在意任务按原计划完成，不愿为了少量节费频繁改时间。洗衣等任务需有人在家完成装载。,"【合成角色条件；尚无真人回答】
cityrole-0166｜河北定州市｜1人｜独立住宅，H7 至少2间自然房；整套设计建筑面积64.5㎡。
楼房中的一套住宅，楼层位置 中间层，房龄背景 2010—2019年；住宅原型 Low-rise apartment_Shijiazhuang_2010，源户位 middle，天气代理站 CHN_Hebei.Shijiazhuang.536980_CSWD（距城市约73.3km）；天气/原型及房龄并非本户实测。
m01 主要说明人，20岁，在外工作 / 通常固定时间外出工作或学习；工作日通常在家 00:00–07:30、18:30–24:00；室温感受：不太敏感，室温变化较大也通常能适应；电器时间：只接受小幅提前或推迟；参与安排：通常主要由这位成员决定；需求优先：没有特别优先；节费/错峰重视 2/1；系统控制：更愿意自己安排，尽量不让系统调整。
通常白天：大部分时间没人；晚间：大部分时间有人；作息：大体固定；深夜用电：很少或没有；事件当天是否在受控房间另核。
家庭月收入情境 9500元、上月电费情境 360元；电费压力 1/5。本月收入已有其他固定支出安排，可灵活调整的预算较紧。
节费/舒适/错峰重视 2/4/4；控制边界：更愿意自己安排，尽量不让系统调整；提前通知 1 小时；受保护活动：睡眠休息, 做饭用餐。
居住方式：整套租住；电价背景：峰谷分时电价；定时/自动控制经验：偶尔使用；既有错峰经验：没有参加过；受扰后恢复偏好：先看影响再决定；其他背景设备：冰箱。
洗碗机 1台，每周 2—3天；默认 21:00，可从 19:00 开始，最晚 24:00 完成，一次 60 分钟。条件：默认时刻须有成员在家并完成装载；轮班或事件日另核，不默认预约或远程启动。
电热水器 1台，每周 2—3天；加热 06:00–08:00，需热水 07:00，提前加热：可以提前安排。条件：普通加热须对准有人需要热水的时段；事件日及额外提前加热按当次许可确认。
参与者对十天方案的选择、理由和评分尚未填写。",UNKNOWN,NOT_COLLECTED,NOT_EXPORTED_PENDING_D_ACCEPTANCE,UNKNOWN
cityrole-0167,eb.synthetic_fixed_profile_300.v1,玉溪市,云南,530400,4,2,0,mostly_occupied,mostly_home,regular,12800,360,5,电费不构成当前预算约束,本月电费已列入预算，按当前金额可以承担。,comfort_priority,2,4,1,confirm_required,6,independent_dwelling,five_or_more_rooms,5,40-49,178.0,synthetic_H6_like_whole_dwelling_building_area,178.0,known_synthetic_whole_dwelling,ge160,matches_synthetic_whole_dwelling,rowhouse,NOT_APPLICABLE,two_storey_terraced_inferred_unit,cn-home-0167,terraced_five_room_inferred,Terraced house_Kunming_2019,edge,133.834586,133.834586,0,CHN_Yunnan.Kunming.567780_CSWD,73.579,ab3417f42c60862f14bb0efe905ce5f50ad75d0240501c74f685b86b48c74956,6949e94fc7ca75b16bf7321e1b11b243c5057ad194fc4413f0603c37e45bd5a9,14,13,25,household_selected_devices,1,m03,玉溪市的4人家庭。独立住房建筑面积约178平方米，七普口径至少5间自然房间。主要说明人（37岁，通常主要在家）、子女（5岁，通常主要在家）、伴侣（41岁，通常定时外出）、子女（8岁，通常定时外出）。通常白天有人在家。家庭月收入情境约12800元，通常月电费情境约360元；电费不构成当前预算约束。本月电费已列入预算，按当前金额可以承担。纳入安排的设备：洗衣机、电热水器、可在家充电的电动车。节费重视2/5，舒适重视4/5，系统控制边界是每次先确认；希望提前6小时通知。费用压力描述的是当前预算余量；节费重视描述的是调整方案时的取舍，两者分别考虑。洗衣等任务需有人在家完成装载。,"【合成角色条件；尚无真人回答】
cityrole-0167｜云南玉溪市｜4人｜独立住宅，H7 至少5间自然房；整套设计建筑面积178㎡。
联排住宅，楼层位置 不适用，房龄背景 2010—2019年；住宅原型 Terraced house_Kunming_2019，源户位 edge，天气代理站 CHN_Yunnan.Kunming.567780_CSWD（距城市约73.6km）；天气/原型及房龄并非本户实测。
m01 主要说明人，37岁，居家工作/学习 / 主要在家生活，包括居家工作、学习、休息或照护；工作日通常在家 00:00–24:00；室温感受：比较敏感，小幅变化也容易不舒服；电器时间：只接受小幅提前或推迟；参与安排：通常主要由这位成员决定；需求优先：没有特别优先；节费/错峰重视 2/4；系统控制：每次先问，得到明确同意后再调整。
m02 子女，5岁，尚未入学 / 主要在家生活，包括居家工作、学习、休息或照护；工作日通常在家 00:00–24:00；室温感受：不太敏感，室温变化较大也通常能适应；电器时间：只接受小幅提前或推迟；参与安排：通常与家人共同商量决定；需求优先：通常会优先考虑；节费/错峰重视 4/5；系统控制：在约定范围内，可以让系统自动调整。
m03 伴侣，41岁，在外工作 / 通常固定时间外出工作或学习；工作日通常在家 00:00–07:30、18:30–24:00；室温感受：能接受小幅变化，变化较大会不舒服；电器时间：希望按原定时间运行，尽量不调整；参与安排：通常与家人共同商量决定；需求优先：没有特别优先；节费/错峰重视 1/1；系统控制：更愿意自己安排，尽量不让系统调整。
m04 子女，8岁，上学 / 通常固定时间外出工作或学习；工作日通常在家 00:00–07:30、18:30–24:00；室温感受：比较敏感，小幅变化也容易不舒服；电器时间：希望按原定时间运行，尽量不调整；参与安排：通常与家人共同商量决定；需求优先：通常会优先考虑；节费/错峰重视 3/2；系统控制：每次先问，得到明确同意后再调整。
通常白天：大部分时间有人；晚间：大部分时间有人；作息：大体固定；深夜用电：很少或没有；事件当天是否在受控房间另核。
家庭月收入情境 12800元、上月电费情境 360元；电费压力 5/5。本月电费已列入预算，按当前金额可以承担。
节费/舒适/错峰重视 2/4/1；控制边界：每次先问我，得到明确同意后再调整；提前通知 6 小时；受保护活动：睡眠休息, 做饭用餐, 照顾家人。
居住方式：与他人合租；电价背景：峰谷分时电价；定时/自动控制经验：经常使用；既有错峰经验：没有参加过；受扰后恢复偏好：先看影响再决定；其他背景设备：冰箱。
洗衣机 1台，每周 4—6天；默认 21:00，可从 19:00 开始，最晚 24:00 完成，一次 60 分钟。条件：默认时刻须有成员在家并完成装载；轮班或事件日另核，不默认预约或远程启动。
电热水器 1台，每周 4—6天；加热 19:00–22:00，需热水 21:00，提前加热：每次先确认。条件：普通加热须对准有人需要热水的时段；事件日及额外提前加热按当次许可确认。
可在家充电的电动汽车 1辆，每周 4—6天；接入 19:50，次日离家 07:00，目标/保底电量 90%/30%，驾驶成员 m03。条件：由m03在典型外出日返家后接入；车辆实际到家、次日离家与充电权限按当天确认。
参与者对十天方案的选择、理由和评分尚未填写。",UNKNOWN,NOT_COLLECTED,NOT_EXPORTED_PENDING_D_ACCEPTANCE,UNKNOWN
cityrole-0168,eb.synthetic_fixed_profile_300.v1,重庆市,重庆,500000,4,3,0,mostly_occupied,partly_home,irregular,12800,520,2,电费有压力，需调整其他开支,必要生活开支较多，本月电费变化容易挤占其他项目。,both_high,4,4,5,high_trust_auto,24,independent_dwelling,three_rooms,3,20-29,98.0,synthetic_H6_like_whole_dwelling_building_area,98.0,known_synthetic_whole_dwelling,90_119,matches_synthetic_whole_dwelling,apartment,middle,3,cn-home-0168,self_contained_source_three_room,Low-rise apartment_Youyang_2001,middle,73.684211,73.684211,0,CHN_Chongqing.Chongqing.Shapingba.575160_CSWD,5.879,454a6f076037de18c42c492b2db58bd57789e0464fbca049b4616ca770465130,e57082e9b14cbbdd8e314dcf8dd490e42a0db6a76e49430a4d2be5c101ca473d,7,7,8,household_selected_devices,0,,重庆市的4人家庭。独立住房建筑面积约98平方米，七普口径至少3间自然房间。长辈（59岁，轮班或时间多变）、主要说明人（37岁，在家外出交替）、子女（18岁，通常主要在家）、伴侣（38岁，在家外出交替）。通常白天有人在家。家庭月收入情境约12800元，通常月电费情境约520元；电费有压力，需调整其他开支。必要生活开支较多，本月电费变化容易挤占其他项目。纳入安排的设备：洗衣机、电热水器。节费重视4/5，舒适重视4/5，系统控制边界是约定范围内可自动调整；希望提前24小时通知。费用压力描述的是当前预算余量；节费重视描述的是调整方案时的取舍，两者分别考虑。洗衣等任务需有人在家完成装载。轮班日按当天在家情况确认。,"【合成角色条件；尚无真人回答】
cityrole-0168｜重庆重庆市｜4人｜独立住宅，H7 至少3间自然房；整套设计建筑面积98㎡。
楼房中的一套住宅，楼层位置 中间层，房龄背景 2000—2009年；住宅原型 Low-rise apartment_Youyang_2001，源户位 middle，天气代理站 CHN_Chongqing.Chongqing.Shapingba.575160_CSWD（距城市约5.9km）；天气/原型及房龄并非本户实测。
m01 长辈，59岁，轮班工作 / 轮班或时间经常变化；工作日到家时段不固定；室温感受：能接受小幅变化，变化较大会不舒服；电器时间：只要按时完成，具体运行时间都可以；参与安排：通常主要由这位成员决定；需求优先：没有特别优先；节费/错峰重视 4/2；系统控制：在约定范围内，可以让系统自动调整。
m02 主要说明人，37岁，暂未工作（非退休） / 部分时间在家，部分时间外出；工作日通常在家 00:00–09:00、12:00–15:00、19:00–24:00；室温感受：比较敏感，小幅变化也容易不舒服；电器时间：只接受小幅提前或推迟；参与安排：通常与家人共同商量决定；需求优先：没有特别优先；节费/错峰重视 5/3；系统控制：每次先问，得到明确同意后再调整。
m03 子女，18岁，居家工作/学习 / 主要在家生活，包括居家工作、学习、休息或照护；工作日通常在家 00:00–24:00；室温感受：不太敏感，室温变化较大也通常能适应；电器时间：只接受小幅提前或推迟；参与安排：通常与家人共同商量决定；需求优先：没有特别优先；节费/错峰重视 2/4；系统控制：在约定范围内，可以让系统自动调整。
m04 伴侣，38岁，照顾家人 / 部分时间在家，部分时间外出；工作日通常在家 00:00–09:00、12:00–15:00、19:00–24:00；室温感受：能接受小幅变化，变化较大会不舒服；电器时间：希望按原定时间运行，尽量不调整；参与安排：通常与家人共同商量决定；需求优先：没有特别优先；节费/错峰重视 4/5；系统控制：更愿意自己安排，尽量不让系统调整。
通常白天：大部分时间有人；晚间：部分时间有人；作息：变化较多；深夜用电：偶尔；事件当天是否在受控房间另核。
家庭月收入情境 12800元、上月电费情境 520元；电费压力 2/5。必要生活开支较多，本月电费变化容易挤占其他项目。
节费/舒适/错峰重视 4/4/5；控制边界：在约定范围内，可以让系统自动调整；提前通知 一天；受保护活动：睡眠休息, 做饭用餐。
居住方式：自有住房；电价背景：单一时段电价；定时/自动控制经验：没有使用过；既有错峰经验：没有参加过；受扰后恢复偏好：保留自动安排；其他背景设备：冰箱。
洗衣机 1台，每周 每天（7天）；默认 19:00，可从 19:00 开始，最晚 23:00 完成，一次 60 分钟。条件：默认时刻须有成员在家并完成装载；轮班或事件日另核，不默认预约或远程启动。
电热水器 1台，每周 每天（7天）；加热 19:50–22:00，需热水 21:00，提前加热：不希望提前加热。条件：普通加热须对准有人需要热水的时段；事件日及额外提前加热按当次许可确认。
参与者对十天方案的选择、理由和评分尚未填写。",UNKNOWN,NOT_COLLECTED,NOT_EXPORTED_PENDING_D_ACCEPTANCE,UNKNOWN
cityrole-0169,eb.synthetic_fixed_profile_300.v1,吴忠市,宁夏,640300,1,1,0,sometimes_occupied,partly_home,partly_regular,6500,360,4,电费有余量，通常不需改变开支,本月电费占可安排预算较小。,both_high,4,4,4,confirm_required,3,independent_dwelling,two_rooms,2,30-39,34.5,synthetic_H6_like_whole_dwelling_building_area,34.5,known_synthetic_whole_dwelling,lt50,matches_synthetic_whole_dwelling,apartment,top,4,cn-home-0169,self_contained_openplan,Low-rise apartment_Yinchuan_2018,edge,25.93985,25.93985,0,CHN_Ningxia.Hui.Yinchuan.536140_CSWD,55.26,cafcad4f9a0303f72c4e8791eb01b73dda7bda0f48e32dcdc8316f781af76e37,db063d638f9641cc4f14c1c553d6752036c4a0df9a5ac130691216b14d57c666,7,7,10,household_selected_devices,0,,吴忠市的1人家庭。独立住房建筑面积约34.5平方米，七普口径至少2间自然房间。主要说明人（47岁，在家外出交替）。通常白天部分时间有人。家庭月收入情境约6500元，通常月电费情境约360元；电费有余量，通常不需改变开支。本月电费占可安排预算较小。纳入安排的设备：空调、洗衣机、电热水器。节费重视4/5，舒适重视4/5，系统控制边界是每次先确认；希望提前3小时通知。当前电费负担不重，但仍重视避免浪费。洗衣等任务需有人在家完成装载。空屋提前开空调须另确认预约或远控与本人许可。,"【合成角色条件；尚无真人回答】
cityrole-0169｜宁夏吴忠市｜1人｜独立住宅，H7 至少2间自然房；整套设计建筑面积34.5㎡。
楼房中的一套住宅，楼层位置 顶层，房龄背景 2010—2019年；住宅原型 Low-rise apartment_Yinchuan_2018，源户位 edge，天气代理站 CHN_Ningxia.Hui.Yinchuan.536140_CSWD（距城市约55.3km）；天气/原型及房龄并非本户实测。
m01 主要说明人，47岁，照顾家人 / 部分时间在家，部分时间外出；工作日通常在家 00:00–09:00、12:00–15:00、19:00–24:00；室温感受：不太敏感，室温变化较大也通常能适应；电器时间：只要按时完成，具体运行时间都可以；参与安排：通常主要由这位成员决定；需求优先：没有特别优先；节费/错峰重视 4/5；系统控制：每次先问，得到明确同意后再调整。
通常白天：部分时间有人；晚间：部分时间有人；作息：部分成员或部分日期固定；深夜用电：很少或没有；事件当天是否在受控房间另核。
家庭月收入情境 6500元、上月电费情境 360元；电费压力 4/5。本月电费占可安排预算较小。
节费/舒适/错峰重视 4/4/4；控制边界：每次先问我，得到明确同意后再调整；提前通知 3 小时；受保护活动：睡眠休息, 做饭用餐。
居住方式：与他人合租；电价背景：单一时段电价；定时/自动控制经验：偶尔使用；既有错峰经验：参加过；受扰后恢复偏好：保留自动安排；其他背景设备：冰箱。
空调 2台，每周 2—3天；傍晚到睡前（18:00—23:00），制冷设定 25℃，室温希望范围 24—26℃，可接受变化 0.5℃。条件：有人在受控房间时使用；18:00–18:30若空屋预冷，须当天确认家户许可及实际预约/远控能力，否则到家后开启；空屋冷量不算舒适收益。
洗衣机 1台，每周 2—3天；默认 19:50，可从 19:00 开始，最晚 23:00 完成，一次 60 分钟。条件：默认时刻须有成员在家并完成装载；轮班或事件日另核，不默认预约或远程启动。
电热水器 1台，每周 2—3天；加热 06:00–08:00，需热水 07:00，提前加热：可以提前安排。条件：普通加热须对准有人需要热水的时段；事件日及额外提前加热按当次许可确认。
参与者对十天方案的选择、理由和评分尚未填写。",UNKNOWN,NOT_COLLECTED,NOT_EXPORTED_PENDING_D_ACCEPTANCE,UNKNOWN
cityrole-0170,eb.synthetic_fixed_profile_300.v1,天津市,天津,120000,2,1,0,mostly_occupied,partly_home,partly_regular,13000,120,2,电费有压力，需调整其他开支,本月收入已有其他固定支出安排，可灵活调整的预算较紧。,saving_priority,4,2,2,confirm_required,48,independent_dwelling,two_rooms,2,30-39,69.0,synthetic_H6_like_whole_dwelling_building_area,69.0,known_synthetic_whole_dwelling,50_89,matches_synthetic_whole_dwelling,apartment,middle,3,cn-home-0170,self_contained_openplan,Low-rise apartment_Tianjin_2010,middle,51.879699,51.879699,0,CHN_Tianjin.Tianjin.545270_CSWD,12.212,36e8a3b022198a8bb6d218d9a6e4d00a531581684750d406e90defc9ce4f7713,40816bf31605120fbf837b8819bcfa2e82677a284047a906f9341082515c61d9,7,7,8,household_selected_devices,0,,天津市的2人家庭。独立住房建筑面积约69平方米，七普口径至少2间自然房间。主要说明人（42岁，在家外出交替）、伴侣（43岁，通常主要在家）。通常白天有人在家。家庭月收入情境约13000元，通常月电费情境约120元；电费有压力，需调整其他开支。本月收入已有其他固定支出安排，可灵活调整的预算较紧。纳入安排的设备：空调、洗衣机、电热水器。节费重视4/5，舒适重视2/5，系统控制边界是每次先确认；希望提前48小时通知。费用压力描述的是当前预算余量；节费重视描述的是调整方案时的取舍，两者分别考虑。洗衣等任务需有人在家完成装载。空屋提前开空调须另确认预约或远控与本人许可。,"【合成角色条件；尚无真人回答】
cityrole-0170｜天津天津市｜2人｜独立住宅，H7 至少2间自然房；整套设计建筑面积69㎡。
楼房中的一套住宅，楼层位置 中间层，房龄背景 2010—2019年；住宅原型 Low-rise apartment_Tianjin_2010，源户位 middle，天气代理站 CHN_Tianjin.Tianjin.545270_CSWD（距城市约12.2km）；天气/原型及房龄并非本户实测。
m01 主要说明人，42岁，暂未工作（非退休） / 部分时间在家，部分时间外出；工作日通常在家 00:00–09:00、12:00–15:00、19:00–24:00；室温感受：比较敏感，小幅变化也容易不舒服；电器时间：希望按原定时间运行，尽量不调整；参与安排：通常主要由这位成员决定；需求优先：没有特别优先；节费/错峰重视 4/3；系统控制：每次先问，得到明确同意后再调整。
m02 伴侣，43岁，居家工作/学习 / 主要在家生活，包括居家工作、学习、休息或照护；工作日通常在家 00:00–24:00；室温感受：不太敏感，室温变化较大也通常能适应；电器时间：只要按时完成，具体运行时间都可以；参与安排：通常与家人共同商量决定；需求优先：没有特别优先；节费/错峰重视 2/4；系统控制：在约定范围内，可以让系统自动调整。
通常白天：大部分时间有人；晚间：部分时间有人；作息：部分成员或部分日期固定；深夜用电：很少或没有；事件当天是否在受控房间另核。
家庭月收入情境 13000元、上月电费情境 120元；电费压力 2/5。本月收入已有其他固定支出安排，可灵活调整的预算较紧。
节费/舒适/错峰重视 4/2/2；控制边界：每次先问我，得到明确同意后再调整；提前通知 两天；受保护活动：睡眠休息, 做饭用餐。
居住方式：自有住房；电价背景：单一时段电价；定时/自动控制经验：经常使用；既有错峰经验：没有参加过；受扰后恢复偏好：先看影响再决定；其他背景设备：冰箱。
空调 1台，每周 4—6天；傍晚到睡前（18:00—23:00），制冷设定 26℃，室温希望范围 25—27℃，可接受变化 1℃。条件：有人在受控房间时使用；18:00–18:30若空屋预冷，须当天确认家户许可及实际预约/远控能力，否则到家后开启；空屋冷量不算舒适收益。
洗衣机 1台，每周 4—6天；默认 21:00，可从 19:00 开始，最晚 24:00 完成，一次 60 分钟。条件：默认时刻须有成员在家并完成装载；轮班或事件日另核，不默认预约或远程启动。
电热水器 1台，每周 4—6天；加热 19:00–22:00，需热水 21:00，提前加热：每次先确认。条件：普通加热须对准有人需要热水的时段；事件日及额外提前加热按当次许可确认。
参与者对十天方案的选择、理由和评分尚未填写。",UNKNOWN,NOT_COLLECTED,NOT_EXPORTED_PENDING_D_ACCEPTANCE,UNKNOWN
cityrole-0171,eb.synthetic_fixed_profile_300.v1,襄阳市,湖北,420600,1,1,0,mostly_absent,mostly_home,regular,4500,520,2,电费有压力，需调整其他开支,必要生活开支较多，本月电费变化容易挤占其他项目。,both_low,1,1,5,high_trust_auto,0,independent_dwelling,two_rooms,2,70及以上,75.0,synthetic_H6_like_whole_dwelling_building_area,75.0,known_synthetic_whole_dwelling,50_89,matches_synthetic_whole_dwelling,apartment,ground,1,cn-home-0171,self_contained_openplan,High-rise apartment(slab type)_Laohekou_2001,edge,56.390977,56.390977,0,CHN_Hubei.Laohekou.572650_CSWD,56.83,85b215c7d2d19e4a471bcb23980fb32591ee0f31fdda292189df9d96151ca0eb,3b3baa9abe3c702cde45c90c7ece48e58879ec23481de559182cb7ed68025768,7,7,10,household_selected_devices,0,,襄阳市的1人家庭。独立住房建筑面积约75平方米，七普口径至少2间自然房间。主要说明人（52岁，通常定时外出）。通常白天多在外。家庭月收入情境约4500元，通常月电费情境约520元；电费有压力，需调整其他开支。必要生活开支较多，本月电费变化容易挤占其他项目。纳入安排的设备：空调、洗衣机、电热水器。节费重视1/5，舒适重视1/5，系统控制边界是约定范围内可自动调整；希望提前0小时通知。虽然电费挤压预算，但家里更在意任务按原计划完成，不愿为了少量节费频繁改时间。洗衣等任务需有人在家完成装载。空屋提前开空调须另确认预约或远控与本人许可。,"【合成角色条件；尚无真人回答】
cityrole-0171｜湖北襄阳市｜1人｜独立住宅，H7 至少2间自然房；整套设计建筑面积75㎡。
楼房中的一套住宅，楼层位置 底层，房龄背景 2000—2009年；住宅原型 High-rise apartment(slab type)_Laohekou_2001，源户位 edge，天气代理站 CHN_Hubei.Laohekou.572650_CSWD（距城市约56.8km）；天气/原型及房龄并非本户实测。
m01 主要说明人，52岁，在外工作 / 通常固定时间外出工作或学习；工作日通常在家 00:00–07:30、18:30–24:00；室温感受：能接受小幅变化，变化较大会不舒服；电器时间：希望按原定时间运行，尽量不调整；参与安排：通常主要由这位成员决定；需求优先：没有特别优先；节费/错峰重视 1/1；系统控制：在约定范围内，可以让系统自动调整。
通常白天：大部分时间没人；晚间：大部分时间有人；作息：大体固定；深夜用电：很少或没有；事件当天是否在受控房间另核。
家庭月收入情境 4500元、上月电费情境 520元；电费压力 2/5。必要生活开支较多，本月电费变化容易挤占其他项目。
节费/舒适/错峰重视 1/1/5；控制边界：在约定范围内，可以让系统自动调整；提前通知 无需提前；受保护活动：睡眠休息, 做饭用餐。
居住方式：整套租住；电价背景：单一时段电价；定时/自动控制经验：经常使用；既有错峰经验：没有参加过；受扰后恢复偏好：改回原安排；其他背景设备：冰箱。
空调 1台，每周 每天（7天）；傍晚到睡前（18:00—23:00），制冷设定 27℃，室温希望范围 26—28℃，可接受变化 1.5℃。条件：有人在受控房间时使用；18:00–18:30若空屋预冷，须当天确认家户许可及实际预约/远控能力，否则到家后开启；空屋冷量不算舒适收益。
洗衣机 1台，每周 每天（7天）；默认 19:00，可从 19:00 开始，最晚 23:00 完成，一次 60 分钟。条件：默认时刻须有成员在家并完成装载；轮班或事件日另核，不默认预约或远程启动。
电热水器 1台，每周 每天（7天）；加热 19:50–22:00，需热水 21:00，提前加热：不希望提前加热。条件：普通加热须对准有人需要热水的时段；事件日及额外提前加热按当次许可确认。
参与者对十天方案的选择、理由和评分尚未填写。",UNKNOWN,NOT_COLLECTED,NOT_EXPORTED_PENDING_D_ACCEPTANCE,UNKNOWN
cityrole-0172,eb.synthetic_fixed_profile_300.v1,柳州市,广西,450200,7,3,0,mostly_occupied,partly_home,irregular,22400,120,4,电费有余量，通常不需改变开支,本月电费已列入预算，按当前金额可以承担。,middle,3,3,5,low_auto_accept,6,independent_dwelling,five_or_more_rooms,5,40-49,311.5,synthetic_H6_like_whole_dwelling_building_area,311.5,known_synthetic_whole_dwelling,ge160,matches_synthetic_whole_dwelling,rowhouse,NOT_APPLICABLE,two_storey_terraced_inferred_unit,cn-home-0172,terraced_five_room_inferred,Terraced house_Guiping_2012,middle,234.210526,234.210526,0,CHN_Guangxi.Zhuang.Guiping.592540_CSWD,123.501,db4ebc9fcd7c18ff332b4338e74507871057202b3efe67164cace8f73d3361e2,67fb3e41a2d5fb4eeccfca12c5c90243c8b3e89b4d6af873743ed6984635f2f2,14,13,25,household_selected_devices,0,,柳州市的7人家庭。独立住房建筑面积约311.5平方米，七普口径至少5间自然房间。长辈（58岁，通常主要在家）、主要说明人（39岁，在家外出交替）、子女（19岁，通常定时外出）、伴侣（39岁，轮班或时间多变）、子女（15岁，通常定时外出）、兄弟姐妹（40岁，通常主要在家）、子女（17岁，通常定时外出）。通常白天有人在家。家庭月收入情境约22400元，通常月电费情境约120元；电费有余量，通常不需改变开支。本月电费已列入预算，按当前金额可以承担。纳入安排的设备：烘干机、电热水器。节费重视3/5，舒适重视3/5，系统控制边界是以自己安排为主；希望提前6小时通知。费用压力描述的是当前预算余量；节费重视描述的是调整方案时的取舍，两者分别考虑。洗衣等任务需有人在家完成装载。轮班日按当天在家情况确认。,"【合成角色条件；尚无真人回答】
cityrole-0172｜广西柳州市｜7人｜独立住宅，H7 至少5间自然房；整套设计建筑面积311.5㎡。
联排住宅，楼层位置 不适用，房龄背景 2010—2019年；住宅原型 Terraced house_Guiping_2012，源户位 middle，天气代理站 CHN_Guangxi.Zhuang.Guiping.592540_CSWD（距城市约123.5km）；天气/原型及房龄并非本户实测。
m01 长辈，58岁，居家工作/学习 / 主要在家生活，包括居家工作、学习、休息或照护；工作日通常在家 00:00–24:00；室温感受：不太敏感，室温变化较大也通常能适应；电器时间：只接受小幅提前或推迟；参与安排：通常主要由这位成员决定；需求优先：没有特别优先；节费/错峰重视 3/4；系统控制：更愿意自己安排，尽量不让系统调整。
m02 主要说明人，39岁，照顾家人 / 部分时间在家，部分时间外出；工作日通常在家 00:00–09:00、12:00–15:00、19:00–24:00；室温感受：能接受小幅变化，变化较大会不舒服；电器时间：希望按原定时间运行，尽量不调整；参与安排：通常与家人共同商量决定；需求优先：没有特别优先；节费/错峰重视 4/5；系统控制：更愿意自己安排，尽量不让系统调整。
m03 子女，19岁，在外工作 / 通常固定时间外出工作或学习；工作日通常在家 00:00–07:30、18:30–24:00；室温感受：比较敏感，小幅变化也容易不舒服；电器时间：希望按原定时间运行，尽量不调整；参与安排：通常与家人共同商量决定；需求优先：没有特别优先；节费/错峰重视 1/1；系统控制：每次先问，得到明确同意后再调整。
m04 伴侣，39岁，轮班工作 / 轮班或时间经常变化；工作日到家时段不固定；室温感受：不太敏感，室温变化较大也通常能适应；电器时间：只要按时完成，具体运行时间都可以；参与安排：通常与家人共同商量决定；需求优先：没有特别优先；节费/错峰重视 3/2；系统控制：在约定范围内，可以让系统自动调整。
m05 子女，15岁，上学 / 通常固定时间外出工作或学习；工作日通常在家 00:00–07:30、18:30–24:00；室温感受：能接受小幅变化，变化较大会不舒服；电器时间：只要按时完成，具体运行时间都可以；参与安排：通常与家人共同商量决定；需求优先：通常会优先考虑；节费/错峰重视 5/3；系统控制：更愿意自己安排，尽量不让系统调整。
m06 兄弟姐妹，40岁，居家工作/学习 / 主要在家生活，包括居家工作、学习、休息或照护；工作日通常在家 00:00–24:00；室温感受：比较敏感，小幅变化也容易不舒服；电器时间：只接受小幅提前或推迟；参与安排：通常与家人共同商量决定；需求优先：没有特别优先；节费/错峰重视 2/4；系统控制：每次先问，得到明确同意后再调整。
m07 子女，17岁，上学 / 通常固定时间外出工作或学习；工作日通常在家 00:00–07:30、18:30–24:00；室温感受：不太敏感，室温变化较大也通常能适应；电器时间：只接受小幅提前或推迟；参与安排：通常与家人共同商量决定；需求优先：通常会优先考虑；节费/错峰重视 4/5；系统控制：在约定范围内，可以让系统自动调整。
通常白天：大部分时间有人；晚间：部分时间有人；作息：变化较多；深夜用电：偶尔；事件当天是否在受控房间另核。
家庭月收入情境 22400元、上月电费情境 120元；电费压力 4/5。本月电费已列入预算，按当前金额可以承担。
节费/舒适/错峰重视 3/3/5；控制边界：更愿意自己安排，尽量不让系统调整；提前通知 6 小时；受保护活动：睡眠休息, 做饭用餐, 照顾家人。
居住方式：自有住房；电价背景：单一时段电价；定时/自动控制经验：经常使用；既有错峰经验：没有参加过；受扰后恢复偏好：改回原安排；其他背景设备：冰箱。
烘干机 1台，每周 2—3天；默认 19:00，可从 19:00 开始，最晚 23:00 完成，一次 90 分钟。条件：默认时刻须有成员在家并完成装载；轮班或事件日另核，不默认预约或远程启动。
电热水器 1台，每周 2—3天；加热 06:00–08:00，需热水 07:00，提前加热：可以提前安排。条件：普通加热须对准有人需要热水的时段；事件日及额外提前加热按当次许可确认。
参与者对十天方案的选择、理由和评分尚未填写。",UNKNOWN,NOT_COLLECTED,NOT_EXPORTED_PENDING_D_ACCEPTANCE,UNKNOWN
cityrole-0173,eb.synthetic_fixed_profile_300.v1,西安市,陕西,610100,4,2,1,mostly_occupied,partly_home,partly_regular,38000,520,1,电费超出预算会挤占必要支出,本月收入已有其他固定支出安排，可灵活调整的预算较紧。,both_low,1,1,1,high_trust_auto,1,independent_dwelling,two_rooms,2,40-49,178.0,synthetic_H6_like_whole_dwelling_building_area,178.0,known_synthetic_whole_dwelling,ge160,matches_synthetic_whole_dwelling,apartment,middle,7,cn-home-0173,self_contained_openplan,High-rise apartment(slab type)_Xian_2010,edge,133.834586,133.834586,0,CHN_Shaanxi.Xian.570360_CSWD,5.251,a57847ea71bccc3e890839d9675e49b7b95aa9d2f5a76068343ec60b5211dba7,ff93fc8219b487f9c853e6be4b9985dd82a3104201df9a17a134ec70355fe0e3,7,7,10,household_selected_devices,0,,西安市的4人家庭。独立住房建筑面积约178平方米，七普口径至少2间自然房间。主要说明人（66岁，通常主要在家）、子女（37岁，在家外出交替）、子女（40岁，通常主要在家）、子女伴侣（34岁，在家外出交替）。通常白天有人在家。家庭月收入情境约38000元，通常月电费情境约520元；电费超出预算会挤占必要支出。本月收入已有其他固定支出安排，可灵活调整的预算较紧。纳入安排的设备：空调、洗衣机。节费重视1/5，舒适重视1/5，系统控制边界是约定范围内可自动调整；希望提前1小时通知。虽然电费挤压预算，但家里更在意任务按原计划完成，不愿为了少量节费频繁改时间。洗衣等任务需有人在家完成装载。,"【合成角色条件；尚无真人回答】
cityrole-0173｜陕西西安市｜4人｜独立住宅，H7 至少2间自然房；整套设计建筑面积178㎡。
楼房中的一套住宅，楼层位置 中间层，房龄背景 2010—2019年；住宅原型 High-rise apartment(slab type)_Xian_2010，源户位 edge，天气代理站 CHN_Shaanxi.Xian.570360_CSWD（距城市约5.3km）；天气/原型及房龄并非本户实测。
m01 主要说明人，66岁，退休 / 主要在家生活，包括居家工作、学习、休息或照护；工作日通常在家 00:00–24:00；室温感受：比较敏感，小幅变化也容易不舒服；电器时间：只接受小幅提前或推迟；参与安排：通常主要由这位成员决定；需求优先：没有特别优先；节费/错峰重视 1/2；系统控制：在约定范围内，可以让系统自动调整。
m02 子女，37岁，暂未工作（非退休） / 部分时间在家，部分时间外出；工作日通常在家 00:00–09:00、12:00–15:00、19:00–24:00；室温感受：不太敏感，室温变化较大也通常能适应；电器时间：只接受小幅提前或推迟；参与安排：通常与家人共同商量决定；需求优先：没有特别优先；节费/错峰重视 5/3；系统控制：在约定范围内，可以让系统自动调整。
m03 子女，40岁，居家工作/学习 / 主要在家生活，包括居家工作、学习、休息或照护；工作日通常在家 00:00–24:00；室温感受：能接受小幅变化，变化较大会不舒服；电器时间：希望按原定时间运行，尽量不调整；参与安排：通常与家人共同商量决定；需求优先：没有特别优先；节费/错峰重视 2/4；系统控制：更愿意自己安排，尽量不让系统调整。
m04 子女伴侣，34岁，照顾家人 / 部分时间在家，部分时间外出；工作日通常在家 00:00–09:00、12:00–15:00、19:00–24:00；室温感受：比较敏感，小幅变化也容易不舒服；电器时间：希望按原定时间运行，尽量不调整；参与安排：通常与家人共同商量决定；需求优先：没有特别优先；节费/错峰重视 4/5；系统控制：每次先问，得到明确同意后再调整。
通常白天：大部分时间有人；晚间：部分时间有人；作息：部分成员或部分日期固定；深夜用电：很少或没有；事件当天是否在受控房间另核。
家庭月收入情境 38000元、上月电费情境 520元；电费压力 1/5。本月收入已有其他固定支出安排，可灵活调整的预算较紧。
节费/舒适/错峰重视 1/1/1；控制边界：在约定范围内，可以让系统自动调整；提前通知 1 小时；受保护活动：睡眠休息, 做饭用餐。
居住方式：整套租住；电价背景：峰谷分时电价；定时/自动控制经验：偶尔使用；既有错峰经验：没有参加过；受扰后恢复偏好：改回原安排；其他背景设备：冰箱。
空调 2台，每周 4—6天；下午到睡前（14:00—23:00），制冷设定 25℃，室温希望范围 24—26℃，可接受变化 1℃。条件：有人在受控房间时使用；轮班或事件日另核，不把空屋冷量算作舒适收益。
洗衣机 1台，每周 4—6天；默认 21:00，可从 19:00 开始，最晚 24:00 完成，一次 60 分钟。条件：默认时刻须有成员在家并完成装载；轮班或事件日另核，不默认预约或远程启动。
参与者对十天方案的选择、理由和评分尚未填写。",UNKNOWN,NOT_COLLECTED,NOT_EXPORTED_PENDING_D_ACCEPTANCE,UNKNOWN
cityrole-0174,eb.synthetic_fixed_profile_300.v1,天津市,天津,120000,2,2,0,sometimes_occupied,partly_home,partly_regular,4000,120,1,电费超出预算会挤占必要支出,必要生活开支较多，本月电费变化容易挤占其他项目。,both_low,1,1,3,low_auto_accept,1,independent_dwelling,three_rooms,3,40-49,89.0,synthetic_H6_like_whole_dwelling_building_area,89.0,known_synthetic_whole_dwelling,50_89,matches_synthetic_whole_dwelling,apartment,middle,3,cn-home-0174,self_contained_source_three_room,High-rise apartment(slab type)_Tianjin_2010,middle,66.917293,66.917293,0,CHN_Tianjin.Tianjin.545270_CSWD,12.212,36e8a3b022198a8bb6d218d9a6e4d00a531581684750d406e90defc9ce4f7713,e484d1be19c8ab14abfa30886aefc0d7bb5916eef7d8aa25d7920d5522feaab5,7,7,8,household_selected_devices,0,,天津市的2人家庭。独立住房建筑面积约89平方米，七普口径至少3间自然房间。主要说明人（54岁，在家外出交替）、子女（22岁，通常定时外出）。通常白天部分时间有人。家庭月收入情境约4000元，通常月电费情境约120元；电费超出预算会挤占必要支出。必要生活开支较多，本月电费变化容易挤占其他项目。纳入安排的设备：空调。节费重视1/5，舒适重视1/5，系统控制边界是以自己安排为主；希望提前1小时通知。虽然电费挤压预算，但家里更在意任务按原计划完成，不愿为了少量节费频繁改时间。空屋提前开空调须另确认预约或远控与本人许可。,"【合成角色条件；尚无真人回答】
cityrole-0174｜天津天津市｜2人｜独立住宅，H7 至少3间自然房；整套设计建筑面积89㎡。
楼房中的一套住宅，楼层位置 中间层，房龄背景 2010—2019年；住宅原型 High-rise apartment(slab type)_Tianjin_2010，源户位 middle，天气代理站 CHN_Tianjin.Tianjin.545270_CSWD（距城市约12.2km）；天气/原型及房龄并非本户实测。
m01 主要说明人，54岁，照顾家人 / 部分时间在家，部分时间外出；工作日通常在家 00:00–09:00、12:00–15:00、19:00–24:00；室温感受：能接受小幅变化，变化较大会不舒服；电器时间：只要按时完成，具体运行时间都可以；参与安排：通常主要由这位成员决定；需求优先：没有特别优先；节费/错峰重视 1/5；系统控制：更愿意自己安排，尽量不让系统调整。
m02 子女，22岁，在外工作 / 通常固定时间外出工作或学习；工作日通常在家 00:00–07:30、18:30–24:00；室温感受：比较敏感，小幅变化也容易不舒服；电器时间：只接受小幅提前或推迟；参与安排：通常与家人共同商量决定；需求优先：没有特别优先；节费/错峰重视 1/1；系统控制：每次先问，得到明确同意后再调整。
通常白天：部分时间有人；晚间：部分时间有人；作息：部分成员或部分日期固定；深夜用电：很少或没有；事件当天是否在受控房间另核。
家庭月收入情境 4000元、上月电费情境 120元；电费压力 1/5。必要生活开支较多，本月电费变化容易挤占其他项目。
节费/舒适/错峰重视 1/1/3；控制边界：更愿意自己安排，尽量不让系统调整；提前通知 1 小时；受保护活动：睡眠休息, 做饭用餐。
居住方式：整套租住；电价背景：峰谷分时电价；定时/自动控制经验：没有使用过；既有错峰经验：没有参加过；受扰后恢复偏好：先看影响再决定；其他背景设备：冰箱。
空调 1台，每周 每天（7天）；傍晚到睡前（18:00—23:00），制冷设定 26℃，室温希望范围 25—27℃，可接受变化 1.5℃。条件：有人在受控房间时使用；18:00–18:30若空屋预冷，须当天确认家户许可及实际预约/远控能力，否则到家后开启；空屋冷量不算舒适收益。
参与者对十天方案的选择、理由和评分尚未填写。",UNKNOWN,NOT_COLLECTED,NOT_EXPORTED_PENDING_D_ACCEPTANCE,UNKNOWN
cityrole-0175,eb.synthetic_fixed_profile_300.v1,大连市,辽宁,210200,1,1,1,mostly_absent,mostly_home,regular,3200,380,1,电费超出预算会挤占必要支出,必要生活开支较多，本月电费变化容易挤占其他项目。,both_high,5,5,1,low_auto_accept,72,independent_dwelling,two_rooms,2,40-49,44.5,synthetic_H6_like_whole_dwelling_building_area,44.5,known_synthetic_whole_dwelling,lt50,matches_synthetic_whole_dwelling,apartment,ground,1,cn-home-0175,self_contained_openplan,Low-rise apartment_Dalian_1995,edge,33.458647,33.458647,0,CHN_Liaoning.Dalian.546620_CSWD,7.424,49c70aacc14cf9a49a6262ea54af2cca535d22537e48a6448d51248d5e51c9c5,1f1432b31dcc00debefcea5b1d04358367cf071c183a17baaf8e6c83ec9dd5bb,7,7,10,household_selected_devices,0,,大连市的1人家庭。独立住房建筑面积约44.5平方米，七普口径至少2间自然房间。主要说明人（70岁，通常定时外出）。通常白天多在外。家庭月收入情境约3200元，通常月电费情境约380元；电费超出预算会挤占必要支出。必要生活开支较多，本月电费变化容易挤占其他项目。纳入安排的设备：洗衣机。节费重视5/5，舒适重视5/5，系统控制边界是以自己安排为主；希望提前72小时通知。费用压力描述的是当前预算余量；节费重视描述的是调整方案时的取舍，两者分别考虑。洗衣等任务需有人在家完成装载。,"【合成角色条件；尚无真人回答】
cityrole-0175｜辽宁大连市｜1人｜独立住宅，H7 至少2间自然房；整套设计建筑面积44.5㎡。
楼房中的一套住宅，楼层位置 底层，房龄背景 2000年前；住宅原型 Low-rise apartment_Dalian_1995，源户位 edge，天气代理站 CHN_Liaoning.Dalian.546620_CSWD（距城市约7.4km）；天气/原型及房龄并非本户实测。
m01 主要说明人，70岁，在外工作 / 通常固定时间外出工作或学习；工作日通常在家 00:00–07:30、18:30–24:00；室温感受：不太敏感，室温变化较大也通常能适应；电器时间：只要按时完成，具体运行时间都可以；参与安排：通常主要由这位成员决定；需求优先：没有特别优先；节费/错峰重视 5/3；系统控制：更愿意自己安排，尽量不让系统调整。
通常白天：大部分时间没人；晚间：大部分时间有人；作息：大体固定；深夜用电：很少或没有；事件当天是否在受控房间另核。
家庭月收入情境 3200元、上月电费情境 380元；电费压力 1/5。必要生活开支较多，本月电费变化容易挤占其他项目。
节费/舒适/错峰重视 5/5/1；控制边界：更愿意自己安排，尽量不让系统调整；提前通知 三天或更早；受保护活动：睡眠休息, 做饭用餐。
居住方式：自有住房；电价背景：峰谷分时电价；定时/自动控制经验：经常使用；既有错峰经验：没有参加过；受扰后恢复偏好：先看影响再决定；其他背景设备：冰箱。
洗衣机 1台，每周 2—3天；默认 19:50，可从 19:00 开始，最晚 23:00 完成，一次 60 分钟。条件：默认时刻须有成员在家并完成装载；轮班或事件日另核，不默认预约或远程启动。
参与者对十天方案的选择、理由和评分尚未填写。",UNKNOWN,NOT_COLLECTED,NOT_EXPORTED_PENDING_D_ACCEPTANCE,UNKNOWN
cityrole-0176,eb.synthetic_fixed_profile_300.v1,长春市,吉林,220100,4,2,0,mostly_occupied,partly_home,irregular,12800,220,4,电费有余量，通常不需改变开支,本月电费已列入预算，按当前金额可以承担。,saving_priority,4,2,3,high_trust_auto,3,independent_dwelling,two_rooms,2,20-29,98.0,synthetic_H6_like_whole_dwelling_building_area,98.0,known_synthetic_whole_dwelling,90_119,matches_synthetic_whole_dwelling,apartment,middle,2,cn-home-0176,self_contained_openplan,Low-rise apartment_Changchun_1995,middle,73.684211,73.684211,0,CHN_Jilin.Changchun.541610_CSWD,7.064,bed99a863f30c24b87f7a12ca4663803558eb0c4f146f62ebd8bc152ac75a9ef,09a7b84420e94ffc075b2f8ef1dba6144998d09a534ddc77bf2a03f18fb60747,7,7,8,household_selected_devices,0,,长春市的4人家庭。独立住房建筑面积约98平方米，七普口径至少2间自然房间。主要说明人（57岁，通常定时外出）、子女（25岁，轮班或时间多变）、子女（22岁，在家外出交替）、子女伴侣（25岁，通常主要在家）。通常白天有人在家。家庭月收入情境约12800元，通常月电费情境约220元；电费有余量，通常不需改变开支。本月电费已列入预算，按当前金额可以承担。纳入安排的设备：洗衣机。节费重视4/5，舒适重视2/5，系统控制边界是约定范围内可自动调整；希望提前3小时通知。当前电费负担不重，但仍重视避免浪费。洗衣等任务需有人在家完成装载。轮班日按当天在家情况确认。,"【合成角色条件；尚无真人回答】
cityrole-0176｜吉林长春市｜4人｜独立住宅，H7 至少2间自然房；整套设计建筑面积98㎡。
楼房中的一套住宅，楼层位置 中间层，房龄背景 2000年前；住宅原型 Low-rise apartment_Changchun_1995，源户位 middle，天气代理站 CHN_Jilin.Changchun.541610_CSWD（距城市约7.1km）；天气/原型及房龄并非本户实测。
m01 主要说明人，57岁，在外工作 / 通常固定时间外出工作或学习；工作日通常在家 00:00–07:30、18:30–24:00；室温感受：比较敏感，小幅变化也容易不舒服；电器时间：希望按原定时间运行，尽量不调整；参与安排：通常主要由这位成员决定；需求优先：没有特别优先；节费/错峰重视 4/1；系统控制：在约定范围内，可以让系统自动调整。
m02 子女，25岁，轮班工作 / 轮班或时间经常变化；工作日到家时段不固定；室温感受：不太敏感，室温变化较大也通常能适应；电器时间：只要按时完成，具体运行时间都可以；参与安排：通常与家人共同商量决定；需求优先：没有特别优先；节费/错峰重视 3/2；系统控制：在约定范围内，可以让系统自动调整。
m03 子女，22岁，暂未工作（非退休） / 部分时间在家，部分时间外出；工作日通常在家 00:00–09:00、12:00–15:00、19:00–24:00；室温感受：能接受小幅变化，变化较大会不舒服；电器时间：只要按时完成，具体运行时间都可以；参与安排：通常与家人共同商量决定；需求优先：没有特别优先；节费/错峰重视 5/3；系统控制：更愿意自己安排，尽量不让系统调整。
m04 子女伴侣，25岁，居家工作/学习 / 主要在家生活，包括居家工作、学习、休息或照护；工作日通常在家 00:00–24:00；室温感受：比较敏感，小幅变化也容易不舒服；电器时间：只接受小幅提前或推迟；参与安排：通常与家人共同商量决定；需求优先：没有特别优先；节费/错峰重视 2/4；系统控制：每次先问，得到明确同意后再调整。
通常白天：大部分时间有人；晚间：部分时间有人；作息：变化较多；深夜用电：偶尔；事件当天是否在受控房间另核。
家庭月收入情境 12800元、上月电费情境 220元；电费压力 4/5。本月电费已列入预算，按当前金额可以承担。
节费/舒适/错峰重视 4/2/3；控制边界：在约定范围内，可以让系统自动调整；提前通知 3 小时；受保护活动：睡眠休息, 做饭用餐。
居住方式：自有住房；电价背景：峰谷分时电价；定时/自动控制经验：偶尔使用；既有错峰经验：参加过；受扰后恢复偏好：保留自动安排；其他背景设备：冰箱。
洗衣机 1台，每周 4—6天；默认 21:00，可从 19:00 开始，最晚 24:00 完成，一次 60 分钟。条件：默认时刻须有成员在家并完成装载；轮班或事件日另核，不默认预约或远程启动。
参与者对十天方案的选择、理由和评分尚未填写。",UNKNOWN,NOT_COLLECTED,NOT_EXPORTED_PENDING_D_ACCEPTANCE,UNKNOWN
cityrole-0177,eb.synthetic_fixed_profile_300.v1,简阳市,四川,510185,6,3,1,mostly_occupied,partly_home,partly_regular,19200,220,5,电费不构成当前预算约束,本月电费已列入预算，按当前金额可以承担。,both_high,4,4,1,high_trust_auto,48,independent_dwelling,three_rooms,3,13-16,87.0,synthetic_H6_like_whole_dwelling_building_area,87.0,known_synthetic_whole_dwelling,50_89,matches_synthetic_whole_dwelling,apartment,middle,5,cn-home-0177,self_contained_source_three_room,High-rise apartment(slab type)_Chengdu_2001,edge,65.413534,65.413534,0,CHN_Sichuan.Chengdu.562940_CSWD,58.549,7204a177b51424d23876255d175b502ac55aa3178ba1ac01691f571af00196ed,fe20d0d4be4ec152ed0528b20cfb149d7e3345cbd17be70c28453d19b558927a,7,7,10,household_selected_devices,0,,简阳市的6人家庭。独立住房建筑面积约87平方米，七普口径至少3间自然房间。长辈（72岁，通常主要在家）、主要说明人（35岁，在家外出交替）、子女（11岁，通常定时外出）、子女（10岁，通常定时外出）、伴侣（39岁，在家外出交替）、子女（8岁，通常定时外出）。通常白天有人在家。家庭月收入情境约19200元，通常月电费情境约220元；电费不构成当前预算约束。本月电费已列入预算，按当前金额可以承担。纳入安排的设备：空调、洗衣机、电热水器。节费重视4/5，舒适重视4/5，系统控制边界是约定范围内可自动调整；希望提前48小时通知。当前电费负担不重，但仍重视避免浪费。洗衣等任务需有人在家完成装载。,"【合成角色条件；尚无真人回答】
cityrole-0177｜四川简阳市｜6人｜独立住宅，H7 至少3间自然房；整套设计建筑面积87㎡。
楼房中的一套住宅，楼层位置 中间层，房龄背景 2000—2009年；住宅原型 High-rise apartment(slab type)_Chengdu_2001，源户位 edge，天气代理站 CHN_Sichuan.Chengdu.562940_CSWD（距城市约58.5km）；天气/原型及房龄并非本户实测。
m01 长辈，72岁，退休 / 主要在家生活，包括居家工作、学习、休息或照护；工作日通常在家 00:00–24:00；室温感受：能接受小幅变化，变化较大会不舒服；电器时间：希望按原定时间运行，尽量不调整；参与安排：通常主要由这位成员决定；需求优先：没有特别优先；节费/错峰重视 4/4；系统控制：在约定范围内，可以让系统自动调整。
m02 主要说明人，35岁，照顾家人 / 部分时间在家，部分时间外出；工作日通常在家 00:00–09:00、12:00–15:00、19:00–24:00；室温感受：比较敏感，小幅变化也容易不舒服；电器时间：希望按原定时间运行，尽量不调整；参与安排：通常与家人共同商量决定；需求优先：没有特别优先；节费/错峰重视 4/5；系统控制：每次先问，得到明确同意后再调整。
m03 子女，11岁，上学 / 通常固定时间外出工作或学习；工作日通常在家 00:00–07:30、18:30–24:00；室温感受：不太敏感，室温变化较大也通常能适应；电器时间：只要按时完成，具体运行时间都可以；参与安排：通常与家人共同商量决定；需求优先：通常会优先考虑；节费/错峰重视 1/1；系统控制：在约定范围内，可以让系统自动调整。
m04 子女，10岁，上学 / 通常固定时间外出工作或学习；工作日通常在家 00:00–07:30、18:30–24:00；室温感受：能接受小幅变化，变化较大会不舒服；电器时间：只要按时完成，具体运行时间都可以；参与安排：通常与家人共同商量决定；需求优先：通常会优先考虑；节费/错峰重视 3/2；系统控制：更愿意自己安排，尽量不让系统调整。
m05 伴侣，39岁，暂未工作（非退休） / 部分时间在家，部分时间外出；工作日通常在家 00:00–09:00、12:00–15:00、19:00–24:00；室温感受：比较敏感，小幅变化也容易不舒服；电器时间：只接受小幅提前或推迟；参与安排：通常与家人共同商量决定；需求优先：没有特别优先；节费/错峰重视 5/3；系统控制：每次先问，得到明确同意后再调整。
m06 子女，8岁，上学 / 通常固定时间外出工作或学习；工作日通常在家 00:00–07:30、18:30–24:00；室温感受：不太敏感，室温变化较大也通常能适应；电器时间：只接受小幅提前或推迟；参与安排：通常与家人共同商量决定；需求优先：通常会优先考虑；节费/错峰重视 2/4；系统控制：在约定范围内，可以让系统自动调整。
通常白天：大部分时间有人；晚间：部分时间有人；作息：部分成员或部分日期固定；深夜用电：很少或没有；事件当天是否在受控房间另核。
家庭月收入情境 19200元、上月电费情境 220元；电费压力 5/5。本月电费已列入预算，按当前金额可以承担。
节费/舒适/错峰重视 4/4/1；控制边界：在约定范围内，可以让系统自动调整；提前通知 两天；受保护活动：睡眠休息, 做饭用餐, 照顾家人。
居住方式：整套租住；电价背景：峰谷分时电价；定时/自动控制经验：偶尔使用；既有错峰经验：没有参加过；受扰后恢复偏好：改回原安排；其他背景设备：冰箱。
空调 2台，每周 每天（7天）；下午到睡前（14:00—23:00），制冷设定 25℃，室温希望范围 24—26℃，可接受变化 1.5℃。条件：有人在受控房间时使用；轮班或事件日另核，不把空屋冷量算作舒适收益。
洗衣机 1台，每周 每天（7天）；默认 19:00，可从 19:00 开始，最晚 23:00 完成，一次 60 分钟。条件：默认时刻须有成员在家并完成装载；轮班或事件日另核，不默认预约或远程启动。
电热水器 1台，每周 每天（7天）；加热 19:50–22:00，需热水 21:00，提前加热：不希望提前加热。条件：普通加热须对准有人需要热水的时段；事件日及额外提前加热按当次许可确认。
参与者对十天方案的选择、理由和评分尚未填写。",UNKNOWN,NOT_COLLECTED,NOT_EXPORTED_PENDING_D_ACCEPTANCE,UNKNOWN
cityrole-0178,eb.synthetic_fixed_profile_300.v1,贵阳市,贵州,520100,4,2,0,mostly_occupied,partly_home,irregular,18000,720,4,电费有余量，通常不需改变开支,本月电费占可安排预算较小。,comfort_priority,2,4,5,low_auto_accept,3,independent_dwelling,two_rooms,2,30-39,138.0,synthetic_H6_like_whole_dwelling_building_area,138.0,known_synthetic_whole_dwelling,120_159,matches_synthetic_whole_dwelling,apartment,ground,1,cn-home-0178,self_contained_openplan,Low-rise apartment_Guiyang_2001,edge,103.759398,103.759398,0,CHN_Guizhou.Guiyang.578160_CSWD,2.904,e3c9cb7d41beba027a76183e5704165f0cf1041d820a6440856af6c84191f672,c99fdc6902dc5b35adfcadb9b278360a4ff51b016cd84e09dda20ed3ce0ea24e,7,7,10,household_selected_devices,0,,贵阳市的4人家庭。独立住房建筑面积约138平方米，七普口径至少2间自然房间。主要说明人（52岁，轮班或时间多变）、子女（26岁，在家外出交替）、子女（30岁，通常主要在家）、子女伴侣（28岁，在家外出交替）。通常白天有人在家。家庭月收入情境约18000元，通常月电费情境约720元；电费有余量，通常不需改变开支。本月电费占可安排预算较小。纳入安排的设备：空调、洗衣机、电热水器。节费重视2/5，舒适重视4/5，系统控制边界是以自己安排为主；希望提前3小时通知。费用压力描述的是当前预算余量；节费重视描述的是调整方案时的取舍，两者分别考虑。洗衣等任务需有人在家完成装载。空屋提前开空调须另确认预约或远控与本人许可。轮班日按当天在家情况确认。,"【合成角色条件；尚无真人回答】
cityrole-0178｜贵州贵阳市｜4人｜独立住宅，H7 至少2间自然房；整套设计建筑面积138㎡。
楼房中的一套住宅，楼层位置 底层，房龄背景 2000—2009年；住宅原型 Low-rise apartment_Guiyang_2001，源户位 edge，天气代理站 CHN_Guizhou.Guiyang.578160_CSWD（距城市约2.9km）；天气/原型及房龄并非本户实测。
m01 主要说明人，52岁，轮班工作 / 轮班或时间经常变化；工作日到家时段不固定；室温感受：不太敏感，室温变化较大也通常能适应；电器时间：只接受小幅提前或推迟；参与安排：通常主要由这位成员决定；需求优先：没有特别优先；节费/错峰重视 2/2；系统控制：更愿意自己安排，尽量不让系统调整。
m02 子女，26岁，暂未工作（非退休） / 部分时间在家，部分时间外出；工作日通常在家 00:00–09:00、12:00–15:00、19:00–24:00；室温感受：能接受小幅变化，变化较大会不舒服；电器时间：希望按原定时间运行，尽量不调整；参与安排：通常与家人共同商量决定；需求优先：没有特别优先；节费/错峰重视 5/3；系统控制：更愿意自己安排，尽量不让系统调整。
m03 子女，30岁，居家工作/学习 / 主要在家生活，包括居家工作、学习、休息或照护；工作日通常在家 00:00–24:00；室温感受：比较敏感，小幅变化也容易不舒服；电器时间：希望按原定时间运行，尽量不调整；参与安排：通常与家人共同商量决定；需求优先：没有特别优先；节费/错峰重视 2/4；系统控制：每次先问，得到明确同意后再调整。
m04 子女伴侣，28岁，照顾家人 / 部分时间在家，部分时间外出；工作日通常在家 00:00–09:00、12:00–15:00、19:00–24:00；室温感受：不太敏感，室温变化较大也通常能适应；电器时间：只要按时完成，具体运行时间都可以；参与安排：通常与家人共同商量决定；需求优先：没有特别优先；节费/错峰重视 4/5；系统控制：在约定范围内，可以让系统自动调整。
通常白天：大部分时间有人；晚间：部分时间有人；作息：变化较多；深夜用电：偶尔；事件当天是否在受控房间另核。
家庭月收入情境 18000元、上月电费情境 720元；电费压力 4/5。本月电费占可安排预算较小。
节费/舒适/错峰重视 2/4/5；控制边界：更愿意自己安排，尽量不让系统调整；提前通知 3 小时；受保护活动：睡眠休息, 做饭用餐。
居住方式：自有住房；电价背景：单一时段电价；定时/自动控制经验：经常使用；既有错峰经验：没有参加过；受扰后恢复偏好：先看影响再决定；其他背景设备：冰箱。
空调 1台，每周 2—3天；傍晚到睡前（18:00—23:00），制冷设定 26℃，室温希望范围 25—27℃，可接受变化 0.5℃。条件：有人在受控房间时使用；18:00–18:30若空屋预冷，须当天确认家户许可及实际预约/远控能力，否则到家后开启；空屋冷量不算舒适收益。
洗衣机 1台，每周 2—3天；默认 19:50，可从 19:00 开始，最晚 23:00 完成，一次 60 分钟。条件：默认时刻须有成员在家并完成装载；轮班或事件日另核，不默认预约或远程启动。
电热水器 1台，每周 2—3天；加热 06:00–08:00，需热水 07:00，提前加热：可以提前安排。条件：普通加热须对准有人需要热水的时段；事件日及额外提前加热按当次许可确认。
参与者对十天方案的选择、理由和评分尚未填写。",UNKNOWN,NOT_COLLECTED,NOT_EXPORTED_PENDING_D_ACCEPTANCE,UNKNOWN
cityrole-0179,eb.synthetic_fixed_profile_300.v1,镇江市,江苏,321100,3,2,0,sometimes_occupied,varies,irregular,6000,220,4,电费有余量，通常不需改变开支,本月电费已列入预算，按当前金额可以承担。,comfort_priority,2,4,1,high_trust_auto,12,independent_dwelling,three_rooms,3,30-39,103.5,synthetic_H6_like_whole_dwelling_building_area,103.5,known_synthetic_whole_dwelling,90_119,matches_synthetic_whole_dwelling,apartment,ground,1,cn-home-0179,self_contained_source_three_room,Low-rise apartment_Nanjing_2001,middle,77.819549,77.819549,0,CHN_Jiangsu.Nanjing.582380_CSWD,91.979,a3597e683006c39186eb8fa774c0a811de2174e42e644672ddb64057cabe52e2,4eec42e7fd0c552d28426cccdcc446910848da0f8955ab9f40682c0f52a1e31f,7,7,8,household_selected_devices,0,,镇江市的3人家庭。独立住房建筑面积约103.5平方米，七普口径至少3间自然房间。主要说明人（49岁，在家外出交替）、子女（7岁，通常定时外出）、伴侣（49岁，轮班或时间多变）。通常白天部分时间有人。家庭月收入情境约6000元，通常月电费情境约220元；电费有余量，通常不需改变开支。本月电费已列入预算，按当前金额可以承担。纳入安排的设备：洗衣机、电热水器。节费重视2/5，舒适重视4/5，系统控制边界是约定范围内可自动调整；希望提前12小时通知。费用压力描述的是当前预算余量；节费重视描述的是调整方案时的取舍，两者分别考虑。洗衣等任务需有人在家完成装载。轮班日按当天在家情况确认。,"【合成角色条件；尚无真人回答】
cityrole-0179｜江苏镇江市｜3人｜独立住宅，H7 至少3间自然房；整套设计建筑面积103.5㎡。
楼房中的一套住宅，楼层位置 底层，房龄背景 2000—2009年；住宅原型 Low-rise apartment_Nanjing_2001，源户位 middle，天气代理站 CHN_Jiangsu.Nanjing.582380_CSWD（距城市约92.0km）；天气/原型及房龄并非本户实测。
m01 主要说明人，49岁，照顾家人 / 部分时间在家，部分时间外出；工作日通常在家 00:00–09:00、12:00–15:00、19:00–24:00；室温感受：比较敏感，小幅变化也容易不舒服；电器时间：只接受小幅提前或推迟；参与安排：通常主要由这位成员决定；需求优先：通常会优先考虑；节费/错峰重视 2/5；系统控制：在约定范围内，可以让系统自动调整。
m02 子女，7岁，上学 / 通常固定时间外出工作或学习；工作日通常在家 00:00–07:30、18:30–24:00；室温感受：不太敏感，室温变化较大也通常能适应；电器时间：只接受小幅提前或推迟；参与安排：通常与家人共同商量决定；需求优先：通常会优先考虑；节费/错峰重视 1/1；系统控制：在约定范围内，可以让系统自动调整。
m03 伴侣，49岁，轮班工作 / 轮班或时间经常变化；工作日到家时段不固定；室温感受：能接受小幅变化，变化较大会不舒服；电器时间：希望按原定时间运行，尽量不调整；参与安排：通常与家人共同商量决定；需求优先：没有特别优先；节费/错峰重视 3/2；系统控制：更愿意自己安排，尽量不让系统调整。
通常白天：部分时间有人；晚间：每天不太固定；作息：变化较多；深夜用电：偶尔；事件当天是否在受控房间另核。
家庭月收入情境 6000元、上月电费情境 220元；电费压力 4/5。本月电费已列入预算，按当前金额可以承担。
节费/舒适/错峰重视 2/4/1；控制边界：在约定范围内，可以让系统自动调整；提前通知 半天；受保护活动：睡眠休息, 做饭用餐, 照顾家人。
居住方式：整套租住；电价背景：峰谷分时电价；定时/自动控制经验：没有使用过；既有错峰经验：没有参加过；受扰后恢复偏好：保留自动安排；其他背景设备：冰箱。
洗衣机 1台，每周 4—6天；默认 21:00，可从 19:00 开始，最晚 24:00 完成，一次 60 分钟。条件：默认时刻须有成员在家并完成装载；轮班或事件日另核，不默认预约或远程启动。
电热水器 1台，每周 4—6天；加热 19:00–22:00，需热水 21:00，提前加热：每次先确认。条件：普通加热须对准有人需要热水的时段；事件日及额外提前加热按当次许可确认。
参与者对十天方案的选择、理由和评分尚未填写。",UNKNOWN,NOT_COLLECTED,NOT_EXPORTED_PENDING_D_ACCEPTANCE,UNKNOWN
cityrole-0180,eb.synthetic_fixed_profile_300.v1,兰州市,甘肃,620100,3,2,0,mostly_occupied,partly_home,partly_regular,19500,360,1,电费超出预算会挤占必要支出,本月收入已有其他固定支出安排，可灵活调整的预算较紧。,saving_priority,4,2,3,low_auto_accept,3,independent_dwelling,two_rooms,2,20-29,73.5,synthetic_H6_like_whole_dwelling_building_area,73.5,known_synthetic_whole_dwelling,50_89,matches_synthetic_whole_dwelling,apartment,ground,1,cn-home-0180,self_contained_openplan,Low-rise apartment_Lanzhou_1986,middle,55.263158,55.263158,0,CHN_Gansu.Lanzhou.528890_CSWD,6.983,fb5e5ad10e02e95b3c0ec6c2236de13012e2aef86d1c8119514054086d64170c,e45da7d873282c33cbee127bba20b8246f6e724e1f1a9cb84cf4a36bfed11b63,7,7,8,household_selected_devices,1,m01,兰州市的3人家庭。独立住房建筑面积约73.5平方米，七普口径至少2间自然房间。主要说明人（57岁，在家外出交替）、子女（20岁，通常主要在家）、子女（20岁，在家外出交替）。通常白天有人在家。家庭月收入情境约19500元，通常月电费情境约360元；电费超出预算会挤占必要支出。本月收入已有其他固定支出安排，可灵活调整的预算较紧。纳入安排的设备：空调、洗衣机、可在家充电的电动车。节费重视4/5，舒适重视2/5，系统控制边界是以自己安排为主；希望提前3小时通知。费用压力描述的是当前预算余量；节费重视描述的是调整方案时的取舍，两者分别考虑。洗衣等任务需有人在家完成装载。,"【合成角色条件；尚无真人回答】
cityrole-0180｜甘肃兰州市｜3人｜独立住宅，H7 至少2间自然房；整套设计建筑面积73.5㎡。
楼房中的一套住宅，楼层位置 底层，房龄背景 2000年前；住宅原型 Low-rise apartment_Lanzhou_1986，源户位 middle，天气代理站 CHN_Gansu.Lanzhou.528890_CSWD（距城市约7.0km）；天气/原型及房龄并非本户实测。
m01 主要说明人，57岁，暂未工作（非退休） / 部分时间在家，部分时间外出；工作日通常在家 00:00–09:00、12:00–15:00、19:00–24:00；室温感受：能接受小幅变化，变化较大会不舒服；电器时间：只要按时完成，具体运行时间都可以；参与安排：通常主要由这位成员决定；需求优先：没有特别优先；节费/错峰重视 4/3；系统控制：更愿意自己安排，尽量不让系统调整。
m02 子女，20岁，居家工作/学习 / 主要在家生活，包括居家工作、学习、休息或照护；工作日通常在家 00:00–24:00；室温感受：比较敏感，小幅变化也容易不舒服；电器时间：只接受小幅提前或推迟；参与安排：通常与家人共同商量决定；需求优先：没有特别优先；节费/错峰重视 2/4；系统控制：每次先问，得到明确同意后再调整。
m03 子女，20岁，照顾家人 / 部分时间在家，部分时间外出；工作日通常在家 00:00–09:00、12:00–15:00、19:00–24:00；室温感受：不太敏感，室温变化较大也通常能适应；电器时间：只接受小幅提前或推迟；参与安排：通常与家人共同商量决定；需求优先：没有特别优先；节费/错峰重视 4/5；系统控制：在约定范围内，可以让系统自动调整。
通常白天：大部分时间有人；晚间：部分时间有人；作息：部分成员或部分日期固定；深夜用电：很少或没有；事件当天是否在受控房间另核。
家庭月收入情境 19500元、上月电费情境 360元；电费压力 1/5。本月收入已有其他固定支出安排，可灵活调整的预算较紧。
节费/舒适/错峰重视 4/2/3；控制边界：更愿意自己安排，尽量不让系统调整；提前通知 3 小时；受保护活动：睡眠休息, 做饭用餐。
居住方式：与他人合租；电价背景：单一时段电价；定时/自动控制经验：经常使用；既有错峰经验：没有参加过；受扰后恢复偏好：改回原安排；其他背景设备：冰箱。
空调 1台，每周 每天（7天）；自己选择使用时段（可跨午夜），制冷设定 24℃，室温希望范围 23—25℃，可接受变化 1.5℃，自选时段 16:00–23:00。条件：有人在受控房间时使用；轮班或事件日另核，不把空屋冷量算作舒适收益。
洗衣机 1台，每周 每天（7天）；默认 19:00，可从 19:00 开始，最晚 23:00 完成，一次 60 分钟。条件：默认时刻须有成员在家并完成装载；轮班或事件日另核，不默认预约或远程启动。
可在家充电的电动汽车 1辆，每周 每天（7天）；接入 21:00，次日离家 08:30，目标/保底电量 70%/40%，驾驶成员 m01。条件：由m01在典型外出日返家后接入；车辆实际到家、次日离家与充电权限按当天确认。
参与者对十天方案的选择、理由和评分尚未填写。",UNKNOWN,NOT_COLLECTED,NOT_EXPORTED_PENDING_D_ACCEPTANCE,UNKNOWN
cityrole-0181,eb.synthetic_fixed_profile_300.v1,成都市,四川,510100,1,1,0,mostly_absent,mostly_home,regular,2000,240,5,电费不构成当前预算约束,家庭已为当前电费预留预算，按这个金额可以承担；增加用电仍需重新权衡。,saving_priority,5,1,2,low_auto_accept,72,independent_dwelling,three_rooms,3,40-49,44.5,synthetic_H6_like_whole_dwelling_building_area,44.5,known_synthetic_whole_dwelling,lt50,matches_synthetic_whole_dwelling,apartment,middle,2,cn-home-0181,self_contained_source_three_room,Low-rise apartment_Chengdu_2010,edge,33.458647,33.458647,0,CHN_Sichuan.Chengdu.562940_CSWD,2.503,7204a177b51424d23876255d175b502ac55aa3178ba1ac01691f571af00196ed,0f72caa67d3b28f919f809fad7bebd472cacb6e5efc339a9522981f7da7a4f39,7,7,10,household_selected_devices,0,,成都市的1人家庭。独立住房建筑面积约44.5平方米，七普口径至少3间自然房间。主要说明人（49岁，通常定时外出）。通常白天多在外。家庭月收入情境约2000元，通常月电费情境约240元；电费不构成当前预算约束。家庭已为当前电费预留预算，按这个金额可以承担；增加用电仍需重新权衡。纳入安排的设备：洗衣机、电热水器。节费重视5/5，舒适重视1/5，系统控制边界是以自己安排为主；希望提前72小时通知。当前电费负担不重，但仍重视避免浪费。洗衣等任务需有人在家完成装载。,"【合成角色条件；尚无真人回答】
cityrole-0181｜四川成都市｜1人｜独立住宅，H7 至少3间自然房；整套设计建筑面积44.5㎡。
楼房中的一套住宅，楼层位置 中间层，房龄背景 2010—2019年；住宅原型 Low-rise apartment_Chengdu_2010，源户位 edge，天气代理站 CHN_Sichuan.Chengdu.562940_CSWD（距城市约2.5km）；天气/原型及房龄并非本户实测。
m01 主要说明人，49岁，在外工作 / 通常固定时间外出工作或学习；工作日通常在家 00:00–07:30、18:30–24:00；室温感受：不太敏感，室温变化较大也通常能适应；电器时间：只要按时完成，具体运行时间都可以；参与安排：通常主要由这位成员决定；需求优先：没有特别优先；节费/错峰重视 5/1；系统控制：更愿意自己安排，尽量不让系统调整。
通常白天：大部分时间没人；晚间：大部分时间有人；作息：大体固定；深夜用电：很少或没有；事件当天是否在受控房间另核。
家庭月收入情境 2000元、上月电费情境 240元；电费压力 5/5。家庭已为当前电费预留预算，按这个金额可以承担；增加用电仍需重新权衡。
节费/舒适/错峰重视 5/1/2；控制边界：更愿意自己安排，尽量不让系统调整；提前通知 三天或更早；受保护活动：睡眠休息, 做饭用餐。
居住方式：与他人合租；电价背景：单一时段电价；定时/自动控制经验：偶尔使用；既有错峰经验：没有参加过；受扰后恢复偏好：改回原安排；其他背景设备：冰箱。
洗衣机 1台，每周 2—3天；默认 19:50，可从 19:00 开始，最晚 23:00 完成，一次 60 分钟。条件：默认时刻须有成员在家并完成装载；轮班或事件日另核，不默认预约或远程启动。
电热水器 1台，每周 2—3天；加热 06:00–08:00，需热水 07:00，提前加热：可以提前安排。条件：普通加热须对准有人需要热水的时段；事件日及额外提前加热按当次许可确认。
参与者对十天方案的选择、理由和评分尚未填写。",UNKNOWN,NOT_COLLECTED,NOT_EXPORTED_PENDING_D_ACCEPTANCE,UNKNOWN
cityrole-0182,eb.synthetic_fixed_profile_300.v1,十堰市,湖北,420300,2,1,1,mostly_occupied,mostly_home,regular,19000,720,2,电费有压力，需调整其他开支,本月收入已有其他固定支出安排，可灵活调整的预算较紧。,middle,3,3,4,high_trust_auto,1,shared_dwelling_private_rooms_with_allocated_common_area,one_room,1,13-16,29.0,synthetic_H6_like_household_attributed_building_area_in_shared_dwelling,131.743528,experimental_F_scaled_whole_dwelling,120_159,matches_F_experimental_whole_dwelling,apartment,ground,1,cn-home-0182,shared_flat_private_rooms,Low-rise apartment_Yunxi_2001,edge,27.55,22.801453,4.748547,CHN_Hubei.Yunxi.572510_CSWD,52.392,e6f1a2305fbf9a95087cb2dd75f0a8253dc6c145aeba3b0dc9225bb0e65f2479,312c8f02a85f1ad2731778a025328c15e811097a693993ee118b181b48de1564,1,1,2,assigned_private_rooms_ac_only,0,,十堰市的2人家庭。合住住房中本户独用1间房，分摊建筑面积约29平方米；整套住房设计建筑面积约131.744平方米（按模型整套净面积和实验0.95比值换算）；仅私有房间的1台空调可由本户安排，公共设备不纳入。主要说明人（63岁，通常主要在家）、伴侣（64岁，通常定时外出）。通常白天有人在家。家庭月收入情境约19000元，通常月电费情境约720元；电费有压力，需调整其他开支。本月收入已有其他固定支出安排，可灵活调整的预算较紧。纳入安排的设备：空调。节费重视3/5，舒适重视3/5，系统控制边界是约定范围内可自动调整；希望提前1小时通知。费用压力描述的是当前预算余量；节费重视描述的是调整方案时的取舍，两者分别考虑。空屋提前开空调须另确认预约或远控与本人许可。,"【合成角色条件；尚无真人回答】
cityrole-0182｜湖北十堰市｜2人｜合住，本户独用1间自然房；29㎡是本户分摊建筑面积，整套住房设计建筑面积约131.744㎡，按冻结源单元净面积和实验 0.95 比值换算，并非实测。
楼房中的一套住宅，楼层位置 底层，房龄背景 2000—2009年；住宅原型 Low-rise apartment_Yunxi_2001，源户位 edge，天气代理站 CHN_Hubei.Yunxi.572510_CSWD（距城市约52.4km）；天气/原型及房龄并非本户实测。
m01 主要说明人，63岁，照顾家人 / 主要在家生活，包括居家工作、学习、休息或照护；工作日通常在家 00:00–24:00；室温感受：比较敏感，小幅变化也容易不舒服；电器时间：希望按原定时间运行，尽量不调整；参与安排：通常主要由这位成员决定；需求优先：没有特别优先；节费/错峰重视 3/4；系统控制：在约定范围内，可以让系统自动调整。
m02 伴侣，64岁，在外工作 / 通常固定时间外出工作或学习；工作日通常在家 00:00–07:30、18:30–24:00；室温感受：不太敏感，室温变化较大也通常能适应；电器时间：只要按时完成，具体运行时间都可以；参与安排：通常与家人共同商量决定；需求优先：没有特别优先；节费/错峰重视 4/5；系统控制：在约定范围内，可以让系统自动调整。
通常白天：大部分时间有人；晚间：大部分时间有人；作息：大体固定；深夜用电：很少或没有；事件当天是否在受控房间另核。
家庭月收入情境 19000元、上月电费情境 720元；电费压力 2/5。本月收入已有其他固定支出安排，可灵活调整的预算较紧。
节费/舒适/错峰重视 3/3/4；控制边界：在约定范围内，可以让系统自动调整；提前通知 1 小时；受保护活动：睡眠休息, 做饭用餐。
居住方式：与他人合租；电价背景：单一时段电价；定时/自动控制经验：没有使用过；既有错峰经验：没有参加过；受扰后恢复偏好：改回原安排；其他背景设备：没有上述设备。
空调 1台，每周 4—6天；傍晚到睡前（18:00—23:00），制冷设定 26℃，室温希望范围 25—27℃，可接受变化 1℃。条件：有人在受控房间时使用；18:00–18:30若空屋预冷，须当天确认家户许可及实际预约/远控能力，否则到家后开启；空屋冷量不算舒适收益。
参与者对十天方案的选择、理由和评分尚未填写。",UNKNOWN,NOT_COLLECTED,NOT_EXPORTED_PENDING_D_ACCEPTANCE,UNKNOWN
cityrole-0183,eb.synthetic_fixed_profile_300.v1,天津市,天津,120000,1,1,0,variable,varies,irregular,6500,720,2,电费有压力，需调整其他开支,本月收入已有其他固定支出安排，可灵活调整的预算较紧。,both_high,5,5,5,low_auto_accept,6,independent_dwelling,two_rooms,2,70及以上,75.0,synthetic_H6_like_whole_dwelling_building_area,75.0,known_synthetic_whole_dwelling,50_89,matches_synthetic_whole_dwelling,apartment,middle,7,cn-home-0183,self_contained_openplan,High-rise apartment(slab type)_Tianjin_1995,edge,56.390977,56.390977,0,CHN_Tianjin.Tianjin.545270_CSWD,12.212,36e8a3b022198a8bb6d218d9a6e4d00a531581684750d406e90defc9ce4f7713,67281f476ce89f608977a515015f602b12d883541d767036dd728025f815bac3,7,7,10,household_selected_devices,0,,天津市的1人家庭。独立住房建筑面积约75平方米，七普口径至少2间自然房间。主要说明人（27岁，轮班或时间多变）。通常白天不固定。家庭月收入情境约6500元，通常月电费情境约720元；电费有压力，需调整其他开支。本月收入已有其他固定支出安排，可灵活调整的预算较紧。纳入安排的设备：空调、洗衣机、电热水器。节费重视5/5，舒适重视5/5，系统控制边界是以自己安排为主；希望提前6小时通知。费用压力描述的是当前预算余量；节费重视描述的是调整方案时的取舍，两者分别考虑。洗衣等任务需有人在家完成装载。空屋提前开空调须另确认预约或远控与本人许可。轮班日按当天在家情况确认。,"【合成角色条件；尚无真人回答】
cityrole-0183｜天津天津市｜1人｜独立住宅，H7 至少2间自然房；整套设计建筑面积75㎡。
楼房中的一套住宅，楼层位置 中间层，房龄背景 2000年前；住宅原型 High-rise apartment(slab type)_Tianjin_1995，源户位 edge，天气代理站 CHN_Tianjin.Tianjin.545270_CSWD（距城市约12.2km）；天气/原型及房龄并非本户实测。
m01 主要说明人，27岁，轮班工作 / 轮班或时间经常变化；工作日到家时段不固定；室温感受：能接受小幅变化，变化较大会不舒服；电器时间：希望按原定时间运行，尽量不调整；参与安排：通常主要由这位成员决定；需求优先：没有特别优先；节费/错峰重视 5/2；系统控制：更愿意自己安排，尽量不让系统调整。
通常白天：不固定，很难概括；晚间：每天不太固定；作息：变化较多；深夜用电：偶尔；事件当天是否在受控房间另核。
家庭月收入情境 6500元、上月电费情境 720元；电费压力 2/5。本月收入已有其他固定支出安排，可灵活调整的预算较紧。
节费/舒适/错峰重视 5/5/5；控制边界：更愿意自己安排，尽量不让系统调整；提前通知 6 小时；受保护活动：睡眠休息, 做饭用餐。
居住方式：整套租住；电价背景：峰谷分时电价；定时/自动控制经验：经常使用；既有错峰经验：参加过；受扰后恢复偏好：先看影响再决定；其他背景设备：冰箱。
空调 1台，每周 每天（7天）；傍晚到睡前（18:00—23:00），制冷设定 27℃，室温希望范围 26—28℃，可接受变化 1.5℃。条件：有人在受控房间时使用；18:00–18:30若空屋预冷，须当天确认家户许可及实际预约/远控能力，否则到家后开启；空屋冷量不算舒适收益。
洗衣机 1台，每周 每天（7天）；默认 19:00，可从 19:00 开始，最晚 23:00 完成，一次 60 分钟。条件：默认时刻须有成员在家并完成装载；轮班或事件日另核，不默认预约或远程启动。
电热水器 1台，每周 每天（7天）；加热 19:50–22:00，需热水 21:00，提前加热：不希望提前加热。条件：普通加热须对准有人需要热水的时段；事件日及额外提前加热按当次许可确认。
参与者对十天方案的选择、理由和评分尚未填写。",UNKNOWN,NOT_COLLECTED,NOT_EXPORTED_PENDING_D_ACCEPTANCE,UNKNOWN
cityrole-0184,eb.synthetic_fixed_profile_300.v1,银川市,宁夏,640100,4,2,1,mostly_occupied,partly_home,irregular,12800,220,1,电费超出预算会挤占必要支出,必要生活开支较多，本月电费变化容易挤占其他项目。,both_low,1,1,1,confirm_required,3,independent_dwelling,two_rooms,2,20-29,98.0,synthetic_H6_like_whole_dwelling_building_area,98.0,known_synthetic_whole_dwelling,90_119,matches_synthetic_whole_dwelling,apartment,ground,1,cn-home-0184,self_contained_openplan,Low-rise apartment_Yinchuan_2018,edge,73.684211,73.684211,0,CHN_Ningxia.Hui.Yinchuan.536140_CSWD,3.17,cafcad4f9a0303f72c4e8791eb01b73dda7bda0f48e32dcdc8316f781af76e37,456887b5935abe42b8c8f0a083a5670b90afe0b053569dc62a6d5a7ebe95b988,7,7,10,household_selected_devices,0,,银川市的4人家庭。独立住房建筑面积约98平方米，七普口径至少2间自然房间。主要说明人（81岁，通常主要在家）、子女（56岁，通常定时外出）、子女（59岁，轮班或时间多变）、子女伴侣（56岁，在家外出交替）。通常白天有人在家。家庭月收入情境约12800元，通常月电费情境约220元；电费超出预算会挤占必要支出。必要生活开支较多，本月电费变化容易挤占其他项目。纳入安排的设备：洗衣机、电热水器。节费重视1/5，舒适重视1/5，系统控制边界是每次先确认；希望提前3小时通知。虽然电费挤压预算，但家里更在意任务按原计划完成，不愿为了少量节费频繁改时间。洗衣等任务需有人在家完成装载。轮班日按当天在家情况确认。,"【合成角色条件；尚无真人回答】
cityrole-0184｜宁夏银川市｜4人｜独立住宅，H7 至少2间自然房；整套设计建筑面积98㎡。
楼房中的一套住宅，楼层位置 底层，房龄背景 2010—2019年；住宅原型 Low-rise apartment_Yinchuan_2018，源户位 edge，天气代理站 CHN_Ningxia.Hui.Yinchuan.536140_CSWD（距城市约3.2km）；天气/原型及房龄并非本户实测。
m01 主要说明人，81岁，退休 / 主要在家生活，包括居家工作、学习、休息或照护；工作日通常在家 00:00–24:00；室温感受：不太敏感，室温变化较大也通常能适应；电器时间：只接受小幅提前或推迟；参与安排：通常主要由这位成员决定；需求优先：没有特别优先；节费/错峰重视 1/5；系统控制：每次先问，得到明确同意后再调整。
m02 子女，56岁，在外工作 / 通常固定时间外出工作或学习；工作日通常在家 00:00–07:30、18:30–24:00；室温感受：能接受小幅变化，变化较大会不舒服；电器时间：希望按原定时间运行，尽量不调整；参与安排：通常与家人共同商量决定；需求优先：没有特别优先；节费/错峰重视 1/1；系统控制：更愿意自己安排，尽量不让系统调整。
m03 子女，59岁，轮班工作 / 轮班或时间经常变化；工作日到家时段不固定；室温感受：比较敏感，小幅变化也容易不舒服；电器时间：希望按原定时间运行，尽量不调整；参与安排：通常与家人共同商量决定；需求优先：没有特别优先；节费/错峰重视 3/2；系统控制：每次先问，得到明确同意后再调整。
m04 子女伴侣，56岁，暂未工作（非退休） / 部分时间在家，部分时间外出；工作日通常在家 00:00–09:00、12:00–15:00、19:00–24:00；室温感受：不太敏感，室温变化较大也通常能适应；电器时间：只要按时完成，具体运行时间都可以；参与安排：通常与家人共同商量决定；需求优先：没有特别优先；节费/错峰重视 5/3；系统控制：在约定范围内，可以让系统自动调整。
通常白天：大部分时间有人；晚间：部分时间有人；作息：变化较多；深夜用电：偶尔；事件当天是否在受控房间另核。
家庭月收入情境 12800元、上月电费情境 220元；电费压力 1/5。必要生活开支较多，本月电费变化容易挤占其他项目。
节费/舒适/错峰重视 1/1/1；控制边界：每次先问我，得到明确同意后再调整；提前通知 3 小时；受保护活动：睡眠休息, 做饭用餐。
居住方式：自有住房；电价背景：峰谷分时电价；定时/自动控制经验：没有使用过；既有错峰经验：没有参加过；受扰后恢复偏好：改回原安排；其他背景设备：冰箱。
洗衣机 1台，每周 2—3天；默认 19:50，可从 19:00 开始，最晚 23:00 完成，一次 60 分钟。条件：默认时刻须有成员在家并完成装载；轮班或事件日另核，不默认预约或远程启动。
电热水器 1台，每周 2—3天；加热 06:00–08:00，需热水 07:00，提前加热：可以提前安排。条件：普通加热须对准有人需要热水的时段；事件日及额外提前加热按当次许可确认。
参与者对十天方案的选择、理由和评分尚未填写。",UNKNOWN,NOT_COLLECTED,NOT_EXPORTED_PENDING_D_ACCEPTANCE,UNKNOWN
cityrole-0185,eb.synthetic_fixed_profile_300.v1,泉州市,福建,350500,5,3,0,mostly_occupied,partly_home,irregular,32500,240,3,电费可承担，但会留意变化,本月电费可承担，但家庭会留意它的变化。,both_high,5,5,1,confirm_required,6,independent_dwelling,five_or_more_rooms,5,20-29,122.5,synthetic_H6_like_whole_dwelling_building_area,122.5,known_synthetic_whole_dwelling,120_159,matches_synthetic_whole_dwelling,rowhouse,NOT_APPLICABLE,two_storey_terraced_inferred_unit,cn-home-0185,terraced_five_room_inferred,Terraced house_Xiamen_2003,edge,92.105263,92.105263,0,CHN_Fujian.Congwu.591330_CSWD,38.256,d7ed89be32b75cb225cf9fffd8355264b5fa5f6005df6f40e05d2841dbc6b753,c4b8763f707cf9a7c47591679c3f692ac2bcc78086db20f056e6c174dfa71a88,14,13,25,household_selected_devices,0,,泉州市的5人家庭。独立住房建筑面积约122.5平方米，七普口径至少5间自然房间。长辈（53岁，在家外出交替）、主要说明人（35岁，通常主要在家）、子女（8岁，通常定时外出）、子女（8岁，通常定时外出）、伴侣（39岁，轮班或时间多变）。通常白天有人在家。家庭月收入情境约32500元，通常月电费情境约240元；电费可承担，但会留意变化。本月电费可承担，但家庭会留意它的变化。纳入安排的设备：空调、洗衣机、洗碗机、电热水器。节费重视5/5，舒适重视5/5，系统控制边界是每次先确认；希望提前6小时通知。费用压力描述的是当前预算余量；节费重视描述的是调整方案时的取舍，两者分别考虑。洗衣等任务需有人在家完成装载。轮班日按当天在家情况确认。,"【合成角色条件；尚无真人回答】
cityrole-0185｜福建泉州市｜5人｜独立住宅，H7 至少5间自然房；整套设计建筑面积122.5㎡。
联排住宅，楼层位置 不适用，房龄背景 2000—2009年；住宅原型 Terraced house_Xiamen_2003，源户位 edge，天气代理站 CHN_Fujian.Congwu.591330_CSWD（距城市约38.3km）；天气/原型及房龄并非本户实测。
m01 长辈，53岁，暂未工作（非退休） / 部分时间在家，部分时间外出；工作日通常在家 00:00–09:00、12:00–15:00、19:00–24:00；室温感受：比较敏感，小幅变化也容易不舒服；电器时间：只接受小幅提前或推迟；参与安排：通常主要由这位成员决定；需求优先：没有特别优先；节费/错峰重视 5/3；系统控制：每次先问，得到明确同意后再调整。
m02 主要说明人，35岁，居家工作/学习 / 主要在家生活，包括居家工作、学习、休息或照护；工作日通常在家 00:00–24:00；室温感受：不太敏感，室温变化较大也通常能适应；电器时间：只接受小幅提前或推迟；参与安排：通常与家人共同商量决定；需求优先：没有特别优先；节费/错峰重视 2/4；系统控制：在约定范围内，可以让系统自动调整。
m03 子女，8岁，上学 / 通常固定时间外出工作或学习；工作日通常在家 00:00–07:30、18:30–24:00；室温感受：能接受小幅变化，变化较大会不舒服；电器时间：希望按原定时间运行，尽量不调整；参与安排：通常与家人共同商量决定；需求优先：通常会优先考虑；节费/错峰重视 4/5；系统控制：更愿意自己安排，尽量不让系统调整。
m04 子女，8岁，上学 / 通常固定时间外出工作或学习；工作日通常在家 00:00–07:30、18:30–24:00；室温感受：比较敏感，小幅变化也容易不舒服；电器时间：希望按原定时间运行，尽量不调整；参与安排：通常与家人共同商量决定；需求优先：通常会优先考虑；节费/错峰重视 1/1；系统控制：每次先问，得到明确同意后再调整。
m05 伴侣，39岁，轮班工作 / 轮班或时间经常变化；工作日到家时段不固定；室温感受：不太敏感，室温变化较大也通常能适应；电器时间：只要按时完成，具体运行时间都可以；参与安排：通常与家人共同商量决定；需求优先：没有特别优先；节费/错峰重视 3/2；系统控制：在约定范围内，可以让系统自动调整。
通常白天：大部分时间有人；晚间：部分时间有人；作息：变化较多；深夜用电：偶尔；事件当天是否在受控房间另核。
家庭月收入情境 32500元、上月电费情境 240元；电费压力 3/5。本月电费可承担，但家庭会留意它的变化。
节费/舒适/错峰重视 5/5/1；控制边界：每次先问我，得到明确同意后再调整；提前通知 6 小时；受保护活动：睡眠休息, 做饭用餐, 照顾家人。
居住方式：自有住房；电价背景：单一时段电价；定时/自动控制经验：没有使用过；既有错峰经验：没有参加过；受扰后恢复偏好：先看影响再决定；其他背景设备：冰箱。
空调 2台，每周 4—6天；下午到睡前（14:00—23:00），制冷设定 25℃，室温希望范围 24—26℃，可接受变化 1℃。条件：有人在受控房间时使用；轮班或事件日另核，不把空屋冷量算作舒适收益。
洗衣机 1台，每周 4—6天；默认 21:00，可从 19:00 开始，最晚 24:00 完成，一次 60 分钟。条件：默认时刻须有成员在家并完成装载；轮班或事件日另核，不默认预约或远程启动。
洗碗机 1台，每周 4—6天；默认 19:00，可从 19:00 开始，最晚 23:00 完成，一次 60 分钟。条件：默认时刻须有成员在家并完成装载；轮班或事件日另核，不默认预约或远程启动。
电热水器 1台，每周 4—6天；加热 19:00–22:00，需热水 21:00，提前加热：每次先确认。条件：普通加热须对准有人需要热水的时段；事件日及额外提前加热按当次许可确认。
参与者对十天方案的选择、理由和评分尚未填写。",UNKNOWN,NOT_COLLECTED,NOT_EXPORTED_PENDING_D_ACCEPTANCE,UNKNOWN
cityrole-0186,eb.synthetic_fixed_profile_300.v1,恩平市,广东,440785,1,1,0,mostly_absent,mostly_home,regular,2000,240,4,电费有余量，通常不需改变开支,家庭已为当前电费预留预算，按这个金额可以承担；增加用电仍需重新权衡。,both_low,2,2,4,confirm_required,72,independent_dwelling,four_rooms,4,70及以上,75.0,synthetic_H6_like_whole_dwelling_building_area,75.0,known_synthetic_whole_dwelling,50_89,matches_synthetic_whole_dwelling,apartment,middle,2,cn-home-0186,self_contained_four_room_thermally_aggregated,Low-rise apartment_Yangjiang_2012,edge,56.390977,56.390977,0,CHN_Guangdong.Yangjiang.596630_CSWD,49.603,c4b8e0f3408bc33ace1b6f55af35b0129bcb9f2fa8c89e962c89efe42311fc00,3ba101a7406d5850473556b9d8f2cbe0c666cf9bc7733a2f3e4534f8d19a89d2,7,7,10,household_selected_devices,0,,恩平市的1人家庭。独立住房建筑面积约75平方米，七普口径至少4间自然房间。主要说明人（24岁，通常定时外出）。通常白天多在外。家庭月收入情境约2000元，通常月电费情境约240元；电费有余量，通常不需改变开支。家庭已为当前电费预留预算，按这个金额可以承担；增加用电仍需重新权衡。纳入安排的设备：空调、洗衣机、电热水器。节费重视2/5，舒适重视2/5，系统控制边界是每次先确认；希望提前72小时通知。费用与室温都不是首要判断项，家里更关注日常任务是否照计划完成。洗衣等任务需有人在家完成装载。空屋提前开空调须另确认预约或远控与本人许可。,"【合成角色条件；尚无真人回答】
cityrole-0186｜广东恩平市｜1人｜独立住宅，H7 至少4间自然房；整套设计建筑面积75㎡。
楼房中的一套住宅，楼层位置 中间层，房龄背景 2010—2019年；住宅原型 Low-rise apartment_Yangjiang_2012，源户位 edge，天气代理站 CHN_Guangdong.Yangjiang.596630_CSWD（距城市约49.6km）；天气/原型及房龄并非本户实测。
m01 主要说明人，24岁，在外工作 / 通常固定时间外出工作或学习；工作日通常在家 00:00–07:30、18:30–24:00；室温感受：能接受小幅变化，变化较大会不舒服；电器时间：只要按时完成，具体运行时间都可以；参与安排：通常主要由这位成员决定；需求优先：没有特别优先；节费/错峰重视 2/1；系统控制：每次先问，得到明确同意后再调整。
通常白天：大部分时间没人；晚间：大部分时间有人；作息：大体固定；深夜用电：很少或没有；事件当天是否在受控房间另核。
家庭月收入情境 2000元、上月电费情境 240元；电费压力 4/5。家庭已为当前电费预留预算，按这个金额可以承担；增加用电仍需重新权衡。
节费/舒适/错峰重视 2/2/4；控制边界：每次先问我，得到明确同意后再调整；提前通知 三天或更早；受保护活动：睡眠休息, 做饭用餐。
居住方式：自有住房；电价背景：峰谷分时电价；定时/自动控制经验：没有使用过；既有错峰经验：没有参加过；受扰后恢复偏好：先看影响再决定；其他背景设备：冰箱。
空调 1台，每周 每天（7天）；傍晚到睡前（18:00—23:00），制冷设定 26℃，室温希望范围 25—27℃，可接受变化 1.5℃。条件：有人在受控房间时使用；18:00–18:30若空屋预冷，须当天确认家户许可及实际预约/远控能力，否则到家后开启；空屋冷量不算舒适收益。
洗衣机 1台，每周 每天（7天）；默认 19:00，可从 19:00 开始，最晚 23:00 完成，一次 60 分钟。条件：默认时刻须有成员在家并完成装载；轮班或事件日另核，不默认预约或远程启动。
电热水器 1台，每周 每天（7天）；加热 19:50–22:00，需热水 21:00，提前加热：不希望提前加热。条件：普通加热须对准有人需要热水的时段；事件日及额外提前加热按当次许可确认。
参与者对十天方案的选择、理由和评分尚未填写。",UNKNOWN,NOT_COLLECTED,NOT_EXPORTED_PENDING_D_ACCEPTANCE,UNKNOWN
cityrole-0187,eb.synthetic_fixed_profile_300.v1,葫芦岛市,辽宁,211400,6,3,1,mostly_occupied,partly_home,partly_regular,27000,120,3,电费可承担，但会留意变化,本月电费可承担，但家庭会留意它的变化。,both_low,2,2,2,low_auto_accept,12,independent_dwelling,two_rooms,2,13-16,87.0,synthetic_H6_like_whole_dwelling_building_area,87.0,known_synthetic_whole_dwelling,50_89,matches_synthetic_whole_dwelling,apartment,middle,4,cn-home-0187,self_contained_openplan,High-rise apartment(slab type)_Xingcheng_2010,edge,65.413534,65.413534,0,CHN_Liaoning.Xingcheng.544550_CSWD,24.303,cfa228be7d1c6bb8b0f3a00547e57825d0951f1d93c1d87b3b17123d7e622a8a,a2de64f8055f6a5f3a4063f0172c9947d17a2ef4c239579f57fd7bc91ab77b57,7,7,10,household_selected_devices,0,,葫芦岛市的6人家庭。独立住房建筑面积约87平方米，七普口径至少2间自然房间。长辈（74岁，通常定时外出）、主要说明人（35岁，在家外出交替）、子女（9岁，通常定时外出）、子女（5岁，通常主要在家）、伴侣（38岁，在家外出交替）、子女（7岁，通常定时外出）。通常白天有人在家。家庭月收入情境约27000元，通常月电费情境约120元；电费可承担，但会留意变化。本月电费可承担，但家庭会留意它的变化。纳入安排的设备：空调、洗衣机。节费重视2/5，舒适重视2/5，系统控制边界是以自己安排为主；希望提前12小时通知。费用与室温都不是首要判断项，家里更关注日常任务是否照计划完成。洗衣等任务需有人在家完成装载。空屋提前开空调须另确认预约或远控与本人许可。,"【合成角色条件；尚无真人回答】
cityrole-0187｜辽宁葫芦岛市｜6人｜独立住宅，H7 至少2间自然房；整套设计建筑面积87㎡。
楼房中的一套住宅，楼层位置 中间层，房龄背景 2010—2019年；住宅原型 High-rise apartment(slab type)_Xingcheng_2010，源户位 edge，天气代理站 CHN_Liaoning.Xingcheng.544550_CSWD（距城市约24.3km）；天气/原型及房龄并非本户实测。
m01 长辈，74岁，在外工作 / 通常固定时间外出工作或学习；工作日通常在家 00:00–07:30、18:30–24:00；室温感受：不太敏感，室温变化较大也通常能适应；电器时间：只要按时完成，具体运行时间都可以；参与安排：通常主要由这位成员决定；需求优先：没有特别优先；节费/错峰重视 2/4；系统控制：更愿意自己安排，尽量不让系统调整。
m02 主要说明人，35岁，照顾家人 / 部分时间在家，部分时间外出；工作日通常在家 00:00–09:00、12:00–15:00、19:00–24:00；室温感受：能接受小幅变化，变化较大会不舒服；电器时间：只要按时完成，具体运行时间都可以；参与安排：通常与家人共同商量决定；需求优先：没有特别优先；节费/错峰重视 4/5；系统控制：更愿意自己安排，尽量不让系统调整。
m03 子女，9岁，上学 / 通常固定时间外出工作或学习；工作日通常在家 00:00–07:30、18:30–24:00；室温感受：比较敏感，小幅变化也容易不舒服；电器时间：只接受小幅提前或推迟；参与安排：通常与家人共同商量决定；需求优先：通常会优先考虑；节费/错峰重视 1/1；系统控制：每次先问，得到明确同意后再调整。
m04 子女，5岁，尚未入学 / 主要在家生活，包括居家工作、学习、休息或照护；工作日通常在家 00:00–24:00；室温感受：不太敏感，室温变化较大也通常能适应；电器时间：只接受小幅提前或推迟；参与安排：通常与家人共同商量决定；需求优先：通常会优先考虑；节费/错峰重视 3/2；系统控制：在约定范围内，可以让系统自动调整。
m05 伴侣，38岁，暂未工作（非退休） / 部分时间在家，部分时间外出；工作日通常在家 00:00–09:00、12:00–15:00、19:00–24:00；室温感受：能接受小幅变化，变化较大会不舒服；电器时间：希望按原定时间运行，尽量不调整；参与安排：通常与家人共同商量决定；需求优先：没有特别优先；节费/错峰重视 5/3；系统控制：更愿意自己安排，尽量不让系统调整。
m06 子女，7岁，上学 / 通常固定时间外出工作或学习；工作日通常在家 00:00–07:30、18:30–24:00；室温感受：比较敏感，小幅变化也容易不舒服；电器时间：希望按原定时间运行，尽量不调整；参与安排：通常与家人共同商量决定；需求优先：通常会优先考虑；节费/错峰重视 2/4；系统控制：每次先问，得到明确同意后再调整。
通常白天：大部分时间有人；晚间：部分时间有人；作息：部分成员或部分日期固定；深夜用电：很少或没有；事件当天是否在受控房间另核。
家庭月收入情境 27000元、上月电费情境 120元；电费压力 3/5。本月电费可承担，但家庭会留意它的变化。
节费/舒适/错峰重视 2/2/2；控制边界：更愿意自己安排，尽量不让系统调整；提前通知 半天；受保护活动：睡眠休息, 做饭用餐, 照顾家人。
居住方式：自有住房；电价背景：单一时段电价；定时/自动控制经验：没有使用过；既有错峰经验：没有参加过；受扰后恢复偏好：先看影响再决定；其他背景设备：冰箱。
空调 1台，每周 2—3天；傍晚到睡前（18:00—23:00），制冷设定 27℃，室温希望范围 26—28℃，可接受变化 0.5℃。条件：有人在受控房间时使用；18:00–18:30若空屋预冷，须当天确认家户许可及实际预约/远控能力，否则到家后开启；空屋冷量不算舒适收益。
洗衣机 1台，每周 2—3天；默认 19:50，可从 19:00 开始，最晚 23:00 完成，一次 60 分钟。条件：默认时刻须有成员在家并完成装载；轮班或事件日另核，不默认预约或远程启动。
参与者对十天方案的选择、理由和评分尚未填写。",UNKNOWN,NOT_COLLECTED,NOT_EXPORTED_PENDING_D_ACCEPTANCE,UNKNOWN
cityrole-0188,eb.synthetic_fixed_profile_300.v1,深圳市,广东,440300,4,2,1,mostly_occupied,partly_home,partly_regular,38000,520,1,电费超出预算会挤占必要支出,本月收入已有其他固定支出安排，可灵活调整的预算较紧。,both_low,2,2,5,confirm_required,0.5,independent_dwelling,two_rooms,2,9-12,42.0,synthetic_H6_like_whole_dwelling_building_area,42.0,known_synthetic_whole_dwelling,lt50,matches_synthetic_whole_dwelling,apartment,top,9,cn-home-0188,self_contained_openplan,High-rise apartment(slab type)_Guangzhou_2003,middle,31.578947,31.578947,0,CHN_Guangdong.Zhengcheng.592940_CSWD,71.504,727f5e6b09dcc556dda40c79b3ff34a808d77ed2abb72b10e0402e1f4718ef90,e657ea3a667861ab4e28e9a8f516ccb6206c0981e6698acfeb3063eb0b8f9467,7,7,8,household_selected_devices,0,,深圳市的4人家庭。独立住房建筑面积约42平方米，七普口径至少2间自然房间。主要说明人（75岁，在家外出交替）、子女（50岁，在家外出交替）、子女（50岁，通常主要在家）、子女伴侣（48岁，在家外出交替）。通常白天有人在家。家庭月收入情境约38000元，通常月电费情境约520元；电费超出预算会挤占必要支出。本月收入已有其他固定支出安排，可灵活调整的预算较紧。纳入安排的设备：空调、洗衣机。节费重视2/5，舒适重视2/5，系统控制边界是每次先确认；希望提前0.5小时通知。虽然电费挤压预算，但家里更在意任务按原计划完成，不愿为了少量节费频繁改时间。洗衣等任务需有人在家完成装载。,"【合成角色条件；尚无真人回答】
cityrole-0188｜广东深圳市｜4人｜独立住宅，H7 至少2间自然房；整套设计建筑面积42㎡。
楼房中的一套住宅，楼层位置 顶层，房龄背景 2000—2009年；住宅原型 High-rise apartment(slab type)_Guangzhou_2003，源户位 middle，天气代理站 CHN_Guangdong.Zhengcheng.592940_CSWD（距城市约71.5km）；天气/原型及房龄并非本户实测。
m01 主要说明人，75岁，居家工作/学习 / 部分时间在家，部分时间外出；工作日通常在家 00:00–09:00、12:00–15:00、19:00–24:00；室温感受：比较敏感，小幅变化也容易不舒服；电器时间：希望按原定时间运行，尽量不调整；参与安排：通常主要由这位成员决定；需求优先：没有特别优先；节费/错峰重视 2/2；系统控制：每次先问，得到明确同意后再调整。
m02 子女，50岁，暂未工作（非退休） / 部分时间在家，部分时间外出；工作日通常在家 00:00–09:00、12:00–15:00、19:00–24:00；室温感受：不太敏感，室温变化较大也通常能适应；电器时间：只要按时完成，具体运行时间都可以；参与安排：通常与家人共同商量决定；需求优先：没有特别优先；节费/错峰重视 5/3；系统控制：在约定范围内，可以让系统自动调整。
m03 子女，50岁，居家工作/学习 / 主要在家生活，包括居家工作、学习、休息或照护；工作日通常在家 00:00–24:00；室温感受：能接受小幅变化，变化较大会不舒服；电器时间：只要按时完成，具体运行时间都可以；参与安排：通常与家人共同商量决定；需求优先：没有特别优先；节费/错峰重视 2/4；系统控制：更愿意自己安排，尽量不让系统调整。
m04 子女伴侣，48岁，照顾家人 / 部分时间在家，部分时间外出；工作日通常在家 00:00–09:00、12:00–15:00、19:00–24:00；室温感受：比较敏感，小幅变化也容易不舒服；电器时间：只接受小幅提前或推迟；参与安排：通常与家人共同商量决定；需求优先：没有特别优先；节费/错峰重视 4/5；系统控制：每次先问，得到明确同意后再调整。
通常白天：大部分时间有人；晚间：部分时间有人；作息：部分成员或部分日期固定；深夜用电：很少或没有；事件当天是否在受控房间另核。
家庭月收入情境 38000元、上月电费情境 520元；电费压力 1/5。本月收入已有其他固定支出安排，可灵活调整的预算较紧。
节费/舒适/错峰重视 2/2/5；控制边界：每次先问我，得到明确同意后再调整；提前通知 半小时；受保护活动：睡眠休息, 做饭用餐。
居住方式：整套租住；电价背景：单一时段电价；定时/自动控制经验：没有使用过；既有错峰经验：没有参加过；受扰后恢复偏好：先看影响再决定；其他背景设备：冰箱。
空调 1台，每周 4—6天；自己选择使用时段（可跨午夜），制冷设定 24℃，室温希望范围 23—25℃，可接受变化 1℃，自选时段 16:00–23:00。条件：有人在受控房间时使用；轮班或事件日另核，不把空屋冷量算作舒适收益。
洗衣机 1台，每周 4—6天；默认 21:00，可从 19:00 开始，最晚 24:00 完成，一次 60 分钟。条件：默认时刻须有成员在家并完成装载；轮班或事件日另核，不默认预约或远程启动。
参与者对十天方案的选择、理由和评分尚未填写。",UNKNOWN,NOT_COLLECTED,NOT_EXPORTED_PENDING_D_ACCEPTANCE,UNKNOWN
cityrole-0189,eb.synthetic_fixed_profile_300.v1,武汉市,湖北,420100,3,2,0,sometimes_occupied,varies,irregular,28500,120,2,电费有压力，需调整其他开支,本月收入已有其他固定支出安排，可灵活调整的预算较紧。,both_high,4,4,2,confirm_required,0,independent_dwelling,two_rooms,2,20-29,73.5,synthetic_H6_like_whole_dwelling_building_area,73.5,known_synthetic_whole_dwelling,50_89,matches_synthetic_whole_dwelling,apartment,top,4,cn-home-0189,self_contained_openplan,Low-rise apartment_Wuhan_2001,middle,55.263158,55.263158,0,CHN_Hubei.Wuhan.574940_CSWD,17.056,65a29af989141a22ef3694aec4620f007550e6c715621a8991c9f4a260df3d1c,fb283e6cefb8659a7ff8ca24992f88cb429fb636c1c20fc1e02ff9a0721f42c4,7,7,8,household_selected_devices,0,,武汉市的3人家庭。独立住房建筑面积约73.5平方米，七普口径至少2间自然房间。主要说明人（44岁，在家外出交替）、子女（9岁，通常定时外出）、伴侣（40岁，轮班或时间多变）。通常白天部分时间有人。家庭月收入情境约28500元，通常月电费情境约120元；电费有压力，需调整其他开支。本月收入已有其他固定支出安排，可灵活调整的预算较紧。纳入安排的设备：洗衣机。节费重视4/5，舒适重视4/5，系统控制边界是每次先确认；希望提前0小时通知。费用压力描述的是当前预算余量；节费重视描述的是调整方案时的取舍，两者分别考虑。洗衣等任务需有人在家完成装载。轮班日按当天在家情况确认。,"【合成角色条件；尚无真人回答】
cityrole-0189｜湖北武汉市｜3人｜独立住宅，H7 至少2间自然房；整套设计建筑面积73.5㎡。
楼房中的一套住宅，楼层位置 顶层，房龄背景 2000—2009年；住宅原型 Low-rise apartment_Wuhan_2001，源户位 middle，天气代理站 CHN_Hubei.Wuhan.574940_CSWD（距城市约17.1km）；天气/原型及房龄并非本户实测。
m01 主要说明人，44岁，照顾家人 / 部分时间在家，部分时间外出；工作日通常在家 00:00–09:00、12:00–15:00、19:00–24:00；室温感受：能接受小幅变化，变化较大会不舒服；电器时间：希望按原定时间运行，尽量不调整；参与安排：通常主要由这位成员决定；需求优先：通常会优先考虑；节费/错峰重视 4/5；系统控制：每次先问，得到明确同意后再调整。
m02 子女，9岁，上学 / 通常固定时间外出工作或学习；工作日通常在家 00:00–07:30、18:30–24:00；室温感受：比较敏感，小幅变化也容易不舒服；电器时间：希望按原定时间运行，尽量不调整；参与安排：通常与家人共同商量决定；需求优先：通常会优先考虑；节费/错峰重视 1/1；系统控制：每次先问，得到明确同意后再调整。
m03 伴侣，40岁，轮班工作 / 轮班或时间经常变化；工作日到家时段不固定；室温感受：不太敏感，室温变化较大也通常能适应；电器时间：只要按时完成，具体运行时间都可以；参与安排：通常与家人共同商量决定；需求优先：没有特别优先；节费/错峰重视 3/2；系统控制：在约定范围内，可以让系统自动调整。
通常白天：部分时间有人；晚间：每天不太固定；作息：变化较多；深夜用电：偶尔；事件当天是否在受控房间另核。
家庭月收入情境 28500元、上月电费情境 120元；电费压力 2/5。本月收入已有其他固定支出安排，可灵活调整的预算较紧。
节费/舒适/错峰重视 4/4/2；控制边界：每次先问我，得到明确同意后再调整；提前通知 无需提前；受保护活动：睡眠休息, 做饭用餐, 照顾家人。
居住方式：与他人合租；电价背景：单一时段电价；定时/自动控制经验：偶尔使用；既有错峰经验：没有参加过；受扰后恢复偏好：保留自动安排；其他背景设备：冰箱。
洗衣机 1台，每周 每天（7天）；默认 19:00，可从 19:00 开始，最晚 23:00 完成，一次 60 分钟。条件：默认时刻须有成员在家并完成装载；轮班或事件日另核，不默认预约或远程启动。
参与者对十天方案的选择、理由和评分尚未填写。",UNKNOWN,NOT_COLLECTED,NOT_EXPORTED_PENDING_D_ACCEPTANCE,UNKNOWN
cityrole-0190,eb.synthetic_fixed_profile_300.v1,长沙市,湖南,430100,1,1,0,sometimes_occupied,partly_home,partly_regular,4500,120,2,电费有压力，需调整其他开支,必要生活开支较多，本月电费变化容易挤占其他项目。,comfort_priority,2,4,3,confirm_required,72,independent_dwelling,two_rooms,2,70及以上,75.0,synthetic_H6_like_whole_dwelling_building_area,75.0,known_synthetic_whole_dwelling,50_89,matches_synthetic_whole_dwelling,apartment,ground,1,cn-home-0190,self_contained_openplan,Low-rise apartment_Changsha_2010,edge,56.390977,56.390977,0,CHN_Hunan.Changsha.576870_CSWD,7.432,e8e7168934e3e32b0b19806b9369b1def629b01e6bc0965690f5dd17287c339e,3eeb3e0cc13b975479e9d024ddfe7bc497e840990e5d5f905372f5060a0d96df,7,7,10,household_selected_devices,0,,长沙市的1人家庭。独立住房建筑面积约75平方米，七普口径至少2间自然房间。主要说明人（33岁，在家外出交替）。通常白天部分时间有人。家庭月收入情境约4500元，通常月电费情境约120元；电费有压力，需调整其他开支。必要生活开支较多，本月电费变化容易挤占其他项目。纳入安排的设备：空调、洗衣机、洗碗机。节费重视2/5，舒适重视4/5，系统控制边界是每次先确认；希望提前72小时通知。虽然电费挤压预算，但家里更在意任务按原计划完成，不愿为了少量节费频繁改时间。洗衣等任务需有人在家完成装载。空屋提前开空调须另确认预约或远控与本人许可。,"【合成角色条件；尚无真人回答】
cityrole-0190｜湖南长沙市｜1人｜独立住宅，H7 至少2间自然房；整套设计建筑面积75㎡。
楼房中的一套住宅，楼层位置 底层，房龄背景 2010—2019年；住宅原型 Low-rise apartment_Changsha_2010，源户位 edge，天气代理站 CHN_Hunan.Changsha.576870_CSWD（距城市约7.4km）；天气/原型及房龄并非本户实测。
m01 主要说明人，33岁，暂未工作（非退休） / 部分时间在家，部分时间外出；工作日通常在家 00:00–09:00、12:00–15:00、19:00–24:00；室温感受：不太敏感，室温变化较大也通常能适应；电器时间：只接受小幅提前或推迟；参与安排：通常主要由这位成员决定；需求优先：没有特别优先；节费/错峰重视 2/3；系统控制：每次先问，得到明确同意后再调整。
通常白天：部分时间有人；晚间：部分时间有人；作息：部分成员或部分日期固定；深夜用电：很少或没有；事件当天是否在受控房间另核。
家庭月收入情境 4500元、上月电费情境 120元；电费压力 2/5。必要生活开支较多，本月电费变化容易挤占其他项目。
节费/舒适/错峰重视 2/4/3；控制边界：每次先问我，得到明确同意后再调整；提前通知 三天或更早；受保护活动：睡眠休息, 做饭用餐。
居住方式：与他人合租；电价背景：单一时段电价；定时/自动控制经验：偶尔使用；既有错峰经验：参加过；受扰后恢复偏好：保留自动安排；其他背景设备：冰箱。
空调 1台，每周 2—3天；傍晚到睡前（18:00—23:00），制冷设定 26℃，室温希望范围 25—27℃，可接受变化 0.5℃。条件：有人在受控房间时使用；18:00–18:30若空屋预冷，须当天确认家户许可及实际预约/远控能力，否则到家后开启；空屋冷量不算舒适收益。
洗衣机 1台，每周 2—3天；默认 19:50，可从 19:00 开始，最晚 23:00 完成，一次 60 分钟。条件：默认时刻须有成员在家并完成装载；轮班或事件日另核，不默认预约或远程启动。
洗碗机 1台，每周 2—3天；默认 21:00，可从 19:00 开始，最晚 24:00 完成，一次 60 分钟。条件：默认时刻须有成员在家并完成装载；轮班或事件日另核，不默认预约或远程启动。
参与者对十天方案的选择、理由和评分尚未填写。",UNKNOWN,NOT_COLLECTED,NOT_EXPORTED_PENDING_D_ACCEPTANCE,UNKNOWN
cityrole-0191,eb.synthetic_fixed_profile_300.v1,福州市,福建,350100,3,2,0,sometimes_occupied,partly_home,partly_regular,6000,360,1,电费超出预算会挤占必要支出,必要生活开支较多，本月电费变化容易挤占其他项目。,both_high,5,5,1,high_trust_auto,6,independent_dwelling,four_rooms,4,40-49,133.5,synthetic_H6_like_whole_dwelling_building_area,133.5,known_synthetic_whole_dwelling,120_159,matches_synthetic_whole_dwelling,apartment,middle,3,cn-home-0191,self_contained_four_room_thermally_aggregated,Low-rise apartment_Fuzhou_2003,edge,100.37594,100.37594,0,CHN_Fujian.Fuzhou.588470_CSWD,1.915,13ebe28528481d0b2a1b5872c4ab6b2aace5cb210c180a2c085ab498572c539c,4379f2293506da77eec2050d046e913533ccc2ae068da119d3984fb7d3d56a11,7,7,10,household_selected_devices,0,,福州市的3人家庭。独立住房建筑面积约133.5平方米，七普口径至少4间自然房间。主要说明人（43岁，通常定时外出）、子女（16岁，通常定时外出）、伴侣（44岁，在家外出交替）。通常白天部分时间有人。家庭月收入情境约6000元，通常月电费情境约360元；电费超出预算会挤占必要支出。必要生活开支较多，本月电费变化容易挤占其他项目。纳入安排的设备：空调、洗衣机。节费重视5/5，舒适重视5/5，系统控制边界是约定范围内可自动调整；希望提前6小时通知。费用压力描述的是当前预算余量；节费重视描述的是调整方案时的取舍，两者分别考虑。洗衣等任务需有人在家完成装载。空屋提前开空调须另确认预约或远控与本人许可。,"【合成角色条件；尚无真人回答】
cityrole-0191｜福建福州市｜3人｜独立住宅，H7 至少4间自然房；整套设计建筑面积133.5㎡。
楼房中的一套住宅，楼层位置 中间层，房龄背景 2000—2009年；住宅原型 Low-rise apartment_Fuzhou_2003，源户位 edge，天气代理站 CHN_Fujian.Fuzhou.588470_CSWD（距城市约1.9km）；天气/原型及房龄并非本户实测。
m01 主要说明人，43岁，在外工作 / 通常固定时间外出工作或学习；工作日通常在家 00:00–07:30、18:30–24:00；室温感受：比较敏感，小幅变化也容易不舒服；电器时间：只接受小幅提前或推迟；参与安排：通常主要由这位成员决定；需求优先：没有特别优先；节费/错峰重视 5/1；系统控制：在约定范围内，可以让系统自动调整。
m02 子女，16岁，上学 / 通常固定时间外出工作或学习；工作日通常在家 00:00–07:30、18:30–24:00；室温感受：不太敏感，室温变化较大也通常能适应；电器时间：只接受小幅提前或推迟；参与安排：通常与家人共同商量决定；需求优先：通常会优先考虑；节费/错峰重视 3/2；系统控制：在约定范围内，可以让系统自动调整。
m03 伴侣，44岁，暂未工作（非退休） / 部分时间在家，部分时间外出；工作日通常在家 00:00–09:00、12:00–15:00、19:00–24:00；室温感受：能接受小幅变化，变化较大会不舒服；电器时间：希望按原定时间运行，尽量不调整；参与安排：通常与家人共同商量决定；需求优先：没有特别优先；节费/错峰重视 5/3；系统控制：更愿意自己安排，尽量不让系统调整。
通常白天：部分时间有人；晚间：部分时间有人；作息：部分成员或部分日期固定；深夜用电：很少或没有；事件当天是否在受控房间另核。
家庭月收入情境 6000元、上月电费情境 360元；电费压力 1/5。必要生活开支较多，本月电费变化容易挤占其他项目。
节费/舒适/错峰重视 5/5/1；控制边界：在约定范围内，可以让系统自动调整；提前通知 6 小时；受保护活动：睡眠休息, 做饭用餐, 照顾家人。
居住方式：自有住房；电价背景：单一时段电价；定时/自动控制经验：偶尔使用；既有错峰经验：没有参加过；受扰后恢复偏好：保留自动安排；其他背景设备：冰箱。
空调 1台，每周 4—6天；傍晚到睡前（18:00—23:00），制冷设定 27℃，室温希望范围 26—28℃，可接受变化 1℃。条件：有人在受控房间时使用；18:00–18:30若空屋预冷，须当天确认家户许可及实际预约/远控能力，否则到家后开启；空屋冷量不算舒适收益。
洗衣机 1台，每周 4—6天；默认 21:00，可从 19:00 开始，最晚 24:00 完成，一次 60 分钟。条件：默认时刻须有成员在家并完成装载；轮班或事件日另核，不默认预约或远程启动。
参与者对十天方案的选择、理由和评分尚未填写。",UNKNOWN,NOT_COLLECTED,NOT_EXPORTED_PENDING_D_ACCEPTANCE,UNKNOWN
cityrole-0192,eb.synthetic_fixed_profile_300.v1,眉山市,四川,511400,1,1,0,mostly_occupied,mostly_home,regular,6500,120,2,电费有压力，需调整其他开支,本月收入已有其他固定支出安排，可灵活调整的预算较紧。,both_high,5,5,1,low_auto_accept,48,independent_dwelling,two_rooms,2,70及以上,75.0,synthetic_H6_like_whole_dwelling_building_area,75.0,known_synthetic_whole_dwelling,50_89,matches_synthetic_whole_dwelling,apartment,top,4,cn-home-0192,self_contained_openplan,Low-rise apartment_Leshan_2001,edge,56.390977,56.390977,0,CHN_Sichuan.Leshan.563860_CSWD,53.926,6f1e0596e4cbae431030432174b7b79c8a088d7d91d33da893905cae59420d6d,9619bbaa0d87c0c7ee8429bd2ad990b7e992f041385a3bc1772f86572c70c780,7,7,10,household_selected_devices,0,,眉山市的1人家庭。独立住房建筑面积约75平方米，七普口径至少2间自然房间。主要说明人（44岁，通常主要在家）。通常白天有人在家。家庭月收入情境约6500元，通常月电费情境约120元；电费有压力，需调整其他开支。本月收入已有其他固定支出安排，可灵活调整的预算较紧。纳入安排的设备：空调、洗衣机。节费重视5/5，舒适重视5/5，系统控制边界是以自己安排为主；希望提前48小时通知。费用压力描述的是当前预算余量；节费重视描述的是调整方案时的取舍，两者分别考虑。洗衣等任务需有人在家完成装载。,"【合成角色条件；尚无真人回答】
cityrole-0192｜四川眉山市｜1人｜独立住宅，H7 至少2间自然房；整套设计建筑面积75㎡。
楼房中的一套住宅，楼层位置 顶层，房龄背景 2000—2009年；住宅原型 Low-rise apartment_Leshan_2001，源户位 edge，天气代理站 CHN_Sichuan.Leshan.563860_CSWD（距城市约53.9km）；天气/原型及房龄并非本户实测。
m01 主要说明人，44岁，居家工作/学习 / 主要在家生活，包括居家工作、学习、休息或照护；工作日通常在家 00:00–24:00；室温感受：能接受小幅变化，变化较大会不舒服；电器时间：只要按时完成，具体运行时间都可以；参与安排：通常主要由这位成员决定；需求优先：没有特别优先；节费/错峰重视 5/4；系统控制：更愿意自己安排，尽量不让系统调整。
通常白天：大部分时间有人；晚间：大部分时间有人；作息：大体固定；深夜用电：很少或没有；事件当天是否在受控房间另核。
家庭月收入情境 6500元、上月电费情境 120元；电费压力 2/5。本月收入已有其他固定支出安排，可灵活调整的预算较紧。
节费/舒适/错峰重视 5/5/1；控制边界：更愿意自己安排，尽量不让系统调整；提前通知 两天；受保护活动：睡眠休息, 做饭用餐。
居住方式：整套租住；电价背景：单一时段电价；定时/自动控制经验：经常使用；既有错峰经验：没有参加过；受扰后恢复偏好：改回原安排；其他背景设备：冰箱。
空调 1台，每周 每天（7天）；自己选择使用时段（可跨午夜），制冷设定 24℃，室温希望范围 23—25℃，可接受变化 1.5℃，自选时段 16:00–23:00。条件：有人在受控房间时使用；轮班或事件日另核，不把空屋冷量算作舒适收益。
洗衣机 1台，每周 每天（7天）；默认 19:00，可从 19:00 开始，最晚 23:00 完成，一次 60 分钟。条件：默认时刻须有成员在家并完成装载；轮班或事件日另核，不默认预约或远程启动。
参与者对十天方案的选择、理由和评分尚未填写。",UNKNOWN,NOT_COLLECTED,NOT_EXPORTED_PENDING_D_ACCEPTANCE,UNKNOWN
cityrole-0193,eb.synthetic_fixed_profile_300.v1,上海市,上海,310000,4,3,0,sometimes_occupied,varies,irregular,18000,520,2,电费有压力，需调整其他开支,必要生活开支较多，本月电费变化容易挤占其他项目。,middle,3,3,4,confirm_required,12,independent_dwelling,two_rooms,2,9-12,42.0,synthetic_H6_like_whole_dwelling_building_area,42.0,known_synthetic_whole_dwelling,lt50,matches_synthetic_whole_dwelling,apartment,middle,3,cn-home-0193,self_contained_openplan,Low-rise apartment_Shanghai_2001,edge,31.578947,31.578947,0,CHN_Shanghai.Shanghai.583620_CSWD,20.633,aba93c03542042b4da278198119f5b6966aff75e1b2c1eb04acd749f5e5671f3,431d0624cccdd68c266623489623034b6953d64898f899ea6316d7400b7eefc1,7,7,10,household_selected_devices,0,,上海市的4人家庭。独立住房建筑面积约42平方米，七普口径至少2间自然房间。长辈（54岁，轮班或时间多变）、主要说明人（34岁，在家外出交替）、子女（9岁，通常定时外出）、子女（8岁，通常定时外出）。通常白天部分时间有人。家庭月收入情境约18000元，通常月电费情境约520元；电费有压力，需调整其他开支。必要生活开支较多，本月电费变化容易挤占其他项目。纳入安排的设备：空调、洗衣机。节费重视3/5，舒适重视3/5，系统控制边界是每次先确认；希望提前12小时通知。费用压力描述的是当前预算余量；节费重视描述的是调整方案时的取舍，两者分别考虑。洗衣等任务需有人在家完成装载。空屋提前开空调须另确认预约或远控与本人许可。轮班日按当天在家情况确认。,"【合成角色条件；尚无真人回答】
cityrole-0193｜上海上海市｜4人｜独立住宅，H7 至少2间自然房；整套设计建筑面积42㎡。
楼房中的一套住宅，楼层位置 中间层，房龄背景 2000—2009年；住宅原型 Low-rise apartment_Shanghai_2001，源户位 edge，天气代理站 CHN_Shanghai.Shanghai.583620_CSWD（距城市约20.6km）；天气/原型及房龄并非本户实测。
m01 长辈，54岁，轮班工作 / 轮班或时间经常变化；工作日到家时段不固定；室温感受：不太敏感，室温变化较大也通常能适应；电器时间：只要按时完成，具体运行时间都可以；参与安排：通常主要由这位成员决定；需求优先：没有特别优先；节费/错峰重视 3/2；系统控制：每次先问，得到明确同意后再调整。
m02 主要说明人，34岁，暂未工作（非退休） / 部分时间在家，部分时间外出；工作日通常在家 00:00–09:00、12:00–15:00、19:00–24:00；室温感受：能接受小幅变化，变化较大会不舒服；电器时间：只要按时完成，具体运行时间都可以；参与安排：通常与家人共同商量决定；需求优先：没有特别优先；节费/错峰重视 5/3；系统控制：更愿意自己安排，尽量不让系统调整。
m03 子女，9岁，上学 / 通常固定时间外出工作或学习；工作日通常在家 00:00–07:30、18:30–24:00；室温感受：比较敏感，小幅变化也容易不舒服；电器时间：只接受小幅提前或推迟；参与安排：通常与家人共同商量决定；需求优先：通常会优先考虑；节费/错峰重视 2/4；系统控制：每次先问，得到明确同意后再调整。
m04 子女，8岁，上学 / 通常固定时间外出工作或学习；工作日通常在家 00:00–07:30、18:30–24:00；室温感受：不太敏感，室温变化较大也通常能适应；电器时间：只接受小幅提前或推迟；参与安排：通常与家人共同商量决定；需求优先：通常会优先考虑；节费/错峰重视 4/5；系统控制：在约定范围内，可以让系统自动调整。
通常白天：部分时间有人；晚间：每天不太固定；作息：变化较多；深夜用电：偶尔；事件当天是否在受控房间另核。
家庭月收入情境 18000元、上月电费情境 520元；电费压力 2/5。必要生活开支较多，本月电费变化容易挤占其他项目。
节费/舒适/错峰重视 3/3/4；控制边界：每次先问我，得到明确同意后再调整；提前通知 半天；受保护活动：睡眠休息, 做饭用餐, 照顾家人。
居住方式：与他人合租；电价背景：峰谷分时电价；定时/自动控制经验：没有使用过；既有错峰经验：没有参加过；受扰后恢复偏好：改回原安排；其他背景设备：冰箱。
空调 2台，每周 2—3天；傍晚到睡前（18:00—23:00），制冷设定 25℃，室温希望范围 24—26℃，可接受变化 0.5℃。条件：有人在受控房间时使用；18:00–18:30若空屋预冷，须当天确认家户许可及实际预约/远控能力，否则到家后开启；空屋冷量不算舒适收益。
洗衣机 1台，每周 2—3天；默认 19:50，可从 19:00 开始，最晚 23:00 完成，一次 60 分钟。条件：默认时刻须有成员在家并完成装载；轮班或事件日另核，不默认预约或远程启动。
参与者对十天方案的选择、理由和评分尚未填写。",UNKNOWN,NOT_COLLECTED,NOT_EXPORTED_PENDING_D_ACCEPTANCE,UNKNOWN
cityrole-0194,eb.synthetic_fixed_profile_300.v1,鸡西市,黑龙江,230300,1,1,1,mostly_occupied,mostly_home,regular,4500,120,3,电费可承担，但会留意变化,本月电费可承担，但家庭会留意它的变化。,middle,3,3,3,confirm_required,1,independent_dwelling,two_rooms,2,60-69,64.5,synthetic_H6_like_whole_dwelling_building_area,64.5,known_synthetic_whole_dwelling,50_89,matches_synthetic_whole_dwelling,apartment,top,4,cn-home-0194,self_contained_openplan,Low-rise apartment_Jixi_2010,middle,48.496241,48.496241,0,CHN_Heilongjiang.Jixi.509780_CSWD,3.301,5450540988a2da84cb284cef7006a0f2cd14801885798466b4a6ad5c3323b41e,327673ac984380a30a287ebfca7f11216bb355eb46a10283571392107e1afa40,7,7,8,household_selected_devices,0,,鸡西市的1人家庭。独立住房建筑面积约64.5平方米，七普口径至少2间自然房间。主要说明人（66岁，通常主要在家）。通常白天有人在家。家庭月收入情境约4500元，通常月电费情境约120元；电费可承担，但会留意变化。本月电费可承担，但家庭会留意它的变化。纳入安排的设备：洗衣机。节费重视3/5，舒适重视3/5，系统控制边界是每次先确认；希望提前1小时通知。费用压力描述的是当前预算余量；节费重视描述的是调整方案时的取舍，两者分别考虑。洗衣等任务需有人在家完成装载。,"【合成角色条件；尚无真人回答】
cityrole-0194｜黑龙江鸡西市｜1人｜独立住宅，H7 至少2间自然房；整套设计建筑面积64.5㎡。
楼房中的一套住宅，楼层位置 顶层，房龄背景 2010—2019年；住宅原型 Low-rise apartment_Jixi_2010，源户位 middle，天气代理站 CHN_Heilongjiang.Jixi.509780_CSWD（距城市约3.3km）；天气/原型及房龄并非本户实测。
m01 主要说明人，66岁，照顾家人 / 主要在家生活，包括居家工作、学习、休息或照护；工作日通常在家 00:00–24:00；室温感受：比较敏感，小幅变化也容易不舒服；电器时间：希望按原定时间运行，尽量不调整；参与安排：通常主要由这位成员决定；需求优先：没有特别优先；节费/错峰重视 3/5；系统控制：每次先问，得到明确同意后再调整。
通常白天：大部分时间有人；晚间：大部分时间有人；作息：大体固定；深夜用电：很少或没有；事件当天是否在受控房间另核。
家庭月收入情境 4500元、上月电费情境 120元；电费压力 3/5。本月电费可承担，但家庭会留意它的变化。
节费/舒适/错峰重视 3/3/3；控制边界：每次先问我，得到明确同意后再调整；提前通知 1 小时；受保护活动：睡眠休息, 做饭用餐。
居住方式：与他人合租；电价背景：峰谷分时电价；定时/自动控制经验：没有使用过；既有错峰经验：没有参加过；受扰后恢复偏好：保留自动安排；其他背景设备：冰箱。
洗衣机 1台，每周 4—6天；默认 21:00，可从 19:00 开始，最晚 24:00 完成，一次 60 分钟。条件：默认时刻须有成员在家并完成装载；轮班或事件日另核，不默认预约或远程启动。
参与者对十天方案的选择、理由和评分尚未填写。",UNKNOWN,NOT_COLLECTED,NOT_EXPORTED_PENDING_D_ACCEPTANCE,UNKNOWN
cityrole-0195,eb.synthetic_fixed_profile_300.v1,沈阳市,辽宁,210100,4,2,1,mostly_occupied,partly_home,partly_regular,38000,240,4,电费有余量，通常不需改变开支,本月电费占可安排预算较小。,both_low,1,1,4,confirm_required,48,independent_dwelling,two_rooms,2,20-29,98.0,synthetic_H6_like_whole_dwelling_building_area,98.0,known_synthetic_whole_dwelling,90_119,matches_synthetic_whole_dwelling,apartment,middle,3,cn-home-0195,self_contained_openplan,High-rise apartment(slab type)_Shenyang_2010,edge,73.684211,73.684211,0,CHN_Liaoning.Shenyang.543420_CSWD,8.989,3524d8146cd9cd4a8fea451fb2139d515aa640352754c9879225b6bba587af91,e564b213fa6dc8cdbe1d49bf23befeaa200c066e4319ae1af6bb08823f8c854e,7,7,10,household_selected_devices,0,,沈阳市的4人家庭。独立住房建筑面积约98平方米，七普口径至少2间自然房间。主要说明人（62岁，通常定时外出）、子女（36岁，通常主要在家）、子女（34岁，在家外出交替）、子女伴侣（37岁，通常定时外出）。通常白天有人在家。家庭月收入情境约38000元，通常月电费情境约240元；电费有余量，通常不需改变开支。本月电费占可安排预算较小。纳入安排的设备：空调、洗衣机、烘干机、电热水器。节费重视1/5，舒适重视1/5，系统控制边界是每次先确认；希望提前48小时通知。费用与室温都不是首要判断项，家里更关注日常任务是否照计划完成。洗衣等任务需有人在家完成装载。空屋提前开空调须另确认预约或远控与本人许可。,"【合成角色条件；尚无真人回答】
cityrole-0195｜辽宁沈阳市｜4人｜独立住宅，H7 至少2间自然房；整套设计建筑面积98㎡。
楼房中的一套住宅，楼层位置 中间层，房龄背景 2010—2019年；住宅原型 High-rise apartment(slab type)_Shenyang_2010，源户位 edge，天气代理站 CHN_Liaoning.Shenyang.543420_CSWD（距城市约9.0km）；天气/原型及房龄并非本户实测。
m01 主要说明人，62岁，在外工作 / 通常固定时间外出工作或学习；工作日通常在家 00:00–07:30、18:30–24:00；室温感受：能接受小幅变化，变化较大会不舒服；电器时间：希望按原定时间运行，尽量不调整；参与安排：通常主要由这位成员决定；需求优先：没有特别优先；节费/错峰重视 1/3；系统控制：每次先问，得到明确同意后再调整。
m02 子女，36岁，居家工作/学习 / 主要在家生活，包括居家工作、学习、休息或照护；工作日通常在家 00:00–24:00；室温感受：比较敏感，小幅变化也容易不舒服；电器时间：希望按原定时间运行，尽量不调整；参与安排：通常与家人共同商量决定；需求优先：没有特别优先；节费/错峰重视 2/4；系统控制：每次先问，得到明确同意后再调整。
m03 子女，34岁，照顾家人 / 部分时间在家，部分时间外出；工作日通常在家 00:00–09:00、12:00–15:00、19:00–24:00；室温感受：不太敏感，室温变化较大也通常能适应；电器时间：只要按时完成，具体运行时间都可以；参与安排：通常与家人共同商量决定；需求优先：没有特别优先；节费/错峰重视 4/5；系统控制：在约定范围内，可以让系统自动调整。
m04 子女伴侣，37岁，在外工作 / 通常固定时间外出工作或学习；工作日通常在家 00:00–07:30、18:30–24:00；室温感受：能接受小幅变化，变化较大会不舒服；电器时间：只要按时完成，具体运行时间都可以；参与安排：通常与家人共同商量决定；需求优先：没有特别优先；节费/错峰重视 1/1；系统控制：更愿意自己安排，尽量不让系统调整。
通常白天：大部分时间有人；晚间：部分时间有人；作息：部分成员或部分日期固定；深夜用电：很少或没有；事件当天是否在受控房间另核。
家庭月收入情境 38000元、上月电费情境 240元；电费压力 4/5。本月电费占可安排预算较小。
节费/舒适/错峰重视 1/1/4；控制边界：每次先问我，得到明确同意后再调整；提前通知 两天；受保护活动：睡眠休息, 做饭用餐。
居住方式：自有住房；电价背景：单一时段电价；定时/自动控制经验：偶尔使用；既有错峰经验：没有参加过；受扰后恢复偏好：改回原安排；其他背景设备：冰箱。
空调 1台，每周 每天（7天）；傍晚到睡前（18:00—23:00），制冷设定 27℃，室温希望范围 26—28℃，可接受变化 1.5℃。条件：有人在受控房间时使用；18:00–18:30若空屋预冷，须当天确认家户许可及实际预约/远控能力，否则到家后开启；空屋冷量不算舒适收益。
洗衣机 1台，每周 每天（7天）；默认 19:00，可从 19:00 开始，最晚 23:00 完成，一次 60 分钟。条件：默认时刻须有成员在家并完成装载；轮班或事件日另核，不默认预约或远程启动。
烘干机 1台，每周 每天（7天）；默认 21:00，可从 19:00 开始，最晚 24:00 完成，一次 90 分钟。条件：默认时刻须有成员在家并完成装载；轮班或事件日另核，不默认预约或远程启动。
电热水器 1台，每周 每天（7天）；加热 19:50–22:00，需热水 21:00，提前加热：不希望提前加热。条件：普通加热须对准有人需要热水的时段；事件日及额外提前加热按当次许可确认。
参与者对十天方案的选择、理由和评分尚未填写。",UNKNOWN,NOT_COLLECTED,NOT_EXPORTED_PENDING_D_ACCEPTANCE,UNKNOWN
cityrole-0196,eb.synthetic_fixed_profile_300.v1,宁波市,浙江,330200,4,2,0,mostly_occupied,partly_home,irregular,26000,720,2,电费有压力，需调整其他开支,本月收入已有其他固定支出安排，可灵活调整的预算较紧。,saving_priority,4,2,2,high_trust_auto,0.5,independent_dwelling,two_rooms,2,20-29,98.0,synthetic_H6_like_whole_dwelling_building_area,98.0,known_synthetic_whole_dwelling,90_119,matches_synthetic_whole_dwelling,apartment,ground,1,cn-home-0196,self_contained_openplan,Low-rise apartment_Dinghai_2010,edge,73.684211,73.684211,0,CHN_Zhejiang.Dinghai.584770_CSWD,53.364,c6be4042817355f156b5a3a73e945c12245198b43cfb34b73e34a3803c875315,8e274070c7e5b145e88e9f4310b6ba005887c3ead52efbdca77ef7318e470cb0,7,7,10,household_selected_devices,1,m01,宁波市的4人家庭。独立住房建筑面积约98平方米，七普口径至少2间自然房间。主要说明人（57岁，通常定时外出）、子女（22岁，轮班或时间多变）、子女（24岁，在家外出交替）、子女伴侣（20岁，通常主要在家）。通常白天有人在家。家庭月收入情境约26000元，通常月电费情境约720元；电费有压力，需调整其他开支。本月收入已有其他固定支出安排，可灵活调整的预算较紧。纳入安排的设备：空调、洗衣机、洗碗机、可在家充电的电动车。节费重视4/5，舒适重视2/5，系统控制边界是约定范围内可自动调整；希望提前0.5小时通知。费用压力描述的是当前预算余量；节费重视描述的是调整方案时的取舍，两者分别考虑。洗衣等任务需有人在家完成装载。轮班日按当天在家情况确认。,"【合成角色条件；尚无真人回答】
cityrole-0196｜浙江宁波市｜4人｜独立住宅，H7 至少2间自然房；整套设计建筑面积98㎡。
楼房中的一套住宅，楼层位置 底层，房龄背景 2010—2019年；住宅原型 Low-rise apartment_Dinghai_2010，源户位 edge，天气代理站 CHN_Zhejiang.Dinghai.584770_CSWD（距城市约53.4km）；天气/原型及房龄并非本户实测。
m01 主要说明人，57岁，在外工作 / 通常固定时间外出工作或学习；工作日通常在家 00:00–07:30、18:30–24:00；室温感受：不太敏感，室温变化较大也通常能适应；电器时间：只接受小幅提前或推迟；参与安排：通常主要由这位成员决定；需求优先：没有特别优先；节费/错峰重视 4/1；系统控制：在约定范围内，可以让系统自动调整。
m02 子女，22岁，轮班工作 / 轮班或时间经常变化；工作日到家时段不固定；室温感受：能接受小幅变化，变化较大会不舒服；电器时间：希望按原定时间运行，尽量不调整；参与安排：通常与家人共同商量决定；需求优先：没有特别优先；节费/错峰重视 3/2；系统控制：更愿意自己安排，尽量不让系统调整。
m03 子女，24岁，暂未工作（非退休） / 部分时间在家，部分时间外出；工作日通常在家 00:00–09:00、12:00–15:00、19:00–24:00；室温感受：比较敏感，小幅变化也容易不舒服；电器时间：希望按原定时间运行，尽量不调整；参与安排：通常与家人共同商量决定；需求优先：没有特别优先；节费/错峰重视 5/3；系统控制：每次先问，得到明确同意后再调整。
m04 子女伴侣，20岁，居家工作/学习 / 主要在家生活，包括居家工作、学习、休息或照护；工作日通常在家 00:00–24:00；室温感受：不太敏感，室温变化较大也通常能适应；电器时间：只要按时完成，具体运行时间都可以；参与安排：通常与家人共同商量决定；需求优先：没有特别优先；节费/错峰重视 2/4；系统控制：在约定范围内，可以让系统自动调整。
通常白天：大部分时间有人；晚间：部分时间有人；作息：变化较多；深夜用电：偶尔；事件当天是否在受控房间另核。
家庭月收入情境 26000元、上月电费情境 720元；电费压力 2/5。本月收入已有其他固定支出安排，可灵活调整的预算较紧。
节费/舒适/错峰重视 4/2/2；控制边界：在约定范围内，可以让系统自动调整；提前通知 半小时；受保护活动：睡眠休息, 做饭用餐。
居住方式：整套租住；电价背景：单一时段电价；定时/自动控制经验：没有使用过；既有错峰经验：没有参加过；受扰后恢复偏好：先看影响再决定；其他背景设备：冰箱。
空调 1台，每周 2—3天；自己选择使用时段（可跨午夜），制冷设定 24℃，室温希望范围 23—25℃，可接受变化 0.5℃，自选时段 16:00–23:00。条件：有人在受控房间时使用；轮班或事件日另核，不把空屋冷量算作舒适收益。
洗衣机 1台，每周 2—3天；默认 19:50，可从 19:00 开始，最晚 23:00 完成，一次 60 分钟。条件：默认时刻须有成员在家并完成装载；轮班或事件日另核，不默认预约或远程启动。
洗碗机 1台，每周 2—3天；默认 21:00，可从 19:00 开始，最晚 24:00 完成，一次 60 分钟。条件：默认时刻须有成员在家并完成装载；轮班或事件日另核，不默认预约或远程启动。
可在家充电的电动汽车 1辆，每周 2—3天；接入 19:00，次日离家 07:00，目标/保底电量 80%/20%，驾驶成员 m01。条件：由m01在典型外出日返家后接入；车辆实际到家、次日离家与充电权限按当天确认。
参与者对十天方案的选择、理由和评分尚未填写。",UNKNOWN,NOT_COLLECTED,NOT_EXPORTED_PENDING_D_ACCEPTANCE,UNKNOWN
cityrole-0197,eb.synthetic_fixed_profile_300.v1,来宾市,广西,451300,2,1,0,mostly_occupied,partly_home,partly_regular,6400,220,4,电费有余量，通常不需改变开支,本月电费已列入预算，按当前金额可以承担。,both_low,2,2,4,confirm_required,24,independent_dwelling,one_room,1,20-29,49.0,synthetic_H6_like_whole_dwelling_building_area,49.0,known_synthetic_whole_dwelling,lt50,matches_synthetic_whole_dwelling,apartment,middle,3,cn-home-0197,self_contained_openplan,Low-rise apartment_Guiping_2003,edge,36.842105,36.842105,0,CHN_Guangxi.Zhuang.Guiping.592540_CSWD,94.272,db4ebc9fcd7c18ff332b4338e74507871057202b3efe67164cace8f73d3361e2,666dff5a8f22a2b7332064d65212070005fd1b241b2b11d1830f4e6b665dd607,7,7,10,household_selected_devices,0,,来宾市的2人家庭。独立住房建筑面积约49平方米，七普口径至少1间自然房间。主要说明人（30岁，通常主要在家）、伴侣（29岁，在家外出交替）。通常白天有人在家。家庭月收入情境约6400元，通常月电费情境约220元；电费有余量，通常不需改变开支。本月电费已列入预算，按当前金额可以承担。纳入安排的设备：洗衣机、烘干机、电热水器。节费重视2/5，舒适重视2/5，系统控制边界是每次先确认；希望提前24小时通知。费用与室温都不是首要判断项，家里更关注日常任务是否照计划完成。洗衣等任务需有人在家完成装载。,"【合成角色条件；尚无真人回答】
cityrole-0197｜广西来宾市｜2人｜独立住宅，H7 至少1间自然房；整套设计建筑面积49㎡。
楼房中的一套住宅，楼层位置 中间层，房龄背景 2000—2009年；住宅原型 Low-rise apartment_Guiping_2003，源户位 edge，天气代理站 CHN_Guangxi.Zhuang.Guiping.592540_CSWD（距城市约94.3km）；天气/原型及房龄并非本户实测。
m01 主要说明人，30岁，居家工作/学习 / 主要在家生活，包括居家工作、学习、休息或照护；工作日通常在家 00:00–24:00；室温感受：比较敏感，小幅变化也容易不舒服；电器时间：只接受小幅提前或推迟；参与安排：通常主要由这位成员决定；需求优先：没有特别优先；节费/错峰重视 2/4；系统控制：每次先问，得到明确同意后再调整。
m02 伴侣，29岁，照顾家人 / 部分时间在家，部分时间外出；工作日通常在家 00:00–09:00、12:00–15:00、19:00–24:00；室温感受：不太敏感，室温变化较大也通常能适应；电器时间：只接受小幅提前或推迟；参与安排：通常与家人共同商量决定；需求优先：没有特别优先；节费/错峰重视 4/5；系统控制：在约定范围内，可以让系统自动调整。
通常白天：大部分时间有人；晚间：部分时间有人；作息：部分成员或部分日期固定；深夜用电：很少或没有；事件当天是否在受控房间另核。
家庭月收入情境 6400元、上月电费情境 220元；电费压力 4/5。本月电费已列入预算，按当前金额可以承担。
节费/舒适/错峰重视 2/2/4；控制边界：每次先问我，得到明确同意后再调整；提前通知 一天；受保护活动：睡眠休息, 做饭用餐。
居住方式：自有住房；电价背景：单一时段电价；定时/自动控制经验：经常使用；既有错峰经验：参加过；受扰后恢复偏好：先看影响再决定；其他背景设备：冰箱。
洗衣机 1台，每周 4—6天；默认 21:00，可从 19:00 开始，最晚 24:00 完成，一次 60 分钟。条件：默认时刻须有成员在家并完成装载；轮班或事件日另核，不默认预约或远程启动。
烘干机 1台，每周 4—6天；默认 19:50，可从 19:00 开始，最晚 23:00 完成，一次 90 分钟。条件：默认时刻须有成员在家并完成装载；轮班或事件日另核，不默认预约或远程启动。
电热水器 1台，每周 4—6天；加热 19:00–22:00，需热水 21:00，提前加热：每次先确认。条件：普通加热须对准有人需要热水的时段；事件日及额外提前加热按当次许可确认。
参与者对十天方案的选择、理由和评分尚未填写。",UNKNOWN,NOT_COLLECTED,NOT_EXPORTED_PENDING_D_ACCEPTANCE,UNKNOWN
cityrole-0198,eb.synthetic_fixed_profile_300.v1,咸宁市,湖北,421200,5,3,0,mostly_occupied,partly_home,irregular,16000,720,2,电费有压力，需调整其他开支,必要生活开支较多，本月电费变化容易挤占其他项目。,saving_priority,4,2,2,low_auto_accept,12,independent_dwelling,five_or_more_rooms,5,50-59,272.5,synthetic_H6_like_whole_dwelling_building_area,272.5,known_synthetic_whole_dwelling,ge160,matches_synthetic_whole_dwelling,rowhouse,NOT_APPLICABLE,two_storey_terraced_inferred_unit,cn-home-0198,terraced_five_room_inferred,Terraced house_Wuhan_2010,middle,204.887218,204.887218,0,CHN_Hubei.Wuhan.574940_CSWD,84.3,65a29af989141a22ef3694aec4620f007550e6c715621a8991c9f4a260df3d1c,d24fac131fb883615bc3eaaee5e400af3f06adb9182876577a16a4548f629f3c,14,13,25,household_selected_devices,0,,咸宁市的5人家庭。独立住房建筑面积约272.5平方米，七普口径至少5间自然房间。长辈（59岁，轮班或时间多变）、主要说明人（40岁，在家外出交替）、子女（19岁，通常主要在家）、伴侣（43岁，在家外出交替）、子女（16岁，通常定时外出）。通常白天有人在家。家庭月收入情境约16000元，通常月电费情境约720元；电费有压力，需调整其他开支。必要生活开支较多，本月电费变化容易挤占其他项目。纳入安排的设备：空调、洗衣机、电热水器。节费重视4/5，舒适重视2/5，系统控制边界是以自己安排为主；希望提前12小时通知。费用压力描述的是当前预算余量；节费重视描述的是调整方案时的取舍，两者分别考虑。洗衣等任务需有人在家完成装载。空屋提前开空调须另确认预约或远控与本人许可。轮班日按当天在家情况确认。,"【合成角色条件；尚无真人回答】
cityrole-0198｜湖北咸宁市｜5人｜独立住宅，H7 至少5间自然房；整套设计建筑面积272.5㎡。
联排住宅，楼层位置 不适用，房龄背景 2010—2019年；住宅原型 Terraced house_Wuhan_2010，源户位 middle，天气代理站 CHN_Hubei.Wuhan.574940_CSWD（距城市约84.3km）；天气/原型及房龄并非本户实测。
m01 长辈，59岁，轮班工作 / 轮班或时间经常变化；工作日到家时段不固定；室温感受：能接受小幅变化，变化较大会不舒服；电器时间：只要按时完成，具体运行时间都可以；参与安排：通常主要由这位成员决定；需求优先：没有特别优先；节费/错峰重视 4/2；系统控制：更愿意自己安排，尽量不让系统调整。
m02 主要说明人，40岁，暂未工作（非退休） / 部分时间在家，部分时间外出；工作日通常在家 00:00–09:00、12:00–15:00、19:00–24:00；室温感受：比较敏感，小幅变化也容易不舒服；电器时间：只接受小幅提前或推迟；参与安排：通常与家人共同商量决定；需求优先：没有特别优先；节费/错峰重视 5/3；系统控制：每次先问，得到明确同意后再调整。
m03 子女，19岁，居家工作/学习 / 主要在家生活，包括居家工作、学习、休息或照护；工作日通常在家 00:00–24:00；室温感受：不太敏感，室温变化较大也通常能适应；电器时间：只接受小幅提前或推迟；参与安排：通常与家人共同商量决定；需求优先：没有特别优先；节费/错峰重视 2/4；系统控制：在约定范围内，可以让系统自动调整。
m04 伴侣，43岁，照顾家人 / 部分时间在家，部分时间外出；工作日通常在家 00:00–09:00、12:00–15:00、19:00–24:00；室温感受：能接受小幅变化，变化较大会不舒服；电器时间：希望按原定时间运行，尽量不调整；参与安排：通常与家人共同商量决定；需求优先：没有特别优先；节费/错峰重视 4/5；系统控制：更愿意自己安排，尽量不让系统调整。
m05 子女，16岁，上学 / 通常固定时间外出工作或学习；工作日通常在家 00:00–07:30、18:30–24:00；室温感受：比较敏感，小幅变化也容易不舒服；电器时间：希望按原定时间运行，尽量不调整；参与安排：通常与家人共同商量决定；需求优先：通常会优先考虑；节费/错峰重视 1/1；系统控制：每次先问，得到明确同意后再调整。
通常白天：大部分时间有人；晚间：部分时间有人；作息：变化较多；深夜用电：偶尔；事件当天是否在受控房间另核。
家庭月收入情境 16000元、上月电费情境 720元；电费压力 2/5。必要生活开支较多，本月电费变化容易挤占其他项目。
节费/舒适/错峰重视 4/2/2；控制边界：更愿意自己安排，尽量不让系统调整；提前通知 半天；受保护活动：睡眠休息, 做饭用餐, 照顾家人。
居住方式：与他人合租；电价背景：峰谷分时电价；定时/自动控制经验：偶尔使用；既有错峰经验：没有参加过；受扰后恢复偏好：保留自动安排；其他背景设备：冰箱。
空调 1台，每周 每天（7天）；傍晚到睡前（18:00—23:00），制冷设定 26℃，室温希望范围 25—27℃，可接受变化 1.5℃。条件：有人在受控房间时使用；18:00–18:30若空屋预冷，须当天确认家户许可及实际预约/远控能力，否则到家后开启；空屋冷量不算舒适收益。
洗衣机 1台，每周 每天（7天）；默认 19:00，可从 19:00 开始，最晚 23:00 完成，一次 60 分钟。条件：默认时刻须有成员在家并完成装载；轮班或事件日另核，不默认预约或远程启动。
电热水器 1台，每周 每天（7天）；加热 19:50–22:00，需热水 21:00，提前加热：不希望提前加热。条件：普通加热须对准有人需要热水的时段；事件日及额外提前加热按当次许可确认。
参与者对十天方案的选择、理由和评分尚未填写。",UNKNOWN,NOT_COLLECTED,NOT_EXPORTED_PENDING_D_ACCEPTANCE,UNKNOWN
cityrole-0199,eb.synthetic_fixed_profile_300.v1,东阳市,浙江,330783,3,2,0,sometimes_occupied,varies,irregular,19500,220,3,电费可承担，但会留意变化,本月电费可承担，但家庭会留意它的变化。,comfort_priority,2,4,5,high_trust_auto,0,independent_dwelling,four_rooms,4,30-39,103.5,synthetic_H6_like_whole_dwelling_building_area,103.5,known_synthetic_whole_dwelling,90_119,matches_synthetic_whole_dwelling,apartment,middle,3,cn-home-0199,self_contained_four_room_thermally_aggregated,Low-rise apartment_Hangzhou_2010,edge,77.819549,77.819549,0,CHN_Zhejiang.Hangzhou.584570_CSWD,106.629,a49e0e3321da244b89969ea5899b64711107782fcbfd9fca2d375d484dbe1bea,d5005eeb4f9a52f35ca5bb90a322cd7c68d096d594b0506e0cec63609d4555e3,7,7,10,household_selected_devices,0,,东阳市的3人家庭。独立住房建筑面积约103.5平方米，七普口径至少4间自然房间。主要说明人（40岁，在家外出交替）、子女（14岁，通常定时外出）、伴侣（40岁，轮班或时间多变）。通常白天部分时间有人。家庭月收入情境约19500元，通常月电费情境约220元；电费可承担，但会留意变化。本月电费可承担，但家庭会留意它的变化。纳入安排的设备：洗衣机、电热水器。节费重视2/5，舒适重视4/5，系统控制边界是约定范围内可自动调整；希望提前0小时通知。费用压力描述的是当前预算余量；节费重视描述的是调整方案时的取舍，两者分别考虑。洗衣等任务需有人在家完成装载。轮班日按当天在家情况确认。,"【合成角色条件；尚无真人回答】
cityrole-0199｜浙江东阳市｜3人｜独立住宅，H7 至少4间自然房；整套设计建筑面积103.5㎡。
楼房中的一套住宅，楼层位置 中间层，房龄背景 2010—2019年；住宅原型 Low-rise apartment_Hangzhou_2010，源户位 edge，天气代理站 CHN_Zhejiang.Hangzhou.584570_CSWD（距城市约106.6km）；天气/原型及房龄并非本户实测。
m01 主要说明人，40岁，照顾家人 / 部分时间在家，部分时间外出；工作日通常在家 00:00–09:00、12:00–15:00、19:00–24:00；室温感受：不太敏感，室温变化较大也通常能适应；电器时间：只要按时完成，具体运行时间都可以；参与安排：通常主要由这位成员决定；需求优先：通常会优先考虑；节费/错峰重视 2/5；系统控制：在约定范围内，可以让系统自动调整。
m02 子女，14岁，上学 / 通常固定时间外出工作或学习；工作日通常在家 00:00–07:30、18:30–24:00；室温感受：能接受小幅变化，变化较大会不舒服；电器时间：只要按时完成，具体运行时间都可以；参与安排：通常与家人共同商量决定；需求优先：通常会优先考虑；节费/错峰重视 1/1；系统控制：更愿意自己安排，尽量不让系统调整。
m03 伴侣，40岁，轮班工作 / 轮班或时间经常变化；工作日到家时段不固定；室温感受：比较敏感，小幅变化也容易不舒服；电器时间：只接受小幅提前或推迟；参与安排：通常与家人共同商量决定；需求优先：没有特别优先；节费/错峰重视 3/2；系统控制：每次先问，得到明确同意后再调整。
通常白天：部分时间有人；晚间：每天不太固定；作息：变化较多；深夜用电：偶尔；事件当天是否在受控房间另核。
家庭月收入情境 19500元、上月电费情境 220元；电费压力 3/5。本月电费可承担，但家庭会留意它的变化。
节费/舒适/错峰重视 2/4/5；控制边界：在约定范围内，可以让系统自动调整；提前通知 无需提前；受保护活动：睡眠休息, 做饭用餐, 照顾家人。
居住方式：与他人合租；电价背景：单一时段电价；定时/自动控制经验：没有使用过；既有错峰经验：没有参加过；受扰后恢复偏好：改回原安排；其他背景设备：冰箱。
洗衣机 1台，每周 2—3天；默认 19:50，可从 19:00 开始，最晚 23:00 完成，一次 60 分钟。条件：默认时刻须有成员在家并完成装载；轮班或事件日另核，不默认预约或远程启动。
电热水器 1台，每周 2—3天；加热 06:00–08:00，需热水 07:00，提前加热：可以提前安排。条件：普通加热须对准有人需要热水的时段；事件日及额外提前加热按当次许可确认。
参与者对十天方案的选择、理由和评分尚未填写。",UNKNOWN,NOT_COLLECTED,NOT_EXPORTED_PENDING_D_ACCEPTANCE,UNKNOWN
cityrole-0200,eb.synthetic_fixed_profile_300.v1,九江市,江西,360400,3,2,1,mostly_occupied,partly_home,partly_regular,9600,720,4,电费有余量，通常不需改变开支,本月电费已列入预算，按当前金额可以承担。,middle,3,3,5,confirm_required,24,independent_dwelling,three_rooms,3,50-59,163.5,synthetic_H6_like_whole_dwelling_building_area,163.5,known_synthetic_whole_dwelling,ge160,matches_synthetic_whole_dwelling,apartment,top,4,cn-home-0200,self_contained_source_three_room,Low-rise apartment_Nanchang_2001,middle,122.932331,122.932331,0,CHN_Jiangxi.Nanchang.586060_CSWD,123.709,73d03ab850f06771026955a09e1547da0a36e8847a2aea66dde125273e292715,6c96ed66b50ebab5ecac0002efab546b60c61a09b38f102d20c93ef9c5300656,7,7,8,household_selected_devices,0,,九江市的3人家庭。独立住房建筑面积约163.5平方米，七普口径至少3间自然房间。主要说明人（70岁，在家外出交替）、子女（40岁，通常主要在家）、子女（41岁，在家外出交替）。通常白天有人在家。家庭月收入情境约9600元，通常月电费情境约720元；电费有余量，通常不需改变开支。本月电费已列入预算，按当前金额可以承担。纳入安排的设备：洗衣机、电热水器。节费重视3/5，舒适重视3/5，系统控制边界是每次先确认；希望提前24小时通知。费用压力描述的是当前预算余量；节费重视描述的是调整方案时的取舍，两者分别考虑。洗衣等任务需有人在家完成装载。,"【合成角色条件；尚无真人回答】
cityrole-0200｜江西九江市｜3人｜独立住宅，H7 至少3间自然房；整套设计建筑面积163.5㎡。
楼房中的一套住宅，楼层位置 顶层，房龄背景 2000—2009年；住宅原型 Low-rise apartment_Nanchang_2001，源户位 middle，天气代理站 CHN_Jiangxi.Nanchang.586060_CSWD（距城市约123.7km）；天气/原型及房龄并非本户实测。
m01 主要说明人，70岁，居家工作/学习 / 部分时间在家，部分时间外出；工作日通常在家 00:00–09:00、12:00–15:00、19:00–24:00；室温感受：比较敏感，小幅变化也容易不舒服；电器时间：希望按原定时间运行，尽量不调整；参与安排：通常主要由这位成员决定；需求优先：没有特别优先；节费/错峰重视 3/3；系统控制：每次先问，得到明确同意后再调整。
m02 子女，40岁，居家工作/学习 / 主要在家生活，包括居家工作、学习、休息或照护；工作日通常在家 00:00–24:00；室温感受：不太敏感，室温变化较大也通常能适应；电器时间：只要按时完成，具体运行时间都可以；参与安排：通常与家人共同商量决定；需求优先：没有特别优先；节费/错峰重视 2/4；系统控制：在约定范围内，可以让系统自动调整。
m03 子女，41岁，照顾家人 / 部分时间在家，部分时间外出；工作日通常在家 00:00–09:00、12:00–15:00、19:00–24:00；室温感受：能接受小幅变化，变化较大会不舒服；电器时间：只要按时完成，具体运行时间都可以；参与安排：通常与家人共同商量决定；需求优先：没有特别优先；节费/错峰重视 4/5；系统控制：更愿意自己安排，尽量不让系统调整。
通常白天：大部分时间有人；晚间：部分时间有人；作息：部分成员或部分日期固定；深夜用电：很少或没有；事件当天是否在受控房间另核。
家庭月收入情境 9600元、上月电费情境 720元；电费压力 4/5。本月电费已列入预算，按当前金额可以承担。
节费/舒适/错峰重视 3/3/5；控制边界：每次先问我，得到明确同意后再调整；提前通知 一天；受保护活动：睡眠休息, 做饭用餐。
居住方式：自有住房；电价背景：单一时段电价；定时/自动控制经验：经常使用；既有错峰经验：没有参加过；受扰后恢复偏好：保留自动安排；其他背景设备：冰箱。
洗衣机 1台，每周 4—6天；默认 21:00，可从 19:00 开始，最晚 24:00 完成，一次 60 分钟。条件：默认时刻须有成员在家并完成装载；轮班或事件日另核，不默认预约或远程启动。
电热水器 1台，每周 4—6天；加热 19:00–22:00，需热水 21:00，提前加热：每次先确认。条件：普通加热须对准有人需要热水的时段；事件日及额外提前加热按当次许可确认。
参与者对十天方案的选择、理由和评分尚未填写。",UNKNOWN,NOT_COLLECTED,NOT_EXPORTED_PENDING_D_ACCEPTANCE,UNKNOWN
cityrole-0201,eb.synthetic_fixed_profile_300.v1,南京市,江苏,320100,3,2,0,sometimes_occupied,partly_home,partly_regular,9600,360,2,电费有压力，需调整其他开支,必要生活开支较多，本月电费变化容易挤占其他项目。,both_high,5,5,1,confirm_required,0.5,independent_dwelling,two_rooms,2,20-29,73.5,synthetic_H6_like_whole_dwelling_building_area,73.5,known_synthetic_whole_dwelling,50_89,matches_synthetic_whole_dwelling,apartment,middle,7,cn-home-0201,self_contained_openplan,High-rise apartment(slab type)_Nanjing_2010,middle,55.263158,55.263158,0,CHN_Jiangsu.Nanjing.582380_CSWD,88.368,a3597e683006c39186eb8fa774c0a811de2174e42e644672ddb64057cabe52e2,f7d4bfca2d68389eb7e142f3cbc62b48de5e513499d0d0e3c4ba175cee55dc49,7,7,8,household_selected_devices,0,,南京市的3人家庭。独立住房建筑面积约73.5平方米，七普口径至少2间自然房间。主要说明人（48岁，通常定时外出）、子女（17岁，通常定时外出）、伴侣（52岁，在家外出交替）。通常白天部分时间有人。家庭月收入情境约9600元，通常月电费情境约360元；电费有压力，需调整其他开支。必要生活开支较多，本月电费变化容易挤占其他项目。纳入安排的设备：空调、洗衣机。节费重视5/5，舒适重视5/5，系统控制边界是每次先确认；希望提前0.5小时通知。费用压力描述的是当前预算余量；节费重视描述的是调整方案时的取舍，两者分别考虑。洗衣等任务需有人在家完成装载。空屋提前开空调须另确认预约或远控与本人许可。,"【合成角色条件；尚无真人回答】
cityrole-0201｜江苏南京市｜3人｜独立住宅，H7 至少2间自然房；整套设计建筑面积73.5㎡。
楼房中的一套住宅，楼层位置 中间层，房龄背景 2010—2019年；住宅原型 High-rise apartment(slab type)_Nanjing_2010，源户位 middle，天气代理站 CHN_Jiangsu.Nanjing.582380_CSWD（距城市约88.4km）；天气/原型及房龄并非本户实测。
m01 主要说明人，48岁，在外工作 / 通常固定时间外出工作或学习；工作日通常在家 00:00–07:30、18:30–24:00；室温感受：能接受小幅变化，变化较大会不舒服；电器时间：希望按原定时间运行，尽量不调整；参与安排：通常主要由这位成员决定；需求优先：没有特别优先；节费/错峰重视 5/1；系统控制：每次先问，得到明确同意后再调整。
m02 子女，17岁，上学 / 通常固定时间外出工作或学习；工作日通常在家 00:00–07:30、18:30–24:00；室温感受：比较敏感，小幅变化也容易不舒服；电器时间：希望按原定时间运行，尽量不调整；参与安排：通常与家人共同商量决定；需求优先：通常会优先考虑；节费/错峰重视 3/2；系统控制：每次先问，得到明确同意后再调整。
m03 伴侣，52岁，暂未工作（非退休） / 部分时间在家，部分时间外出；工作日通常在家 00:00–09:00、12:00–15:00、19:00–24:00；室温感受：不太敏感，室温变化较大也通常能适应；电器时间：只要按时完成，具体运行时间都可以；参与安排：通常与家人共同商量决定；需求优先：没有特别优先；节费/错峰重视 5/3；系统控制：在约定范围内，可以让系统自动调整。
通常白天：部分时间有人；晚间：部分时间有人；作息：部分成员或部分日期固定；深夜用电：很少或没有；事件当天是否在受控房间另核。
家庭月收入情境 9600元、上月电费情境 360元；电费压力 2/5。必要生活开支较多，本月电费变化容易挤占其他项目。
节费/舒适/错峰重视 5/5/1；控制边界：每次先问我，得到明确同意后再调整；提前通知 半小时；受保护活动：睡眠休息, 做饭用餐, 照顾家人。
居住方式：与他人合租；电价背景：峰谷分时电价；定时/自动控制经验：偶尔使用；既有错峰经验：没有参加过；受扰后恢复偏好：改回原安排；其他背景设备：冰箱。
空调 2台，每周 每天（7天）；傍晚到睡前（18:00—23:00），制冷设定 25℃，室温希望范围 24—26℃，可接受变化 1.5℃。条件：有人在受控房间时使用；18:00–18:30若空屋预冷，须当天确认家户许可及实际预约/远控能力，否则到家后开启；空屋冷量不算舒适收益。
洗衣机 1台，每周 每天（7天）；默认 19:00，可从 19:00 开始，最晚 23:00 完成，一次 60 分钟。条件：默认时刻须有成员在家并完成装载；轮班或事件日另核，不默认预约或远程启动。
参与者对十天方案的选择、理由和评分尚未填写。",UNKNOWN,NOT_COLLECTED,NOT_EXPORTED_PENDING_D_ACCEPTANCE,UNKNOWN
cityrole-0202,eb.synthetic_fixed_profile_300.v1,赣州市,江西,360700,2,1,0,mostly_occupied,partly_home,partly_regular,4000,360,3,电费可承担，但会留意变化,本月电费可承担，但家庭会留意它的变化。,both_low,1,1,5,confirm_required,24,independent_dwelling,one_room,1,30-39,69.0,synthetic_H6_like_whole_dwelling_building_area,69.0,known_synthetic_whole_dwelling,50_89,matches_synthetic_whole_dwelling,apartment,middle,5,cn-home-0202,self_contained_openplan,High-rise apartment(slab type)_Ganzhou_2010,edge,51.879699,51.879699,0,CHN_Jiangxi.Ganzhou.579930_CSWD,5.667,d683b82d6ec5dd87e5050eb6b2a45a253a08c04a06a7140cdbbe35f68b0cb6e2,86d9ec2c98f2545805e5e97cf1a383c782aa57689dd67d2821dcfafdcce2486c,7,7,10,household_selected_devices,0,,赣州市的2人家庭。独立住房建筑面积约69平方米，七普口径至少1间自然房间。主要说明人（29岁，通常主要在家）、伴侣（29岁，在家外出交替）。通常白天有人在家。家庭月收入情境约4000元，通常月电费情境约360元；电费可承担，但会留意变化。本月电费可承担，但家庭会留意它的变化。纳入安排的设备：空调、洗衣机、烘干机、电热水器。节费重视1/5，舒适重视1/5，系统控制边界是每次先确认；希望提前24小时通知。费用与室温都不是首要判断项，家里更关注日常任务是否照计划完成。洗衣等任务需有人在家完成装载。空屋提前开空调须另确认预约或远控与本人许可。,"【合成角色条件；尚无真人回答】
cityrole-0202｜江西赣州市｜2人｜独立住宅，H7 至少1间自然房；整套设计建筑面积69㎡。
楼房中的一套住宅，楼层位置 中间层，房龄背景 2010—2019年；住宅原型 High-rise apartment(slab type)_Ganzhou_2010，源户位 edge，天气代理站 CHN_Jiangxi.Ganzhou.579930_CSWD（距城市约5.7km）；天气/原型及房龄并非本户实测。
m01 主要说明人，29岁，居家工作/学习 / 主要在家生活，包括居家工作、学习、休息或照护；工作日通常在家 00:00–24:00；室温感受：不太敏感，室温变化较大也通常能适应；电器时间：只接受小幅提前或推迟；参与安排：通常主要由这位成员决定；需求优先：没有特别优先；节费/错峰重视 1/4；系统控制：每次先问，得到明确同意后再调整。
m02 伴侣，29岁，照顾家人 / 部分时间在家，部分时间外出；工作日通常在家 00:00–09:00、12:00–15:00、19:00–24:00；室温感受：能接受小幅变化，变化较大会不舒服；电器时间：希望按原定时间运行，尽量不调整；参与安排：通常与家人共同商量决定；需求优先：没有特别优先；节费/错峰重视 4/5；系统控制：更愿意自己安排，尽量不让系统调整。
通常白天：大部分时间有人；晚间：部分时间有人；作息：部分成员或部分日期固定；深夜用电：很少或没有；事件当天是否在受控房间另核。
家庭月收入情境 4000元、上月电费情境 360元；电费压力 3/5。本月电费可承担，但家庭会留意它的变化。
节费/舒适/错峰重视 1/1/5；控制边界：每次先问我，得到明确同意后再调整；提前通知 一天；受保护活动：睡眠休息, 做饭用餐。
居住方式：与他人合租；电价背景：峰谷分时电价；定时/自动控制经验：经常使用；既有错峰经验：没有参加过；受扰后恢复偏好：先看影响再决定；其他背景设备：冰箱。
空调 1台，每周 2—3天；傍晚到睡前（18:00—23:00），制冷设定 26℃，室温希望范围 25—27℃，可接受变化 0.5℃。条件：有人在受控房间时使用；18:00–18:30若空屋预冷，须当天确认家户许可及实际预约/远控能力，否则到家后开启；空屋冷量不算舒适收益。
洗衣机 1台，每周 2—3天；默认 19:50，可从 19:00 开始，最晚 23:00 完成，一次 60 分钟。条件：默认时刻须有成员在家并完成装载；轮班或事件日另核，不默认预约或远程启动。
烘干机 1台，每周 2—3天；默认 19:00，可从 19:00 开始，最晚 23:00 完成，一次 90 分钟。条件：默认时刻须有成员在家并完成装载；轮班或事件日另核，不默认预约或远程启动。
电热水器 1台，每周 2—3天；加热 06:00–08:00，需热水 07:00，提前加热：可以提前安排。条件：普通加热须对准有人需要热水的时段；事件日及额外提前加热按当次许可确认。
参与者对十天方案的选择、理由和评分尚未填写。",UNKNOWN,NOT_COLLECTED,NOT_EXPORTED_PENDING_D_ACCEPTANCE,UNKNOWN
cityrole-0203,eb.synthetic_fixed_profile_300.v1,深圳市,广东,440300,3,2,0,mostly_occupied,partly_home,irregular,28500,520,4,电费有余量，通常不需改变开支,本月电费占可安排预算较小。,both_low,1,1,1,low_auto_accept,48,independent_dwelling,four_rooms,4,30-39,103.5,synthetic_H6_like_whole_dwelling_building_area,103.5,known_synthetic_whole_dwelling,90_119,matches_synthetic_whole_dwelling,apartment,top,4,cn-home-0203,self_contained_four_room_thermally_aggregated,Low-rise apartment_Guangzhou_2012,middle,77.819549,77.819549,0,CHN_Guangdong.Zhengcheng.592940_CSWD,71.504,727f5e6b09dcc556dda40c79b3ff34a808d77ed2abb72b10e0402e1f4718ef90,d8c2b95e30aeda6608ac7764933c19be4f7e7c23d036f9413ca5906cb74883d9,7,7,8,household_selected_devices,0,,深圳市的3人家庭。独立住房建筑面积约103.5平方米，七普口径至少4间自然房间。主要说明人（42岁，轮班或时间多变）、子女（10岁，通常定时外出）、伴侣（38岁，通常主要在家）。通常白天有人在家。家庭月收入情境约28500元，通常月电费情境约520元；电费有余量，通常不需改变开支。本月电费占可安排预算较小。纳入安排的设备：洗衣机、烘干机。节费重视1/5，舒适重视1/5，系统控制边界是以自己安排为主；希望提前48小时通知。费用与室温都不是首要判断项，家里更关注日常任务是否照计划完成。洗衣等任务需有人在家完成装载。轮班日按当天在家情况确认。,"【合成角色条件；尚无真人回答】
cityrole-0203｜广东深圳市｜3人｜独立住宅，H7 至少4间自然房；整套设计建筑面积103.5㎡。
楼房中的一套住宅，楼层位置 顶层，房龄背景 2010—2019年；住宅原型 Low-rise apartment_Guangzhou_2012，源户位 middle，天气代理站 CHN_Guangdong.Zhengcheng.592940_CSWD（距城市约71.5km）；天气/原型及房龄并非本户实测。
m01 主要说明人，42岁，轮班工作 / 轮班或时间经常变化；工作日到家时段不固定；室温感受：比较敏感，小幅变化也容易不舒服；电器时间：只接受小幅提前或推迟；参与安排：通常主要由这位成员决定；需求优先：没有特别优先；节费/错峰重视 1/2；系统控制：更愿意自己安排，尽量不让系统调整。
m02 子女，10岁，上学 / 通常固定时间外出工作或学习；工作日通常在家 00:00–07:30、18:30–24:00；室温感受：不太敏感，室温变化较大也通常能适应；电器时间：只接受小幅提前或推迟；参与安排：通常与家人共同商量决定；需求优先：通常会优先考虑；节费/错峰重视 5/3；系统控制：在约定范围内，可以让系统自动调整。
m03 伴侣，38岁，居家工作/学习 / 主要在家生活，包括居家工作、学习、休息或照护；工作日通常在家 00:00–24:00；室温感受：能接受小幅变化，变化较大会不舒服；电器时间：希望按原定时间运行，尽量不调整；参与安排：通常与家人共同商量决定；需求优先：没有特别优先；节费/错峰重视 2/4；系统控制：更愿意自己安排，尽量不让系统调整。
通常白天：大部分时间有人；晚间：部分时间有人；作息：变化较多；深夜用电：偶尔；事件当天是否在受控房间另核。
家庭月收入情境 28500元、上月电费情境 520元；电费压力 4/5。本月电费占可安排预算较小。
节费/舒适/错峰重视 1/1/1；控制边界：更愿意自己安排，尽量不让系统调整；提前通知 两天；受保护活动：睡眠休息, 做饭用餐, 照顾家人。
居住方式：自有住房；电价背景：单一时段电价；定时/自动控制经验：经常使用；既有错峰经验：没有参加过；受扰后恢复偏好：先看影响再决定；其他背景设备：冰箱。
洗衣机 1台，每周 4—6天；默认 21:00，可从 19:00 开始，最晚 24:00 完成，一次 60 分钟。条件：默认时刻须有成员在家并完成装载；轮班或事件日另核，不默认预约或远程启动。
烘干机 1台，每周 4—6天；默认 19:50，可从 19:00 开始，最晚 23:00 完成，一次 90 分钟。条件：默认时刻须有成员在家并完成装载；轮班或事件日另核，不默认预约或远程启动。
参与者对十天方案的选择、理由和评分尚未填写。",UNKNOWN,NOT_COLLECTED,NOT_EXPORTED_PENDING_D_ACCEPTANCE,UNKNOWN
cityrole-0204,eb.synthetic_fixed_profile_300.v1,包头市,内蒙古,150200,1,1,0,sometimes_occupied,partly_home,partly_regular,6500,220,3,电费可承担，但会留意变化,本月电费可承担，但家庭会留意它的变化。,middle,3,3,1,low_auto_accept,24,independent_dwelling,three_rooms,3,70及以上,75.0,synthetic_H6_like_whole_dwelling_building_area,75.0,known_synthetic_whole_dwelling,50_89,matches_synthetic_whole_dwelling,apartment,middle,3,cn-home-0204,self_contained_source_three_room,High-rise apartment(slab type)_Dongsheng_2010,edge,56.390977,56.390977,0,CHN_Nei.Mongol.Dongsheng.535430_CSWD,93.05,3cb15f9c4ffe0d59067bedc40dd9d8eaee60e21b30bc25010c074e8cf055c73e,42f9eca725c0a806a292968a6bfd26689113ae76e4c1451ce48829c86178dd2c,7,7,10,household_selected_devices,0,,包头市的1人家庭。独立住房建筑面积约75平方米，七普口径至少3间自然房间。主要说明人（41岁，在家外出交替）。通常白天部分时间有人。家庭月收入情境约6500元，通常月电费情境约220元；电费可承担，但会留意变化。本月电费可承担，但家庭会留意它的变化。纳入安排的设备：空调、洗衣机。节费重视3/5，舒适重视3/5，系统控制边界是以自己安排为主；希望提前24小时通知。费用压力描述的是当前预算余量；节费重视描述的是调整方案时的取舍，两者分别考虑。洗衣等任务需有人在家完成装载。,"【合成角色条件；尚无真人回答】
cityrole-0204｜内蒙古包头市｜1人｜独立住宅，H7 至少3间自然房；整套设计建筑面积75㎡。
楼房中的一套住宅，楼层位置 中间层，房龄背景 2010—2019年；住宅原型 High-rise apartment(slab type)_Dongsheng_2010，源户位 edge，天气代理站 CHN_Nei.Mongol.Dongsheng.535430_CSWD（距城市约93.0km）；天气/原型及房龄并非本户实测。
m01 主要说明人，41岁，照顾家人 / 部分时间在家，部分时间外出；工作日通常在家 00:00–09:00、12:00–15:00、19:00–24:00；室温感受：能接受小幅变化，变化较大会不舒服；电器时间：只要按时完成，具体运行时间都可以；参与安排：通常主要由这位成员决定；需求优先：没有特别优先；节费/错峰重视 3/5；系统控制：更愿意自己安排，尽量不让系统调整。
通常白天：部分时间有人；晚间：部分时间有人；作息：部分成员或部分日期固定；深夜用电：很少或没有；事件当天是否在受控房间另核。
家庭月收入情境 6500元、上月电费情境 220元；电费压力 3/5。本月电费可承担，但家庭会留意它的变化。
节费/舒适/错峰重视 3/3/1；控制边界：更愿意自己安排，尽量不让系统调整；提前通知 一天；受保护活动：睡眠休息, 做饭用餐。
居住方式：自有住房；电价背景：峰谷分时电价；定时/自动控制经验：经常使用；既有错峰经验：参加过；受扰后恢复偏好：改回原安排；其他背景设备：冰箱。
空调 1台，每周 每天（7天）；自己选择使用时段（可跨午夜），制冷设定 24℃，室温希望范围 23—25℃，可接受变化 1.5℃，自选时段 19:00–23:00。条件：有人在受控房间时使用；轮班或事件日另核，不把空屋冷量算作舒适收益。
洗衣机 1台，每周 每天（7天）；默认 19:00，可从 19:00 开始，最晚 23:00 完成，一次 60 分钟。条件：默认时刻须有成员在家并完成装载；轮班或事件日另核，不默认预约或远程启动。
参与者对十天方案的选择、理由和评分尚未填写。",UNKNOWN,NOT_COLLECTED,NOT_EXPORTED_PENDING_D_ACCEPTANCE,UNKNOWN
cityrole-0205,eb.synthetic_fixed_profile_300.v1,金华市,浙江,330700,3,2,0,sometimes_occupied,partly_home,partly_regular,28500,120,5,电费不构成当前预算约束,本月电费占可安排预算较小。,comfort_priority,1,5,2,confirm_required,72,independent_dwelling,three_rooms,3,50-59,163.5,synthetic_H6_like_whole_dwelling_building_area,163.5,known_synthetic_whole_dwelling,ge160,matches_synthetic_whole_dwelling,apartment,middle,6,cn-home-0205,self_contained_source_three_room,High-rise apartment(slab type)_Hangzhou_2010,middle,122.932331,122.932331,0,CHN_Zhejiang.Quxian.586330_CSWD,72.957,82e53d27aa9512b3126a6a470bdb7689601153138d5b120fa852b0503cd6186b,e998806cf60b31a636b58f5b6e41c40fb4b80d40c8886149a3d3da8df33c7780,7,7,8,household_selected_devices,0,,金华市的3人家庭。独立住房建筑面积约163.5平方米，七普口径至少3间自然房间。主要说明人（42岁，在家外出交替）、子女（12岁，通常定时外出）、伴侣（39岁，在家外出交替）。通常白天部分时间有人。家庭月收入情境约28500元，通常月电费情境约120元；电费不构成当前预算约束。本月电费占可安排预算较小。纳入安排的设备：空调、洗衣机、洗碗机。节费重视1/5，舒适重视5/5，系统控制边界是每次先确认；希望提前72小时通知。费用压力描述的是当前预算余量；节费重视描述的是调整方案时的取舍，两者分别考虑。洗衣等任务需有人在家完成装载。空屋提前开空调须另确认预约或远控与本人许可。,"【合成角色条件；尚无真人回答】
cityrole-0205｜浙江金华市｜3人｜独立住宅，H7 至少3间自然房；整套设计建筑面积163.5㎡。
楼房中的一套住宅，楼层位置 中间层，房龄背景 2010—2019年；住宅原型 High-rise apartment(slab type)_Hangzhou_2010，源户位 middle，天气代理站 CHN_Zhejiang.Quxian.586330_CSWD（距城市约73.0km）；天气/原型及房龄并非本户实测。
m01 主要说明人，42岁，暂未工作（非退休） / 部分时间在家，部分时间外出；工作日通常在家 00:00–09:00、12:00–15:00、19:00–24:00；室温感受：不太敏感，室温变化较大也通常能适应；电器时间：只要按时完成，具体运行时间都可以；参与安排：通常主要由这位成员决定；需求优先：没有特别优先；节费/错峰重视 1/3；系统控制：每次先问，得到明确同意后再调整。
m02 子女，12岁，上学 / 通常固定时间外出工作或学习；工作日通常在家 00:00–07:30、18:30–24:00；室温感受：能接受小幅变化，变化较大会不舒服；电器时间：只要按时完成，具体运行时间都可以；参与安排：通常与家人共同商量决定；需求优先：通常会优先考虑；节费/错峰重视 2/4；系统控制：更愿意自己安排，尽量不让系统调整。
m03 伴侣，39岁，照顾家人 / 部分时间在家，部分时间外出；工作日通常在家 00:00–09:00、12:00–15:00、19:00–24:00；室温感受：比较敏感，小幅变化也容易不舒服；电器时间：只接受小幅提前或推迟；参与安排：通常与家人共同商量决定；需求优先：没有特别优先；节费/错峰重视 4/5；系统控制：每次先问，得到明确同意后再调整。
通常白天：部分时间有人；晚间：部分时间有人；作息：部分成员或部分日期固定；深夜用电：很少或没有；事件当天是否在受控房间另核。
家庭月收入情境 28500元、上月电费情境 120元；电费压力 5/5。本月电费占可安排预算较小。
节费/舒适/错峰重视 1/5/2；控制边界：每次先问我，得到明确同意后再调整；提前通知 三天或更早；受保护活动：睡眠休息, 做饭用餐, 照顾家人。
居住方式：自有住房；电价背景：峰谷分时电价；定时/自动控制经验：经常使用；既有错峰经验：没有参加过；受扰后恢复偏好：保留自动安排；其他背景设备：冰箱。
空调 2台，每周 2—3天；傍晚到睡前（18:00—23:00），制冷设定 25℃，室温希望范围 24—26℃，可接受变化 0.5℃。条件：有人在受控房间时使用；18:00–18:30若空屋预冷，须当天确认家户许可及实际预约/远控能力，否则到家后开启；空屋冷量不算舒适收益。
洗衣机 1台，每周 2—3天；默认 19:50，可从 19:00 开始，最晚 23:00 完成，一次 60 分钟。条件：默认时刻须有成员在家并完成装载；轮班或事件日另核，不默认预约或远程启动。
洗碗机 1台，每周 2—3天；默认 21:00，可从 19:00 开始，最晚 24:00 完成，一次 60 分钟。条件：默认时刻须有成员在家并完成装载；轮班或事件日另核，不默认预约或远程启动。
参与者对十天方案的选择、理由和评分尚未填写。",UNKNOWN,NOT_COLLECTED,NOT_EXPORTED_PENDING_D_ACCEPTANCE,UNKNOWN
cityrole-0206,eb.synthetic_fixed_profile_300.v1,万宁市,海南,469006,2,2,0,variable,varies,irregular,19000,360,1,电费超出预算会挤占必要支出,本月收入已有其他固定支出安排，可灵活调整的预算较紧。,saving_priority,4,2,1,high_trust_auto,0,independent_dwelling,three_rooms,3,30-39,69.0,synthetic_H6_like_whole_dwelling_building_area,69.0,known_synthetic_whole_dwelling,50_89,matches_synthetic_whole_dwelling,apartment,middle,3,cn-home-0206,self_contained_source_three_room,High-rise apartment(slab type)_Qionghai_2012,middle,51.879699,51.879699,0,CHN_Hainan.Qionghai.598550_CSWD,48.363,db6fae43d6314150a7984c3870b72382b28f20caf1f281056249e00d238999dc,ed6628087a101631dcf9e50b54585174a32ca6cbe4bac9df2c5a102350d1a934,7,7,8,household_selected_devices,0,,万宁市的2人家庭。独立住房建筑面积约69平方米，七普口径至少3间自然房间。主要说明人（51岁，通常定时外出）、子女（23岁，轮班或时间多变）。通常白天不固定。家庭月收入情境约19000元，通常月电费情境约360元；电费超出预算会挤占必要支出。本月收入已有其他固定支出安排，可灵活调整的预算较紧。纳入安排的设备：空调、洗衣机。节费重视4/5，舒适重视2/5，系统控制边界是约定范围内可自动调整；希望提前0小时通知。费用压力描述的是当前预算余量；节费重视描述的是调整方案时的取舍，两者分别考虑。洗衣等任务需有人在家完成装载。空屋提前开空调须另确认预约或远控与本人许可。轮班日按当天在家情况确认。,"【合成角色条件；尚无真人回答】
cityrole-0206｜海南万宁市｜2人｜独立住宅，H7 至少3间自然房；整套设计建筑面积69㎡。
楼房中的一套住宅，楼层位置 中间层，房龄背景 2010—2019年；住宅原型 High-rise apartment(slab type)_Qionghai_2012，源户位 middle，天气代理站 CHN_Hainan.Qionghai.598550_CSWD（距城市约48.4km）；天气/原型及房龄并非本户实测。
m01 主要说明人，51岁，在外工作 / 通常固定时间外出工作或学习；工作日通常在家 00:00–07:30、18:30–24:00；室温感受：比较敏感，小幅变化也容易不舒服；电器时间：希望按原定时间运行，尽量不调整；参与安排：通常主要由这位成员决定；需求优先：没有特别优先；节费/错峰重视 4/1；系统控制：在约定范围内，可以让系统自动调整。
m02 子女，23岁，轮班工作 / 轮班或时间经常变化；工作日到家时段不固定；室温感受：不太敏感，室温变化较大也通常能适应；电器时间：只要按时完成，具体运行时间都可以；参与安排：通常与家人共同商量决定；需求优先：没有特别优先；节费/错峰重视 3/2；系统控制：在约定范围内，可以让系统自动调整。
通常白天：不固定，很难概括；晚间：每天不太固定；作息：变化较多；深夜用电：偶尔；事件当天是否在受控房间另核。
家庭月收入情境 19000元、上月电费情境 360元；电费压力 1/5。本月收入已有其他固定支出安排，可灵活调整的预算较紧。
节费/舒适/错峰重视 4/2/1；控制边界：在约定范围内，可以让系统自动调整；提前通知 无需提前；受保护活动：睡眠休息, 做饭用餐。
居住方式：整套租住；电价背景：峰谷分时电价；定时/自动控制经验：偶尔使用；既有错峰经验：没有参加过；受扰后恢复偏好：改回原安排；其他背景设备：冰箱。
空调 1台，每周 4—6天；傍晚到睡前（18:00—23:00），制冷设定 26℃，室温希望范围 25—27℃，可接受变化 1℃。条件：有人在受控房间时使用；18:00–18:30若空屋预冷，须当天确认家户许可及实际预约/远控能力，否则到家后开启；空屋冷量不算舒适收益。
洗衣机 1台，每周 4—6天；默认 21:00，可从 19:00 开始，最晚 24:00 完成，一次 60 分钟。条件：默认时刻须有成员在家并完成装载；轮班或事件日另核，不默认预约或远程启动。
参与者对十天方案的选择、理由和评分尚未填写。",UNKNOWN,NOT_COLLECTED,NOT_EXPORTED_PENDING_D_ACCEPTANCE,UNKNOWN
cityrole-0207,eb.synthetic_fixed_profile_300.v1,长春市,吉林,220100,3,2,0,mostly_occupied,mostly_home,regular,13500,120,4,电费有余量，通常不需改变开支,本月电费占可安排预算较小。,both_high,4,4,1,high_trust_auto,1,independent_dwelling,two_rooms,2,40-49,133.5,synthetic_H6_like_whole_dwelling_building_area,133.5,known_synthetic_whole_dwelling,120_159,matches_synthetic_whole_dwelling,apartment,middle,3,cn-home-0207,self_contained_openplan,Low-rise apartment_Changchun_1986,edge,100.37594,100.37594,0,CHN_Jilin.Changchun.541610_CSWD,7.064,bed99a863f30c24b87f7a12ca4663803558eb0c4f146f62ebd8bc152ac75a9ef,f3460b18e2daa4da2cb2a2de40a6b709e8dbc86b15ed03ef208cfd9a620cc113,7,7,10,household_selected_devices,0,,长春市的3人家庭。独立住房建筑面积约133.5平方米，七普口径至少2间自然房间。主要说明人（40岁，通常主要在家）、子女（5岁，通常主要在家）、伴侣（44岁，通常定时外出）。通常白天有人在家。家庭月收入情境约13500元，通常月电费情境约120元；电费有余量，通常不需改变开支。本月电费占可安排预算较小。纳入安排的设备：空调、洗衣机。节费重视4/5，舒适重视4/5，系统控制边界是约定范围内可自动调整；希望提前1小时通知。当前电费负担不重，但仍重视避免浪费。洗衣等任务需有人在家完成装载。空屋提前开空调须另确认预约或远控与本人许可。,"【合成角色条件；尚无真人回答】
cityrole-0207｜吉林长春市｜3人｜独立住宅，H7 至少2间自然房；整套设计建筑面积133.5㎡。
楼房中的一套住宅，楼层位置 中间层，房龄背景 2000年前；住宅原型 Low-rise apartment_Changchun_1986，源户位 edge，天气代理站 CHN_Jilin.Changchun.541610_CSWD（距城市约7.1km）；天气/原型及房龄并非本户实测。
m01 主要说明人，40岁，居家工作/学习 / 主要在家生活，包括居家工作、学习、休息或照护；工作日通常在家 00:00–24:00；室温感受：能接受小幅变化，变化较大会不舒服；电器时间：希望按原定时间运行，尽量不调整；参与安排：通常主要由这位成员决定；需求优先：没有特别优先；节费/错峰重视 4/4；系统控制：在约定范围内，可以让系统自动调整。
m02 子女，5岁，尚未入学 / 主要在家生活，包括居家工作、学习、休息或照护；工作日通常在家 00:00–24:00；室温感受：比较敏感，小幅变化也容易不舒服；电器时间：希望按原定时间运行，尽量不调整；参与安排：通常与家人共同商量决定；需求优先：通常会优先考虑；节费/错峰重视 4/5；系统控制：每次先问，得到明确同意后再调整。
m03 伴侣，44岁，在外工作 / 通常固定时间外出工作或学习；工作日通常在家 00:00–07:30、18:30–24:00；室温感受：不太敏感，室温变化较大也通常能适应；电器时间：只要按时完成，具体运行时间都可以；参与安排：通常与家人共同商量决定；需求优先：没有特别优先；节费/错峰重视 1/1；系统控制：在约定范围内，可以让系统自动调整。
通常白天：大部分时间有人；晚间：大部分时间有人；作息：大体固定；深夜用电：很少或没有；事件当天是否在受控房间另核。
家庭月收入情境 13500元、上月电费情境 120元；电费压力 4/5。本月电费占可安排预算较小。
节费/舒适/错峰重视 4/4/1；控制边界：在约定范围内，可以让系统自动调整；提前通知 1 小时；受保护活动：睡眠休息, 做饭用餐, 照顾家人。
居住方式：自有住房；电价背景：峰谷分时电价；定时/自动控制经验：偶尔使用；既有错峰经验：没有参加过；受扰后恢复偏好：先看影响再决定；其他背景设备：冰箱。
空调 1台，每周 每天（7天）；傍晚到睡前（18:00—23:00），制冷设定 27℃，室温希望范围 26—28℃，可接受变化 1.5℃。条件：有人在受控房间时使用；18:00–18:30若空屋预冷，须当天确认家户许可及实际预约/远控能力，否则到家后开启；空屋冷量不算舒适收益。
洗衣机 1台，每周 每天（7天）；默认 19:00，可从 19:00 开始，最晚 23:00 完成，一次 60 分钟。条件：默认时刻须有成员在家并完成装载；轮班或事件日另核，不默认预约或远程启动。
参与者对十天方案的选择、理由和评分尚未填写。",UNKNOWN,NOT_COLLECTED,NOT_EXPORTED_PENDING_D_ACCEPTANCE,UNKNOWN
cityrole-0208,eb.synthetic_fixed_profile_300.v1,唐山市,河北,130200,4,3,0,mostly_occupied,partly_home,irregular,8000,720,2,电费有压力，需调整其他开支,必要生活开支较多，本月电费变化容易挤占其他项目。,both_low,2,2,3,high_trust_auto,12,independent_dwelling,three_rooms,3,50-59,218.0,synthetic_H6_like_whole_dwelling_building_area,218.0,known_synthetic_whole_dwelling,ge160,matches_synthetic_whole_dwelling,apartment,top,9,cn-home-0208,self_contained_source_three_room,High-rise apartment(slab type)_Leting_1995,edge,163.909774,163.909774,0,CHN_Hebei.Leting.545390_CSWD,64.326,a34015268d7a94af50a8303667138c71e985c6207ace94ce8e6214c35f80c139,8dcd95b07206fe6095c2c1d19bb94a51abe16c01003aca6ededf331f04300839,7,7,10,household_selected_devices,1,m02,唐山市的4人家庭。独立住房建筑面积约218平方米，七普口径至少3间自然房间。长辈（59岁，轮班或时间多变）、主要说明人（39岁，在家外出交替）、子女（18岁，通常主要在家）、伴侣（40岁，在家外出交替）。通常白天有人在家。家庭月收入情境约8000元，通常月电费情境约720元；电费有压力，需调整其他开支。必要生活开支较多，本月电费变化容易挤占其他项目。纳入安排的设备：空调、洗衣机、可在家充电的电动车。节费重视2/5，舒适重视2/5，系统控制边界是约定范围内可自动调整；希望提前12小时通知。虽然电费挤压预算，但家里更在意任务按原计划完成，不愿为了少量节费频繁改时间。洗衣等任务需有人在家完成装载。轮班日按当天在家情况确认。,"【合成角色条件；尚无真人回答】
cityrole-0208｜河北唐山市｜4人｜独立住宅，H7 至少3间自然房；整套设计建筑面积218㎡。
楼房中的一套住宅，楼层位置 顶层，房龄背景 2000年前；住宅原型 High-rise apartment(slab type)_Leting_1995，源户位 edge，天气代理站 CHN_Hebei.Leting.545390_CSWD（距城市约64.3km）；天气/原型及房龄并非本户实测。
m01 长辈，59岁，轮班工作 / 轮班或时间经常变化；工作日到家时段不固定；室温感受：不太敏感，室温变化较大也通常能适应；电器时间：只接受小幅提前或推迟；参与安排：通常主要由这位成员决定；需求优先：没有特别优先；节费/错峰重视 2/2；系统控制：在约定范围内，可以让系统自动调整。
m02 主要说明人，39岁，暂未工作（非退休） / 部分时间在家，部分时间外出；工作日通常在家 00:00–09:00、12:00–15:00、19:00–24:00；室温感受：能接受小幅变化，变化较大会不舒服；电器时间：希望按原定时间运行，尽量不调整；参与安排：通常与家人共同商量决定；需求优先：没有特别优先；节费/错峰重视 5/3；系统控制：更愿意自己安排，尽量不让系统调整。
m03 子女，18岁，居家工作/学习 / 主要在家生活，包括居家工作、学习、休息或照护；工作日通常在家 00:00–24:00；室温感受：比较敏感，小幅变化也容易不舒服；电器时间：希望按原定时间运行，尽量不调整；参与安排：通常与家人共同商量决定；需求优先：没有特别优先；节费/错峰重视 2/4；系统控制：每次先问，得到明确同意后再调整。
m04 伴侣，40岁，照顾家人 / 部分时间在家，部分时间外出；工作日通常在家 00:00–09:00、12:00–15:00、19:00–24:00；室温感受：不太敏感，室温变化较大也通常能适应；电器时间：只要按时完成，具体运行时间都可以；参与安排：通常与家人共同商量决定；需求优先：没有特别优先；节费/错峰重视 4/5；系统控制：在约定范围内，可以让系统自动调整。
通常白天：大部分时间有人；晚间：部分时间有人；作息：变化较多；深夜用电：偶尔；事件当天是否在受控房间另核。
家庭月收入情境 8000元、上月电费情境 720元；电费压力 2/5。必要生活开支较多，本月电费变化容易挤占其他项目。
节费/舒适/错峰重视 2/2/3；控制边界：在约定范围内，可以让系统自动调整；提前通知 半天；受保护活动：睡眠休息, 做饭用餐。
居住方式：整套租住；电价背景：峰谷分时电价；定时/自动控制经验：偶尔使用；既有错峰经验：没有参加过；受扰后恢复偏好：改回原安排；其他背景设备：冰箱。
空调 1台，每周 2—3天；自己选择使用时段（可跨午夜），制冷设定 24℃，室温希望范围 23—25℃，可接受变化 0.5℃，自选时段 16:00–23:00。条件：有人在受控房间时使用；轮班或事件日另核，不把空屋冷量算作舒适收益。
洗衣机 1台，每周 2—3天；默认 19:50，可从 19:00 开始，最晚 23:00 完成，一次 60 分钟。条件：默认时刻须有成员在家并完成装载；轮班或事件日另核，不默认预约或远程启动。
可在家充电的电动汽车 1辆，每周 2—3天；接入 19:00，次日离家 08:30，目标/保底电量 80%/20%，驾驶成员 m02。条件：由m02在典型外出日返家后接入；车辆实际到家、次日离家与充电权限按当天确认。
参与者对十天方案的选择、理由和评分尚未填写。",UNKNOWN,NOT_COLLECTED,NOT_EXPORTED_PENDING_D_ACCEPTANCE,UNKNOWN
cityrole-0209,eb.synthetic_fixed_profile_300.v1,苏州市,江苏,320500,4,2,0,sometimes_occupied,varies,irregular,18000,360,3,电费可承担，但会留意变化,本月电费可承担，但家庭会留意它的变化。,both_high,4,4,2,low_auto_accept,0.5,independent_dwelling,two_rooms,2,9-12,42.0,synthetic_H6_like_whole_dwelling_building_area,42.0,known_synthetic_whole_dwelling,lt50,matches_synthetic_whole_dwelling,apartment,middle,2,cn-home-0209,self_contained_openplan,Low-rise apartment_Dongtai_2001,edge,31.578947,31.578947,0,CHN_Jiangsu.Lusi.582650_CSWD,119.962,c92346c9972b2dcc7f2064862db0b41111de3985fdfd3db09d6fc2ec585f6b6c,58ca278df0b7c5fd265652f0c235a6104cb10278e20108e4c653c10bd0c35f44,7,7,10,household_selected_devices,0,,苏州市的4人家庭。独立住房建筑面积约42平方米，七普口径至少2间自然房间。主要说明人（44岁，在家外出交替）、子女（17岁，通常定时外出）、伴侣（46岁，轮班或时间多变）、子女（17岁，通常定时外出）。通常白天部分时间有人。家庭月收入情境约18000元，通常月电费情境约360元；电费可承担，但会留意变化。本月电费可承担，但家庭会留意它的变化。纳入安排的设备：空调、洗衣机、电热水器。节费重视4/5，舒适重视4/5，系统控制边界是以自己安排为主；希望提前0.5小时通知。费用压力描述的是当前预算余量；节费重视描述的是调整方案时的取舍，两者分别考虑。洗衣等任务需有人在家完成装载。空屋提前开空调须另确认预约或远控与本人许可。轮班日按当天在家情况确认。,"【合成角色条件；尚无真人回答】
cityrole-0209｜江苏苏州市｜4人｜独立住宅，H7 至少2间自然房；整套设计建筑面积42㎡。
楼房中的一套住宅，楼层位置 中间层，房龄背景 2000—2009年；住宅原型 Low-rise apartment_Dongtai_2001，源户位 edge，天气代理站 CHN_Jiangsu.Lusi.582650_CSWD（距城市约120.0km）；天气/原型及房龄并非本户实测。
m01 主要说明人，44岁，照顾家人 / 部分时间在家，部分时间外出；工作日通常在家 00:00–09:00、12:00–15:00、19:00–24:00；室温感受：比较敏感，小幅变化也容易不舒服；电器时间：只接受小幅提前或推迟；参与安排：通常主要由这位成员决定；需求优先：通常会优先考虑；节费/错峰重视 4/5；系统控制：更愿意自己安排，尽量不让系统调整。
m02 子女，17岁，上学 / 通常固定时间外出工作或学习；工作日通常在家 00:00–07:30、18:30–24:00；室温感受：不太敏感，室温变化较大也通常能适应；电器时间：只接受小幅提前或推迟；参与安排：通常与家人共同商量决定；需求优先：通常会优先考虑；节费/错峰重视 1/1；系统控制：在约定范围内，可以让系统自动调整。
m03 伴侣，46岁，轮班工作 / 轮班或时间经常变化；工作日到家时段不固定；室温感受：能接受小幅变化，变化较大会不舒服；电器时间：希望按原定时间运行，尽量不调整；参与安排：通常与家人共同商量决定；需求优先：没有特别优先；节费/错峰重视 3/2；系统控制：更愿意自己安排，尽量不让系统调整。
m04 子女，17岁，上学 / 通常固定时间外出工作或学习；工作日通常在家 00:00–07:30、18:30–24:00；室温感受：比较敏感，小幅变化也容易不舒服；电器时间：希望按原定时间运行，尽量不调整；参与安排：通常与家人共同商量决定；需求优先：通常会优先考虑；节费/错峰重视 5/3；系统控制：每次先问，得到明确同意后再调整。
通常白天：部分时间有人；晚间：每天不太固定；作息：变化较多；深夜用电：偶尔；事件当天是否在受控房间另核。
家庭月收入情境 18000元、上月电费情境 360元；电费压力 3/5。本月电费可承担，但家庭会留意它的变化。
节费/舒适/错峰重视 4/4/2；控制边界：更愿意自己安排，尽量不让系统调整；提前通知 半小时；受保护活动：睡眠休息, 做饭用餐, 照顾家人。
居住方式：与他人合租；电价背景：单一时段电价；定时/自动控制经验：没有使用过；既有错峰经验：没有参加过；受扰后恢复偏好：先看影响再决定；其他背景设备：冰箱。
空调 2台，每周 4—6天；傍晚到睡前（18:00—23:00），制冷设定 25℃，室温希望范围 24—26℃，可接受变化 1℃。条件：有人在受控房间时使用；18:00–18:30若空屋预冷，须当天确认家户许可及实际预约/远控能力，否则到家后开启；空屋冷量不算舒适收益。
洗衣机 1台，每周 4—6天；默认 21:00，可从 19:00 开始，最晚 24:00 完成，一次 60 分钟。条件：默认时刻须有成员在家并完成装载；轮班或事件日另核，不默认预约或远程启动。
电热水器 1台，每周 4—6天；加热 19:00–22:00，需热水 21:00，提前加热：每次先确认。条件：普通加热须对准有人需要热水的时段；事件日及额外提前加热按当次许可确认。
参与者对十天方案的选择、理由和评分尚未填写。",UNKNOWN,NOT_COLLECTED,NOT_EXPORTED_PENDING_D_ACCEPTANCE,UNKNOWN
cityrole-0210,eb.synthetic_fixed_profile_300.v1,温州市,浙江,330300,3,2,0,mostly_occupied,partly_home,partly_regular,13500,120,5,电费不构成当前预算约束,本月电费占可安排预算较小。,both_high,4,4,5,low_auto_accept,72,independent_dwelling,three_rooms,3,20-29,73.5,synthetic_H6_like_whole_dwelling_building_area,73.5,known_synthetic_whole_dwelling,50_89,matches_synthetic_whole_dwelling,apartment,ground,1,cn-home-0210,self_contained_source_three_room,High-rise apartment(slab type)_Wenzhou_2001,edge,55.263158,55.263158,0,CHN_Zhejiang.Wenzhou.586590_CSWD,2.523,db728091c4f56c01e2d031a23dfb80ab8c807988678509be9f3d24859353e7d1,bc874c68096ac289f74a56983385cc23ea732b9fe2987ec8b713b2e91acfe83a,7,7,10,household_selected_devices,0,,温州市的3人家庭。独立住房建筑面积约73.5平方米，七普口径至少3间自然房间。主要说明人（57岁，在家外出交替）、子女（21岁，通常主要在家）、子女（23岁，在家外出交替）。通常白天有人在家。家庭月收入情境约13500元，通常月电费情境约120元；电费不构成当前预算约束。本月电费占可安排预算较小。纳入安排的设备：空调、洗衣机、烘干机。节费重视4/5，舒适重视4/5，系统控制边界是以自己安排为主；希望提前72小时通知。当前电费负担不重，但仍重视避免浪费。洗衣等任务需有人在家完成装载。空屋提前开空调须另确认预约或远控与本人许可。,"【合成角色条件；尚无真人回答】
cityrole-0210｜浙江温州市｜3人｜独立住宅，H7 至少3间自然房；整套设计建筑面积73.5㎡。
楼房中的一套住宅，楼层位置 底层，房龄背景 2000—2009年；住宅原型 High-rise apartment(slab type)_Wenzhou_2001，源户位 edge，天气代理站 CHN_Zhejiang.Wenzhou.586590_CSWD（距城市约2.5km）；天气/原型及房龄并非本户实测。
m01 主要说明人，57岁，暂未工作（非退休） / 部分时间在家，部分时间外出；工作日通常在家 00:00–09:00、12:00–15:00、19:00–24:00；室温感受：能接受小幅变化，变化较大会不舒服；电器时间：只要按时完成，具体运行时间都可以；参与安排：通常主要由这位成员决定；需求优先：没有特别优先；节费/错峰重视 4/3；系统控制：更愿意自己安排，尽量不让系统调整。
m02 子女，21岁，居家工作/学习 / 主要在家生活，包括居家工作、学习、休息或照护；工作日通常在家 00:00–24:00；室温感受：比较敏感，小幅变化也容易不舒服；电器时间：只接受小幅提前或推迟；参与安排：通常与家人共同商量决定；需求优先：没有特别优先；节费/错峰重视 2/4；系统控制：每次先问，得到明确同意后再调整。
m03 子女，23岁，照顾家人 / 部分时间在家，部分时间外出；工作日通常在家 00:00–09:00、12:00–15:00、19:00–24:00；室温感受：不太敏感，室温变化较大也通常能适应；电器时间：只接受小幅提前或推迟；参与安排：通常与家人共同商量决定；需求优先：没有特别优先；节费/错峰重视 4/5；系统控制：在约定范围内，可以让系统自动调整。
通常白天：大部分时间有人；晚间：部分时间有人；作息：部分成员或部分日期固定；深夜用电：很少或没有；事件当天是否在受控房间另核。
家庭月收入情境 13500元、上月电费情境 120元；电费压力 5/5。本月电费占可安排预算较小。
节费/舒适/错峰重视 4/4/5；控制边界：更愿意自己安排，尽量不让系统调整；提前通知 三天或更早；受保护活动：睡眠休息, 做饭用餐。
居住方式：与他人合租；电价背景：峰谷分时电价；定时/自动控制经验：没有使用过；既有错峰经验：没有参加过；受扰后恢复偏好：保留自动安排；其他背景设备：冰箱。
空调 1台，每周 每天（7天）；傍晚到睡前（18:00—23:00），制冷设定 26℃，室温希望范围 25—27℃，可接受变化 1.5℃。条件：有人在受控房间时使用；18:00–18:30若空屋预冷，须当天确认家户许可及实际预约/远控能力，否则到家后开启；空屋冷量不算舒适收益。
洗衣机 1台，每周 每天（7天）；默认 19:00，可从 19:00 开始，最晚 23:00 完成，一次 60 分钟。条件：默认时刻须有成员在家并完成装载；轮班或事件日另核，不默认预约或远程启动。
烘干机 1台，每周 每天（7天）；默认 21:00，可从 19:00 开始，最晚 24:00 完成，一次 90 分钟。条件：默认时刻须有成员在家并完成装载；轮班或事件日另核，不默认预约或远程启动。
参与者对十天方案的选择、理由和评分尚未填写。",UNKNOWN,NOT_COLLECTED,NOT_EXPORTED_PENDING_D_ACCEPTANCE,UNKNOWN
cityrole-0211,eb.synthetic_fixed_profile_300.v1,苏州市,江苏,320500,4,3,1,mostly_occupied,partly_home,irregular,12800,220,5,电费不构成当前预算约束,本月电费已列入预算，按当前金额可以承担。,saving_priority,5,1,2,confirm_required,0.5,independent_dwelling,three_rooms,3,20-29,98.0,synthetic_H6_like_whole_dwelling_building_area,98.0,known_synthetic_whole_dwelling,90_119,matches_synthetic_whole_dwelling,apartment,top,4,cn-home-0211,self_contained_source_three_room,Low-rise apartment_Dongtai_2001,edge,73.684211,73.684211,0,CHN_Jiangsu.Lusi.582650_CSWD,119.962,c92346c9972b2dcc7f2064862db0b41111de3985fdfd3db09d6fc2ec585f6b6c,f327c15cf934209edf3ec379b16ca639c69d9bad33e4378065ab88271cee763a,7,7,10,household_selected_devices,0,,苏州市的4人家庭。独立住房建筑面积约98平方米，七普口径至少3间自然房间。长辈（70岁，通常定时外出）、主要说明人（40岁，轮班或时间多变）、子女（9岁，通常定时外出）、子女（4岁，通常主要在家）。通常白天有人在家。家庭月收入情境约12800元，通常月电费情境约220元；电费不构成当前预算约束。本月电费已列入预算，按当前金额可以承担。纳入安排的设备：洗衣机。节费重视5/5，舒适重视1/5，系统控制边界是每次先确认；希望提前0.5小时通知。当前电费负担不重，但仍重视避免浪费。洗衣等任务需有人在家完成装载。轮班日按当天在家情况确认。,"【合成角色条件；尚无真人回答】
cityrole-0211｜江苏苏州市｜4人｜独立住宅，H7 至少3间自然房；整套设计建筑面积98㎡。
楼房中的一套住宅，楼层位置 顶层，房龄背景 2000—2009年；住宅原型 Low-rise apartment_Dongtai_2001，源户位 edge，天气代理站 CHN_Jiangsu.Lusi.582650_CSWD（距城市约120.0km）；天气/原型及房龄并非本户实测。
m01 长辈，70岁，在外工作 / 通常固定时间外出工作或学习；工作日通常在家 00:00–07:30、18:30–24:00；室温感受：不太敏感，室温变化较大也通常能适应；电器时间：只要按时完成，具体运行时间都可以；参与安排：通常主要由这位成员决定；需求优先：没有特别优先；节费/错峰重视 5/1；系统控制：每次先问，得到明确同意后再调整。
m02 主要说明人，40岁，轮班工作 / 轮班或时间经常变化；工作日到家时段不固定；室温感受：能接受小幅变化，变化较大会不舒服；电器时间：只要按时完成，具体运行时间都可以；参与安排：通常与家人共同商量决定；需求优先：没有特别优先；节费/错峰重视 3/2；系统控制：更愿意自己安排，尽量不让系统调整。
m03 子女，9岁，上学 / 通常固定时间外出工作或学习；工作日通常在家 00:00–07:30、18:30–24:00；室温感受：比较敏感，小幅变化也容易不舒服；电器时间：只接受小幅提前或推迟；参与安排：通常与家人共同商量决定；需求优先：通常会优先考虑；节费/错峰重视 5/3；系统控制：每次先问，得到明确同意后再调整。
m04 子女，4岁，尚未入学 / 主要在家生活，包括居家工作、学习、休息或照护；工作日通常在家 00:00–24:00；室温感受：不太敏感，室温变化较大也通常能适应；电器时间：只接受小幅提前或推迟；参与安排：通常与家人共同商量决定；需求优先：通常会优先考虑；节费/错峰重视 2/4；系统控制：在约定范围内，可以让系统自动调整。
通常白天：大部分时间有人；晚间：部分时间有人；作息：变化较多；深夜用电：偶尔；事件当天是否在受控房间另核。
家庭月收入情境 12800元、上月电费情境 220元；电费压力 5/5。本月电费已列入预算，按当前金额可以承担。
节费/舒适/错峰重视 5/1/2；控制边界：每次先问我，得到明确同意后再调整；提前通知 半小时；受保护活动：睡眠休息, 做饭用餐, 照顾家人。
居住方式：整套租住；电价背景：峰谷分时电价；定时/自动控制经验：偶尔使用；既有错峰经验：参加过；受扰后恢复偏好：保留自动安排；其他背景设备：冰箱。
洗衣机 1台，每周 2—3天；默认 19:50，可从 19:00 开始，最晚 23:00 完成，一次 60 分钟。条件：默认时刻须有成员在家并完成装载；轮班或事件日另核，不默认预约或远程启动。
参与者对十天方案的选择、理由和评分尚未填写。",UNKNOWN,NOT_COLLECTED,NOT_EXPORTED_PENDING_D_ACCEPTANCE,UNKNOWN
cityrole-0212,eb.synthetic_fixed_profile_300.v1,玉树市,青海,632701,1,1,0,mostly_occupied,mostly_home,regular,2000,120,4,电费有余量，通常不需改变开支,本月电费已列入预算，按当前金额可以承担。,comfort_priority,1,5,5,confirm_required,0,independent_dwelling,two_rooms,2,70及以上,75.0,synthetic_H6_like_whole_dwelling_building_area,75.0,known_synthetic_whole_dwelling,50_89,matches_synthetic_whole_dwelling,apartment,middle,6,cn-home-0212,self_contained_openplan,High-rise apartment(slab type)_Yushu_2010,edge,56.390977,56.390977,0,CHN_Qinghai.Yushu.560290_CSWD,2.426,52a5c3f301115220b21df7330b527198eae3583f1166a3486a2f0919d515b0b3,8fdeb36b4fd662427a0f43e2a6ab239caaf7974b5ac9bae8df58b1e5800cc726,7,7,10,household_selected_devices,0,,玉树市的1人家庭。独立住房建筑面积约75平方米，七普口径至少2间自然房间。主要说明人（20岁，通常主要在家）。通常白天有人在家。家庭月收入情境约2000元，通常月电费情境约120元；电费有余量，通常不需改变开支。本月电费已列入预算，按当前金额可以承担。纳入安排的设备：空调、洗衣机。节费重视1/5，舒适重视5/5，系统控制边界是每次先确认；希望提前0小时通知。费用压力描述的是当前预算余量；节费重视描述的是调整方案时的取舍，两者分别考虑。洗衣等任务需有人在家完成装载。,"【合成角色条件；尚无真人回答】
cityrole-0212｜青海玉树市｜1人｜独立住宅，H7 至少2间自然房；整套设计建筑面积75㎡。
楼房中的一套住宅，楼层位置 中间层，房龄背景 2010—2019年；住宅原型 High-rise apartment(slab type)_Yushu_2010，源户位 edge，天气代理站 CHN_Qinghai.Yushu.560290_CSWD（距城市约2.4km）；天气/原型及房龄并非本户实测。
m01 主要说明人，20岁，居家工作/学习 / 主要在家生活，包括居家工作、学习、休息或照护；工作日通常在家 00:00–24:00；室温感受：比较敏感，小幅变化也容易不舒服；电器时间：希望按原定时间运行，尽量不调整；参与安排：通常主要由这位成员决定；需求优先：没有特别优先；节费/错峰重视 1/4；系统控制：每次先问，得到明确同意后再调整。
通常白天：大部分时间有人；晚间：大部分时间有人；作息：大体固定；深夜用电：很少或没有；事件当天是否在受控房间另核。
家庭月收入情境 2000元、上月电费情境 120元；电费压力 4/5。本月电费已列入预算，按当前金额可以承担。
节费/舒适/错峰重视 1/5/5；控制边界：每次先问我，得到明确同意后再调整；提前通知 无需提前；受保护活动：睡眠休息, 做饭用餐。
居住方式：自有住房；电价背景：单一时段电价；定时/自动控制经验：经常使用；既有错峰经验：没有参加过；受扰后恢复偏好：改回原安排；其他背景设备：冰箱。
空调 1台，每周 4—6天；自己选择使用时段（可跨午夜），制冷设定 24℃，室温希望范围 23—25℃，可接受变化 1℃，自选时段 16:00–23:00。条件：有人在受控房间时使用；轮班或事件日另核，不把空屋冷量算作舒适收益。
洗衣机 1台，每周 4—6天；默认 21:00，可从 19:00 开始，最晚 24:00 完成，一次 60 分钟。条件：默认时刻须有成员在家并完成装载；轮班或事件日另核，不默认预约或远程启动。
参与者对十天方案的选择、理由和评分尚未填写。",UNKNOWN,NOT_COLLECTED,NOT_EXPORTED_PENDING_D_ACCEPTANCE,UNKNOWN
cityrole-0213,eb.synthetic_fixed_profile_300.v1,昌邑市,山东,370786,5,3,1,mostly_occupied,partly_home,partly_regular,32500,240,1,电费超出预算会挤占必要支出,本月收入已有其他固定支出安排，可灵活调整的预算较紧。,saving_priority,5,1,4,high_trust_auto,6,independent_dwelling,three_rooms,3,60-69,322.5,synthetic_H6_like_whole_dwelling_building_area,322.5,known_synthetic_whole_dwelling,ge160,matches_synthetic_whole_dwelling,apartment,top,4,cn-home-0213,self_contained_source_three_room,Low-rise apartment_Weifang_2010,middle,242.481203,242.481203,0,CHN_Shandong.Weifang.548430_CSWD,23.108,f126b4e56bc616992c2f815ac9760ff4f82fdfb5f16a91461c045d903f15a553,dd83a8880d2ea9d9af98e6f21a00e9d08bc76ee58b33954315cd801905e6c105,7,7,8,household_selected_devices,0,,昌邑市的5人家庭。独立住房建筑面积约322.5平方米，七普口径至少3间自然房间。长辈（77岁，通常主要在家）、主要说明人（35岁，在家外出交替）、子女（10岁，通常定时外出）、子女（5岁，通常主要在家）、伴侣（33岁，通常定时外出）。通常白天有人在家。家庭月收入情境约32500元，通常月电费情境约240元；电费超出预算会挤占必要支出。本月收入已有其他固定支出安排，可灵活调整的预算较紧。纳入安排的设备：空调、洗衣机、烘干机、电热水器。节费重视5/5，舒适重视1/5，系统控制边界是约定范围内可自动调整；希望提前6小时通知。费用压力描述的是当前预算余量；节费重视描述的是调整方案时的取舍，两者分别考虑。洗衣等任务需有人在家完成装载。,"【合成角色条件；尚无真人回答】
cityrole-0213｜山东昌邑市｜5人｜独立住宅，H7 至少3间自然房；整套设计建筑面积322.5㎡。
楼房中的一套住宅，楼层位置 顶层，房龄背景 2010—2019年；住宅原型 Low-rise apartment_Weifang_2010，源户位 middle，天气代理站 CHN_Shandong.Weifang.548430_CSWD（距城市约23.1km）；天气/原型及房龄并非本户实测。
m01 长辈，77岁，退休 / 主要在家生活，包括居家工作、学习、休息或照护；工作日通常在家 00:00–24:00；室温感受：能接受小幅变化，变化较大会不舒服；电器时间：希望按原定时间运行，尽量不调整；参与安排：通常主要由这位成员决定；需求优先：没有特别优先；节费/错峰重视 5/2；系统控制：在约定范围内，可以让系统自动调整。
m02 主要说明人，35岁，暂未工作（非退休） / 部分时间在家，部分时间外出；工作日通常在家 00:00–09:00、12:00–15:00、19:00–24:00；室温感受：比较敏感，小幅变化也容易不舒服；电器时间：希望按原定时间运行，尽量不调整；参与安排：通常与家人共同商量决定；需求优先：没有特别优先；节费/错峰重视 5/3；系统控制：每次先问，得到明确同意后再调整。
m03 子女，10岁，上学 / 通常固定时间外出工作或学习；工作日通常在家 00:00–07:30、18:30–24:00；室温感受：不太敏感，室温变化较大也通常能适应；电器时间：只要按时完成，具体运行时间都可以；参与安排：通常与家人共同商量决定；需求优先：通常会优先考虑；节费/错峰重视 2/4；系统控制：在约定范围内，可以让系统自动调整。
m04 子女，5岁，尚未入学 / 主要在家生活，包括居家工作、学习、休息或照护；工作日通常在家 00:00–24:00；室温感受：能接受小幅变化，变化较大会不舒服；电器时间：只要按时完成，具体运行时间都可以；参与安排：通常与家人共同商量决定；需求优先：通常会优先考虑；节费/错峰重视 4/5；系统控制：更愿意自己安排，尽量不让系统调整。
m05 伴侣，33岁，在外工作 / 通常固定时间外出工作或学习；工作日通常在家 00:00–07:30、18:30–24:00；室温感受：比较敏感，小幅变化也容易不舒服；电器时间：只接受小幅提前或推迟；参与安排：通常与家人共同商量决定；需求优先：没有特别优先；节费/错峰重视 1/1；系统控制：每次先问，得到明确同意后再调整。
通常白天：大部分时间有人；晚间：部分时间有人；作息：部分成员或部分日期固定；深夜用电：很少或没有；事件当天是否在受控房间另核。
家庭月收入情境 32500元、上月电费情境 240元；电费压力 1/5。本月收入已有其他固定支出安排，可灵活调整的预算较紧。
节费/舒适/错峰重视 5/1/4；控制边界：在约定范围内，可以让系统自动调整；提前通知 6 小时；受保护活动：睡眠休息, 做饭用餐, 照顾家人。
居住方式：整套租住；电价背景：峰谷分时电价；定时/自动控制经验：没有使用过；既有错峰经验：没有参加过；受扰后恢复偏好：保留自动安排；其他背景设备：冰箱。
空调 2台，每周 每天（7天）；下午到睡前（14:00—23:00），制冷设定 25℃，室温希望范围 24—26℃，可接受变化 1.5℃。条件：有人在受控房间时使用；轮班或事件日另核，不把空屋冷量算作舒适收益。
洗衣机 1台，每周 每天（7天）；默认 19:00，可从 19:00 开始，最晚 23:00 完成，一次 60 分钟。条件：默认时刻须有成员在家并完成装载；轮班或事件日另核，不默认预约或远程启动。
烘干机 1台，每周 每天（7天）；默认 21:00，可从 19:00 开始，最晚 24:00 完成，一次 90 分钟。条件：默认时刻须有成员在家并完成装载；轮班或事件日另核，不默认预约或远程启动。
电热水器 1台，每周 每天（7天）；加热 19:50–22:00，需热水 21:00，提前加热：不希望提前加热。条件：普通加热须对准有人需要热水的时段；事件日及额外提前加热按当次许可确认。
参与者对十天方案的选择、理由和评分尚未填写。",UNKNOWN,NOT_COLLECTED,NOT_EXPORTED_PENDING_D_ACCEPTANCE,UNKNOWN
cityrole-0214,eb.synthetic_fixed_profile_300.v1,包头市,内蒙古,150200,3,2,1,mostly_occupied,partly_home,irregular,19500,360,5,电费不构成当前预算约束,本月电费占可安排预算较小。,both_high,5,5,4,low_auto_accept,1,independent_dwelling,two_rooms,2,20-29,73.5,synthetic_H6_like_whole_dwelling_building_area,73.5,known_synthetic_whole_dwelling,50_89,matches_synthetic_whole_dwelling,apartment,middle,2,cn-home-0214,self_contained_openplan,Low-rise apartment_Dongsheng_1995,middle,55.263158,55.263158,0,CHN_Nei.Mongol.Dongsheng.535430_CSWD,93.05,3cb15f9c4ffe0d59067bedc40dd9d8eaee60e21b30bc25010c074e8cf055c73e,a5223025d1b787adbcaf768172031def43ca43f6aedbf76e24d704bc479a1b5e,7,7,8,household_selected_devices,0,,包头市的3人家庭。独立住房建筑面积约73.5平方米，七普口径至少2间自然房间。主要说明人（62岁，通常主要在家）、子女（34岁，通常定时外出）、子女（34岁，轮班或时间多变）。通常白天有人在家。家庭月收入情境约19500元，通常月电费情境约360元；电费不构成当前预算约束。本月电费占可安排预算较小。纳入安排的设备：空调、洗衣机、电热水器。节费重视5/5，舒适重视5/5，系统控制边界是以自己安排为主；希望提前1小时通知。当前电费负担不重，但仍重视避免浪费。洗衣等任务需有人在家完成装载。空屋提前开空调须另确认预约或远控与本人许可。轮班日按当天在家情况确认。,"【合成角色条件；尚无真人回答】
cityrole-0214｜内蒙古包头市｜3人｜独立住宅，H7 至少2间自然房；整套设计建筑面积73.5㎡。
楼房中的一套住宅，楼层位置 中间层，房龄背景 2000年前；住宅原型 Low-rise apartment_Dongsheng_1995，源户位 middle，天气代理站 CHN_Nei.Mongol.Dongsheng.535430_CSWD（距城市约93.0km）；天气/原型及房龄并非本户实测。
m01 主要说明人，62岁，照顾家人 / 主要在家生活，包括居家工作、学习、休息或照护；工作日通常在家 00:00–24:00；室温感受：不太敏感，室温变化较大也通常能适应；电器时间：只接受小幅提前或推迟；参与安排：通常主要由这位成员决定；需求优先：没有特别优先；节费/错峰重视 5/5；系统控制：更愿意自己安排，尽量不让系统调整。
m02 子女，34岁，在外工作 / 通常固定时间外出工作或学习；工作日通常在家 00:00–07:30、18:30–24:00；室温感受：能接受小幅变化，变化较大会不舒服；电器时间：希望按原定时间运行，尽量不调整；参与安排：通常与家人共同商量决定；需求优先：没有特别优先；节费/错峰重视 1/1；系统控制：更愿意自己安排，尽量不让系统调整。
m03 子女，34岁，轮班工作 / 轮班或时间经常变化；工作日到家时段不固定；室温感受：比较敏感，小幅变化也容易不舒服；电器时间：希望按原定时间运行，尽量不调整；参与安排：通常与家人共同商量决定；需求优先：没有特别优先；节费/错峰重视 3/2；系统控制：每次先问，得到明确同意后再调整。
通常白天：大部分时间有人；晚间：部分时间有人；作息：变化较多；深夜用电：偶尔；事件当天是否在受控房间另核。
家庭月收入情境 19500元、上月电费情境 360元；电费压力 5/5。本月电费占可安排预算较小。
节费/舒适/错峰重视 5/5/4；控制边界：更愿意自己安排，尽量不让系统调整；提前通知 1 小时；受保护活动：睡眠休息, 做饭用餐。
居住方式：自有住房；电价背景：单一时段电价；定时/自动控制经验：没有使用过；既有错峰经验：没有参加过；受扰后恢复偏好：保留自动安排；其他背景设备：冰箱。
空调 1台，每周 2—3天；傍晚到睡前（18:00—23:00），制冷设定 26℃，室温希望范围 25—27℃，可接受变化 0.5℃。条件：有人在受控房间时使用；18:00–18:30若空屋预冷，须当天确认家户许可及实际预约/远控能力，否则到家后开启；空屋冷量不算舒适收益。
洗衣机 1台，每周 2—3天；默认 19:50，可从 19:00 开始，最晚 23:00 完成，一次 60 分钟。条件：默认时刻须有成员在家并完成装载；轮班或事件日另核，不默认预约或远程启动。
电热水器 1台，每周 2—3天；加热 06:00–08:00，需热水 07:00，提前加热：可以提前安排。条件：普通加热须对准有人需要热水的时段；事件日及额外提前加热按当次许可确认。
参与者对十天方案的选择、理由和评分尚未填写。",UNKNOWN,NOT_COLLECTED,NOT_EXPORTED_PENDING_D_ACCEPTANCE,UNKNOWN
cityrole-0215,eb.synthetic_fixed_profile_300.v1,乌苏市,新疆,654202,2,2,0,sometimes_occupied,partly_home,partly_regular,4000,120,2,电费有压力，需调整其他开支,必要生活开支较多，本月电费变化容易挤占其他项目。,both_high,5,5,2,low_auto_accept,24,independent_dwelling,two_rooms,2,50-59,109.0,synthetic_H6_like_whole_dwelling_building_area,109.0,known_synthetic_whole_dwelling,90_119,matches_synthetic_whole_dwelling,apartment,middle,2,cn-home-0215,self_contained_openplan,Low-rise apartment_Wusu_2018,middle,81.954887,81.954887,0,CHN_Xinjiang.Uygur.Wusu.513460_CSWD,1.499,f98173af5704a3fdb6c5633161f1b0c879379f1e9c6c9ccd97a9e5d7bce6b674,105be085ede9c86dc2d38ddbd92adf2f3091f7305fcdb021894dac4741aabe26,7,7,8,household_selected_devices,0,,乌苏市的2人家庭。独立住房建筑面积约109平方米，七普口径至少2间自然房间。主要说明人（37岁，在家外出交替）、子女（8岁，通常定时外出）。通常白天部分时间有人。家庭月收入情境约4000元，通常月电费情境约120元；电费有压力，需调整其他开支。必要生活开支较多，本月电费变化容易挤占其他项目。纳入安排的设备：空调、洗衣机、电热水器。节费重视5/5，舒适重视5/5，系统控制边界是以自己安排为主；希望提前24小时通知。费用压力描述的是当前预算余量；节费重视描述的是调整方案时的取舍，两者分别考虑。洗衣等任务需有人在家完成装载。空屋提前开空调须另确认预约或远控与本人许可。,"【合成角色条件；尚无真人回答】
cityrole-0215｜新疆乌苏市｜2人｜独立住宅，H7 至少2间自然房；整套设计建筑面积109㎡。
楼房中的一套住宅，楼层位置 中间层，房龄背景 2010—2019年；住宅原型 Low-rise apartment_Wusu_2018，源户位 middle，天气代理站 CHN_Xinjiang.Uygur.Wusu.513460_CSWD（距城市约1.5km）；天气/原型及房龄并非本户实测。
m01 主要说明人，37岁，暂未工作（非退休） / 部分时间在家，部分时间外出；工作日通常在家 00:00–09:00、12:00–15:00、19:00–24:00；室温感受：比较敏感，小幅变化也容易不舒服；电器时间：只接受小幅提前或推迟；参与安排：通常主要由这位成员决定；需求优先：没有特别优先；节费/错峰重视 5/3；系统控制：更愿意自己安排，尽量不让系统调整。
m02 子女，8岁，上学 / 通常固定时间外出工作或学习；工作日通常在家 00:00–07:30、18:30–24:00；室温感受：不太敏感，室温变化较大也通常能适应；电器时间：只接受小幅提前或推迟；参与安排：通常与家人共同商量决定；需求优先：通常会优先考虑；节费/错峰重视 2/4；系统控制：在约定范围内，可以让系统自动调整。
通常白天：部分时间有人；晚间：部分时间有人；作息：部分成员或部分日期固定；深夜用电：很少或没有；事件当天是否在受控房间另核。
家庭月收入情境 4000元、上月电费情境 120元；电费压力 2/5。必要生活开支较多，本月电费变化容易挤占其他项目。
节费/舒适/错峰重视 5/5/2；控制边界：更愿意自己安排，尽量不让系统调整；提前通知 一天；受保护活动：睡眠休息, 做饭用餐, 照顾家人。
居住方式：自有住房；电价背景：峰谷分时电价；定时/自动控制经验：没有使用过；既有错峰经验：没有参加过；受扰后恢复偏好：先看影响再决定；其他背景设备：冰箱。
空调 1台，每周 4—6天；傍晚到睡前（18:00—23:00），制冷设定 27℃，室温希望范围 26—28℃，可接受变化 1℃。条件：有人在受控房间时使用；18:00–18:30若空屋预冷，须当天确认家户许可及实际预约/远控能力，否则到家后开启；空屋冷量不算舒适收益。
洗衣机 1台，每周 4—6天；默认 21:00，可从 19:00 开始，最晚 24:00 完成，一次 60 分钟。条件：默认时刻须有成员在家并完成装载；轮班或事件日另核，不默认预约或远程启动。
电热水器 1台，每周 4—6天；加热 19:00–22:00，需热水 21:00，提前加热：每次先确认。条件：普通加热须对准有人需要热水的时段；事件日及额外提前加热按当次许可确认。
参与者对十天方案的选择、理由和评分尚未填写。",UNKNOWN,NOT_COLLECTED,NOT_EXPORTED_PENDING_D_ACCEPTANCE,UNKNOWN
cityrole-0216,eb.synthetic_fixed_profile_300.v1,广州市,广东,440100,1,1,0,mostly_absent,mostly_home,regular,4500,360,3,电费可承担，但会留意变化,本月电费可承担，但家庭会留意它的变化。,saving_priority,4,2,5,low_auto_accept,48,independent_dwelling,two_rooms,2,70及以上,75.0,synthetic_H6_like_whole_dwelling_building_area,75.0,known_synthetic_whole_dwelling,50_89,matches_synthetic_whole_dwelling,apartment,top,4,cn-home-0216,self_contained_openplan,Low-rise apartment_Guangzhou_2012,middle,56.390977,56.390977,0,CHN_Guangdong.Guangzhou.592870_CSWD,5.46,8aba1405cf372b1266858ed2455d3b45d43a20315f9e450e72373d5a70b4a026,12f911bf852f1177f14cbeff6d25610d99e1238030582cd1a16918c2ea75d8d3,7,7,8,household_selected_devices,0,,广州市的1人家庭。独立住房建筑面积约75平方米，七普口径至少2间自然房间。主要说明人（50岁，通常定时外出）。通常白天多在外。家庭月收入情境约4500元，通常月电费情境约360元；电费可承担，但会留意变化。本月电费可承担，但家庭会留意它的变化。纳入安排的设备：空调、洗衣机。节费重视4/5，舒适重视2/5，系统控制边界是以自己安排为主；希望提前48小时通知。费用压力描述的是当前预算余量；节费重视描述的是调整方案时的取舍，两者分别考虑。洗衣等任务需有人在家完成装载。空屋提前开空调须另确认预约或远控与本人许可。,"【合成角色条件；尚无真人回答】
cityrole-0216｜广东广州市｜1人｜独立住宅，H7 至少2间自然房；整套设计建筑面积75㎡。
楼房中的一套住宅，楼层位置 顶层，房龄背景 2010—2019年；住宅原型 Low-rise apartment_Guangzhou_2012，源户位 middle，天气代理站 CHN_Guangdong.Guangzhou.592870_CSWD（距城市约5.5km）；天气/原型及房龄并非本户实测。
m01 主要说明人，50岁，在外工作 / 通常固定时间外出工作或学习；工作日通常在家 00:00–07:30、18:30–24:00；室温感受：能接受小幅变化，变化较大会不舒服；电器时间：只要按时完成，具体运行时间都可以；参与安排：通常主要由这位成员决定；需求优先：没有特别优先；节费/错峰重视 4/1；系统控制：更愿意自己安排，尽量不让系统调整。
通常白天：大部分时间没人；晚间：大部分时间有人；作息：大体固定；深夜用电：很少或没有；事件当天是否在受控房间另核。
家庭月收入情境 4500元、上月电费情境 360元；电费压力 3/5。本月电费可承担，但家庭会留意它的变化。
节费/舒适/错峰重视 4/2/5；控制边界：更愿意自己安排，尽量不让系统调整；提前通知 两天；受保护活动：睡眠休息, 做饭用餐。
居住方式：与他人合租；电价背景：峰谷分时电价；定时/自动控制经验：没有使用过；既有错峰经验：没有参加过；受扰后恢复偏好：保留自动安排；其他背景设备：冰箱。
空调 1台，每周 每天（7天）；傍晚到睡前（18:00—23:00），制冷设定 24℃，室温希望范围 23—25℃，可接受变化 1.5℃。条件：有人在受控房间时使用；18:00–18:30若空屋预冷，须当天确认家户许可及实际预约/远控能力，否则到家后开启；空屋冷量不算舒适收益。
洗衣机 1台，每周 每天（7天）；默认 19:00，可从 19:00 开始，最晚 23:00 完成，一次 60 分钟。条件：默认时刻须有成员在家并完成装载；轮班或事件日另核，不默认预约或远程启动。
参与者对十天方案的选择、理由和评分尚未填写。",UNKNOWN,NOT_COLLECTED,NOT_EXPORTED_PENDING_D_ACCEPTANCE,UNKNOWN
cityrole-0217,eb.synthetic_fixed_profile_300.v1,肇庆市,广东,441200,2,1,1,mostly_occupied,mostly_home,regular,19000,720,1,电费超出预算会挤占必要支出,本月收入已有其他固定支出安排，可灵活调整的预算较紧。,comfort_priority,2,4,2,high_trust_auto,0,shared_dwelling_private_rooms_with_allocated_common_area,one_room,1,13-16,29.0,synthetic_H6_like_household_attributed_building_area_in_shared_dwelling,131.743528,experimental_F_scaled_whole_dwelling,120_159,matches_F_experimental_whole_dwelling,apartment,ground,1,cn-home-0217,shared_flat_private_rooms,Low-rise apartment_Guangzhou_2003,edge,27.55,22.801453,4.748547,CHN_Guangdong.Guangzhou.592870_CSWD,90.152,8aba1405cf372b1266858ed2455d3b45d43a20315f9e450e72373d5a70b4a026,a83cf02e74d47875dbb3898f616b427a3fffe48bdaf3f92094d3595dedb2e643,1,1,2,assigned_private_rooms_ac_only,0,,肇庆市的2人家庭。合住住房中本户独用1间房，分摊建筑面积约29平方米；整套住房设计建筑面积约131.744平方米（按模型整套净面积和实验0.95比值换算）；仅私有房间的1台空调可由本户安排，公共设备不纳入。主要说明人（77岁，通常主要在家）、伴侣（79岁，通常主要在家）。通常白天有人在家。家庭月收入情境约19000元，通常月电费情境约720元；电费超出预算会挤占必要支出。本月收入已有其他固定支出安排，可灵活调整的预算较紧。纳入安排的设备：空调。节费重视2/5，舒适重视4/5，系统控制边界是约定范围内可自动调整；希望提前0小时通知。虽然电费挤压预算，但家里更在意任务按原计划完成，不愿为了少量节费频繁改时间。,"【合成角色条件；尚无真人回答】
cityrole-0217｜广东肇庆市｜2人｜合住，本户独用1间自然房；29㎡是本户分摊建筑面积，整套住房设计建筑面积约131.744㎡，按冻结源单元净面积和实验 0.95 比值换算，并非实测。
楼房中的一套住宅，楼层位置 底层，房龄背景 2000—2009年；住宅原型 Low-rise apartment_Guangzhou_2003，源户位 edge，天气代理站 CHN_Guangdong.Guangzhou.592870_CSWD（距城市约90.2km）；天气/原型及房龄并非本户实测。
m01 主要说明人，77岁，退休 / 主要在家生活，包括居家工作、学习、休息或照护；工作日通常在家 00:00–24:00；室温感受：不太敏感，室温变化较大也通常能适应；电器时间：只要按时完成，具体运行时间都可以；参与安排：通常主要由这位成员决定；需求优先：没有特别优先；节费/错峰重视 2/4；系统控制：在约定范围内，可以让系统自动调整。
m02 伴侣，79岁，照顾家人 / 主要在家生活，包括居家工作、学习、休息或照护；工作日通常在家 00:00–24:00；室温感受：能接受小幅变化，变化较大会不舒服；电器时间：只要按时完成，具体运行时间都可以；参与安排：通常与家人共同商量决定；需求优先：没有特别优先；节费/错峰重视 4/5；系统控制：更愿意自己安排，尽量不让系统调整。
通常白天：大部分时间有人；晚间：大部分时间有人；作息：大体固定；深夜用电：很少或没有；事件当天是否在受控房间另核。
家庭月收入情境 19000元、上月电费情境 720元；电费压力 1/5。本月收入已有其他固定支出安排，可灵活调整的预算较紧。
节费/舒适/错峰重视 2/4/2；控制边界：在约定范围内，可以让系统自动调整；提前通知 无需提前；受保护活动：睡眠休息, 做饭用餐。
居住方式：与他人合租；电价背景：峰谷分时电价；定时/自动控制经验：没有使用过；既有错峰经验：没有参加过；受扰后恢复偏好：先看影响再决定；其他背景设备：没有上述设备。
空调 1台，每周 2—3天；下午到睡前（14:00—23:00），制冷设定 25℃，室温希望范围 24—26℃，可接受变化 0.5℃。条件：有人在受控房间时使用；轮班或事件日另核，不把空屋冷量算作舒适收益。
参与者对十天方案的选择、理由和评分尚未填写。",UNKNOWN,NOT_COLLECTED,NOT_EXPORTED_PENDING_D_ACCEPTANCE,UNKNOWN
cityrole-0218,eb.synthetic_fixed_profile_300.v1,重庆市,重庆,500000,1,1,1,mostly_occupied,mostly_home,regular,9500,720,2,电费有压力，需调整其他开支,本月收入已有其他固定支出安排，可灵活调整的预算较紧。,both_high,4,4,5,high_trust_auto,0.5,independent_dwelling,three_rooms,3,70及以上,75.0,synthetic_H6_like_whole_dwelling_building_area,75.0,known_synthetic_whole_dwelling,50_89,matches_synthetic_whole_dwelling,apartment,middle,7,cn-home-0218,self_contained_source_three_room,High-rise apartment(slab type)_Youyang_2001,middle,56.390977,56.390977,0,CHN_Chongqing.Chongqing.Shapingba.575160_CSWD,5.879,454a6f076037de18c42c492b2db58bd57789e0464fbca049b4616ca770465130,e57c58d2f686da872575344269227844d7afa4443d727ae7a5140222ab185e87,7,7,8,household_selected_devices,0,,重庆市的1人家庭。独立住房建筑面积约75平方米，七普口径至少3间自然房间。主要说明人（63岁，通常主要在家）。通常白天有人在家。家庭月收入情境约9500元，通常月电费情境约720元；电费有压力，需调整其他开支。本月收入已有其他固定支出安排，可灵活调整的预算较紧。纳入安排的设备：空调、洗衣机、电热水器。节费重视4/5，舒适重视4/5，系统控制边界是约定范围内可自动调整；希望提前0.5小时通知。费用压力描述的是当前预算余量；节费重视描述的是调整方案时的取舍，两者分别考虑。洗衣等任务需有人在家完成装载。空屋提前开空调须另确认预约或远控与本人许可。,"【合成角色条件；尚无真人回答】
cityrole-0218｜重庆重庆市｜1人｜独立住宅，H7 至少3间自然房；整套设计建筑面积75㎡。
楼房中的一套住宅，楼层位置 中间层，房龄背景 2000—2009年；住宅原型 High-rise apartment(slab type)_Youyang_2001，源户位 middle，天气代理站 CHN_Chongqing.Chongqing.Shapingba.575160_CSWD（距城市约5.9km）；天气/原型及房龄并非本户实测。
m01 主要说明人，63岁，照顾家人 / 主要在家生活，包括居家工作、学习、休息或照护；工作日通常在家 00:00–24:00；室温感受：比较敏感，小幅变化也容易不舒服；电器时间：希望按原定时间运行，尽量不调整；参与安排：通常主要由这位成员决定；需求优先：没有特别优先；节费/错峰重视 4/2；系统控制：在约定范围内，可以让系统自动调整。
通常白天：大部分时间有人；晚间：大部分时间有人；作息：大体固定；深夜用电：很少或没有；事件当天是否在受控房间另核。
家庭月收入情境 9500元、上月电费情境 720元；电费压力 2/5。本月收入已有其他固定支出安排，可灵活调整的预算较紧。
节费/舒适/错峰重视 4/4/5；控制边界：在约定范围内，可以让系统自动调整；提前通知 半小时；受保护活动：睡眠休息, 做饭用餐。
居住方式：与他人合租；电价背景：峰谷分时电价；定时/自动控制经验：没有使用过；既有错峰经验：参加过；受扰后恢复偏好：改回原安排；其他背景设备：冰箱。
空调 1台，每周 4—6天；傍晚到睡前（18:00—23:00），制冷设定 26℃，室温希望范围 25—27℃，可接受变化 1℃。条件：有人在受控房间时使用；18:00–18:30若空屋预冷，须当天确认家户许可及实际预约/远控能力，否则到家后开启；空屋冷量不算舒适收益。
洗衣机 1台，每周 4—6天；默认 21:00，可从 19:00 开始，最晚 24:00 完成，一次 60 分钟。条件：默认时刻须有成员在家并完成装载；轮班或事件日另核，不默认预约或远程启动。
电热水器 1台，每周 4—6天；加热 19:00–22:00，需热水 21:00，提前加热：每次先确认。条件：普通加热须对准有人需要热水的时段；事件日及额外提前加热按当次许可确认。
参与者对十天方案的选择、理由和评分尚未填写。",UNKNOWN,NOT_COLLECTED,NOT_EXPORTED_PENDING_D_ACCEPTANCE,UNKNOWN
cityrole-0219,eb.synthetic_fixed_profile_300.v1,六安市,安徽,341500,3,2,1,variable,varies,irregular,6000,360,3,电费可承担，但会留意变化,本月电费可承担，但家庭会留意它的变化。,saving_priority,4,2,3,confirm_required,0,independent_dwelling,two_rooms,2,20-29,73.5,synthetic_H6_like_whole_dwelling_building_area,73.5,known_synthetic_whole_dwelling,50_89,matches_synthetic_whole_dwelling,apartment,middle,4,cn-home-0219,self_contained_openplan,High-rise apartment(slab type)_Huoshan_2010,edge,55.263158,55.263158,0,CHN_Anhui.Huoshan.583140_CSWD,43.526,4a04ac9d47b607da6d02a5b5299fd70e53fd8e341eae4afd9e954041c5dc6a19,0ff4e1caab876d1a6bb5bb5b0f787dc5b7f48ddbe8cb8922bdb9869b8c2ad94e,7,7,10,household_selected_devices,1,m01,六安市的3人家庭。独立住房建筑面积约73.5平方米，七普口径至少2间自然房间。主要说明人（67岁，通常定时外出）、子女（34岁，通常定时外出）、子女（37岁，轮班或时间多变）。通常白天不固定。家庭月收入情境约6000元，通常月电费情境约360元；电费可承担，但会留意变化。本月电费可承担，但家庭会留意它的变化。纳入安排的设备：洗衣机、可在家充电的电动车。节费重视4/5，舒适重视2/5，系统控制边界是每次先确认；希望提前0小时通知。费用压力描述的是当前预算余量；节费重视描述的是调整方案时的取舍，两者分别考虑。洗衣等任务需有人在家完成装载。轮班日按当天在家情况确认。,"【合成角色条件；尚无真人回答】
cityrole-0219｜安徽六安市｜3人｜独立住宅，H7 至少2间自然房；整套设计建筑面积73.5㎡。
楼房中的一套住宅，楼层位置 中间层，房龄背景 2010—2019年；住宅原型 High-rise apartment(slab type)_Huoshan_2010，源户位 edge，天气代理站 CHN_Anhui.Huoshan.583140_CSWD（距城市约43.5km）；天气/原型及房龄并非本户实测。
m01 主要说明人，67岁，在外工作 / 通常固定时间外出工作或学习；工作日通常在家 00:00–07:30、18:30–24:00；室温感受：能接受小幅变化，变化较大会不舒服；电器时间：希望按原定时间运行，尽量不调整；参与安排：通常主要由这位成员决定；需求优先：没有特别优先；节费/错峰重视 4/5；系统控制：每次先问，得到明确同意后再调整。
m02 子女，34岁，在外工作 / 通常固定时间外出工作或学习；工作日通常在家 00:00–07:30、18:30–24:00；室温感受：比较敏感，小幅变化也容易不舒服；电器时间：希望按原定时间运行，尽量不调整；参与安排：通常与家人共同商量决定；需求优先：没有特别优先；节费/错峰重视 1/1；系统控制：每次先问，得到明确同意后再调整。
m03 子女，37岁，轮班工作 / 轮班或时间经常变化；工作日到家时段不固定；室温感受：不太敏感，室温变化较大也通常能适应；电器时间：只要按时完成，具体运行时间都可以；参与安排：通常与家人共同商量决定；需求优先：没有特别优先；节费/错峰重视 3/2；系统控制：在约定范围内，可以让系统自动调整。
通常白天：不固定，很难概括；晚间：每天不太固定；作息：变化较多；深夜用电：偶尔；事件当天是否在受控房间另核。
家庭月收入情境 6000元、上月电费情境 360元；电费压力 3/5。本月电费可承担，但家庭会留意它的变化。
节费/舒适/错峰重视 4/2/3；控制边界：每次先问我，得到明确同意后再调整；提前通知 无需提前；受保护活动：睡眠休息, 做饭用餐。
居住方式：整套租住；电价背景：峰谷分时电价；定时/自动控制经验：偶尔使用；既有错峰经验：没有参加过；受扰后恢复偏好：改回原安排；其他背景设备：冰箱。
洗衣机 1台，每周 每天（7天）；默认 19:00，可从 19:00 开始，最晚 23:00 完成，一次 60 分钟。条件：默认时刻须有成员在家并完成装载；轮班或事件日另核，不默认预约或远程启动。
可在家充电的电动汽车 1辆，每周 每天（7天）；接入 21:00，次日离家 07:00，目标/保底电量 70%/40%，驾驶成员 m01。条件：由m01在典型外出日返家后接入；车辆实际到家、次日离家与充电权限按当天确认。
参与者对十天方案的选择、理由和评分尚未填写。",UNKNOWN,NOT_COLLECTED,NOT_EXPORTED_PENDING_D_ACCEPTANCE,UNKNOWN
cityrole-0220,eb.synthetic_fixed_profile_300.v1,慈溪市,浙江,330282,5,3,0,mostly_occupied,partly_home,partly_regular,10000,120,5,电费不构成当前预算约束,本月电费已列入预算，按当前金额可以承担。,both_low,2,2,4,low_auto_accept,0,independent_dwelling,four_rooms,4,20-29,122.5,synthetic_H6_like_whole_dwelling_building_area,122.5,known_synthetic_whole_dwelling,120_159,matches_synthetic_whole_dwelling,apartment,middle,3,cn-home-0220,self_contained_four_room_thermally_aggregated,Low-rise apartment_Hangzhou_2001,edge,92.105263,92.105263,0,CHN_Zhejiang.Hangzhou.584570_CSWD,93.307,a49e0e3321da244b89969ea5899b64711107782fcbfd9fca2d375d484dbe1bea,00f8043278c41a2c544d7dd118421d09ff88986dd8a70080f39af497bc39b340,7,7,10,household_selected_devices,0,,慈溪市的5人家庭。独立住房建筑面积约122.5平方米，七普口径至少4间自然房间。长辈（57岁，在家外出交替）、主要说明人（39岁，通常主要在家）、子女（19岁，在家外出交替）、伴侣（40岁，通常定时外出）、子女（17岁，通常定时外出）。通常白天有人在家。家庭月收入情境约10000元，通常月电费情境约120元；电费不构成当前预算约束。本月电费已列入预算，按当前金额可以承担。纳入安排的设备：空调、洗衣机、电热水器。节费重视2/5，舒适重视2/5，系统控制边界是以自己安排为主；希望提前0小时通知。费用与室温都不是首要判断项，家里更关注日常任务是否照计划完成。洗衣等任务需有人在家完成装载。,"【合成角色条件；尚无真人回答】
cityrole-0220｜浙江慈溪市｜5人｜独立住宅，H7 至少4间自然房；整套设计建筑面积122.5㎡。
楼房中的一套住宅，楼层位置 中间层，房龄背景 2000—2009年；住宅原型 Low-rise apartment_Hangzhou_2001，源户位 edge，天气代理站 CHN_Zhejiang.Hangzhou.584570_CSWD（距城市约93.3km）；天气/原型及房龄并非本户实测。
m01 长辈，57岁，暂未工作（非退休） / 部分时间在家，部分时间外出；工作日通常在家 00:00–09:00、12:00–15:00、19:00–24:00；室温感受：不太敏感，室温变化较大也通常能适应；电器时间：只接受小幅提前或推迟；参与安排：通常主要由这位成员决定；需求优先：没有特别优先；节费/错峰重视 2/3；系统控制：更愿意自己安排，尽量不让系统调整。
m02 主要说明人，39岁，居家工作/学习 / 主要在家生活，包括居家工作、学习、休息或照护；工作日通常在家 00:00–24:00；室温感受：能接受小幅变化，变化较大会不舒服；电器时间：希望按原定时间运行，尽量不调整；参与安排：通常与家人共同商量决定；需求优先：没有特别优先；节费/错峰重视 2/4；系统控制：更愿意自己安排，尽量不让系统调整。
m03 子女，19岁，照顾家人 / 部分时间在家，部分时间外出；工作日通常在家 00:00–09:00、12:00–15:00、19:00–24:00；室温感受：比较敏感，小幅变化也容易不舒服；电器时间：希望按原定时间运行，尽量不调整；参与安排：通常与家人共同商量决定；需求优先：没有特别优先；节费/错峰重视 4/5；系统控制：每次先问，得到明确同意后再调整。
m04 伴侣，40岁，在外工作 / 通常固定时间外出工作或学习；工作日通常在家 00:00–07:30、18:30–24:00；室温感受：不太敏感，室温变化较大也通常能适应；电器时间：只要按时完成，具体运行时间都可以；参与安排：通常与家人共同商量决定；需求优先：没有特别优先；节费/错峰重视 1/1；系统控制：在约定范围内，可以让系统自动调整。
m05 子女，17岁，上学 / 通常固定时间外出工作或学习；工作日通常在家 00:00–07:30、18:30–24:00；室温感受：能接受小幅变化，变化较大会不舒服；电器时间：只要按时完成，具体运行时间都可以；参与安排：通常与家人共同商量决定；需求优先：通常会优先考虑；节费/错峰重视 3/2；系统控制：更愿意自己安排，尽量不让系统调整。
通常白天：大部分时间有人；晚间：部分时间有人；作息：部分成员或部分日期固定；深夜用电：很少或没有；事件当天是否在受控房间另核。
家庭月收入情境 10000元、上月电费情境 120元；电费压力 5/5。本月电费已列入预算，按当前金额可以承担。
节费/舒适/错峰重视 2/2/4；控制边界：更愿意自己安排，尽量不让系统调整；提前通知 无需提前；受保护活动：睡眠休息, 做饭用餐, 照顾家人。
居住方式：与他人合租；电价背景：峰谷分时电价；定时/自动控制经验：偶尔使用；既有错峰经验：没有参加过；受扰后恢复偏好：改回原安排；其他背景设备：冰箱。
空调 1台，每周 2—3天；自己选择使用时段（可跨午夜），制冷设定 24℃，室温希望范围 23—25℃，可接受变化 0.5℃，自选时段 16:00–23:00。条件：有人在受控房间时使用；轮班或事件日另核，不把空屋冷量算作舒适收益。
洗衣机 1台，每周 2—3天；默认 19:50，可从 19:00 开始，最晚 23:00 完成，一次 60 分钟。条件：默认时刻须有成员在家并完成装载；轮班或事件日另核，不默认预约或远程启动。
电热水器 1台，每周 2—3天；加热 06:00–08:00，需热水 07:00，提前加热：可以提前安排。条件：普通加热须对准有人需要热水的时段；事件日及额外提前加热按当次许可确认。
参与者对十天方案的选择、理由和评分尚未填写。",UNKNOWN,NOT_COLLECTED,NOT_EXPORTED_PENDING_D_ACCEPTANCE,UNKNOWN
cityrole-0221,eb.synthetic_fixed_profile_300.v1,武汉市,湖北,420100,3,2,0,sometimes_occupied,partly_home,partly_regular,19500,520,1,电费超出预算会挤占必要支出,本月收入已有其他固定支出安排，可灵活调整的预算较紧。,both_low,1,1,3,confirm_required,0.5,independent_dwelling,three_rooms,3,30-39,103.5,synthetic_H6_like_whole_dwelling_building_area,103.5,known_synthetic_whole_dwelling,90_119,matches_synthetic_whole_dwelling,apartment,middle,2,cn-home-0221,self_contained_source_three_room,Low-rise apartment_Wuhan_2001,middle,77.819549,77.819549,0,CHN_Hubei.Wuhan.574940_CSWD,17.056,65a29af989141a22ef3694aec4620f007550e6c715621a8991c9f4a260df3d1c,fbf75b6b22f8cd49127175cf0b82256909c2afa4c830727f87f8da019135c42b,7,7,8,household_selected_devices,0,,武汉市的3人家庭。独立住房建筑面积约103.5平方米，七普口径至少3间自然房间。主要说明人（42岁，通常定时外出）、子女（6岁，通常定时外出）、伴侣（45岁，在家外出交替）。通常白天部分时间有人。家庭月收入情境约19500元，通常月电费情境约520元；电费超出预算会挤占必要支出。本月收入已有其他固定支出安排，可灵活调整的预算较紧。纳入安排的设备：空调、洗衣机、电热水器。节费重视1/5，舒适重视1/5，系统控制边界是每次先确认；希望提前0.5小时通知。虽然电费挤压预算，但家里更在意任务按原计划完成，不愿为了少量节费频繁改时间。洗衣等任务需有人在家完成装载。空屋提前开空调须另确认预约或远控与本人许可。,"【合成角色条件；尚无真人回答】
cityrole-0221｜湖北武汉市｜3人｜独立住宅，H7 至少3间自然房；整套设计建筑面积103.5㎡。
楼房中的一套住宅，楼层位置 中间层，房龄背景 2000—2009年；住宅原型 Low-rise apartment_Wuhan_2001，源户位 middle，天气代理站 CHN_Hubei.Wuhan.574940_CSWD（距城市约17.1km）；天气/原型及房龄并非本户实测。
m01 主要说明人，42岁，在外工作 / 通常固定时间外出工作或学习；工作日通常在家 00:00–07:30、18:30–24:00；室温感受：比较敏感，小幅变化也容易不舒服；电器时间：只接受小幅提前或推迟；参与安排：通常主要由这位成员决定；需求优先：没有特别优先；节费/错峰重视 1/1；系统控制：每次先问，得到明确同意后再调整。
m02 子女，6岁，上学 / 通常固定时间外出工作或学习；工作日通常在家 00:00–07:30、18:30–24:00；室温感受：不太敏感，室温变化较大也通常能适应；电器时间：只接受小幅提前或推迟；参与安排：通常与家人共同商量决定；需求优先：通常会优先考虑；节费/错峰重视 3/2；系统控制：在约定范围内，可以让系统自动调整。
m03 伴侣，45岁，暂未工作（非退休） / 部分时间在家，部分时间外出；工作日通常在家 00:00–09:00、12:00–15:00、19:00–24:00；室温感受：能接受小幅变化，变化较大会不舒服；电器时间：希望按原定时间运行，尽量不调整；参与安排：通常与家人共同商量决定；需求优先：没有特别优先；节费/错峰重视 5/3；系统控制：更愿意自己安排，尽量不让系统调整。
通常白天：部分时间有人；晚间：部分时间有人；作息：部分成员或部分日期固定；深夜用电：很少或没有；事件当天是否在受控房间另核。
家庭月收入情境 19500元、上月电费情境 520元；电费压力 1/5。本月收入已有其他固定支出安排，可灵活调整的预算较紧。
节费/舒适/错峰重视 1/1/3；控制边界：每次先问我，得到明确同意后再调整；提前通知 半小时；受保护活动：睡眠休息, 做饭用餐, 照顾家人。
居住方式：与他人合租；电价背景：峰谷分时电价；定时/自动控制经验：没有使用过；既有错峰经验：没有参加过；受扰后恢复偏好：保留自动安排；其他背景设备：冰箱。
空调 2台，每周 4—6天；傍晚到睡前（18:00—23:00），制冷设定 25℃，室温希望范围 24—26℃，可接受变化 1℃。条件：有人在受控房间时使用；18:00–18:30若空屋预冷，须当天确认家户许可及实际预约/远控能力，否则到家后开启；空屋冷量不算舒适收益。
洗衣机 1台，每周 4—6天；默认 21:00，可从 19:00 开始，最晚 24:00 完成，一次 60 分钟。条件：默认时刻须有成员在家并完成装载；轮班或事件日另核，不默认预约或远程启动。
电热水器 1台，每周 4—6天；加热 19:00–22:00，需热水 21:00，提前加热：每次先确认。条件：普通加热须对准有人需要热水的时段；事件日及额外提前加热按当次许可确认。
参与者对十天方案的选择、理由和评分尚未填写。",UNKNOWN,NOT_COLLECTED,NOT_EXPORTED_PENDING_D_ACCEPTANCE,UNKNOWN
cityrole-0222,eb.synthetic_fixed_profile_300.v1,兰州市,甘肃,620100,1,1,0,mostly_occupied,mostly_home,regular,9500,220,3,电费可承担，但会留意变化,本月电费可承担，但家庭会留意它的变化。,comfort_priority,1,5,3,low_auto_accept,0,independent_dwelling,three_rooms,3,70及以上,75.0,synthetic_H6_like_whole_dwelling_building_area,75.0,known_synthetic_whole_dwelling,50_89,matches_synthetic_whole_dwelling,apartment,middle,3,cn-home-0222,self_contained_source_three_room,Low-rise apartment_Lanzhou_2010,edge,56.390977,56.390977,0,CHN_Gansu.Lanzhou.528890_CSWD,6.983,fb5e5ad10e02e95b3c0ec6c2236de13012e2aef86d1c8119514054086d64170c,1789ea771cb742c88e852f36b4fa98292b24c787f4b5ae9908127eda8a43860f,7,7,10,household_selected_devices,0,,兰州市的1人家庭。独立住房建筑面积约75平方米，七普口径至少3间自然房间。主要说明人（40岁，通常主要在家）。通常白天有人在家。家庭月收入情境约9500元，通常月电费情境约220元；电费可承担，但会留意变化。本月电费可承担，但家庭会留意它的变化。纳入安排的设备：空调、洗衣机、电热水器。节费重视1/5，舒适重视5/5，系统控制边界是以自己安排为主；希望提前0小时通知。费用压力描述的是当前预算余量；节费重视描述的是调整方案时的取舍，两者分别考虑。洗衣等任务需有人在家完成装载。空屋提前开空调须另确认预约或远控与本人许可。,"【合成角色条件；尚无真人回答】
cityrole-0222｜甘肃兰州市｜1人｜独立住宅，H7 至少3间自然房；整套设计建筑面积75㎡。
楼房中的一套住宅，楼层位置 中间层，房龄背景 2010—2019年；住宅原型 Low-rise apartment_Lanzhou_2010，源户位 edge，天气代理站 CHN_Gansu.Lanzhou.528890_CSWD（距城市约7.0km）；天气/原型及房龄并非本户实测。
m01 主要说明人，40岁，居家工作/学习 / 主要在家生活，包括居家工作、学习、休息或照护；工作日通常在家 00:00–24:00；室温感受：能接受小幅变化，变化较大会不舒服；电器时间：只要按时完成，具体运行时间都可以；参与安排：通常主要由这位成员决定；需求优先：没有特别优先；节费/错峰重视 1/4；系统控制：更愿意自己安排，尽量不让系统调整。
通常白天：大部分时间有人；晚间：大部分时间有人；作息：大体固定；深夜用电：很少或没有；事件当天是否在受控房间另核。
家庭月收入情境 9500元、上月电费情境 220元；电费压力 3/5。本月电费可承担，但家庭会留意它的变化。
节费/舒适/错峰重视 1/5/3；控制边界：更愿意自己安排，尽量不让系统调整；提前通知 无需提前；受保护活动：睡眠休息, 做饭用餐。
居住方式：与他人合租；电价背景：单一时段电价；定时/自动控制经验：偶尔使用；既有错峰经验：没有参加过；受扰后恢复偏好：保留自动安排；其他背景设备：冰箱。
空调 1台，每周 每天（7天）；傍晚到睡前（18:00—23:00），制冷设定 26℃，室温希望范围 25—27℃，可接受变化 1.5℃。条件：有人在受控房间时使用；18:00–18:30若空屋预冷，须当天确认家户许可及实际预约/远控能力，否则到家后开启；空屋冷量不算舒适收益。
洗衣机 1台，每周 每天（7天）；默认 19:00，可从 19:00 开始，最晚 23:00 完成，一次 60 分钟。条件：默认时刻须有成员在家并完成装载；轮班或事件日另核，不默认预约或远程启动。
电热水器 1台，每周 每天（7天）；加热 19:50–22:00，需热水 21:00，提前加热：不希望提前加热。条件：普通加热须对准有人需要热水的时段；事件日及额外提前加热按当次许可确认。
参与者对十天方案的选择、理由和评分尚未填写。",UNKNOWN,NOT_COLLECTED,NOT_EXPORTED_PENDING_D_ACCEPTANCE,UNKNOWN
cityrole-0223,eb.synthetic_fixed_profile_300.v1,大理市,云南,532901,4,2,1,mostly_occupied,partly_home,partly_regular,18000,240,2,电费有压力，需调整其他开支,必要生活开支较多，本月电费变化容易挤占其他项目。,comfort_priority,1,5,3,low_auto_accept,3,independent_dwelling,three_rooms,3,13-16,58.0,synthetic_H6_like_whole_dwelling_building_area,58.0,known_synthetic_whole_dwelling,50_89,matches_synthetic_whole_dwelling,apartment,middle,5,cn-home-0223,self_contained_source_three_room,High-rise apartment(slab type)_Lijiang_2019,middle,43.609023,43.609023,0,CHN_Yunnan.Lijiang.566510_CSWD,141.472,48af3ba2ddba84d722d55af602fa27ae5928f4755b242dc5eefe19f48a7691b8,e33d2869a9df9ed45c0aea0a9940b34e09174b500f99707967952ffc65fe4e8b,7,7,8,household_selected_devices,0,,大理市的4人家庭。独立住房建筑面积约58平方米，七普口径至少3间自然房间。主要说明人（75岁，通常定时外出）、子女（49岁，在家外出交替）、子女（50岁，通常主要在家）、子女伴侣（47岁，在家外出交替）。通常白天有人在家。家庭月收入情境约18000元，通常月电费情境约240元；电费有压力，需调整其他开支。必要生活开支较多，本月电费变化容易挤占其他项目。纳入安排的设备：空调、洗衣机、烘干机、电热水器。节费重视1/5，舒适重视5/5，系统控制边界是以自己安排为主；希望提前3小时通知。虽然电费挤压预算，但家里更在意任务按原计划完成，不愿为了少量节费频繁改时间。洗衣等任务需有人在家完成装载。空屋提前开空调须另确认预约或远控与本人许可。,"【合成角色条件；尚无真人回答】
cityrole-0223｜云南大理市｜4人｜独立住宅，H7 至少3间自然房；整套设计建筑面积58㎡。
楼房中的一套住宅，楼层位置 中间层，房龄背景 2010—2019年；住宅原型 High-rise apartment(slab type)_Lijiang_2019，源户位 middle，天气代理站 CHN_Yunnan.Lijiang.566510_CSWD（距城市约141.5km）；天气/原型及房龄并非本户实测。
m01 主要说明人，75岁，在外工作 / 通常固定时间外出工作或学习；工作日通常在家 00:00–07:30、18:30–24:00；室温感受：不太敏感，室温变化较大也通常能适应；电器时间：只要按时完成，具体运行时间都可以；参与安排：通常主要由这位成员决定；需求优先：没有特别优先；节费/错峰重视 1/2；系统控制：更愿意自己安排，尽量不让系统调整。
m02 子女，49岁，暂未工作（非退休） / 部分时间在家，部分时间外出；工作日通常在家 00:00–09:00、12:00–15:00、19:00–24:00；室温感受：能接受小幅变化，变化较大会不舒服；电器时间：只要按时完成，具体运行时间都可以；参与安排：通常与家人共同商量决定；需求优先：没有特别优先；节费/错峰重视 5/3；系统控制：更愿意自己安排，尽量不让系统调整。
m03 子女，50岁，居家工作/学习 / 主要在家生活，包括居家工作、学习、休息或照护；工作日通常在家 00:00–24:00；室温感受：比较敏感，小幅变化也容易不舒服；电器时间：只接受小幅提前或推迟；参与安排：通常与家人共同商量决定；需求优先：没有特别优先；节费/错峰重视 2/4；系统控制：每次先问，得到明确同意后再调整。
m04 子女伴侣，47岁，照顾家人 / 部分时间在家，部分时间外出；工作日通常在家 00:00–09:00、12:00–15:00、19:00–24:00；室温感受：不太敏感，室温变化较大也通常能适应；电器时间：只接受小幅提前或推迟；参与安排：通常与家人共同商量决定；需求优先：没有特别优先；节费/错峰重视 4/5；系统控制：在约定范围内，可以让系统自动调整。
通常白天：大部分时间有人；晚间：部分时间有人；作息：部分成员或部分日期固定；深夜用电：很少或没有；事件当天是否在受控房间另核。
家庭月收入情境 18000元、上月电费情境 240元；电费压力 2/5。必要生活开支较多，本月电费变化容易挤占其他项目。
节费/舒适/错峰重视 1/5/3；控制边界：更愿意自己安排，尽量不让系统调整；提前通知 3 小时；受保护活动：睡眠休息, 做饭用餐。
居住方式：与他人合租；电价背景：峰谷分时电价；定时/自动控制经验：没有使用过；既有错峰经验：没有参加过；受扰后恢复偏好：改回原安排；其他背景设备：冰箱。
空调 1台，每周 2—3天；傍晚到睡前（18:00—23:00），制冷设定 27℃，室温希望范围 26—28℃，可接受变化 0.5℃。条件：有人在受控房间时使用；18:00–18:30若空屋预冷，须当天确认家户许可及实际预约/远控能力，否则到家后开启；空屋冷量不算舒适收益。
洗衣机 1台，每周 2—3天；默认 19:50，可从 19:00 开始，最晚 23:00 完成，一次 60 分钟。条件：默认时刻须有成员在家并完成装载；轮班或事件日另核，不默认预约或远程启动。
烘干机 1台，每周 2—3天；默认 19:00，可从 19:00 开始，最晚 23:00 完成，一次 90 分钟。条件：默认时刻须有成员在家并完成装载；轮班或事件日另核，不默认预约或远程启动。
电热水器 1台，每周 2—3天；加热 06:00–08:00，需热水 07:00，提前加热：可以提前安排。条件：普通加热须对准有人需要热水的时段；事件日及额外提前加热按当次许可确认。
参与者对十天方案的选择、理由和评分尚未填写。",UNKNOWN,NOT_COLLECTED,NOT_EXPORTED_PENDING_D_ACCEPTANCE,UNKNOWN
cityrole-0224,eb.synthetic_fixed_profile_300.v1,江山市,浙江,330881,4,3,1,sometimes_occupied,varies,irregular,26000,520,4,电费有余量，通常不需改变开支,本月电费占可安排预算较小。,saving_priority,5,1,5,high_trust_auto,48,independent_dwelling,three_rooms,3,40-49,178.0,synthetic_H6_like_whole_dwelling_building_area,178.0,known_synthetic_whole_dwelling,ge160,matches_synthetic_whole_dwelling,apartment,middle,8,cn-home-0224,self_contained_source_three_room,High-rise apartment(slab type)_Wenzhou_2010,middle,133.834586,133.834586,0,CHN_Zhejiang.Quxian.586330_CSWD,42.368,82e53d27aa9512b3126a6a470bdb7689601153138d5b120fa852b0503cd6186b,b1c309f92e080b5997cab70414d166f2cf4f87a13671b67fcfb2d838ec19dd27,7,7,8,household_selected_devices,0,,江山市的4人家庭。独立住房建筑面积约178平方米，七普口径至少3间自然房间。长辈（78岁，在家外出交替）、主要说明人（38岁，通常定时外出）、子女（18岁，轮班或时间多变）、伴侣（36岁，在家外出交替）。通常白天部分时间有人。家庭月收入情境约26000元，通常月电费情境约520元；电费有余量，通常不需改变开支。本月电费占可安排预算较小。纳入安排的设备：空调、洗衣机、烘干机、电热水器。节费重视5/5，舒适重视1/5，系统控制边界是约定范围内可自动调整；希望提前48小时通知。当前电费负担不重，但仍重视避免浪费。洗衣等任务需有人在家完成装载。轮班日按当天在家情况确认。,"【合成角色条件；尚无真人回答】
cityrole-0224｜浙江江山市｜4人｜独立住宅，H7 至少3间自然房；整套设计建筑面积178㎡。
楼房中的一套住宅，楼层位置 中间层，房龄背景 2010—2019年；住宅原型 High-rise apartment(slab type)_Wenzhou_2010，源户位 middle，天气代理站 CHN_Zhejiang.Quxian.586330_CSWD（距城市约42.4km）；天气/原型及房龄并非本户实测。
m01 长辈，78岁，居家工作/学习 / 部分时间在家，部分时间外出；工作日通常在家 00:00–09:00、12:00–15:00、19:00–24:00；室温感受：比较敏感，小幅变化也容易不舒服；电器时间：希望按原定时间运行，尽量不调整；参与安排：通常主要由这位成员决定；需求优先：没有特别优先；节费/错峰重视 5/5；系统控制：在约定范围内，可以让系统自动调整。
m02 主要说明人，38岁，在外工作 / 通常固定时间外出工作或学习；工作日通常在家 00:00–07:30、18:30–24:00；室温感受：不太敏感，室温变化较大也通常能适应；电器时间：只要按时完成，具体运行时间都可以；参与安排：通常与家人共同商量决定；需求优先：没有特别优先；节费/错峰重视 1/1；系统控制：在约定范围内，可以让系统自动调整。
m03 子女，18岁，轮班工作 / 轮班或时间经常变化；工作日到家时段不固定；室温感受：能接受小幅变化，变化较大会不舒服；电器时间：只要按时完成，具体运行时间都可以；参与安排：通常与家人共同商量决定；需求优先：没有特别优先；节费/错峰重视 3/2；系统控制：更愿意自己安排，尽量不让系统调整。
m04 伴侣，36岁，暂未工作（非退休） / 部分时间在家，部分时间外出；工作日通常在家 00:00–09:00、12:00–15:00、19:00–24:00；室温感受：比较敏感，小幅变化也容易不舒服；电器时间：只接受小幅提前或推迟；参与安排：通常与家人共同商量决定；需求优先：没有特别优先；节费/错峰重视 5/3；系统控制：每次先问，得到明确同意后再调整。
通常白天：部分时间有人；晚间：每天不太固定；作息：变化较多；深夜用电：偶尔；事件当天是否在受控房间另核。
家庭月收入情境 26000元、上月电费情境 520元；电费压力 4/5。本月电费占可安排预算较小。
节费/舒适/错峰重视 5/1/5；控制边界：在约定范围内，可以让系统自动调整；提前通知 两天；受保护活动：睡眠休息, 做饭用餐。
居住方式：整套租住；电价背景：单一时段电价；定时/自动控制经验：偶尔使用；既有错峰经验：没有参加过；受扰后恢复偏好：改回原安排；其他背景设备：冰箱。
空调 1台，每周 4—6天；自己选择使用时段（可跨午夜），制冷设定 24℃，室温希望范围 23—25℃，可接受变化 1℃，自选时段 19:00–23:00。条件：有人在受控房间时使用；轮班或事件日另核，不把空屋冷量算作舒适收益。
洗衣机 1台，每周 4—6天；默认 21:00，可从 19:00 开始，最晚 24:00 完成，一次 60 分钟。条件：默认时刻须有成员在家并完成装载；轮班或事件日另核，不默认预约或远程启动。
烘干机 1台，每周 4—6天；默认 19:50，可从 19:00 开始，最晚 23:00 完成，一次 90 分钟。条件：默认时刻须有成员在家并完成装载；轮班或事件日另核，不默认预约或远程启动。
电热水器 1台，每周 4—6天；加热 19:00–22:00，需热水 21:00，提前加热：每次先确认。条件：普通加热须对准有人需要热水的时段；事件日及额外提前加热按当次许可确认。
参与者对十天方案的选择、理由和评分尚未填写。",UNKNOWN,NOT_COLLECTED,NOT_EXPORTED_PENDING_D_ACCEPTANCE,UNKNOWN
cityrole-0225,eb.synthetic_fixed_profile_300.v1,深圳市,广东,440300,2,1,1,mostly_occupied,mostly_home,regular,6400,520,3,电费可承担，但会留意变化,本月电费可承担，但家庭会留意它的变化。,middle,3,3,3,confirm_required,12,shared_dwelling_private_rooms_with_allocated_common_area,one_room,1,8及以下,16.0,synthetic_H6_like_household_attributed_building_area_in_shared_dwelling,72.686085,experimental_F_scaled_whole_dwelling,50_89,matches_F_experimental_whole_dwelling,apartment,middle,6,cn-home-0225,shared_flat_private_rooms,High-rise apartment(slab type)_Guangzhou_2003,edge,15.2,12.580112,2.619888,CHN_Guangdong.Zhengcheng.592940_CSWD,71.504,727f5e6b09dcc556dda40c79b3ff34a808d77ed2abb72b10e0402e1f4718ef90,7cee3ab8aceafec83179f260879b382ab1cf448d943081d7a357bc5f2137402d,1,1,2,assigned_private_rooms_ac_only,0,,深圳市的2人家庭。合住住房中本户独用1间房，分摊建筑面积约16平方米；整套住房设计建筑面积约72.6861平方米（按模型整套净面积和实验0.95比值换算）；仅私有房间的1台空调可由本户安排，公共设备不纳入。主要说明人（61岁，通常主要在家）、伴侣（60岁，通常主要在家）。通常白天有人在家。家庭月收入情境约6400元，通常月电费情境约520元；电费可承担，但会留意变化。本月电费可承担，但家庭会留意它的变化。纳入安排的设备：空调。节费重视3/5，舒适重视3/5，系统控制边界是每次先确认；希望提前12小时通知。费用压力描述的是当前预算余量；节费重视描述的是调整方案时的取舍，两者分别考虑。,"【合成角色条件；尚无真人回答】
cityrole-0225｜广东深圳市｜2人｜合住，本户独用1间自然房；16㎡是本户分摊建筑面积，整套住房设计建筑面积约72.6861㎡，按冻结源单元净面积和实验 0.95 比值换算，并非实测。
楼房中的一套住宅，楼层位置 中间层，房龄背景 2000—2009年；住宅原型 High-rise apartment(slab type)_Guangzhou_2003，源户位 edge，天气代理站 CHN_Guangdong.Zhengcheng.592940_CSWD（距城市约71.5km）；天气/原型及房龄并非本户实测。
m01 主要说明人，61岁，退休 / 主要在家生活，包括居家工作、学习、休息或照护；工作日通常在家 00:00–24:00；室温感受：能接受小幅变化，变化较大会不舒服；电器时间：希望按原定时间运行，尽量不调整；参与安排：通常主要由这位成员决定；需求优先：没有特别优先；节费/错峰重视 3/3；系统控制：每次先问，得到明确同意后再调整。
m02 伴侣，60岁，照顾家人 / 主要在家生活，包括居家工作、学习、休息或照护；工作日通常在家 00:00–24:00；室温感受：比较敏感，小幅变化也容易不舒服；电器时间：希望按原定时间运行，尽量不调整；参与安排：通常与家人共同商量决定；需求优先：没有特别优先；节费/错峰重视 2/4；系统控制：每次先问，得到明确同意后再调整。
通常白天：大部分时间有人；晚间：大部分时间有人；作息：大体固定；深夜用电：很少或没有；事件当天是否在受控房间另核。
家庭月收入情境 6400元、上月电费情境 520元；电费压力 3/5。本月电费可承担，但家庭会留意它的变化。
节费/舒适/错峰重视 3/3/3；控制边界：每次先问我，得到明确同意后再调整；提前通知 半天；受保护活动：睡眠休息, 做饭用餐。
居住方式：与他人合租；电价背景：峰谷分时电价；定时/自动控制经验：没有使用过；既有错峰经验：参加过；受扰后恢复偏好：改回原安排；其他背景设备：没有上述设备。
空调 1台，每周 每天（7天）；下午到睡前（14:00—23:00），制冷设定 25℃，室温希望范围 24—26℃，可接受变化 1.5℃。条件：有人在受控房间时使用；轮班或事件日另核，不把空屋冷量算作舒适收益。
参与者对十天方案的选择、理由和评分尚未填写。",UNKNOWN,NOT_COLLECTED,NOT_EXPORTED_PENDING_D_ACCEPTANCE,UNKNOWN
cityrole-0226,eb.synthetic_fixed_profile_300.v1,武汉市,湖北,420100,2,2,0,variable,varies,irregular,4000,480,4,电费有余量，通常不需改变开支,家庭已为当前电费预留预算，按这个金额可以承担；增加用电仍需重新权衡。,both_high,4,4,4,confirm_required,12,independent_dwelling,two_rooms,2,40-49,89.0,synthetic_H6_like_whole_dwelling_building_area,89.0,known_synthetic_whole_dwelling,50_89,matches_synthetic_whole_dwelling,apartment,ground,1,cn-home-0226,self_contained_openplan,Low-rise apartment_Wuhan_2010,edge,66.917293,66.917293,0,CHN_Hubei.Wuhan.574940_CSWD,17.056,65a29af989141a22ef3694aec4620f007550e6c715621a8991c9f4a260df3d1c,d21945387a20e323253ea14ee2deebbfb938d7098a75b06da5ee509f67c5c2a3,7,7,10,household_selected_devices,1,m01,武汉市的2人家庭。独立住房建筑面积约89平方米，七普口径至少2间自然房间。主要说明人（52岁，通常定时外出）、子女（21岁，轮班或时间多变）。通常白天不固定。家庭月收入情境约4000元，通常月电费情境约480元；电费有余量，通常不需改变开支。家庭已为当前电费预留预算，按这个金额可以承担；增加用电仍需重新权衡。纳入安排的设备：空调、洗衣机、烘干机、可在家充电的电动车。节费重视4/5，舒适重视4/5，系统控制边界是每次先确认；希望提前12小时通知。当前电费负担不重，但仍重视避免浪费。洗衣等任务需有人在家完成装载。空屋提前开空调须另确认预约或远控与本人许可。轮班日按当天在家情况确认。,"【合成角色条件；尚无真人回答】
cityrole-0226｜湖北武汉市｜2人｜独立住宅，H7 至少2间自然房；整套设计建筑面积89㎡。
楼房中的一套住宅，楼层位置 底层，房龄背景 2010—2019年；住宅原型 Low-rise apartment_Wuhan_2010，源户位 edge，天气代理站 CHN_Hubei.Wuhan.574940_CSWD（距城市约17.1km）；天气/原型及房龄并非本户实测。
m01 主要说明人，52岁，在外工作 / 通常固定时间外出工作或学习；工作日通常在家 00:00–07:30、18:30–24:00；室温感受：不太敏感，室温变化较大也通常能适应；电器时间：只接受小幅提前或推迟；参与安排：通常主要由这位成员决定；需求优先：没有特别优先；节费/错峰重视 4/1；系统控制：每次先问，得到明确同意后再调整。
m02 子女，21岁，轮班工作 / 轮班或时间经常变化；工作日到家时段不固定；室温感受：能接受小幅变化，变化较大会不舒服；电器时间：希望按原定时间运行，尽量不调整；参与安排：通常与家人共同商量决定；需求优先：没有特别优先；节费/错峰重视 3/2；系统控制：更愿意自己安排，尽量不让系统调整。
通常白天：不固定，很难概括；晚间：每天不太固定；作息：变化较多；深夜用电：偶尔；事件当天是否在受控房间另核。
家庭月收入情境 4000元、上月电费情境 480元；电费压力 4/5。家庭已为当前电费预留预算，按这个金额可以承担；增加用电仍需重新权衡。
节费/舒适/错峰重视 4/4/4；控制边界：每次先问我，得到明确同意后再调整；提前通知 半天；受保护活动：睡眠休息, 做饭用餐。
居住方式：自有住房；电价背景：峰谷分时电价；定时/自动控制经验：经常使用；既有错峰经验：没有参加过；受扰后恢复偏好：改回原安排；其他背景设备：冰箱。
空调 1台，每周 2—3天；傍晚到睡前（18:00—23:00），制冷设定 26℃，室温希望范围 25—27℃，可接受变化 0.5℃。条件：有人在受控房间时使用；18:00–18:30若空屋预冷，须当天确认家户许可及实际预约/远控能力，否则到家后开启；空屋冷量不算舒适收益。
洗衣机 1台，每周 2—3天；默认 19:50，可从 19:00 开始，最晚 23:00 完成，一次 60 分钟。条件：默认时刻须有成员在家并完成装载；轮班或事件日另核，不默认预约或远程启动。
烘干机 1台，每周 2—3天；默认 19:00，可从 19:00 开始，最晚 23:00 完成，一次 90 分钟。条件：默认时刻须有成员在家并完成装载；轮班或事件日另核，不默认预约或远程启动。
可在家充电的电动汽车 1辆，每周 2—3天；接入 19:00，次日离家 07:00，目标/保底电量 80%/20%，驾驶成员 m01。条件：由m01在典型外出日返家后接入；车辆实际到家、次日离家与充电权限按当天确认。
参与者对十天方案的选择、理由和评分尚未填写。",UNKNOWN,NOT_COLLECTED,NOT_EXPORTED_PENDING_D_ACCEPTANCE,UNKNOWN
cityrole-0227,eb.synthetic_fixed_profile_300.v1,开封市,河南,410200,2,2,0,mostly_occupied,mostly_home,regular,9000,120,5,电费不构成当前预算约束,本月电费占可安排预算较小。,middle,3,3,2,confirm_required,0,independent_dwelling,four_rooms,4,30-39,69.0,synthetic_H6_like_whole_dwelling_building_area,69.0,known_synthetic_whole_dwelling,50_89,matches_synthetic_whole_dwelling,apartment,top,9,cn-home-0227,self_contained_four_room_thermally_aggregated,High-rise apartment(slab type)_Zhengzhou_2018,middle,51.879699,51.879699,0,CHN_Henan.Zhengzhou.570830_CSWD,63.974,5c7f20613a94f695be63734559173574f32406af8c0f407e0ea7eb63f5228c64,77d0113c07acff9d200f21c8cfe106b24f2a718b45c5a6db638cd07fa004f303,7,7,8,household_selected_devices,0,,开封市的2人家庭。独立住房建筑面积约69平方米，七普口径至少4间自然房间。主要说明人（37岁，通常主要在家）、子女（5岁，通常主要在家）。通常白天有人在家。家庭月收入情境约9000元，通常月电费情境约120元；电费不构成当前预算约束。本月电费占可安排预算较小。纳入安排的设备：空调、洗衣机。节费重视3/5，舒适重视3/5，系统控制边界是每次先确认；希望提前0小时通知。费用压力描述的是当前预算余量；节费重视描述的是调整方案时的取舍，两者分别考虑。洗衣等任务需有人在家完成装载。空屋提前开空调须另确认预约或远控与本人许可。,"【合成角色条件；尚无真人回答】
cityrole-0227｜河南开封市｜2人｜独立住宅，H7 至少4间自然房；整套设计建筑面积69㎡。
楼房中的一套住宅，楼层位置 顶层，房龄背景 2010—2019年；住宅原型 High-rise apartment(slab type)_Zhengzhou_2018，源户位 middle，天气代理站 CHN_Henan.Zhengzhou.570830_CSWD（距城市约64.0km）；天气/原型及房龄并非本户实测。
m01 主要说明人，37岁，居家工作/学习 / 主要在家生活，包括居家工作、学习、休息或照护；工作日通常在家 00:00–24:00；室温感受：比较敏感，小幅变化也容易不舒服；电器时间：只接受小幅提前或推迟；参与安排：通常主要由这位成员决定；需求优先：没有特别优先；节费/错峰重视 3/4；系统控制：每次先问，得到明确同意后再调整。
m02 子女，5岁，尚未入学 / 主要在家生活，包括居家工作、学习、休息或照护；工作日通常在家 00:00–24:00；室温感受：不太敏感，室温变化较大也通常能适应；电器时间：只接受小幅提前或推迟；参与安排：通常与家人共同商量决定；需求优先：通常会优先考虑；节费/错峰重视 4/5；系统控制：在约定范围内，可以让系统自动调整。
通常白天：大部分时间有人；晚间：大部分时间有人；作息：大体固定；深夜用电：很少或没有；事件当天是否在受控房间另核。
家庭月收入情境 9000元、上月电费情境 120元；电费压力 5/5。本月电费占可安排预算较小。
节费/舒适/错峰重视 3/3/2；控制边界：每次先问我，得到明确同意后再调整；提前通知 无需提前；受保护活动：睡眠休息, 做饭用餐, 照顾家人。
居住方式：自有住房；电价背景：单一时段电价；定时/自动控制经验：偶尔使用；既有错峰经验：没有参加过；受扰后恢复偏好：先看影响再决定；其他背景设备：冰箱。
空调 1台，每周 4—6天；傍晚到睡前（18:00—23:00），制冷设定 27℃，室温希望范围 26—28℃，可接受变化 1℃。条件：有人在受控房间时使用；18:00–18:30若空屋预冷，须当天确认家户许可及实际预约/远控能力，否则到家后开启；空屋冷量不算舒适收益。
洗衣机 1台，每周 4—6天；默认 21:00，可从 19:00 开始，最晚 24:00 完成，一次 60 分钟。条件：默认时刻须有成员在家并完成装载；轮班或事件日另核，不默认预约或远程启动。
参与者对十天方案的选择、理由和评分尚未填写。",UNKNOWN,NOT_COLLECTED,NOT_EXPORTED_PENDING_D_ACCEPTANCE,UNKNOWN
cityrole-0228,eb.synthetic_fixed_profile_300.v1,广州市,广东,440100,6,3,0,mostly_occupied,partly_home,irregular,57000,720,2,电费有压力，需调整其他开支,本月收入已有其他固定支出安排，可灵活调整的预算较紧。,comfort_priority,2,4,3,confirm_required,0.5,independent_dwelling,two_rooms,2,9-12,63.0,synthetic_H6_like_whole_dwelling_building_area,63.0,known_synthetic_whole_dwelling,50_89,matches_synthetic_whole_dwelling,apartment,middle,2,cn-home-0228,self_contained_openplan,High-rise apartment(slab type)_Guangzhou_2003,edge,47.368421,47.368421,0,CHN_Guangdong.Guangzhou.592870_CSWD,5.46,8aba1405cf372b1266858ed2455d3b45d43a20315f9e450e72373d5a70b4a026,77d84a3adafcf3d3702f0ec13c559aa4ab7989696206edabb62a130e198ca206,7,7,10,household_selected_devices,0,,广州市的6人家庭。独立住房建筑面积约63平方米，七普口径至少2间自然房间。长辈（58岁，轮班或时间多变）、主要说明人（40岁，在家外出交替）、子女（18岁，通常主要在家）、伴侣（44岁，在家外出交替）、子女（13岁，通常定时外出）、兄弟姐妹（40岁，轮班或时间多变）。通常白天有人在家。家庭月收入情境约57000元，通常月电费情境约720元；电费有压力，需调整其他开支。本月收入已有其他固定支出安排，可灵活调整的预算较紧。纳入安排的设备：空调、洗衣机、电热水器。节费重视2/5，舒适重视4/5，系统控制边界是每次先确认；希望提前0.5小时通知。虽然电费挤压预算，但家里更在意任务按原计划完成，不愿为了少量节费频繁改时间。洗衣等任务需有人在家完成装载。轮班日按当天在家情况确认。,"【合成角色条件；尚无真人回答】
cityrole-0228｜广东广州市｜6人｜独立住宅，H7 至少2间自然房；整套设计建筑面积63㎡。
楼房中的一套住宅，楼层位置 中间层，房龄背景 2000—2009年；住宅原型 High-rise apartment(slab type)_Guangzhou_2003，源户位 edge，天气代理站 CHN_Guangdong.Guangzhou.592870_CSWD（距城市约5.5km）；天气/原型及房龄并非本户实测。
m01 长辈，58岁，轮班工作 / 轮班或时间经常变化；工作日到家时段不固定；室温感受：能接受小幅变化，变化较大会不舒服；电器时间：只要按时完成，具体运行时间都可以；参与安排：通常主要由这位成员决定；需求优先：没有特别优先；节费/错峰重视 2/2；系统控制：每次先问，得到明确同意后再调整。
m02 主要说明人，40岁，暂未工作（非退休） / 部分时间在家，部分时间外出；工作日通常在家 00:00–09:00、12:00–15:00、19:00–24:00；室温感受：比较敏感，小幅变化也容易不舒服；电器时间：只接受小幅提前或推迟；参与安排：通常与家人共同商量决定；需求优先：没有特别优先；节费/错峰重视 5/3；系统控制：每次先问，得到明确同意后再调整。
m03 子女，18岁，居家工作/学习 / 主要在家生活，包括居家工作、学习、休息或照护；工作日通常在家 00:00–24:00；室温感受：不太敏感，室温变化较大也通常能适应；电器时间：只接受小幅提前或推迟；参与安排：通常与家人共同商量决定；需求优先：没有特别优先；节费/错峰重视 2/4；系统控制：在约定范围内，可以让系统自动调整。
m04 伴侣，44岁，照顾家人 / 部分时间在家，部分时间外出；工作日通常在家 00:00–09:00、12:00–15:00、19:00–24:00；室温感受：能接受小幅变化，变化较大会不舒服；电器时间：希望按原定时间运行，尽量不调整；参与安排：通常与家人共同商量决定；需求优先：没有特别优先；节费/错峰重视 4/5；系统控制：更愿意自己安排，尽量不让系统调整。
m05 子女，13岁，上学 / 通常固定时间外出工作或学习；工作日通常在家 00:00–07:30、18:30–24:00；室温感受：比较敏感，小幅变化也容易不舒服；电器时间：希望按原定时间运行，尽量不调整；参与安排：通常与家人共同商量决定；需求优先：通常会优先考虑；节费/错峰重视 1/1；系统控制：每次先问，得到明确同意后再调整。
m06 兄弟姐妹，40岁，轮班工作 / 轮班或时间经常变化；工作日到家时段不固定；室温感受：不太敏感，室温变化较大也通常能适应；电器时间：只要按时完成，具体运行时间都可以；参与安排：通常与家人共同商量决定；需求优先：没有特别优先；节费/错峰重视 3/2；系统控制：在约定范围内，可以让系统自动调整。
通常白天：大部分时间有人；晚间：部分时间有人；作息：变化较多；深夜用电：偶尔；事件当天是否在受控房间另核。
家庭月收入情境 57000元、上月电费情境 720元；电费压力 2/5。本月收入已有其他固定支出安排，可灵活调整的预算较紧。
节费/舒适/错峰重视 2/4/3；控制边界：每次先问我，得到明确同意后再调整；提前通知 半小时；受保护活动：睡眠休息, 做饭用餐, 照顾家人。
居住方式：自有住房；电价背景：峰谷分时电价；定时/自动控制经验：偶尔使用；既有错峰经验：没有参加过；受扰后恢复偏好：改回原安排；其他背景设备：冰箱。
空调 1台，每周 每天（7天）；自己选择使用时段（可跨午夜），制冷设定 24℃，室温希望范围 23—25℃，可接受变化 1.5℃，自选时段 16:00–23:00。条件：有人在受控房间时使用；轮班或事件日另核，不把空屋冷量算作舒适收益。
洗衣机 1台，每周 每天（7天）；默认 19:00，可从 19:00 开始，最晚 23:00 完成，一次 60 分钟。条件：默认时刻须有成员在家并完成装载；轮班或事件日另核，不默认预约或远程启动。
电热水器 1台，每周 每天（7天）；加热 19:50–22:00，需热水 21:00，提前加热：不希望提前加热。条件：普通加热须对准有人需要热水的时段；事件日及额外提前加热按当次许可确认。
参与者对十天方案的选择、理由和评分尚未填写。",UNKNOWN,NOT_COLLECTED,NOT_EXPORTED_PENDING_D_ACCEPTANCE,UNKNOWN
cityrole-0229,eb.synthetic_fixed_profile_300.v1,诸暨市,浙江,330681,2,1,0,sometimes_occupied,partly_home,partly_regular,4000,120,5,电费不构成当前预算约束,本月电费已列入预算，按当前金额可以承担。,both_high,4,4,3,high_trust_auto,0.5,shared_dwelling_private_rooms_with_allocated_common_area,one_room,1,9-12,21.0,synthetic_H6_like_household_attributed_building_area_in_shared_dwelling,97.090701,experimental_F_scaled_whole_dwelling,90_119,matches_F_experimental_whole_dwelling,apartment,middle,2,cn-home-0229,shared_flat_private_rooms,Low-rise apartment_Hangzhou_2001,edge,19.95,16.807918,3.142082,CHN_Zhejiang.Hangzhou.584570_CSWD,57.23,a49e0e3321da244b89969ea5899b64711107782fcbfd9fca2d375d484dbe1bea,5630f2e6deb6c956164844594c41d3fc9ff9807d9ef9083f51dd015900578649,1,1,2,assigned_private_rooms_ac_only,0,,诸暨市的2人家庭。合住住房中本户独用1间房，分摊建筑面积约21平方米；整套住房设计建筑面积约97.0907平方米（按模型整套净面积和实验0.95比值换算）；仅私有房间的1台空调可由本户安排，公共设备不纳入。主要说明人（29岁，在家外出交替）、伴侣（30岁，通常定时外出）。通常白天部分时间有人。家庭月收入情境约4000元，通常月电费情境约120元；电费不构成当前预算约束。本月电费已列入预算，按当前金额可以承担。纳入安排的设备：空调。节费重视4/5，舒适重视4/5，系统控制边界是约定范围内可自动调整；希望提前0.5小时通知。当前电费负担不重，但仍重视避免浪费。空屋提前开空调须另确认预约或远控与本人许可。,"【合成角色条件；尚无真人回答】
cityrole-0229｜浙江诸暨市｜2人｜合住，本户独用1间自然房；21㎡是本户分摊建筑面积，整套住房设计建筑面积约97.0907㎡，按冻结源单元净面积和实验 0.95 比值换算，并非实测。
楼房中的一套住宅，楼层位置 中间层，房龄背景 2000—2009年；住宅原型 Low-rise apartment_Hangzhou_2001，源户位 edge，天气代理站 CHN_Zhejiang.Hangzhou.584570_CSWD（距城市约57.2km）；天气/原型及房龄并非本户实测。
m01 主要说明人，29岁，照顾家人 / 部分时间在家，部分时间外出；工作日通常在家 00:00–09:00、12:00–15:00、19:00–24:00；室温感受：不太敏感，室温变化较大也通常能适应；电器时间：只要按时完成，具体运行时间都可以；参与安排：通常主要由这位成员决定；需求优先：没有特别优先；节费/错峰重视 4/5；系统控制：在约定范围内，可以让系统自动调整。
m02 伴侣，30岁，在外工作 / 通常固定时间外出工作或学习；工作日通常在家 00:00–07:30、18:30–24:00；室温感受：能接受小幅变化，变化较大会不舒服；电器时间：只要按时完成，具体运行时间都可以；参与安排：通常与家人共同商量决定；需求优先：没有特别优先；节费/错峰重视 1/1；系统控制：更愿意自己安排，尽量不让系统调整。
通常白天：部分时间有人；晚间：部分时间有人；作息：部分成员或部分日期固定；深夜用电：很少或没有；事件当天是否在受控房间另核。
家庭月收入情境 4000元、上月电费情境 120元；电费压力 5/5。本月电费已列入预算，按当前金额可以承担。
节费/舒适/错峰重视 4/4/3；控制边界：在约定范围内，可以让系统自动调整；提前通知 半小时；受保护活动：睡眠休息, 做饭用餐。
居住方式：与他人合租；电价背景：峰谷分时电价；定时/自动控制经验：偶尔使用；既有错峰经验：没有参加过；受扰后恢复偏好：改回原安排；其他背景设备：没有上述设备。
空调 1台，每周 2—3天；傍晚到睡前（18:00—23:00），制冷设定 25℃，室温希望范围 24—26℃，可接受变化 0.5℃。条件：有人在受控房间时使用；18:00–18:30若空屋预冷，须当天确认家户许可及实际预约/远控能力，否则到家后开启；空屋冷量不算舒适收益。
参与者对十天方案的选择、理由和评分尚未填写。",UNKNOWN,NOT_COLLECTED,NOT_EXPORTED_PENDING_D_ACCEPTANCE,UNKNOWN
cityrole-0230,eb.synthetic_fixed_profile_300.v1,衡水市,河北,131100,1,1,0,sometimes_occupied,partly_home,partly_regular,9500,120,4,电费有余量，通常不需改变开支,本月电费占可安排预算较小。,middle,3,3,2,high_trust_auto,72,independent_dwelling,three_rooms,3,70及以上,75.0,synthetic_H6_like_whole_dwelling_building_area,75.0,known_synthetic_whole_dwelling,50_89,matches_synthetic_whole_dwelling,apartment,ground,1,cn-home-0230,self_contained_source_three_room,Low-rise apartment_Raoyang_1995,middle,56.390977,56.390977,0,CHN_Hebei.Raoyang.546060_CSWD,54.988,fb5140cc44aefcaff7f0c6dfe810a7b75f8cd0d717930371e1349994d496a49b,da69ffa44d1df888e28dca16d2ea2287218c27046fdfbc68a9a6c5a8e7760890,7,7,8,household_selected_devices,0,,衡水市的1人家庭。独立住房建筑面积约75平方米，七普口径至少3间自然房间。主要说明人（43岁，在家外出交替）。通常白天部分时间有人。家庭月收入情境约9500元，通常月电费情境约120元；电费有余量，通常不需改变开支。本月电费占可安排预算较小。纳入安排的设备：空调、洗衣机、烘干机。节费重视3/5，舒适重视3/5，系统控制边界是约定范围内可自动调整；希望提前72小时通知。费用压力描述的是当前预算余量；节费重视描述的是调整方案时的取舍，两者分别考虑。洗衣等任务需有人在家完成装载。空屋提前开空调须另确认预约或远控与本人许可。,"【合成角色条件；尚无真人回答】
cityrole-0230｜河北衡水市｜1人｜独立住宅，H7 至少3间自然房；整套设计建筑面积75㎡。
楼房中的一套住宅，楼层位置 底层，房龄背景 2000年前；住宅原型 Low-rise apartment_Raoyang_1995，源户位 middle，天气代理站 CHN_Hebei.Raoyang.546060_CSWD（距城市约55.0km）；天气/原型及房龄并非本户实测。
m01 主要说明人，43岁，暂未工作（非退休） / 部分时间在家，部分时间外出；工作日通常在家 00:00–09:00、12:00–15:00、19:00–24:00；室温感受：比较敏感，小幅变化也容易不舒服；电器时间：希望按原定时间运行，尽量不调整；参与安排：通常主要由这位成员决定；需求优先：没有特别优先；节费/错峰重视 3/3；系统控制：在约定范围内，可以让系统自动调整。
通常白天：部分时间有人；晚间：部分时间有人；作息：部分成员或部分日期固定；深夜用电：很少或没有；事件当天是否在受控房间另核。
家庭月收入情境 9500元、上月电费情境 120元；电费压力 4/5。本月电费占可安排预算较小。
节费/舒适/错峰重视 3/3/2；控制边界：在约定范围内，可以让系统自动调整；提前通知 三天或更早；受保护活动：睡眠休息, 做饭用餐。
居住方式：与他人合租；电价背景：峰谷分时电价；定时/自动控制经验：经常使用；既有错峰经验：没有参加过；受扰后恢复偏好：改回原安排；其他背景设备：冰箱。
空调 1台，每周 4—6天；傍晚到睡前（18:00—23:00），制冷设定 26℃，室温希望范围 25—27℃，可接受变化 1℃。条件：有人在受控房间时使用；18:00–18:30若空屋预冷，须当天确认家户许可及实际预约/远控能力，否则到家后开启；空屋冷量不算舒适收益。
洗衣机 1台，每周 4—6天；默认 21:00，可从 19:00 开始，最晚 24:00 完成，一次 60 分钟。条件：默认时刻须有成员在家并完成装载；轮班或事件日另核，不默认预约或远程启动。
烘干机 1台，每周 4—6天；默认 19:50，可从 19:00 开始，最晚 23:00 完成，一次 90 分钟。条件：默认时刻须有成员在家并完成装载；轮班或事件日另核，不默认预约或远程启动。
参与者对十天方案的选择、理由和评分尚未填写。",UNKNOWN,NOT_COLLECTED,NOT_EXPORTED_PENDING_D_ACCEPTANCE,UNKNOWN
cityrole-0231,eb.synthetic_fixed_profile_300.v1,广州市,广东,440100,2,1,0,variable,varies,irregular,6400,360,4,电费有余量，通常不需改变开支,本月电费已列入预算，按当前金额可以承担。,middle,3,3,4,low_auto_accept,1,independent_dwelling,three_rooms,3,30-39,69.0,synthetic_H6_like_whole_dwelling_building_area,69.0,known_synthetic_whole_dwelling,50_89,matches_synthetic_whole_dwelling,apartment,middle,4,cn-home-0231,self_contained_source_three_room,High-rise apartment(slab type)_Guangzhou_2003,middle,51.879699,51.879699,0,CHN_Guangdong.Guangzhou.592870_CSWD,5.46,8aba1405cf372b1266858ed2455d3b45d43a20315f9e450e72373d5a70b4a026,3271852a893c1eeddfcce99ab0d69ba8c764e2d32bd58858d98c5258ae864e96,7,7,8,household_selected_devices,0,,广州市的2人家庭。独立住房建筑面积约69平方米，七普口径至少3间自然房间。主要说明人（46岁，通常定时外出）、伴侣（50岁，轮班或时间多变）。通常白天不固定。家庭月收入情境约6400元，通常月电费情境约360元；电费有余量，通常不需改变开支。本月电费已列入预算，按当前金额可以承担。纳入安排的设备：洗衣机、电热水器。节费重视3/5，舒适重视3/5，系统控制边界是以自己安排为主；希望提前1小时通知。费用压力描述的是当前预算余量；节费重视描述的是调整方案时的取舍，两者分别考虑。洗衣等任务需有人在家完成装载。轮班日按当天在家情况确认。,"【合成角色条件；尚无真人回答】
cityrole-0231｜广东广州市｜2人｜独立住宅，H7 至少3间自然房；整套设计建筑面积69㎡。
楼房中的一套住宅，楼层位置 中间层，房龄背景 2000—2009年；住宅原型 High-rise apartment(slab type)_Guangzhou_2003，源户位 middle，天气代理站 CHN_Guangdong.Guangzhou.592870_CSWD（距城市约5.5km）；天气/原型及房龄并非本户实测。
m01 主要说明人，46岁，在外工作 / 通常固定时间外出工作或学习；工作日通常在家 00:00–07:30、18:30–24:00；室温感受：能接受小幅变化，变化较大会不舒服；电器时间：希望按原定时间运行，尽量不调整；参与安排：通常主要由这位成员决定；需求优先：没有特别优先；节费/错峰重视 3/1；系统控制：更愿意自己安排，尽量不让系统调整。
m02 伴侣，50岁，轮班工作 / 轮班或时间经常变化；工作日到家时段不固定；室温感受：比较敏感，小幅变化也容易不舒服；电器时间：希望按原定时间运行，尽量不调整；参与安排：通常与家人共同商量决定；需求优先：没有特别优先；节费/错峰重视 3/2；系统控制：每次先问，得到明确同意后再调整。
通常白天：不固定，很难概括；晚间：每天不太固定；作息：变化较多；深夜用电：偶尔；事件当天是否在受控房间另核。
家庭月收入情境 6400元、上月电费情境 360元；电费压力 4/5。本月电费已列入预算，按当前金额可以承担。
节费/舒适/错峰重视 3/3/4；控制边界：更愿意自己安排，尽量不让系统调整；提前通知 1 小时；受保护活动：睡眠休息, 做饭用餐。
居住方式：与他人合租；电价背景：峰谷分时电价；定时/自动控制经验：经常使用；既有错峰经验：没有参加过；受扰后恢复偏好：先看影响再决定；其他背景设备：冰箱。
洗衣机 1台，每周 每天（7天）；默认 19:00，可从 19:00 开始，最晚 23:00 完成，一次 60 分钟。条件：默认时刻须有成员在家并完成装载；轮班或事件日另核，不默认预约或远程启动。
电热水器 1台，每周 每天（7天）；加热 19:50–22:00，需热水 21:00，提前加热：不希望提前加热。条件：普通加热须对准有人需要热水的时段；事件日及额外提前加热按当次许可确认。
参与者对十天方案的选择、理由和评分尚未填写。",UNKNOWN,NOT_COLLECTED,NOT_EXPORTED_PENDING_D_ACCEPTANCE,UNKNOWN
cityrole-0232,eb.synthetic_fixed_profile_300.v1,温州市,浙江,330300,1,1,1,mostly_occupied,mostly_home,regular,2000,120,1,电费超出预算会挤占必要支出,必要生活开支较多，本月电费变化容易挤占其他项目。,middle,3,3,4,confirm_required,1,independent_dwelling,two_rooms,2,70及以上,75.0,synthetic_H6_like_whole_dwelling_building_area,75.0,known_synthetic_whole_dwelling,50_89,matches_synthetic_whole_dwelling,apartment,middle,4,cn-home-0232,self_contained_openplan,High-rise apartment(slab type)_Wenzhou_2001,middle,56.390977,56.390977,0,CHN_Zhejiang.Wenzhou.586590_CSWD,2.523,db728091c4f56c01e2d031a23dfb80ab8c807988678509be9f3d24859353e7d1,5c44da776ffeaabdbcb4d33e570349c511d7416f6ef33c47cb3260359b85a0ed,7,7,8,household_selected_devices,0,,温州市的1人家庭。独立住房建筑面积约75平方米，七普口径至少2间自然房间。主要说明人（88岁，通常主要在家）。通常白天有人在家。家庭月收入情境约2000元，通常月电费情境约120元；电费超出预算会挤占必要支出。必要生活开支较多，本月电费变化容易挤占其他项目。纳入安排的设备：空调、洗衣机。节费重视3/5，舒适重视3/5，系统控制边界是每次先确认；希望提前1小时通知。费用压力描述的是当前预算余量；节费重视描述的是调整方案时的取舍，两者分别考虑。洗衣等任务需有人在家完成装载。,"【合成角色条件；尚无真人回答】
cityrole-0232｜浙江温州市｜1人｜独立住宅，H7 至少2间自然房；整套设计建筑面积75㎡。
楼房中的一套住宅，楼层位置 中间层，房龄背景 2000—2009年；住宅原型 High-rise apartment(slab type)_Wenzhou_2001，源户位 middle，天气代理站 CHN_Zhejiang.Wenzhou.586590_CSWD（距城市约2.5km）；天气/原型及房龄并非本户实测。
m01 主要说明人，88岁，退休 / 主要在家生活，包括居家工作、学习、休息或照护；工作日通常在家 00:00–24:00；室温感受：不太敏感，室温变化较大也通常能适应；电器时间：只接受小幅提前或推迟；参与安排：通常主要由这位成员决定；需求优先：没有特别优先；节费/错峰重视 3/4；系统控制：每次先问，得到明确同意后再调整。
通常白天：大部分时间有人；晚间：大部分时间有人；作息：大体固定；深夜用电：很少或没有；事件当天是否在受控房间另核。
家庭月收入情境 2000元、上月电费情境 120元；电费压力 1/5。必要生活开支较多，本月电费变化容易挤占其他项目。
节费/舒适/错峰重视 3/3/4；控制边界：每次先问我，得到明确同意后再调整；提前通知 1 小时；受保护活动：睡眠休息, 做饭用餐。
居住方式：自有住房；电价背景：单一时段电价；定时/自动控制经验：没有使用过；既有错峰经验：参加过；受扰后恢复偏好：保留自动安排；其他背景设备：冰箱。
空调 1台，每周 2—3天；自己选择使用时段（可跨午夜），制冷设定 24℃，室温希望范围 23—25℃，可接受变化 0.5℃，自选时段 16:00–23:00。条件：有人在受控房间时使用；轮班或事件日另核，不把空屋冷量算作舒适收益。
洗衣机 1台，每周 2—3天；默认 19:50，可从 19:00 开始，最晚 23:00 完成，一次 60 分钟。条件：默认时刻须有成员在家并完成装载；轮班或事件日另核，不默认预约或远程启动。
参与者对十天方案的选择、理由和评分尚未填写。",UNKNOWN,NOT_COLLECTED,NOT_EXPORTED_PENDING_D_ACCEPTANCE,UNKNOWN
cityrole-0233,eb.synthetic_fixed_profile_300.v1,仙桃市,湖北,429004,1,1,0,variable,varies,irregular,9500,720,4,电费有余量，通常不需改变开支,本月电费占可安排预算较小。,comfort_priority,1,5,1,confirm_required,24,independent_dwelling,three_rooms,3,60-69,64.5,synthetic_H6_like_whole_dwelling_building_area,64.5,known_synthetic_whole_dwelling,50_89,matches_synthetic_whole_dwelling,apartment,middle,3,cn-home-0233,self_contained_source_three_room,Low-rise apartment_Wuhan_2001,middle,48.496241,48.496241,0,CHN_Hubei.Wuhan.574940_CSWD,70.439,65a29af989141a22ef3694aec4620f007550e6c715621a8991c9f4a260df3d1c,22030c2bc6a51f16b4f45d0e01a6265880fc8b9a78b46c8fc7e0a9cc55d77f4f,7,7,8,household_selected_devices,0,,仙桃市的1人家庭。独立住房建筑面积约64.5平方米，七普口径至少3间自然房间。主要说明人（52岁，轮班或时间多变）。通常白天不固定。家庭月收入情境约9500元，通常月电费情境约720元；电费有余量，通常不需改变开支。本月电费占可安排预算较小。纳入安排的设备：空调、洗衣机、电热水器。节费重视1/5，舒适重视5/5，系统控制边界是每次先确认；希望提前24小时通知。费用压力描述的是当前预算余量；节费重视描述的是调整方案时的取舍，两者分别考虑。洗衣等任务需有人在家完成装载。空屋提前开空调须另确认预约或远控与本人许可。轮班日按当天在家情况确认。,"【合成角色条件；尚无真人回答】
cityrole-0233｜湖北仙桃市｜1人｜独立住宅，H7 至少3间自然房；整套设计建筑面积64.5㎡。
楼房中的一套住宅，楼层位置 中间层，房龄背景 2000—2009年；住宅原型 Low-rise apartment_Wuhan_2001，源户位 middle，天气代理站 CHN_Hubei.Wuhan.574940_CSWD（距城市约70.4km）；天气/原型及房龄并非本户实测。
m01 主要说明人，52岁，轮班工作 / 轮班或时间经常变化；工作日到家时段不固定；室温感受：比较敏感，小幅变化也容易不舒服；电器时间：只接受小幅提前或推迟；参与安排：通常主要由这位成员决定；需求优先：没有特别优先；节费/错峰重视 1/2；系统控制：每次先问，得到明确同意后再调整。
通常白天：不固定，很难概括；晚间：每天不太固定；作息：变化较多；深夜用电：偶尔；事件当天是否在受控房间另核。
家庭月收入情境 9500元、上月电费情境 720元；电费压力 4/5。本月电费占可安排预算较小。
节费/舒适/错峰重视 1/5/1；控制边界：每次先问我，得到明确同意后再调整；提前通知 一天；受保护活动：睡眠休息, 做饭用餐。
居住方式：整套租住；电价背景：峰谷分时电价；定时/自动控制经验：偶尔使用；既有错峰经验：没有参加过；受扰后恢复偏好：改回原安排；其他背景设备：冰箱。
空调 2台，每周 4—6天；傍晚到睡前（18:00—23:00），制冷设定 25℃，室温希望范围 24—26℃，可接受变化 1℃。条件：有人在受控房间时使用；18:00–18:30若空屋预冷，须当天确认家户许可及实际预约/远控能力，否则到家后开启；空屋冷量不算舒适收益。
洗衣机 1台，每周 4—6天；默认 21:00，可从 19:00 开始，最晚 24:00 完成，一次 60 分钟。条件：默认时刻须有成员在家并完成装载；轮班或事件日另核，不默认预约或远程启动。
电热水器 1台，每周 4—6天；加热 19:00–22:00，需热水 21:00，提前加热：每次先确认。条件：普通加热须对准有人需要热水的时段；事件日及额外提前加热按当次许可确认。
参与者对十天方案的选择、理由和评分尚未填写。",UNKNOWN,NOT_COLLECTED,NOT_EXPORTED_PENDING_D_ACCEPTANCE,UNKNOWN
cityrole-0234,eb.synthetic_fixed_profile_300.v1,肇东市,黑龙江,231282,1,1,1,mostly_occupied,mostly_home,regular,4500,220,1,电费超出预算会挤占必要支出,必要生活开支较多，本月电费变化容易挤占其他项目。,saving_priority,5,1,5,low_auto_accept,0,independent_dwelling,three_rooms,3,70及以上,75.0,synthetic_H6_like_whole_dwelling_building_area,75.0,known_synthetic_whole_dwelling,50_89,matches_synthetic_whole_dwelling,apartment,middle,2,cn-home-0234,self_contained_source_three_room,Low-rise apartment_Anda_2018,edge,56.390977,56.390977,0,CHN_Heilongjiang.Anda.508540_CSWD,62.107,616c79f13a1b4b5d89d3f52efadc260ef868bae5f9af3d0b58bcd044b2ee42ca,573246018781f36baa49dcef7cc1797ed1577349d0c8bfa8cccc017c750e1cae,7,7,10,household_selected_devices,0,,肇东市的1人家庭。独立住房建筑面积约75平方米，七普口径至少3间自然房间。主要说明人（74岁，通常主要在家）。通常白天有人在家。家庭月收入情境约4500元，通常月电费情境约220元；电费超出预算会挤占必要支出。必要生活开支较多，本月电费变化容易挤占其他项目。纳入安排的设备：空调、洗衣机。节费重视5/5，舒适重视1/5，系统控制边界是以自己安排为主；希望提前0小时通知。费用压力描述的是当前预算余量；节费重视描述的是调整方案时的取舍，两者分别考虑。洗衣等任务需有人在家完成装载。空屋提前开空调须另确认预约或远控与本人许可。,"【合成角色条件；尚无真人回答】
cityrole-0234｜黑龙江肇东市｜1人｜独立住宅，H7 至少3间自然房；整套设计建筑面积75㎡。
楼房中的一套住宅，楼层位置 中间层，房龄背景 2010—2019年；住宅原型 Low-rise apartment_Anda_2018，源户位 edge，天气代理站 CHN_Heilongjiang.Anda.508540_CSWD（距城市约62.1km）；天气/原型及房龄并非本户实测。
m01 主要说明人，74岁，照顾家人 / 主要在家生活，包括居家工作、学习、休息或照护；工作日通常在家 00:00–24:00；室温感受：能接受小幅变化，变化较大会不舒服；电器时间：只要按时完成，具体运行时间都可以；参与安排：通常主要由这位成员决定；需求优先：没有特别优先；节费/错峰重视 5/5；系统控制：更愿意自己安排，尽量不让系统调整。
通常白天：大部分时间有人；晚间：大部分时间有人；作息：大体固定；深夜用电：很少或没有；事件当天是否在受控房间另核。
家庭月收入情境 4500元、上月电费情境 220元；电费压力 1/5。必要生活开支较多，本月电费变化容易挤占其他项目。
节费/舒适/错峰重视 5/1/5；控制边界：更愿意自己安排，尽量不让系统调整；提前通知 无需提前；受保护活动：睡眠休息, 做饭用餐。
居住方式：与他人合租；电价背景：峰谷分时电价；定时/自动控制经验：经常使用；既有错峰经验：没有参加过；受扰后恢复偏好：先看影响再决定；其他背景设备：冰箱。
空调 1台，每周 每天（7天）；傍晚到睡前（18:00—23:00），制冷设定 26℃，室温希望范围 25—27℃，可接受变化 1.5℃。条件：有人在受控房间时使用；18:00–18:30若空屋预冷，须当天确认家户许可及实际预约/远控能力，否则到家后开启；空屋冷量不算舒适收益。
洗衣机 1台，每周 每天（7天）；默认 19:00，可从 19:00 开始，最晚 23:00 完成，一次 60 分钟。条件：默认时刻须有成员在家并完成装载；轮班或事件日另核，不默认预约或远程启动。
参与者对十天方案的选择、理由和评分尚未填写。",UNKNOWN,NOT_COLLECTED,NOT_EXPORTED_PENDING_D_ACCEPTANCE,UNKNOWN
cityrole-0235,eb.synthetic_fixed_profile_300.v1,重庆市,重庆,500000,1,1,0,sometimes_occupied,partly_home,partly_regular,9500,720,4,电费有余量，通常不需改变开支,本月电费占可安排预算较小。,both_low,1,1,5,confirm_required,12,independent_dwelling,two_rooms,2,50-59,54.5,synthetic_H6_like_whole_dwelling_building_area,54.5,known_synthetic_whole_dwelling,50_89,matches_synthetic_whole_dwelling,apartment,middle,3,cn-home-0235,self_contained_openplan,Low-rise apartment_Youyang_2001,edge,40.977444,40.977444,0,CHN_Chongqing.Chongqing.Shapingba.575160_CSWD,5.879,454a6f076037de18c42c492b2db58bd57789e0464fbca049b4616ca770465130,aa7c4f10d1be0b55686cb7fc006e50ae188ade26938107a3274a82732c67572b,7,7,10,household_selected_devices,0,,重庆市的1人家庭。独立住房建筑面积约54.5平方米，七普口径至少2间自然房间。主要说明人（55岁，在家外出交替）。通常白天部分时间有人。家庭月收入情境约9500元，通常月电费情境约720元；电费有余量，通常不需改变开支。本月电费占可安排预算较小。纳入安排的设备：洗衣机、烘干机。节费重视1/5，舒适重视1/5，系统控制边界是每次先确认；希望提前12小时通知。费用与室温都不是首要判断项，家里更关注日常任务是否照计划完成。洗衣等任务需有人在家完成装载。,"【合成角色条件；尚无真人回答】
cityrole-0235｜重庆重庆市｜1人｜独立住宅，H7 至少2间自然房；整套设计建筑面积54.5㎡。
楼房中的一套住宅，楼层位置 中间层，房龄背景 2000—2009年；住宅原型 Low-rise apartment_Youyang_2001，源户位 edge，天气代理站 CHN_Chongqing.Chongqing.Shapingba.575160_CSWD（距城市约5.9km）；天气/原型及房龄并非本户实测。
m01 主要说明人，55岁，暂未工作（非退休） / 部分时间在家，部分时间外出；工作日通常在家 00:00–09:00、12:00–15:00、19:00–24:00；室温感受：不太敏感，室温变化较大也通常能适应；电器时间：只要按时完成，具体运行时间都可以；参与安排：通常主要由这位成员决定；需求优先：没有特别优先；节费/错峰重视 1/3；系统控制：每次先问，得到明确同意后再调整。
通常白天：部分时间有人；晚间：部分时间有人；作息：部分成员或部分日期固定；深夜用电：很少或没有；事件当天是否在受控房间另核。
家庭月收入情境 9500元、上月电费情境 720元；电费压力 4/5。本月电费占可安排预算较小。
节费/舒适/错峰重视 1/1/5；控制边界：每次先问我，得到明确同意后再调整；提前通知 半天；受保护活动：睡眠休息, 做饭用餐。
居住方式：与他人合租；电价背景：单一时段电价；定时/自动控制经验：偶尔使用；既有错峰经验：没有参加过；受扰后恢复偏好：保留自动安排；其他背景设备：冰箱。
洗衣机 1台，每周 2—3天；默认 19:50，可从 19:00 开始，最晚 23:00 完成，一次 60 分钟。条件：默认时刻须有成员在家并完成装载；轮班或事件日另核，不默认预约或远程启动。
烘干机 1台，每周 2—3天；默认 19:00，可从 19:00 开始，最晚 23:00 完成，一次 90 分钟。条件：默认时刻须有成员在家并完成装载；轮班或事件日另核，不默认预约或远程启动。
参与者对十天方案的选择、理由和评分尚未填写。",UNKNOWN,NOT_COLLECTED,NOT_EXPORTED_PENDING_D_ACCEPTANCE,UNKNOWN
cityrole-0236,eb.synthetic_fixed_profile_300.v1,深圳市,广东,440300,2,1,0,variable,varies,irregular,9000,360,5,电费不构成当前预算约束,本月电费占可安排预算较小。,comfort_priority,2,4,4,high_trust_auto,12,independent_dwelling,one_room,1,50-59,109.0,synthetic_H6_like_whole_dwelling_building_area,109.0,known_synthetic_whole_dwelling,90_119,matches_synthetic_whole_dwelling,apartment,middle,2,cn-home-0236,self_contained_openplan,Low-rise apartment_Guangzhou_2003,edge,81.954887,81.954887,0,CHN_Guangdong.Zhengcheng.592940_CSWD,71.504,727f5e6b09dcc556dda40c79b3ff34a808d77ed2abb72b10e0402e1f4718ef90,34e098afbc1a678ec86f7ad36847e6236cbad1e65ab0bb33f590d821ca96ee07,7,7,10,household_selected_devices,0,,深圳市的2人家庭。独立住房建筑面积约109平方米，七普口径至少1间自然房间。主要说明人（47岁，通常定时外出）、伴侣（50岁，轮班或时间多变）。通常白天不固定。家庭月收入情境约9000元，通常月电费情境约360元；电费不构成当前预算约束。本月电费占可安排预算较小。纳入安排的设备：空调、洗衣机。节费重视2/5，舒适重视4/5，系统控制边界是约定范围内可自动调整；希望提前12小时通知。费用压力描述的是当前预算余量；节费重视描述的是调整方案时的取舍，两者分别考虑。洗衣等任务需有人在家完成装载。轮班日按当天在家情况确认。,"【合成角色条件；尚无真人回答】
cityrole-0236｜广东深圳市｜2人｜独立住宅，H7 至少1间自然房；整套设计建筑面积109㎡。
楼房中的一套住宅，楼层位置 中间层，房龄背景 2000—2009年；住宅原型 Low-rise apartment_Guangzhou_2003，源户位 edge，天气代理站 CHN_Guangdong.Zhengcheng.592940_CSWD（距城市约71.5km）；天气/原型及房龄并非本户实测。
m01 主要说明人，47岁，在外工作 / 通常固定时间外出工作或学习；工作日通常在家 00:00–07:30、18:30–24:00；室温感受：比较敏感，小幅变化也容易不舒服；电器时间：希望按原定时间运行，尽量不调整；参与安排：通常主要由这位成员决定；需求优先：没有特别优先；节费/错峰重视 2/1；系统控制：在约定范围内，可以让系统自动调整。
m02 伴侣，50岁，轮班工作 / 轮班或时间经常变化；工作日到家时段不固定；室温感受：不太敏感，室温变化较大也通常能适应；电器时间：只要按时完成，具体运行时间都可以；参与安排：通常与家人共同商量决定；需求优先：没有特别优先；节费/错峰重视 3/2；系统控制：在约定范围内，可以让系统自动调整。
通常白天：不固定，很难概括；晚间：每天不太固定；作息：变化较多；深夜用电：偶尔；事件当天是否在受控房间另核。
家庭月收入情境 9000元、上月电费情境 360元；电费压力 5/5。本月电费占可安排预算较小。
节费/舒适/错峰重视 2/4/4；控制边界：在约定范围内，可以让系统自动调整；提前通知 半天；受保护活动：睡眠休息, 做饭用餐。
居住方式：与他人合租；电价背景：单一时段电价；定时/自动控制经验：没有使用过；既有错峰经验：没有参加过；受扰后恢复偏好：改回原安排；其他背景设备：冰箱。
空调 1台，每周 4—6天；自己选择使用时段（可跨午夜），制冷设定 24℃，室温希望范围 23—25℃，可接受变化 1℃，自选时段 19:00–23:00。条件：有人在受控房间时使用；轮班或事件日另核，不把空屋冷量算作舒适收益。
洗衣机 1台，每周 4—6天；默认 21:00，可从 19:00 开始，最晚 24:00 完成，一次 60 分钟。条件：默认时刻须有成员在家并完成装载；轮班或事件日另核，不默认预约或远程启动。
参与者对十天方案的选择、理由和评分尚未填写。",UNKNOWN,NOT_COLLECTED,NOT_EXPORTED_PENDING_D_ACCEPTANCE,UNKNOWN
cityrole-0237,eb.synthetic_fixed_profile_300.v1,南京市,江苏,320100,1,1,0,mostly_occupied,mostly_home,regular,9500,120,5,电费不构成当前预算约束,本月电费占可安排预算较小。,saving_priority,4,2,4,high_trust_auto,24,independent_dwelling,one_room,1,70及以上,75.0,synthetic_H6_like_whole_dwelling_building_area,75.0,known_synthetic_whole_dwelling,50_89,matches_synthetic_whole_dwelling,apartment,middle,8,cn-home-0237,self_contained_openplan,High-rise apartment(slab type)_Nanjing_2001,middle,56.390977,56.390977,0,CHN_Jiangsu.Nanjing.582380_CSWD,88.368,a3597e683006c39186eb8fa774c0a811de2174e42e644672ddb64057cabe52e2,f5e0ffc29e9f478c709b96cdd46ec67f388162652a5513d83d1cb2a520f36915,7,7,8,household_selected_devices,0,,南京市的1人家庭。独立住房建筑面积约75平方米，七普口径至少1间自然房间。主要说明人（26岁，通常主要在家）。通常白天有人在家。家庭月收入情境约9500元，通常月电费情境约120元；电费不构成当前预算约束。本月电费占可安排预算较小。纳入安排的设备：空调、洗衣机。节费重视4/5，舒适重视2/5，系统控制边界是约定范围内可自动调整；希望提前24小时通知。当前电费负担不重，但仍重视避免浪费。洗衣等任务需有人在家完成装载。,"【合成角色条件；尚无真人回答】
cityrole-0237｜江苏南京市｜1人｜独立住宅，H7 至少1间自然房；整套设计建筑面积75㎡。
楼房中的一套住宅，楼层位置 中间层，房龄背景 2000—2009年；住宅原型 High-rise apartment(slab type)_Nanjing_2001，源户位 middle，天气代理站 CHN_Jiangsu.Nanjing.582380_CSWD（距城市约88.4km）；天气/原型及房龄并非本户实测。
m01 主要说明人，26岁，居家工作/学习 / 主要在家生活，包括居家工作、学习、休息或照护；工作日通常在家 00:00–24:00；室温感受：能接受小幅变化，变化较大会不舒服；电器时间：希望按原定时间运行，尽量不调整；参与安排：通常主要由这位成员决定；需求优先：没有特别优先；节费/错峰重视 4/4；系统控制：在约定范围内，可以让系统自动调整。
通常白天：大部分时间有人；晚间：大部分时间有人；作息：大体固定；深夜用电：很少或没有；事件当天是否在受控房间另核。
家庭月收入情境 9500元、上月电费情境 120元；电费压力 5/5。本月电费占可安排预算较小。
节费/舒适/错峰重视 4/2/4；控制边界：在约定范围内，可以让系统自动调整；提前通知 一天；受保护活动：睡眠休息, 做饭用餐。
居住方式：与他人合租；电价背景：峰谷分时电价；定时/自动控制经验：偶尔使用；既有错峰经验：没有参加过；受扰后恢复偏好：先看影响再决定；其他背景设备：冰箱。
空调 2台，每周 每天（7天）；下午到睡前（14:00—23:00），制冷设定 25℃，室温希望范围 24—26℃，可接受变化 1.5℃。条件：有人在受控房间时使用；轮班或事件日另核，不把空屋冷量算作舒适收益。
洗衣机 1台，每周 每天（7天）；默认 19:00，可从 19:00 开始，最晚 23:00 完成，一次 60 分钟。条件：默认时刻须有成员在家并完成装载；轮班或事件日另核，不默认预约或远程启动。
参与者对十天方案的选择、理由和评分尚未填写。",UNKNOWN,NOT_COLLECTED,NOT_EXPORTED_PENDING_D_ACCEPTANCE,UNKNOWN
cityrole-0238,eb.synthetic_fixed_profile_300.v1,泰安市,山东,370900,1,1,0,variable,varies,irregular,2000,240,2,电费有压力，需调整其他开支,必要生活开支较多，本月电费变化容易挤占其他项目。,both_low,2,2,2,low_auto_accept,72,shared_dwelling_private_rooms_with_allocated_common_area,one_room,1,20-29,24.5,synthetic_H6_like_household_attributed_building_area_in_shared_dwelling,115.354151,experimental_F_scaled_whole_dwelling,90_119,matches_F_experimental_whole_dwelling,apartment,middle,2,cn-home-0238,shared_flat_private_rooms,Low-rise apartment_Jinan_2010,middle,23.275,19.574898,3.700102,CHN_Shandong.Jinan.548230_CSWD,46.059,3d9efc4e69d2ac44152de7c2112bf0f168702ca549300ff9c9f3fe74c30863e7,ae2f191a1813cbf11a9ad7d284c23b983af854047b2b60701cbee28d05489d76,1,1,1,assigned_private_rooms_ac_only,0,,泰安市的1人家庭。合住住房中本户独用1间房，分摊建筑面积约24.5平方米；整套住房设计建筑面积约115.354平方米（按模型整套净面积和实验0.95比值换算）；仅私有房间的1台空调可由本户安排，公共设备不纳入。主要说明人（57岁，轮班或时间多变）。通常白天不固定。家庭月收入情境约2000元，通常月电费情境约240元；电费有压力，需调整其他开支。必要生活开支较多，本月电费变化容易挤占其他项目。纳入安排的设备：空调。节费重视2/5，舒适重视2/5，系统控制边界是以自己安排为主；希望提前72小时通知。虽然电费挤压预算，但家里更在意任务按原计划完成，不愿为了少量节费频繁改时间。空屋提前开空调须另确认预约或远控与本人许可。轮班日按当天在家情况确认。,"【合成角色条件；尚无真人回答】
cityrole-0238｜山东泰安市｜1人｜合住，本户独用1间自然房；24.5㎡是本户分摊建筑面积，整套住房设计建筑面积约115.354㎡，按冻结源单元净面积和实验 0.95 比值换算，并非实测。
楼房中的一套住宅，楼层位置 中间层，房龄背景 2010—2019年；住宅原型 Low-rise apartment_Jinan_2010，源户位 middle，天气代理站 CHN_Shandong.Jinan.548230_CSWD（距城市约46.1km）；天气/原型及房龄并非本户实测。
m01 主要说明人，57岁，轮班工作 / 轮班或时间经常变化；工作日到家时段不固定；室温感受：不太敏感，室温变化较大也通常能适应；电器时间：只接受小幅提前或推迟；参与安排：通常主要由这位成员决定；需求优先：没有特别优先；节费/错峰重视 2/2；系统控制：更愿意自己安排，尽量不让系统调整。
通常白天：不固定，很难概括；晚间：每天不太固定；作息：变化较多；深夜用电：偶尔；事件当天是否在受控房间另核。
家庭月收入情境 2000元、上月电费情境 240元；电费压力 2/5。必要生活开支较多，本月电费变化容易挤占其他项目。
节费/舒适/错峰重视 2/2/2；控制边界：更愿意自己安排，尽量不让系统调整；提前通知 三天或更早；受保护活动：睡眠休息, 做饭用餐。
居住方式：与他人合租；电价背景：峰谷分时电价；定时/自动控制经验：偶尔使用；既有错峰经验：没有参加过；受扰后恢复偏好：改回原安排；其他背景设备：没有上述设备。
空调 1台，每周 2—3天；傍晚到睡前（18:00—23:00），制冷设定 26℃，室温希望范围 25—27℃，可接受变化 0.5℃。条件：有人在受控房间时使用；18:00–18:30若空屋预冷，须当天确认家户许可及实际预约/远控能力，否则到家后开启；空屋冷量不算舒适收益。
参与者对十天方案的选择、理由和评分尚未填写。",UNKNOWN,NOT_COLLECTED,NOT_EXPORTED_PENDING_D_ACCEPTANCE,UNKNOWN
cityrole-0239,eb.synthetic_fixed_profile_300.v1,潮州市,广东,445100,2,1,1,sometimes_occupied,partly_home,partly_regular,6400,360,1,电费超出预算会挤占必要支出,必要生活开支较多，本月电费变化容易挤占其他项目。,saving_priority,4,2,2,low_auto_accept,72,independent_dwelling,two_rooms,2,20-29,49.0,synthetic_H6_like_whole_dwelling_building_area,49.0,known_synthetic_whole_dwelling,lt50,matches_synthetic_whole_dwelling,apartment,ground,1,cn-home-0239,self_contained_openplan,Low-rise apartment_Shantou_2003,edge,36.842105,36.842105,0,CHN_Guangdong.Shantou.593160_CSWD,46.236,9d7c38012670bd5c44cda35836c101ab9e13fccf84929691f8513c83a14e7001,e2a2fdc9e44f2b1d3e0103d948ca56d530607a9e0819eb0d7ee4630a35e5ae5b,7,7,10,household_selected_devices,0,,潮州市的2人家庭。独立住房建筑面积约49平方米，七普口径至少2间自然房间。主要说明人（61岁，通常定时外出）、伴侣（64岁，在家外出交替）。通常白天部分时间有人。家庭月收入情境约6400元，通常月电费情境约360元；电费超出预算会挤占必要支出。必要生活开支较多，本月电费变化容易挤占其他项目。纳入安排的设备：空调、洗衣机、电热水器。节费重视4/5，舒适重视2/5，系统控制边界是以自己安排为主；希望提前72小时通知。费用压力描述的是当前预算余量；节费重视描述的是调整方案时的取舍，两者分别考虑。洗衣等任务需有人在家完成装载。空屋提前开空调须另确认预约或远控与本人许可。,"【合成角色条件；尚无真人回答】
cityrole-0239｜广东潮州市｜2人｜独立住宅，H7 至少2间自然房；整套设计建筑面积49㎡。
楼房中的一套住宅，楼层位置 底层，房龄背景 2000—2009年；住宅原型 Low-rise apartment_Shantou_2003，源户位 edge，天气代理站 CHN_Guangdong.Shantou.593160_CSWD（距城市约46.2km）；天气/原型及房龄并非本户实测。
m01 主要说明人，61岁，在外工作 / 通常固定时间外出工作或学习；工作日通常在家 00:00–07:30、18:30–24:00；室温感受：比较敏感，小幅变化也容易不舒服；电器时间：只接受小幅提前或推迟；参与安排：通常主要由这位成员决定；需求优先：没有特别优先；节费/错峰重视 4/5；系统控制：更愿意自己安排，尽量不让系统调整。
m02 伴侣，64岁，居家工作/学习 / 部分时间在家，部分时间外出；工作日通常在家 00:00–09:00、12:00–15:00、19:00–24:00；室温感受：不太敏感，室温变化较大也通常能适应；电器时间：只接受小幅提前或推迟；参与安排：通常与家人共同商量决定；需求优先：没有特别优先；节费/错峰重视 1/1；系统控制：在约定范围内，可以让系统自动调整。
通常白天：部分时间有人；晚间：部分时间有人；作息：部分成员或部分日期固定；深夜用电：很少或没有；事件当天是否在受控房间另核。
家庭月收入情境 6400元、上月电费情境 360元；电费压力 1/5。必要生活开支较多，本月电费变化容易挤占其他项目。
节费/舒适/错峰重视 4/2/2；控制边界：更愿意自己安排，尽量不让系统调整；提前通知 三天或更早；受保护活动：睡眠休息, 做饭用餐。
居住方式：整套租住；电价背景：单一时段电价；定时/自动控制经验：没有使用过；既有错峰经验：参加过；受扰后恢复偏好：改回原安排；其他背景设备：冰箱。
空调 1台，每周 4—6天；傍晚到睡前（18:00—23:00），制冷设定 27℃，室温希望范围 26—28℃，可接受变化 1℃。条件：有人在受控房间时使用；18:00–18:30若空屋预冷，须当天确认家户许可及实际预约/远控能力，否则到家后开启；空屋冷量不算舒适收益。
洗衣机 1台，每周 4—6天；默认 21:00，可从 19:00 开始，最晚 24:00 完成，一次 60 分钟。条件：默认时刻须有成员在家并完成装载；轮班或事件日另核，不默认预约或远程启动。
电热水器 1台，每周 4—6天；加热 19:00–22:00，需热水 21:00，提前加热：每次先确认。条件：普通加热须对准有人需要热水的时段；事件日及额外提前加热按当次许可确认。
参与者对十天方案的选择、理由和评分尚未填写。",UNKNOWN,NOT_COLLECTED,NOT_EXPORTED_PENDING_D_ACCEPTANCE,UNKNOWN
cityrole-0240,eb.synthetic_fixed_profile_300.v1,湘潭市,湖南,430300,6,3,0,mostly_occupied,partly_home,partly_regular,57000,360,1,电费超出预算会挤占必要支出,本月收入已有其他固定支出安排，可灵活调整的预算较紧。,both_high,4,4,2,high_trust_auto,24,independent_dwelling,three_rooms,3,30-39,207.0,synthetic_H6_like_whole_dwelling_building_area,207.0,known_synthetic_whole_dwelling,ge160,matches_synthetic_whole_dwelling,apartment,middle,3,cn-home-0240,self_contained_source_three_room,Low-rise apartment_Zhuzhou_2001,edge,155.639098,155.639098,0,CHN_Hunan.Zhuzhou.577800_CSWD,22.733,08c2b3ce3f90ea6c1575bd54a268f2899c9de7409013500ec376ba9794581a53,cf36e82498e0c9e6be765530c880ea7e7a4a3d06a5340549fe3fe2eb612ff196,7,7,10,household_selected_devices,1,m04,湘潭市的6人家庭。独立住房建筑面积约207平方米，七普口径至少3间自然房间。长辈（57岁，在家外出交替）、主要说明人（39岁，通常主要在家）、子女（19岁，在家外出交替）、伴侣（38岁，通常定时外出）、子女（17岁，通常定时外出）、兄弟姐妹（38岁，在家外出交替）。通常白天有人在家。家庭月收入情境约57000元，通常月电费情境约360元；电费超出预算会挤占必要支出。本月收入已有其他固定支出安排，可灵活调整的预算较紧。纳入安排的设备：洗衣机、电热水器、可在家充电的电动车。节费重视4/5，舒适重视4/5，系统控制边界是约定范围内可自动调整；希望提前24小时通知。费用压力描述的是当前预算余量；节费重视描述的是调整方案时的取舍，两者分别考虑。洗衣等任务需有人在家完成装载。,"【合成角色条件；尚无真人回答】
cityrole-0240｜湖南湘潭市｜6人｜独立住宅，H7 至少3间自然房；整套设计建筑面积207㎡。
楼房中的一套住宅，楼层位置 中间层，房龄背景 2000—2009年；住宅原型 Low-rise apartment_Zhuzhou_2001，源户位 edge，天气代理站 CHN_Hunan.Zhuzhou.577800_CSWD（距城市约22.7km）；天气/原型及房龄并非本户实测。
m01 长辈，57岁，暂未工作（非退休） / 部分时间在家，部分时间外出；工作日通常在家 00:00–09:00、12:00–15:00、19:00–24:00；室温感受：能接受小幅变化，变化较大会不舒服；电器时间：只要按时完成，具体运行时间都可以；参与安排：通常主要由这位成员决定；需求优先：没有特别优先；节费/错峰重视 4/3；系统控制：在约定范围内，可以让系统自动调整。
m02 主要说明人，39岁，居家工作/学习 / 主要在家生活，包括居家工作、学习、休息或照护；工作日通常在家 00:00–24:00；室温感受：比较敏感，小幅变化也容易不舒服；电器时间：只接受小幅提前或推迟；参与安排：通常与家人共同商量决定；需求优先：没有特别优先；节费/错峰重视 2/4；系统控制：每次先问，得到明确同意后再调整。
m03 子女，19岁，照顾家人 / 部分时间在家，部分时间外出；工作日通常在家 00:00–09:00、12:00–15:00、19:00–24:00；室温感受：不太敏感，室温变化较大也通常能适应；电器时间：只接受小幅提前或推迟；参与安排：通常与家人共同商量决定；需求优先：没有特别优先；节费/错峰重视 4/5；系统控制：在约定范围内，可以让系统自动调整。
m04 伴侣，38岁，在外工作 / 通常固定时间外出工作或学习；工作日通常在家 00:00–07:30、18:30–24:00；室温感受：能接受小幅变化，变化较大会不舒服；电器时间：希望按原定时间运行，尽量不调整；参与安排：通常与家人共同商量决定；需求优先：没有特别优先；节费/错峰重视 1/1；系统控制：更愿意自己安排，尽量不让系统调整。
m05 子女，17岁，上学 / 通常固定时间外出工作或学习；工作日通常在家 00:00–07:30、18:30–24:00；室温感受：比较敏感，小幅变化也容易不舒服；电器时间：希望按原定时间运行，尽量不调整；参与安排：通常与家人共同商量决定；需求优先：通常会优先考虑；节费/错峰重视 3/2；系统控制：每次先问，得到明确同意后再调整。
m06 兄弟姐妹，38岁，暂未工作（非退休） / 部分时间在家，部分时间外出；工作日通常在家 00:00–09:00、12:00–15:00、19:00–24:00；室温感受：不太敏感，室温变化较大也通常能适应；电器时间：只要按时完成，具体运行时间都可以；参与安排：通常与家人共同商量决定；需求优先：没有特别优先；节费/错峰重视 5/3；系统控制：在约定范围内，可以让系统自动调整。
通常白天：大部分时间有人；晚间：部分时间有人；作息：部分成员或部分日期固定；深夜用电：很少或没有；事件当天是否在受控房间另核。
家庭月收入情境 57000元、上月电费情境 360元；电费压力 1/5。本月收入已有其他固定支出安排，可灵活调整的预算较紧。
节费/舒适/错峰重视 4/4/2；控制边界：在约定范围内，可以让系统自动调整；提前通知 一天；受保护活动：睡眠休息, 做饭用餐, 照顾家人。
居住方式：整套租住；电价背景：单一时段电价；定时/自动控制经验：没有使用过；既有错峰经验：没有参加过；受扰后恢复偏好：保留自动安排；其他背景设备：冰箱。
洗衣机 1台，每周 每天（7天）；默认 19:00，可从 19:00 开始，最晚 23:00 完成，一次 60 分钟。条件：默认时刻须有成员在家并完成装载；轮班或事件日另核，不默认预约或远程启动。
电热水器 1台，每周 每天（7天）；加热 19:50–22:00，需热水 21:00，提前加热：不希望提前加热。条件：普通加热须对准有人需要热水的时段；事件日及额外提前加热按当次许可确认。
可在家充电的电动汽车 1辆，每周 每天（7天）；接入 21:00，次日离家 07:00，目标/保底电量 70%/40%，驾驶成员 m04。条件：由m04在典型外出日返家后接入；车辆实际到家、次日离家与充电权限按当天确认。
参与者对十天方案的选择、理由和评分尚未填写。",UNKNOWN,NOT_COLLECTED,NOT_EXPORTED_PENDING_D_ACCEPTANCE,UNKNOWN
cityrole-0241,eb.synthetic_fixed_profile_300.v1,西安市,陕西,610100,5,3,1,mostly_occupied,partly_home,irregular,47500,720,4,电费有余量，通常不需改变开支,本月电费占可安排预算较小。,comfort_priority,1,5,2,low_auto_accept,0,independent_dwelling,three_rooms,3,20-29,122.5,synthetic_H6_like_whole_dwelling_building_area,122.5,known_synthetic_whole_dwelling,120_159,matches_synthetic_whole_dwelling,apartment,middle,3,cn-home-0241,self_contained_source_three_room,Low-rise apartment_Xian_2010,middle,92.105263,92.105263,0,CHN_Shaanxi.Xian.570360_CSWD,5.251,a57847ea71bccc3e890839d9675e49b7b95aa9d2f5a76068343ec60b5211dba7,a8c926474fb47514e4dd3ab28bed93b9ad2cc9d79e096b2c20c560cc15723e98,7,7,8,household_selected_devices,0,,西安市的5人家庭。独立住房建筑面积约122.5平方米，七普口径至少3间自然房间。长辈（69岁，通常主要在家）、主要说明人（40岁，轮班或时间多变）、子女（11岁，通常定时外出）、子女（7岁，通常定时外出）、伴侣（43岁，在家外出交替）。通常白天有人在家。家庭月收入情境约47500元，通常月电费情境约720元；电费有余量，通常不需改变开支。本月电费占可安排预算较小。纳入安排的设备：空调、洗衣机、洗碗机、电热水器。节费重视1/5，舒适重视5/5，系统控制边界是以自己安排为主；希望提前0小时通知。费用压力描述的是当前预算余量；节费重视描述的是调整方案时的取舍，两者分别考虑。洗衣等任务需有人在家完成装载。轮班日按当天在家情况确认。,"【合成角色条件；尚无真人回答】
cityrole-0241｜陕西西安市｜5人｜独立住宅，H7 至少3间自然房；整套设计建筑面积122.5㎡。
楼房中的一套住宅，楼层位置 中间层，房龄背景 2010—2019年；住宅原型 Low-rise apartment_Xian_2010，源户位 middle，天气代理站 CHN_Shaanxi.Xian.570360_CSWD（距城市约5.3km）；天气/原型及房龄并非本户实测。
m01 长辈，69岁，退休 / 主要在家生活，包括居家工作、学习、休息或照护；工作日通常在家 00:00–24:00；室温感受：不太敏感，室温变化较大也通常能适应；电器时间：只要按时完成，具体运行时间都可以；参与安排：通常主要由这位成员决定；需求优先：没有特别优先；节费/错峰重视 1/1；系统控制：更愿意自己安排，尽量不让系统调整。
m02 主要说明人，40岁，轮班工作 / 轮班或时间经常变化；工作日到家时段不固定；室温感受：能接受小幅变化，变化较大会不舒服；电器时间：只要按时完成，具体运行时间都可以；参与安排：通常与家人共同商量决定；需求优先：没有特别优先；节费/错峰重视 3/2；系统控制：更愿意自己安排，尽量不让系统调整。
m03 子女，11岁，上学 / 通常固定时间外出工作或学习；工作日通常在家 00:00–07:30、18:30–24:00；室温感受：比较敏感，小幅变化也容易不舒服；电器时间：只接受小幅提前或推迟；参与安排：通常与家人共同商量决定；需求优先：通常会优先考虑；节费/错峰重视 5/3；系统控制：每次先问，得到明确同意后再调整。
m04 子女，7岁，上学 / 通常固定时间外出工作或学习；工作日通常在家 00:00–07:30、18:30–24:00；室温感受：不太敏感，室温变化较大也通常能适应；电器时间：只接受小幅提前或推迟；参与安排：通常与家人共同商量决定；需求优先：通常会优先考虑；节费/错峰重视 2/4；系统控制：在约定范围内，可以让系统自动调整。
m05 伴侣，43岁，照顾家人 / 部分时间在家，部分时间外出；工作日通常在家 00:00–09:00、12:00–15:00、19:00–24:00；室温感受：能接受小幅变化，变化较大会不舒服；电器时间：希望按原定时间运行，尽量不调整；参与安排：通常与家人共同商量决定；需求优先：没有特别优先；节费/错峰重视 4/5；系统控制：更愿意自己安排，尽量不让系统调整。
通常白天：大部分时间有人；晚间：部分时间有人；作息：变化较多；深夜用电：偶尔；事件当天是否在受控房间另核。
家庭月收入情境 47500元、上月电费情境 720元；电费压力 4/5。本月电费占可安排预算较小。
节费/舒适/错峰重视 1/5/2；控制边界：更愿意自己安排，尽量不让系统调整；提前通知 无需提前；受保护活动：睡眠休息, 做饭用餐, 照顾家人。
居住方式：整套租住；电价背景：峰谷分时电价；定时/自动控制经验：偶尔使用；既有错峰经验：没有参加过；受扰后恢复偏好：改回原安排；其他背景设备：冰箱。
空调 2台，每周 2—3天；下午到睡前（14:00—23:00），制冷设定 25℃，室温希望范围 24—26℃，可接受变化 0.5℃。条件：有人在受控房间时使用；轮班或事件日另核，不把空屋冷量算作舒适收益。
洗衣机 1台，每周 2—3天；默认 19:50，可从 19:00 开始，最晚 23:00 完成，一次 60 分钟。条件：默认时刻须有成员在家并完成装载；轮班或事件日另核，不默认预约或远程启动。
洗碗机 1台，每周 2—3天；默认 21:00，可从 19:00 开始，最晚 24:00 完成，一次 60 分钟。条件：默认时刻须有成员在家并完成装载；轮班或事件日另核，不默认预约或远程启动。
电热水器 1台，每周 2—3天；加热 06:00–08:00，需热水 07:00，提前加热：可以提前安排。条件：普通加热须对准有人需要热水的时段；事件日及额外提前加热按当次许可确认。
参与者对十天方案的选择、理由和评分尚未填写。",UNKNOWN,NOT_COLLECTED,NOT_EXPORTED_PENDING_D_ACCEPTANCE,UNKNOWN
cityrole-0242,eb.synthetic_fixed_profile_300.v1,宝鸡市,陕西,610300,2,2,0,mostly_occupied,partly_home,partly_regular,6400,120,5,电费不构成当前预算约束,本月电费已列入预算，按当前金额可以承担。,comfort_priority,1,5,5,high_trust_auto,3,independent_dwelling,three_rooms,3,60-69,129.0,synthetic_H6_like_whole_dwelling_building_area,129.0,known_synthetic_whole_dwelling,120_159,matches_synthetic_whole_dwelling,apartment,middle,3,cn-home-0242,self_contained_source_three_room,Low-rise apartment_Hanzhong_2001,middle,96.992481,96.992481,0,CHN_Shaanxi.Hanzhong.571270_CSWD,145.078,3637de90da94e87f22224d881d06d1757bd135c6768d9f1a619b1245c14347b9,bfceaf9ebe22fe03a4584fa8e9956a4f7c9c733b025564b20d8847ec5b2cf4e5,7,7,8,household_selected_devices,0,,宝鸡市的2人家庭。独立住房建筑面积约129平方米，七普口径至少3间自然房间。主要说明人（55岁，通常主要在家）、子女（24岁，在家外出交替）。通常白天有人在家。家庭月收入情境约6400元，通常月电费情境约120元；电费不构成当前预算约束。本月电费已列入预算，按当前金额可以承担。纳入安排的设备：空调、洗衣机。节费重视1/5，舒适重视5/5，系统控制边界是约定范围内可自动调整；希望提前3小时通知。费用压力描述的是当前预算余量；节费重视描述的是调整方案时的取舍，两者分别考虑。洗衣等任务需有人在家完成装载。空屋提前开空调须另确认预约或远控与本人许可。,"【合成角色条件；尚无真人回答】
cityrole-0242｜陕西宝鸡市｜2人｜独立住宅，H7 至少3间自然房；整套设计建筑面积129㎡。
楼房中的一套住宅，楼层位置 中间层，房龄背景 2000—2009年；住宅原型 Low-rise apartment_Hanzhong_2001，源户位 middle，天气代理站 CHN_Shaanxi.Hanzhong.571270_CSWD（距城市约145.1km）；天气/原型及房龄并非本户实测。
m01 主要说明人，55岁，居家工作/学习 / 主要在家生活，包括居家工作、学习、休息或照护；工作日通常在家 00:00–24:00；室温感受：比较敏感，小幅变化也容易不舒服；电器时间：希望按原定时间运行，尽量不调整；参与安排：通常主要由这位成员决定；需求优先：没有特别优先；节费/错峰重视 1/4；系统控制：在约定范围内，可以让系统自动调整。
m02 子女，24岁，照顾家人 / 部分时间在家，部分时间外出；工作日通常在家 00:00–09:00、12:00–15:00、19:00–24:00；室温感受：不太敏感，室温变化较大也通常能适应；电器时间：只要按时完成，具体运行时间都可以；参与安排：通常与家人共同商量决定；需求优先：没有特别优先；节费/错峰重视 4/5；系统控制：在约定范围内，可以让系统自动调整。
通常白天：大部分时间有人；晚间：部分时间有人；作息：部分成员或部分日期固定；深夜用电：很少或没有；事件当天是否在受控房间另核。
家庭月收入情境 6400元、上月电费情境 120元；电费压力 5/5。本月电费已列入预算，按当前金额可以承担。
节费/舒适/错峰重视 1/5/5；控制边界：在约定范围内，可以让系统自动调整；提前通知 3 小时；受保护活动：睡眠休息, 做饭用餐。
居住方式：整套租住；电价背景：单一时段电价；定时/自动控制经验：没有使用过；既有错峰经验：没有参加过；受扰后恢复偏好：保留自动安排；其他背景设备：冰箱。
空调 1台，每周 4—6天；傍晚到睡前（18:00—23:00），制冷设定 26℃，室温希望范围 25—27℃，可接受变化 1℃。条件：有人在受控房间时使用；18:00–18:30若空屋预冷，须当天确认家户许可及实际预约/远控能力，否则到家后开启；空屋冷量不算舒适收益。
洗衣机 1台，每周 4—6天；默认 21:00，可从 19:00 开始，最晚 24:00 完成，一次 60 分钟。条件：默认时刻须有成员在家并完成装载；轮班或事件日另核，不默认预约或远程启动。
参与者对十天方案的选择、理由和评分尚未填写。",UNKNOWN,NOT_COLLECTED,NOT_EXPORTED_PENDING_D_ACCEPTANCE,UNKNOWN
cityrole-0243,eb.synthetic_fixed_profile_300.v1,南阳市,河南,411300,3,2,0,mostly_occupied,partly_home,irregular,6000,720,2,电费有压力，需调整其他开支,必要生活开支较多，本月电费变化容易挤占其他项目。,both_low,1,1,1,confirm_required,3,independent_dwelling,five_or_more_rooms,5,60-69,193.5,synthetic_H6_like_whole_dwelling_building_area,193.5,known_synthetic_whole_dwelling,ge160,matches_synthetic_whole_dwelling,rowhouse,NOT_APPLICABLE,two_storey_terraced_inferred_unit,cn-home-0243,terraced_five_room_inferred,Terraced house_Nanyang_2010,edge,145.488722,145.488722,0,CHN_Henan.Nanyang.571780_CSWD,6.005,c1ba39b8ff9ac969ceeda0ba1107720769c8a4bcd74597456c65ecf6f9a93e69,ffba5fc2e31a4b176b390f923568152855045c9393814fc7c97f28c370ecb927,14,13,25,household_selected_devices,0,,南阳市的3人家庭。独立住房建筑面积约193.5平方米，七普口径至少5间自然房间。主要说明人（43岁，轮班或时间多变）、子女（7岁，通常定时外出）、伴侣（40岁，通常主要在家）。通常白天有人在家。家庭月收入情境约6000元，通常月电费情境约720元；电费有压力，需调整其他开支。必要生活开支较多，本月电费变化容易挤占其他项目。纳入安排的设备：空调、洗衣机、洗碗机。节费重视1/5，舒适重视1/5，系统控制边界是每次先确认；希望提前3小时通知。虽然电费挤压预算，但家里更在意任务按原计划完成，不愿为了少量节费频繁改时间。洗衣等任务需有人在家完成装载。轮班日按当天在家情况确认。,"【合成角色条件；尚无真人回答】
cityrole-0243｜河南南阳市｜3人｜独立住宅，H7 至少5间自然房；整套设计建筑面积193.5㎡。
联排住宅，楼层位置 不适用，房龄背景 2010—2019年；住宅原型 Terraced house_Nanyang_2010，源户位 edge，天气代理站 CHN_Henan.Nanyang.571780_CSWD（距城市约6.0km）；天气/原型及房龄并非本户实测。
m01 主要说明人，43岁，轮班工作 / 轮班或时间经常变化；工作日到家时段不固定；室温感受：能接受小幅变化，变化较大会不舒服；电器时间：希望按原定时间运行，尽量不调整；参与安排：通常主要由这位成员决定；需求优先：没有特别优先；节费/错峰重视 1/2；系统控制：每次先问，得到明确同意后再调整。
m02 子女，7岁，上学 / 通常固定时间外出工作或学习；工作日通常在家 00:00–07:30、18:30–24:00；室温感受：比较敏感，小幅变化也容易不舒服；电器时间：希望按原定时间运行，尽量不调整；参与安排：通常与家人共同商量决定；需求优先：通常会优先考虑；节费/错峰重视 5/3；系统控制：每次先问，得到明确同意后再调整。
m03 伴侣，40岁，居家工作/学习 / 主要在家生活，包括居家工作、学习、休息或照护；工作日通常在家 00:00–24:00；室温感受：不太敏感，室温变化较大也通常能适应；电器时间：只要按时完成，具体运行时间都可以；参与安排：通常与家人共同商量决定；需求优先：没有特别优先；节费/错峰重视 2/4；系统控制：在约定范围内，可以让系统自动调整。
通常白天：大部分时间有人；晚间：部分时间有人；作息：变化较多；深夜用电：偶尔；事件当天是否在受控房间另核。
家庭月收入情境 6000元、上月电费情境 720元；电费压力 2/5。必要生活开支较多，本月电费变化容易挤占其他项目。
节费/舒适/错峰重视 1/1/1；控制边界：每次先问我，得到明确同意后再调整；提前通知 3 小时；受保护活动：睡眠休息, 做饭用餐, 照顾家人。
居住方式：与他人合租；电价背景：单一时段电价；定时/自动控制经验：没有使用过；既有错峰经验：没有参加过；受扰后恢复偏好：先看影响再决定；其他背景设备：冰箱。
空调 1台，每周 每天（7天）；全天使用，制冷设定 27℃，室温希望范围 26—28℃，可接受变化 1.5℃。条件：有人在受控房间时使用；轮班或事件日另核，不把空屋冷量算作舒适收益。
洗衣机 1台，每周 每天（7天）；默认 19:00，可从 19:00 开始，最晚 23:00 完成，一次 60 分钟。条件：默认时刻须有成员在家并完成装载；轮班或事件日另核，不默认预约或远程启动。
洗碗机 1台，每周 每天（7天）；默认 19:50，可从 19:00 开始，最晚 23:00 完成，一次 60 分钟。条件：默认时刻须有成员在家并完成装载；轮班或事件日另核，不默认预约或远程启动。
参与者对十天方案的选择、理由和评分尚未填写。",UNKNOWN,NOT_COLLECTED,NOT_EXPORTED_PENDING_D_ACCEPTANCE,UNKNOWN
cityrole-0244,eb.synthetic_fixed_profile_300.v1,阜阳市,安徽,341200,1,1,1,sometimes_occupied,partly_home,partly_regular,9500,220,5,电费不构成当前预算约束,本月电费占可安排预算较小。,saving_priority,5,1,2,high_trust_auto,72,independent_dwelling,one_room,1,30-39,34.5,synthetic_H6_like_whole_dwelling_building_area,34.5,known_synthetic_whole_dwelling,lt50,matches_synthetic_whole_dwelling,apartment,middle,3,cn-home-0244,self_contained_openplan,Low-rise apartment_Shouxian_2010,edge,25.93985,25.93985,0,CHN_Anhui.Shouxian.582150_CSWD,97.453,bb19b911623d48af28ae2f8886f8a0ac227bc5c58ab093f1f2c03244c5f9da55,708f252bf5359d8a328858eb87d6691ca2626721084b3a3dd2a69a23a6c72566,7,7,10,household_selected_devices,0,,阜阳市的1人家庭。独立住房建筑面积约34.5平方米，七普口径至少1间自然房间。主要说明人（61岁，在家外出交替）。通常白天部分时间有人。家庭月收入情境约9500元，通常月电费情境约220元；电费不构成当前预算约束。本月电费占可安排预算较小。纳入安排的设备：洗衣机、电热水器。节费重视5/5，舒适重视1/5，系统控制边界是约定范围内可自动调整；希望提前72小时通知。当前电费负担不重，但仍重视避免浪费。洗衣等任务需有人在家完成装载。,"【合成角色条件；尚无真人回答】
cityrole-0244｜安徽阜阳市｜1人｜独立住宅，H7 至少1间自然房；整套设计建筑面积34.5㎡。
楼房中的一套住宅，楼层位置 中间层，房龄背景 2010—2019年；住宅原型 Low-rise apartment_Shouxian_2010，源户位 edge，天气代理站 CHN_Anhui.Shouxian.582150_CSWD（距城市约97.5km）；天气/原型及房龄并非本户实测。
m01 主要说明人，61岁，居家工作/学习 / 部分时间在家，部分时间外出；工作日通常在家 00:00–09:00、12:00–15:00、19:00–24:00；室温感受：不太敏感，室温变化较大也通常能适应；电器时间：只接受小幅提前或推迟；参与安排：通常主要由这位成员决定；需求优先：没有特别优先；节费/错峰重视 5/5；系统控制：在约定范围内，可以让系统自动调整。
通常白天：部分时间有人；晚间：部分时间有人；作息：部分成员或部分日期固定；深夜用电：很少或没有；事件当天是否在受控房间另核。
家庭月收入情境 9500元、上月电费情境 220元；电费压力 5/5。本月电费占可安排预算较小。
节费/舒适/错峰重视 5/1/2；控制边界：在约定范围内，可以让系统自动调整；提前通知 三天或更早；受保护活动：睡眠休息, 做饭用餐。
居住方式：自有住房；电价背景：峰谷分时电价；定时/自动控制经验：偶尔使用；既有错峰经验：没有参加过；受扰后恢复偏好：先看影响再决定；其他背景设备：冰箱。
洗衣机 1台，每周 2—3天；默认 19:50，可从 19:00 开始，最晚 23:00 完成，一次 60 分钟。条件：默认时刻须有成员在家并完成装载；轮班或事件日另核，不默认预约或远程启动。
电热水器 1台，每周 2—3天；加热 06:00–08:00，需热水 07:00，提前加热：可以提前安排。条件：普通加热须对准有人需要热水的时段；事件日及额外提前加热按当次许可确认。
参与者对十天方案的选择、理由和评分尚未填写。",UNKNOWN,NOT_COLLECTED,NOT_EXPORTED_PENDING_D_ACCEPTANCE,UNKNOWN
cityrole-0245,eb.synthetic_fixed_profile_300.v1,杭州市,浙江,330100,2,1,0,mostly_occupied,partly_home,partly_regular,4000,120,5,电费不构成当前预算约束,本月电费已列入预算，按当前金额可以承担。,both_high,5,5,4,confirm_required,48,independent_dwelling,two_rooms,2,30-39,69.0,synthetic_H6_like_whole_dwelling_building_area,69.0,known_synthetic_whole_dwelling,50_89,matches_synthetic_whole_dwelling,apartment,middle,3,cn-home-0245,self_contained_openplan,Low-rise apartment_Hangzhou_2001,middle,51.879699,51.879699,0,CHN_Zhejiang.Hangzhou.584570_CSWD,9.662,a49e0e3321da244b89969ea5899b64711107782fcbfd9fca2d375d484dbe1bea,849cda9c9ada97aeee852cebc69ad716be643ce90a0cef46ba03d9b30ba83605,7,7,8,household_selected_devices,0,,杭州市的2人家庭。独立住房建筑面积约69平方米，七普口径至少2间自然房间。主要说明人（30岁，在家外出交替）、伴侣（30岁，通常主要在家）。通常白天有人在家。家庭月收入情境约4000元，通常月电费情境约120元；电费不构成当前预算约束。本月电费已列入预算，按当前金额可以承担。纳入安排的设备：空调、洗衣机、电热水器。节费重视5/5，舒适重视5/5，系统控制边界是每次先确认；希望提前48小时通知。当前电费负担不重，但仍重视避免浪费。洗衣等任务需有人在家完成装载。,"【合成角色条件；尚无真人回答】
cityrole-0245｜浙江杭州市｜2人｜独立住宅，H7 至少2间自然房；整套设计建筑面积69㎡。
楼房中的一套住宅，楼层位置 中间层，房龄背景 2000—2009年；住宅原型 Low-rise apartment_Hangzhou_2001，源户位 middle，天气代理站 CHN_Zhejiang.Hangzhou.584570_CSWD（距城市约9.7km）；天气/原型及房龄并非本户实测。
m01 主要说明人，30岁，暂未工作（非退休） / 部分时间在家，部分时间外出；工作日通常在家 00:00–09:00、12:00–15:00、19:00–24:00；室温感受：比较敏感，小幅变化也容易不舒服；电器时间：只接受小幅提前或推迟；参与安排：通常主要由这位成员决定；需求优先：没有特别优先；节费/错峰重视 5/3；系统控制：每次先问，得到明确同意后再调整。
m02 伴侣，30岁，居家工作/学习 / 主要在家生活，包括居家工作、学习、休息或照护；工作日通常在家 00:00–24:00；室温感受：不太敏感，室温变化较大也通常能适应；电器时间：只接受小幅提前或推迟；参与安排：通常与家人共同商量决定；需求优先：没有特别优先；节费/错峰重视 2/4；系统控制：在约定范围内，可以让系统自动调整。
通常白天：大部分时间有人；晚间：部分时间有人；作息：部分成员或部分日期固定；深夜用电：很少或没有；事件当天是否在受控房间另核。
家庭月收入情境 4000元、上月电费情境 120元；电费压力 5/5。本月电费已列入预算，按当前金额可以承担。
节费/舒适/错峰重视 5/5/4；控制边界：每次先问我，得到明确同意后再调整；提前通知 两天；受保护活动：睡眠休息, 做饭用餐。
居住方式：自有住房；电价背景：单一时段电价；定时/自动控制经验：没有使用过；既有错峰经验：没有参加过；受扰后恢复偏好：改回原安排；其他背景设备：冰箱。
空调 2台，每周 4—6天；下午到睡前（14:00—23:00），制冷设定 25℃，室温希望范围 24—26℃，可接受变化 1℃。条件：有人在受控房间时使用；轮班或事件日另核，不把空屋冷量算作舒适收益。
洗衣机 1台，每周 4—6天；默认 21:00，可从 19:00 开始，最晚 24:00 完成，一次 60 分钟。条件：默认时刻须有成员在家并完成装载；轮班或事件日另核，不默认预约或远程启动。
电热水器 1台，每周 4—6天；加热 19:00–22:00，需热水 21:00，提前加热：每次先确认。条件：普通加热须对准有人需要热水的时段；事件日及额外提前加热按当次许可确认。
参与者对十天方案的选择、理由和评分尚未填写。",UNKNOWN,NOT_COLLECTED,NOT_EXPORTED_PENDING_D_ACCEPTANCE,UNKNOWN
cityrole-0246,eb.synthetic_fixed_profile_300.v1,广州市,广东,440100,1,1,0,mostly_absent,mostly_home,regular,4500,520,1,电费超出预算会挤占必要支出,必要生活开支较多，本月电费变化容易挤占其他项目。,both_high,4,4,2,low_auto_accept,48,independent_dwelling,two_rooms,2,40-49,44.5,synthetic_H6_like_whole_dwelling_building_area,44.5,known_synthetic_whole_dwelling,lt50,matches_synthetic_whole_dwelling,apartment,middle,3,cn-home-0246,self_contained_openplan,Low-rise apartment_Guangzhou_2003,edge,33.458647,33.458647,0,CHN_Guangdong.Guangzhou.592870_CSWD,5.46,8aba1405cf372b1266858ed2455d3b45d43a20315f9e450e72373d5a70b4a026,070c01e9dff482c51d277a21a3da84c23dd87820e6cf4a07712545030070f3df,7,7,10,household_selected_devices,0,,广州市的1人家庭。独立住房建筑面积约44.5平方米，七普口径至少2间自然房间。主要说明人（33岁，通常定时外出）。通常白天多在外。家庭月收入情境约4500元，通常月电费情境约520元；电费超出预算会挤占必要支出。必要生活开支较多，本月电费变化容易挤占其他项目。纳入安排的设备：洗衣机、烘干机、电热水器。节费重视4/5，舒适重视4/5，系统控制边界是以自己安排为主；希望提前48小时通知。费用压力描述的是当前预算余量；节费重视描述的是调整方案时的取舍，两者分别考虑。洗衣等任务需有人在家完成装载。,"【合成角色条件；尚无真人回答】
cityrole-0246｜广东广州市｜1人｜独立住宅，H7 至少2间自然房；整套设计建筑面积44.5㎡。
楼房中的一套住宅，楼层位置 中间层，房龄背景 2000—2009年；住宅原型 Low-rise apartment_Guangzhou_2003，源户位 edge，天气代理站 CHN_Guangdong.Guangzhou.592870_CSWD（距城市约5.5km）；天气/原型及房龄并非本户实测。
m01 主要说明人，33岁，在外工作 / 通常固定时间外出工作或学习；工作日通常在家 00:00–07:30、18:30–24:00；室温感受：能接受小幅变化，变化较大会不舒服；电器时间：只要按时完成，具体运行时间都可以；参与安排：通常主要由这位成员决定；需求优先：没有特别优先；节费/错峰重视 4/1；系统控制：更愿意自己安排，尽量不让系统调整。
通常白天：大部分时间没人；晚间：大部分时间有人；作息：大体固定；深夜用电：很少或没有；事件当天是否在受控房间另核。
家庭月收入情境 4500元、上月电费情境 520元；电费压力 1/5。必要生活开支较多，本月电费变化容易挤占其他项目。
节费/舒适/错峰重视 4/4/2；控制边界：更愿意自己安排，尽量不让系统调整；提前通知 两天；受保护活动：睡眠休息, 做饭用餐。
居住方式：整套租住；电价背景：单一时段电价；定时/自动控制经验：偶尔使用；既有错峰经验：参加过；受扰后恢复偏好：保留自动安排；其他背景设备：冰箱。
洗衣机 1台，每周 每天（7天）；默认 19:00，可从 19:00 开始，最晚 23:00 完成，一次 60 分钟。条件：默认时刻须有成员在家并完成装载；轮班或事件日另核，不默认预约或远程启动。
烘干机 1台，每周 每天（7天）；默认 21:00，可从 19:00 开始，最晚 24:00 完成，一次 90 分钟。条件：默认时刻须有成员在家并完成装载；轮班或事件日另核，不默认预约或远程启动。
电热水器 1台，每周 每天（7天）；加热 19:50–22:00，需热水 21:00，提前加热：不希望提前加热。条件：普通加热须对准有人需要热水的时段；事件日及额外提前加热按当次许可确认。
参与者对十天方案的选择、理由和评分尚未填写。",UNKNOWN,NOT_COLLECTED,NOT_EXPORTED_PENDING_D_ACCEPTANCE,UNKNOWN
cityrole-0247,eb.synthetic_fixed_profile_300.v1,扬州市,江苏,321000,6,3,0,mostly_occupied,partly_home,partly_regular,57000,120,2,电费有压力，需调整其他开支,本月收入已有其他固定支出安排，可灵活调整的预算较紧。,comfort_priority,2,4,3,low_auto_accept,1,independent_dwelling,three_rooms,3,20-29,147.0,synthetic_H6_like_whole_dwelling_building_area,147.0,known_synthetic_whole_dwelling,120_159,matches_synthetic_whole_dwelling,apartment,top,4,cn-home-0247,self_contained_source_three_room,Low-rise apartment_Nanjing_2001,middle,110.526316,110.526316,0,CHN_Jiangsu.Nanjing.582380_CSWD,75.813,a3597e683006c39186eb8fa774c0a811de2174e42e644672ddb64057cabe52e2,999075d14f05c80a7e57dba81f6b1572473c3842f44223d534b8898501da087a,7,7,8,household_selected_devices,0,,扬州市的6人家庭。独立住房建筑面积约147平方米，七普口径至少3间自然房间。长辈（56岁，通常主要在家）、主要说明人（35岁，在家外出交替）、子女（9岁，通常定时外出）、子女（4岁，通常主要在家）、伴侣（31岁，在家外出交替）、子女（4岁，通常主要在家）。通常白天有人在家。家庭月收入情境约57000元，通常月电费情境约120元；电费有压力，需调整其他开支。本月收入已有其他固定支出安排，可灵活调整的预算较紧。纳入安排的设备：空调、洗衣机。节费重视2/5，舒适重视4/5，系统控制边界是以自己安排为主；希望提前1小时通知。虽然电费挤压预算，但家里更在意任务按原计划完成，不愿为了少量节费频繁改时间。洗衣等任务需有人在家完成装载。空屋提前开空调须另确认预约或远控与本人许可。,"【合成角色条件；尚无真人回答】
cityrole-0247｜江苏扬州市｜6人｜独立住宅，H7 至少3间自然房；整套设计建筑面积147㎡。
楼房中的一套住宅，楼层位置 顶层，房龄背景 2000—2009年；住宅原型 Low-rise apartment_Nanjing_2001，源户位 middle，天气代理站 CHN_Jiangsu.Nanjing.582380_CSWD（距城市约75.8km）；天气/原型及房龄并非本户实测。
m01 长辈，56岁，居家工作/学习 / 主要在家生活，包括居家工作、学习、休息或照护；工作日通常在家 00:00–24:00；室温感受：不太敏感，室温变化较大也通常能适应；电器时间：只要按时完成，具体运行时间都可以；参与安排：通常主要由这位成员决定；需求优先：没有特别优先；节费/错峰重视 2/4；系统控制：更愿意自己安排，尽量不让系统调整。
m02 主要说明人，35岁，照顾家人 / 部分时间在家，部分时间外出；工作日通常在家 00:00–09:00、12:00–15:00、19:00–24:00；室温感受：能接受小幅变化，变化较大会不舒服；电器时间：只要按时完成，具体运行时间都可以；参与安排：通常与家人共同商量决定；需求优先：没有特别优先；节费/错峰重视 4/5；系统控制：更愿意自己安排，尽量不让系统调整。
m03 子女，9岁，上学 / 通常固定时间外出工作或学习；工作日通常在家 00:00–07:30、18:30–24:00；室温感受：比较敏感，小幅变化也容易不舒服；电器时间：只接受小幅提前或推迟；参与安排：通常与家人共同商量决定；需求优先：通常会优先考虑；节费/错峰重视 1/1；系统控制：每次先问，得到明确同意后再调整。
m04 子女，4岁，尚未入学 / 主要在家生活，包括居家工作、学习、休息或照护；工作日通常在家 00:00–24:00；室温感受：不太敏感，室温变化较大也通常能适应；电器时间：只接受小幅提前或推迟；参与安排：通常与家人共同商量决定；需求优先：通常会优先考虑；节费/错峰重视 3/2；系统控制：在约定范围内，可以让系统自动调整。
m05 伴侣，31岁，暂未工作（非退休） / 部分时间在家，部分时间外出；工作日通常在家 00:00–09:00、12:00–15:00、19:00–24:00；室温感受：能接受小幅变化，变化较大会不舒服；电器时间：希望按原定时间运行，尽量不调整；参与安排：通常与家人共同商量决定；需求优先：没有特别优先；节费/错峰重视 5/3；系统控制：更愿意自己安排，尽量不让系统调整。
m06 子女，4岁，尚未入学 / 主要在家生活，包括居家工作、学习、休息或照护；工作日通常在家 00:00–24:00；室温感受：比较敏感，小幅变化也容易不舒服；电器时间：希望按原定时间运行，尽量不调整；参与安排：通常与家人共同商量决定；需求优先：通常会优先考虑；节费/错峰重视 2/4；系统控制：每次先问，得到明确同意后再调整。
通常白天：大部分时间有人；晚间：部分时间有人；作息：部分成员或部分日期固定；深夜用电：很少或没有；事件当天是否在受控房间另核。
家庭月收入情境 57000元、上月电费情境 120元；电费压力 2/5。本月收入已有其他固定支出安排，可灵活调整的预算较紧。
节费/舒适/错峰重视 2/4/3；控制边界：更愿意自己安排，尽量不让系统调整；提前通知 1 小时；受保护活动：睡眠休息, 做饭用餐, 照顾家人。
居住方式：自有住房；电价背景：峰谷分时电价；定时/自动控制经验：偶尔使用；既有错峰经验：没有参加过；受扰后恢复偏好：改回原安排；其他背景设备：冰箱。
空调 1台，每周 2—3天；傍晚到睡前（18:00—23:00），制冷设定 27℃，室温希望范围 26—28℃，可接受变化 0.5℃。条件：有人在受控房间时使用；18:00–18:30若空屋预冷，须当天确认家户许可及实际预约/远控能力，否则到家后开启；空屋冷量不算舒适收益。
洗衣机 1台，每周 2—3天；默认 19:50，可从 19:00 开始，最晚 23:00 完成，一次 60 分钟。条件：默认时刻须有成员在家并完成装载；轮班或事件日另核，不默认预约或远程启动。
参与者对十天方案的选择、理由和评分尚未填写。",UNKNOWN,NOT_COLLECTED,NOT_EXPORTED_PENDING_D_ACCEPTANCE,UNKNOWN
cityrole-0248,eb.synthetic_fixed_profile_300.v1,抚顺市,辽宁,210400,1,1,0,variable,varies,irregular,6500,520,3,电费可承担，但会留意变化,本月电费可承担，但家庭会留意它的变化。,both_high,4,4,4,low_auto_accept,48,independent_dwelling,one_room,1,40-49,44.5,synthetic_H6_like_whole_dwelling_building_area,44.5,known_synthetic_whole_dwelling,lt50,matches_synthetic_whole_dwelling,apartment,middle,2,cn-home-0248,self_contained_openplan,Low-rise apartment_Shenyang_2010,middle,33.458647,33.458647,0,CHN_Liaoning.Shenyang.543420_CSWD,42.709,3524d8146cd9cd4a8fea451fb2139d515aa640352754c9879225b6bba587af91,cfbd05da1ec5855800d90bd1166cab8c77b3dfff87dacba8a917afd6b1781079,7,7,8,household_selected_devices,0,,抚顺市的1人家庭。独立住房建筑面积约44.5平方米，七普口径至少1间自然房间。主要说明人（53岁，轮班或时间多变）。通常白天不固定。家庭月收入情境约6500元，通常月电费情境约520元；电费可承担，但会留意变化。本月电费可承担，但家庭会留意它的变化。纳入安排的设备：洗衣机、电热水器。节费重视4/5，舒适重视4/5，系统控制边界是以自己安排为主；希望提前48小时通知。费用压力描述的是当前预算余量；节费重视描述的是调整方案时的取舍，两者分别考虑。洗衣等任务需有人在家完成装载。轮班日按当天在家情况确认。,"【合成角色条件；尚无真人回答】
cityrole-0248｜辽宁抚顺市｜1人｜独立住宅，H7 至少1间自然房；整套设计建筑面积44.5㎡。
楼房中的一套住宅，楼层位置 中间层，房龄背景 2010—2019年；住宅原型 Low-rise apartment_Shenyang_2010，源户位 middle，天气代理站 CHN_Liaoning.Shenyang.543420_CSWD（距城市约42.7km）；天气/原型及房龄并非本户实测。
m01 主要说明人，53岁，轮班工作 / 轮班或时间经常变化；工作日到家时段不固定；室温感受：比较敏感，小幅变化也容易不舒服；电器时间：希望按原定时间运行，尽量不调整；参与安排：通常主要由这位成员决定；需求优先：没有特别优先；节费/错峰重视 4/2；系统控制：更愿意自己安排，尽量不让系统调整。
通常白天：不固定，很难概括；晚间：每天不太固定；作息：变化较多；深夜用电：偶尔；事件当天是否在受控房间另核。
家庭月收入情境 6500元、上月电费情境 520元；电费压力 3/5。本月电费可承担，但家庭会留意它的变化。
节费/舒适/错峰重视 4/4/4；控制边界：更愿意自己安排，尽量不让系统调整；提前通知 两天；受保护活动：睡眠休息, 做饭用餐。
居住方式：整套租住；电价背景：峰谷分时电价；定时/自动控制经验：没有使用过；既有错峰经验：没有参加过；受扰后恢复偏好：保留自动安排；其他背景设备：冰箱。
洗衣机 1台，每周 4—6天；默认 21:00，可从 19:00 开始，最晚 24:00 完成，一次 60 分钟。条件：默认时刻须有成员在家并完成装载；轮班或事件日另核，不默认预约或远程启动。
电热水器 1台，每周 4—6天；加热 19:00–22:00，需热水 21:00，提前加热：每次先确认。条件：普通加热须对准有人需要热水的时段；事件日及额外提前加热按当次许可确认。
参与者对十天方案的选择、理由和评分尚未填写。",UNKNOWN,NOT_COLLECTED,NOT_EXPORTED_PENDING_D_ACCEPTANCE,UNKNOWN
cityrole-0249,eb.synthetic_fixed_profile_300.v1,广州市,广东,440100,3,2,1,mostly_occupied,partly_home,irregular,9600,360,1,电费超出预算会挤占必要支出,必要生活开支较多，本月电费变化容易挤占其他项目。,comfort_priority,2,4,4,low_auto_accept,12,independent_dwelling,two_rooms,2,20-29,73.5,synthetic_H6_like_whole_dwelling_building_area,73.5,known_synthetic_whole_dwelling,50_89,matches_synthetic_whole_dwelling,apartment,middle,4,cn-home-0249,self_contained_openplan,High-rise apartment(slab type)_Guangzhou_2003,middle,55.263158,55.263158,0,CHN_Guangdong.Guangzhou.592870_CSWD,5.46,8aba1405cf372b1266858ed2455d3b45d43a20315f9e450e72373d5a70b4a026,acf1af2c412aa2a57087fba8e09b1da36d1386528d232dda1078b6e0f79e6d54,7,7,8,household_selected_devices,0,,广州市的3人家庭。独立住房建筑面积约73.5平方米，七普口径至少2间自然房间。主要说明人（77岁，通常主要在家）、子女（49岁，通常定时外出）、子女（50岁，轮班或时间多变）。通常白天有人在家。家庭月收入情境约9600元，通常月电费情境约360元；电费超出预算会挤占必要支出。必要生活开支较多，本月电费变化容易挤占其他项目。纳入安排的设备：空调、洗衣机、电热水器。节费重视2/5，舒适重视4/5，系统控制边界是以自己安排为主；希望提前12小时通知。虽然电费挤压预算，但家里更在意任务按原计划完成，不愿为了少量节费频繁改时间。洗衣等任务需有人在家完成装载。轮班日按当天在家情况确认。,"【合成角色条件；尚无真人回答】
cityrole-0249｜广东广州市｜3人｜独立住宅，H7 至少2间自然房；整套设计建筑面积73.5㎡。
楼房中的一套住宅，楼层位置 中间层，房龄背景 2000—2009年；住宅原型 High-rise apartment(slab type)_Guangzhou_2003，源户位 middle，天气代理站 CHN_Guangdong.Guangzhou.592870_CSWD（距城市约5.5km）；天气/原型及房龄并非本户实测。
m01 主要说明人，77岁，退休 / 主要在家生活，包括居家工作、学习、休息或照护；工作日通常在家 00:00–24:00；室温感受：能接受小幅变化，变化较大会不舒服；电器时间：希望按原定时间运行，尽量不调整；参与安排：通常主要由这位成员决定；需求优先：没有特别优先；节费/错峰重视 2/5；系统控制：更愿意自己安排，尽量不让系统调整。
m02 子女，49岁，在外工作 / 通常固定时间外出工作或学习；工作日通常在家 00:00–07:30、18:30–24:00；室温感受：比较敏感，小幅变化也容易不舒服；电器时间：希望按原定时间运行，尽量不调整；参与安排：通常与家人共同商量决定；需求优先：没有特别优先；节费/错峰重视 1/1；系统控制：每次先问，得到明确同意后再调整。
m03 子女，50岁，轮班工作 / 轮班或时间经常变化；工作日到家时段不固定；室温感受：不太敏感，室温变化较大也通常能适应；电器时间：只要按时完成，具体运行时间都可以；参与安排：通常与家人共同商量决定；需求优先：没有特别优先；节费/错峰重视 3/2；系统控制：在约定范围内，可以让系统自动调整。
通常白天：大部分时间有人；晚间：部分时间有人；作息：变化较多；深夜用电：偶尔；事件当天是否在受控房间另核。
家庭月收入情境 9600元、上月电费情境 360元；电费压力 1/5。必要生活开支较多，本月电费变化容易挤占其他项目。
节费/舒适/错峰重视 2/4/4；控制边界：更愿意自己安排，尽量不让系统调整；提前通知 半天；受保护活动：睡眠休息, 做饭用餐。
居住方式：自有住房；电价背景：峰谷分时电价；定时/自动控制经验：没有使用过；既有错峰经验：没有参加过；受扰后恢复偏好：改回原安排；其他背景设备：冰箱。
空调 2台，每周 每天（7天）；下午到睡前（14:00—23:00），制冷设定 25℃，室温希望范围 24—26℃，可接受变化 1.5℃。条件：有人在受控房间时使用；轮班或事件日另核，不把空屋冷量算作舒适收益。
洗衣机 1台，每周 每天（7天）；默认 19:00，可从 19:00 开始，最晚 23:00 完成，一次 60 分钟。条件：默认时刻须有成员在家并完成装载；轮班或事件日另核，不默认预约或远程启动。
电热水器 1台，每周 每天（7天）；加热 19:50–22:00，需热水 21:00，提前加热：不希望提前加热。条件：普通加热须对准有人需要热水的时段；事件日及额外提前加热按当次许可确认。
参与者对十天方案的选择、理由和评分尚未填写。",UNKNOWN,NOT_COLLECTED,NOT_EXPORTED_PENDING_D_ACCEPTANCE,UNKNOWN
cityrole-0250,eb.synthetic_fixed_profile_300.v1,鹤岗市,黑龙江,230400,1,1,0,sometimes_occupied,partly_home,partly_regular,4500,540,5,电费不构成当前预算约束,家庭已为当前电费预留预算，按这个金额可以承担；增加用电仍需重新权衡。,middle,3,3,1,confirm_required,48,independent_dwelling,two_rooms,2,50-59,54.5,synthetic_H6_like_whole_dwelling_building_area,54.5,known_synthetic_whole_dwelling,50_89,matches_synthetic_whole_dwelling,apartment,middle,6,cn-home-0250,self_contained_openplan,High-rise apartment(slab type)_Jiamusi_2010,edge,40.977444,40.977444,0,CHN_Heilongjiang.Jiamusi.508730_CSWD,54.047,ddd314b5da6ee89bb5ed0b5c005258fab0e74bd5324e9483e572e54994419bc0,dc857c029dfbee995ea1299f9994d1fda5cdfe395c344ac9337e0f17489d8a76,7,7,10,household_selected_devices,0,,鹤岗市的1人家庭。独立住房建筑面积约54.5平方米，七普口径至少2间自然房间。主要说明人（42岁，在家外出交替）。通常白天部分时间有人。家庭月收入情境约4500元，通常月电费情境约540元；电费不构成当前预算约束。家庭已为当前电费预留预算，按这个金额可以承担；增加用电仍需重新权衡。纳入安排的设备：洗衣机、电热水器。节费重视3/5，舒适重视3/5，系统控制边界是每次先确认；希望提前48小时通知。费用压力描述的是当前预算余量；节费重视描述的是调整方案时的取舍，两者分别考虑。洗衣等任务需有人在家完成装载。,"【合成角色条件；尚无真人回答】
cityrole-0250｜黑龙江鹤岗市｜1人｜独立住宅，H7 至少2间自然房；整套设计建筑面积54.5㎡。
楼房中的一套住宅，楼层位置 中间层，房龄背景 2010—2019年；住宅原型 High-rise apartment(slab type)_Jiamusi_2010，源户位 edge，天气代理站 CHN_Heilongjiang.Jiamusi.508730_CSWD（距城市约54.0km）；天气/原型及房龄并非本户实测。
m01 主要说明人，42岁，暂未工作（非退休） / 部分时间在家，部分时间外出；工作日通常在家 00:00–09:00、12:00–15:00、19:00–24:00；室温感受：不太敏感，室温变化较大也通常能适应；电器时间：只接受小幅提前或推迟；参与安排：通常主要由这位成员决定；需求优先：没有特别优先；节费/错峰重视 3/3；系统控制：每次先问，得到明确同意后再调整。
通常白天：部分时间有人；晚间：部分时间有人；作息：部分成员或部分日期固定；深夜用电：很少或没有；事件当天是否在受控房间另核。
家庭月收入情境 4500元、上月电费情境 540元；电费压力 5/5。家庭已为当前电费预留预算，按这个金额可以承担；增加用电仍需重新权衡。
节费/舒适/错峰重视 3/3/1；控制边界：每次先问我，得到明确同意后再调整；提前通知 两天；受保护活动：睡眠休息, 做饭用餐。
居住方式：与他人合租；电价背景：峰谷分时电价；定时/自动控制经验：经常使用；既有错峰经验：没有参加过；受扰后恢复偏好：先看影响再决定；其他背景设备：冰箱。
洗衣机 1台，每周 2—3天；默认 19:50，可从 19:00 开始，最晚 23:00 完成，一次 60 分钟。条件：默认时刻须有成员在家并完成装载；轮班或事件日另核，不默认预约或远程启动。
电热水器 1台，每周 2—3天；加热 06:00–08:00，需热水 07:00，提前加热：可以提前安排。条件：普通加热须对准有人需要热水的时段；事件日及额外提前加热按当次许可确认。
参与者对十天方案的选择、理由和评分尚未填写。",UNKNOWN,NOT_COLLECTED,NOT_EXPORTED_PENDING_D_ACCEPTANCE,UNKNOWN
cityrole-0251,eb.synthetic_fixed_profile_300.v1,清远市,广东,441800,2,1,0,variable,varies,irregular,4000,360,3,电费可承担，但会留意变化,本月电费可承担，但家庭会留意它的变化。,both_high,5,5,3,high_trust_auto,3,independent_dwelling,one_room,1,30-39,69.0,synthetic_H6_like_whole_dwelling_building_area,69.0,known_synthetic_whole_dwelling,50_89,matches_synthetic_whole_dwelling,apartment,middle,2,cn-home-0251,self_contained_openplan,Low-rise apartment_Guangzhou_2003,middle,51.879699,51.879699,0,CHN_Guangdong.Guangzhou.592870_CSWD,69.577,8aba1405cf372b1266858ed2455d3b45d43a20315f9e450e72373d5a70b4a026,fba9b253b6568d66908f82e43a3f3bca6d351215aa956deea9a6ba8836bc0539,7,7,8,household_selected_devices,0,,清远市的2人家庭。独立住房建筑面积约69平方米，七普口径至少1间自然房间。主要说明人（36岁，通常定时外出）、伴侣（41岁，轮班或时间多变）。通常白天不固定。家庭月收入情境约4000元，通常月电费情境约360元；电费可承担，但会留意变化。本月电费可承担，但家庭会留意它的变化。纳入安排的设备：空调、洗衣机。节费重视5/5，舒适重视5/5，系统控制边界是约定范围内可自动调整；希望提前3小时通知。费用压力描述的是当前预算余量；节费重视描述的是调整方案时的取舍，两者分别考虑。洗衣等任务需有人在家完成装载。空屋提前开空调须另确认预约或远控与本人许可。轮班日按当天在家情况确认。,"【合成角色条件；尚无真人回答】
cityrole-0251｜广东清远市｜2人｜独立住宅，H7 至少1间自然房；整套设计建筑面积69㎡。
楼房中的一套住宅，楼层位置 中间层，房龄背景 2000—2009年；住宅原型 Low-rise apartment_Guangzhou_2003，源户位 middle，天气代理站 CHN_Guangdong.Guangzhou.592870_CSWD（距城市约69.6km）；天气/原型及房龄并非本户实测。
m01 主要说明人，36岁，在外工作 / 通常固定时间外出工作或学习；工作日通常在家 00:00–07:30、18:30–24:00；室温感受：比较敏感，小幅变化也容易不舒服；电器时间：只接受小幅提前或推迟；参与安排：通常主要由这位成员决定；需求优先：没有特别优先；节费/错峰重视 5/1；系统控制：在约定范围内，可以让系统自动调整。
m02 伴侣，41岁，轮班工作 / 轮班或时间经常变化；工作日到家时段不固定；室温感受：不太敏感，室温变化较大也通常能适应；电器时间：只接受小幅提前或推迟；参与安排：通常与家人共同商量决定；需求优先：没有特别优先；节费/错峰重视 3/2；系统控制：在约定范围内，可以让系统自动调整。
通常白天：不固定，很难概括；晚间：每天不太固定；作息：变化较多；深夜用电：偶尔；事件当天是否在受控房间另核。
家庭月收入情境 4000元、上月电费情境 360元；电费压力 3/5。本月电费可承担，但家庭会留意它的变化。
节费/舒适/错峰重视 5/5/3；控制边界：在约定范围内，可以让系统自动调整；提前通知 3 小时；受保护活动：睡眠休息, 做饭用餐。
居住方式：整套租住；电价背景：单一时段电价；定时/自动控制经验：经常使用；既有错峰经验：没有参加过；受扰后恢复偏好：保留自动安排；其他背景设备：冰箱。
空调 1台，每周 4—6天；傍晚到睡前（18:00—23:00），制冷设定 27℃，室温希望范围 26—28℃，可接受变化 1℃。条件：有人在受控房间时使用；18:00–18:30若空屋预冷，须当天确认家户许可及实际预约/远控能力，否则到家后开启；空屋冷量不算舒适收益。
洗衣机 1台，每周 4—6天；默认 21:00，可从 19:00 开始，最晚 24:00 完成，一次 60 分钟。条件：默认时刻须有成员在家并完成装载；轮班或事件日另核，不默认预约或远程启动。
参与者对十天方案的选择、理由和评分尚未填写。",UNKNOWN,NOT_COLLECTED,NOT_EXPORTED_PENDING_D_ACCEPTANCE,UNKNOWN
cityrole-0252,eb.synthetic_fixed_profile_300.v1,铜陵市,安徽,340700,2,1,0,mostly_occupied,partly_home,partly_regular,9000,120,1,电费超出预算会挤占必要支出,必要生活开支较多，本月电费变化容易挤占其他项目。,comfort_priority,1,5,1,confirm_required,24,independent_dwelling,two_rooms,2,40-49,89.0,synthetic_H6_like_whole_dwelling_building_area,89.0,known_synthetic_whole_dwelling,50_89,matches_synthetic_whole_dwelling,apartment,middle,2,cn-home-0252,self_contained_openplan,Low-rise apartment_Anqing_2001,middle,66.917293,66.917293,0,CHN_Anhui.Dongcheng.583190_CSWD,83.415,c2d569e239f0fcf065fed5f0119c6ea6ab33882dd2fe84b7d48dd3f324f6cd3f,20d2d1e506764a237efc4f5a55fbd61e24a913fff760faf2fadc78b633ed5837,7,7,8,household_selected_devices,0,,铜陵市的2人家庭。独立住房建筑面积约89平方米，七普口径至少2间自然房间。主要说明人（41岁，通常主要在家）、伴侣（42岁，在家外出交替）。通常白天有人在家。家庭月收入情境约9000元，通常月电费情境约120元；电费超出预算会挤占必要支出。必要生活开支较多，本月电费变化容易挤占其他项目。纳入安排的设备：空调、洗衣机。节费重视1/5，舒适重视5/5，系统控制边界是每次先确认；希望提前24小时通知。虽然电费挤压预算，但家里更在意任务按原计划完成，不愿为了少量节费频繁改时间。洗衣等任务需有人在家完成装载。,"【合成角色条件；尚无真人回答】
cityrole-0252｜安徽铜陵市｜2人｜独立住宅，H7 至少2间自然房；整套设计建筑面积89㎡。
楼房中的一套住宅，楼层位置 中间层，房龄背景 2000—2009年；住宅原型 Low-rise apartment_Anqing_2001，源户位 middle，天气代理站 CHN_Anhui.Dongcheng.583190_CSWD（距城市约83.4km）；天气/原型及房龄并非本户实测。
m01 主要说明人，41岁，居家工作/学习 / 主要在家生活，包括居家工作、学习、休息或照护；工作日通常在家 00:00–24:00；室温感受：能接受小幅变化，变化较大会不舒服；电器时间：只要按时完成，具体运行时间都可以；参与安排：通常主要由这位成员决定；需求优先：没有特别优先；节费/错峰重视 1/4；系统控制：每次先问，得到明确同意后再调整。
m02 伴侣，42岁，照顾家人 / 部分时间在家，部分时间外出；工作日通常在家 00:00–09:00、12:00–15:00、19:00–24:00；室温感受：比较敏感，小幅变化也容易不舒服；电器时间：只接受小幅提前或推迟；参与安排：通常与家人共同商量决定；需求优先：没有特别优先；节费/错峰重视 4/5；系统控制：每次先问，得到明确同意后再调整。
通常白天：大部分时间有人；晚间：部分时间有人；作息：部分成员或部分日期固定；深夜用电：很少或没有；事件当天是否在受控房间另核。
家庭月收入情境 9000元、上月电费情境 120元；电费压力 1/5。必要生活开支较多，本月电费变化容易挤占其他项目。
节费/舒适/错峰重视 1/5/1；控制边界：每次先问我，得到明确同意后再调整；提前通知 一天；受保护活动：睡眠休息, 做饭用餐。
居住方式：自有住房；电价背景：峰谷分时电价；定时/自动控制经验：没有使用过；既有错峰经验：没有参加过；受扰后恢复偏好：改回原安排；其他背景设备：冰箱。
空调 1台，每周 每天（7天）；自己选择使用时段（可跨午夜），制冷设定 24℃，室温希望范围 23—25℃，可接受变化 1.5℃，自选时段 16:00–23:00。条件：有人在受控房间时使用；轮班或事件日另核，不把空屋冷量算作舒适收益。
洗衣机 1台，每周 每天（7天）；默认 19:00，可从 19:00 开始，最晚 23:00 完成，一次 60 分钟。条件：默认时刻须有成员在家并完成装载；轮班或事件日另核，不默认预约或远程启动。
参与者对十天方案的选择、理由和评分尚未填写。",UNKNOWN,NOT_COLLECTED,NOT_EXPORTED_PENDING_D_ACCEPTANCE,UNKNOWN
cityrole-0253,eb.synthetic_fixed_profile_300.v1,白山市,吉林,220600,2,1,1,mostly_occupied,mostly_home,regular,6400,720,4,电费有余量，通常不需改变开支,家庭已为当前电费预留预算，按这个金额可以承担；增加用电仍需重新权衡。,comfort_priority,1,5,4,high_trust_auto,0.5,independent_dwelling,two_rooms,2,50-59,109.0,synthetic_H6_like_whole_dwelling_building_area,109.0,known_synthetic_whole_dwelling,90_119,matches_synthetic_whole_dwelling,apartment,ground,1,cn-home-0253,self_contained_openplan,Low-rise apartment_Donggang_1986,middle,81.954887,81.954887,0,CHN_Jilin.Donggang.542840_CSWD,96.322,568322f0d73675040ccf73e549919c8f7a758314ffa290f679210abebdd08404,bd9d9b1212af4a2b55b995d2f210d5e4551ff5cd44ec03dda67f77afa5ffe105,7,7,8,household_selected_devices,0,,白山市的2人家庭。独立住房建筑面积约109平方米，七普口径至少2间自然房间。主要说明人（79岁，通常主要在家）、伴侣（79岁，通常主要在家）。通常白天有人在家。家庭月收入情境约6400元，通常月电费情境约720元；电费有余量，通常不需改变开支。家庭已为当前电费预留预算，按这个金额可以承担；增加用电仍需重新权衡。纳入安排的设备：空调、洗衣机、电热水器。节费重视1/5，舒适重视5/5，系统控制边界是约定范围内可自动调整；希望提前0.5小时通知。费用压力描述的是当前预算余量；节费重视描述的是调整方案时的取舍，两者分别考虑。洗衣等任务需有人在家完成装载。,"【合成角色条件；尚无真人回答】
cityrole-0253｜吉林白山市｜2人｜独立住宅，H7 至少2间自然房；整套设计建筑面积109㎡。
楼房中的一套住宅，楼层位置 底层，房龄背景 2000年前；住宅原型 Low-rise apartment_Donggang_1986，源户位 middle，天气代理站 CHN_Jilin.Donggang.542840_CSWD（距城市约96.3km）；天气/原型及房龄并非本户实测。
m01 主要说明人，79岁，退休 / 主要在家生活，包括居家工作、学习、休息或照护；工作日通常在家 00:00–24:00；室温感受：不太敏感，室温变化较大也通常能适应；电器时间：只要按时完成，具体运行时间都可以；参与安排：通常主要由这位成员决定；需求优先：没有特别优先；节费/错峰重视 1/2；系统控制：在约定范围内，可以让系统自动调整。
m02 伴侣，79岁，照顾家人 / 主要在家生活，包括居家工作、学习、休息或照护；工作日通常在家 00:00–24:00；室温感受：能接受小幅变化，变化较大会不舒服；电器时间：只要按时完成，具体运行时间都可以；参与安排：通常与家人共同商量决定；需求优先：没有特别优先；节费/错峰重视 5/3；系统控制：更愿意自己安排，尽量不让系统调整。
通常白天：大部分时间有人；晚间：大部分时间有人；作息：大体固定；深夜用电：很少或没有；事件当天是否在受控房间另核。
家庭月收入情境 6400元、上月电费情境 720元；电费压力 4/5。家庭已为当前电费预留预算，按这个金额可以承担；增加用电仍需重新权衡。
节费/舒适/错峰重视 1/5/4；控制边界：在约定范围内，可以让系统自动调整；提前通知 半小时；受保护活动：睡眠休息, 做饭用餐。
居住方式：整套租住；电价背景：峰谷分时电价；定时/自动控制经验：经常使用；既有错峰经验：参加过；受扰后恢复偏好：改回原安排；其他背景设备：冰箱。
空调 2台，每周 2—3天；下午到睡前（14:00—23:00），制冷设定 25℃，室温希望范围 24—26℃，可接受变化 0.5℃。条件：有人在受控房间时使用；轮班或事件日另核，不把空屋冷量算作舒适收益。
洗衣机 1台，每周 2—3天；默认 19:50，可从 19:00 开始，最晚 23:00 完成，一次 60 分钟。条件：默认时刻须有成员在家并完成装载；轮班或事件日另核，不默认预约或远程启动。
电热水器 1台，每周 2—3天；加热 06:00–08:00，需热水 07:00，提前加热：可以提前安排。条件：普通加热须对准有人需要热水的时段；事件日及额外提前加热按当次许可确认。
参与者对十天方案的选择、理由和评分尚未填写。",UNKNOWN,NOT_COLLECTED,NOT_EXPORTED_PENDING_D_ACCEPTANCE,UNKNOWN
cityrole-0254,eb.synthetic_fixed_profile_300.v1,石家庄市,河北,130100,2,1,0,sometimes_occupied,partly_home,partly_regular,13000,360,1,电费超出预算会挤占必要支出,本月收入已有其他固定支出安排，可灵活调整的预算较紧。,both_high,5,5,2,low_auto_accept,0,independent_dwelling,one_room,1,20-29,49.0,synthetic_H6_like_whole_dwelling_building_area,49.0,known_synthetic_whole_dwelling,lt50,matches_synthetic_whole_dwelling,apartment,ground,1,cn-home-0254,self_contained_openplan,Low-rise apartment_Shijiazhuang_1995,middle,36.842105,36.842105,0,CHN_Hebei.Shijiazhuang.536980_CSWD,6.066,f3a95733d503c608e9d1f439a213d678c2cae95a955e24ccc7bcf3b919171fd0,13df3f1bfd19c63d25382a0db0963102586800e6583bc990e454fa190005e0c5,7,7,8,household_selected_devices,0,,石家庄市的2人家庭。独立住房建筑面积约49平方米，七普口径至少1间自然房间。主要说明人（33岁，在家外出交替）、伴侣（33岁，通常定时外出）。通常白天部分时间有人。家庭月收入情境约13000元，通常月电费情境约360元；电费超出预算会挤占必要支出。本月收入已有其他固定支出安排，可灵活调整的预算较紧。纳入安排的设备：空调、洗衣机、电热水器。节费重视5/5，舒适重视5/5，系统控制边界是以自己安排为主；希望提前0小时通知。费用压力描述的是当前预算余量；节费重视描述的是调整方案时的取舍，两者分别考虑。洗衣等任务需有人在家完成装载。空屋提前开空调须另确认预约或远控与本人许可。,"【合成角色条件；尚无真人回答】
cityrole-0254｜河北石家庄市｜2人｜独立住宅，H7 至少1间自然房；整套设计建筑面积49㎡。
楼房中的一套住宅，楼层位置 底层，房龄背景 2000年前；住宅原型 Low-rise apartment_Shijiazhuang_1995，源户位 middle，天气代理站 CHN_Hebei.Shijiazhuang.536980_CSWD（距城市约6.1km）；天气/原型及房龄并非本户实测。
m01 主要说明人，33岁，照顾家人 / 部分时间在家，部分时间外出；工作日通常在家 00:00–09:00、12:00–15:00、19:00–24:00；室温感受：比较敏感，小幅变化也容易不舒服；电器时间：希望按原定时间运行，尽量不调整；参与安排：通常主要由这位成员决定；需求优先：没有特别优先；节费/错峰重视 5/5；系统控制：更愿意自己安排，尽量不让系统调整。
m02 伴侣，33岁，在外工作 / 通常固定时间外出工作或学习；工作日通常在家 00:00–07:30、18:30–24:00；室温感受：不太敏感，室温变化较大也通常能适应；电器时间：只要按时完成，具体运行时间都可以；参与安排：通常与家人共同商量决定；需求优先：没有特别优先；节费/错峰重视 1/1；系统控制：在约定范围内，可以让系统自动调整。
通常白天：部分时间有人；晚间：部分时间有人；作息：部分成员或部分日期固定；深夜用电：很少或没有；事件当天是否在受控房间另核。
家庭月收入情境 13000元、上月电费情境 360元；电费压力 1/5。本月收入已有其他固定支出安排，可灵活调整的预算较紧。
节费/舒适/错峰重视 5/5/2；控制边界：更愿意自己安排，尽量不让系统调整；提前通知 无需提前；受保护活动：睡眠休息, 做饭用餐。
居住方式：整套租住；电价背景：单一时段电价；定时/自动控制经验：偶尔使用；既有错峰经验：没有参加过；受扰后恢复偏好：保留自动安排；其他背景设备：冰箱。
空调 1台，每周 4—6天；傍晚到睡前（18:00—23:00），制冷设定 26℃，室温希望范围 25—27℃，可接受变化 1℃。条件：有人在受控房间时使用；18:00–18:30若空屋预冷，须当天确认家户许可及实际预约/远控能力，否则到家后开启；空屋冷量不算舒适收益。
洗衣机 1台，每周 4—6天；默认 21:00，可从 19:00 开始，最晚 24:00 完成，一次 60 分钟。条件：默认时刻须有成员在家并完成装载；轮班或事件日另核，不默认预约或远程启动。
电热水器 1台，每周 4—6天；加热 19:00–22:00，需热水 21:00，提前加热：每次先确认。条件：普通加热须对准有人需要热水的时段；事件日及额外提前加热按当次许可确认。
参与者对十天方案的选择、理由和评分尚未填写。",UNKNOWN,NOT_COLLECTED,NOT_EXPORTED_PENDING_D_ACCEPTANCE,UNKNOWN
cityrole-0255,eb.synthetic_fixed_profile_300.v1,上海市,上海,310000,3,2,1,mostly_occupied,partly_home,partly_regular,28500,720,2,电费有压力，需调整其他开支,本月收入已有其他固定支出安排，可灵活调整的预算较紧。,both_low,1,1,5,confirm_required,72,independent_dwelling,three_rooms,3,20-29,73.5,synthetic_H6_like_whole_dwelling_building_area,73.5,known_synthetic_whole_dwelling,50_89,matches_synthetic_whole_dwelling,apartment,middle,3,cn-home-0255,self_contained_source_three_room,Low-rise apartment_Shanghai_2001,edge,55.263158,55.263158,0,CHN_Shanghai.Shanghai.583620_CSWD,20.633,aba93c03542042b4da278198119f5b6966aff75e1b2c1eb04acd749f5e5671f3,3cb26c3f4019d340b4cbb181443234712df60365444a93a25e2ce7db1a091070,7,7,10,household_selected_devices,0,,上海市的3人家庭。独立住房建筑面积约73.5平方米，七普口径至少3间自然房间。主要说明人（82岁，在家外出交替）、子女（51岁，通常主要在家）、子女（49岁，在家外出交替）。通常白天有人在家。家庭月收入情境约28500元，通常月电费情境约720元；电费有压力，需调整其他开支。本月收入已有其他固定支出安排，可灵活调整的预算较紧。纳入安排的设备：烘干机、电热水器。节费重视1/5，舒适重视1/5，系统控制边界是每次先确认；希望提前72小时通知。虽然电费挤压预算，但家里更在意任务按原计划完成，不愿为了少量节费频繁改时间。洗衣等任务需有人在家完成装载。,"【合成角色条件；尚无真人回答】
cityrole-0255｜上海上海市｜3人｜独立住宅，H7 至少3间自然房；整套设计建筑面积73.5㎡。
楼房中的一套住宅，楼层位置 中间层，房龄背景 2000—2009年；住宅原型 Low-rise apartment_Shanghai_2001，源户位 edge，天气代理站 CHN_Shanghai.Shanghai.583620_CSWD（距城市约20.6km）；天气/原型及房龄并非本户实测。
m01 主要说明人，82岁，照顾家人 / 部分时间在家，部分时间外出；工作日通常在家 00:00–09:00、12:00–15:00、19:00–24:00；室温感受：能接受小幅变化，变化较大会不舒服；电器时间：希望按原定时间运行，尽量不调整；参与安排：通常主要由这位成员决定；需求优先：没有特别优先；节费/错峰重视 1/3；系统控制：每次先问，得到明确同意后再调整。
m02 子女，51岁，居家工作/学习 / 主要在家生活，包括居家工作、学习、休息或照护；工作日通常在家 00:00–24:00；室温感受：比较敏感，小幅变化也容易不舒服；电器时间：希望按原定时间运行，尽量不调整；参与安排：通常与家人共同商量决定；需求优先：没有特别优先；节费/错峰重视 2/4；系统控制：每次先问，得到明确同意后再调整。
m03 子女，49岁，照顾家人 / 部分时间在家，部分时间外出；工作日通常在家 00:00–09:00、12:00–15:00、19:00–24:00；室温感受：不太敏感，室温变化较大也通常能适应；电器时间：只要按时完成，具体运行时间都可以；参与安排：通常与家人共同商量决定；需求优先：没有特别优先；节费/错峰重视 4/5；系统控制：在约定范围内，可以让系统自动调整。
通常白天：大部分时间有人；晚间：部分时间有人；作息：部分成员或部分日期固定；深夜用电：很少或没有；事件当天是否在受控房间另核。
家庭月收入情境 28500元、上月电费情境 720元；电费压力 2/5。本月收入已有其他固定支出安排，可灵活调整的预算较紧。
节费/舒适/错峰重视 1/1/5；控制边界：每次先问我，得到明确同意后再调整；提前通知 三天或更早；受保护活动：睡眠休息, 做饭用餐。
居住方式：与他人合租；电价背景：峰谷分时电价；定时/自动控制经验：经常使用；既有错峰经验：没有参加过；受扰后恢复偏好：保留自动安排；其他背景设备：冰箱。
烘干机 1台，每周 每天（7天）；默认 21:00，可从 19:00 开始，最晚 24:00 完成，一次 90 分钟。条件：默认时刻须有成员在家并完成装载；轮班或事件日另核，不默认预约或远程启动。
电热水器 1台，每周 每天（7天）；加热 19:50–22:00，需热水 21:00，提前加热：不希望提前加热。条件：普通加热须对准有人需要热水的时段；事件日及额外提前加热按当次许可确认。
参与者对十天方案的选择、理由和评分尚未填写。",UNKNOWN,NOT_COLLECTED,NOT_EXPORTED_PENDING_D_ACCEPTANCE,UNKNOWN
cityrole-0256,eb.synthetic_fixed_profile_300.v1,青岛市,山东,370200,3,2,0,sometimes_occupied,varies,irregular,28500,520,5,电费不构成当前预算约束,本月电费占可安排预算较小。,saving_priority,4,2,4,low_auto_accept,0.5,independent_dwelling,two_rooms,2,17-19,54.0,synthetic_H6_like_whole_dwelling_building_area,54.0,known_synthetic_whole_dwelling,50_89,matches_synthetic_whole_dwelling,apartment,middle,5,cn-home-0256,self_contained_openplan,High-rise apartment(slab type)_Weifang_1986,edge,40.601504,40.601504,0,CHN_Shandong.Weifang.548430_CSWD,126.287,f126b4e56bc616992c2f815ac9760ff4f82fdfb5f16a91461c045d903f15a553,5fd3e32a816dd7d4d89c692547bade3bef043ad47acf9b5da577b372b8f5708b,7,7,10,household_selected_devices,0,,青岛市的3人家庭。独立住房建筑面积约54平方米，七普口径至少2间自然房间。主要说明人（53岁，通常定时外出）、子女（21岁，轮班或时间多变）、子女（25岁，在家外出交替）。通常白天部分时间有人。家庭月收入情境约28500元，通常月电费情境约520元；电费不构成当前预算约束。本月电费占可安排预算较小。纳入安排的设备：空调、洗衣机、电热水器。节费重视4/5，舒适重视2/5，系统控制边界是以自己安排为主；希望提前0.5小时通知。当前电费负担不重，但仍重视避免浪费。洗衣等任务需有人在家完成装载。轮班日按当天在家情况确认。,"【合成角色条件；尚无真人回答】
cityrole-0256｜山东青岛市｜3人｜独立住宅，H7 至少2间自然房；整套设计建筑面积54㎡。
楼房中的一套住宅，楼层位置 中间层，房龄背景 2000年前；住宅原型 High-rise apartment(slab type)_Weifang_1986，源户位 edge，天气代理站 CHN_Shandong.Weifang.548430_CSWD（距城市约126.3km）；天气/原型及房龄并非本户实测。
m01 主要说明人，53岁，在外工作 / 通常固定时间外出工作或学习；工作日通常在家 00:00–07:30、18:30–24:00；室温感受：不太敏感，室温变化较大也通常能适应；电器时间：只接受小幅提前或推迟；参与安排：通常主要由这位成员决定；需求优先：没有特别优先；节费/错峰重视 4/1；系统控制：更愿意自己安排，尽量不让系统调整。
m02 子女，21岁，轮班工作 / 轮班或时间经常变化；工作日到家时段不固定；室温感受：能接受小幅变化，变化较大会不舒服；电器时间：希望按原定时间运行，尽量不调整；参与安排：通常与家人共同商量决定；需求优先：没有特别优先；节费/错峰重视 3/2；系统控制：更愿意自己安排，尽量不让系统调整。
m03 子女，25岁，暂未工作（非退休） / 部分时间在家，部分时间外出；工作日通常在家 00:00–09:00、12:00–15:00、19:00–24:00；室温感受：比较敏感，小幅变化也容易不舒服；电器时间：希望按原定时间运行，尽量不调整；参与安排：通常与家人共同商量决定；需求优先：没有特别优先；节费/错峰重视 5/3；系统控制：每次先问，得到明确同意后再调整。
通常白天：部分时间有人；晚间：每天不太固定；作息：变化较多；深夜用电：偶尔；事件当天是否在受控房间另核。
家庭月收入情境 28500元、上月电费情境 520元；电费压力 5/5。本月电费占可安排预算较小。
节费/舒适/错峰重视 4/2/4；控制边界：更愿意自己安排，尽量不让系统调整；提前通知 半小时；受保护活动：睡眠休息, 做饭用餐。
居住方式：整套租住；电价背景：峰谷分时电价；定时/自动控制经验：没有使用过；既有错峰经验：没有参加过；受扰后恢复偏好：改回原安排；其他背景设备：冰箱。
空调 1台，每周 2—3天；自己选择使用时段（可跨午夜），制冷设定 24℃，室温希望范围 23—25℃，可接受变化 0.5℃，自选时段 19:00–23:00。条件：有人在受控房间时使用；轮班或事件日另核，不把空屋冷量算作舒适收益。
洗衣机 1台，每周 2—3天；默认 19:50，可从 19:00 开始，最晚 23:00 完成，一次 60 分钟。条件：默认时刻须有成员在家并完成装载；轮班或事件日另核，不默认预约或远程启动。
电热水器 1台，每周 2—3天；加热 06:00–08:00，需热水 07:00，提前加热：可以提前安排。条件：普通加热须对准有人需要热水的时段；事件日及额外提前加热按当次许可确认。
参与者对十天方案的选择、理由和评分尚未填写。",UNKNOWN,NOT_COLLECTED,NOT_EXPORTED_PENDING_D_ACCEPTANCE,UNKNOWN
cityrole-0257,eb.synthetic_fixed_profile_300.v1,龙泉市,浙江,331181,2,1,0,mostly_occupied,partly_home,partly_regular,19000,220,4,电费有余量，通常不需改变开支,本月电费占可安排预算较小。,both_high,4,4,5,confirm_required,3,independent_dwelling,four_rooms,4,70及以上,150.0,synthetic_H6_like_whole_dwelling_building_area,150.0,known_synthetic_whole_dwelling,120_159,matches_synthetic_whole_dwelling,apartment,top,9,cn-home-0257,self_contained_four_room_thermally_aggregated,High-rise apartment(slab type)_Wenzhou_2010,edge,112.781955,112.781955,0,CHN_Zhejiang.Quxian.586330_CSWD,105.629,82e53d27aa9512b3126a6a470bdb7689601153138d5b120fa852b0503cd6186b,e3ca625f23960356441aec2dca6e44308a1df98356eec3452a7935c0aad64a71,7,7,10,household_selected_devices,0,,龙泉市的2人家庭。独立住房建筑面积约150平方米，七普口径至少4间自然房间。主要说明人（42岁，通常主要在家）、伴侣（37岁，在家外出交替）。通常白天有人在家。家庭月收入情境约19000元，通常月电费情境约220元；电费有余量，通常不需改变开支。本月电费占可安排预算较小。纳入安排的设备：空调、洗衣机、电热水器。节费重视4/5，舒适重视4/5，系统控制边界是每次先确认；希望提前3小时通知。当前电费负担不重，但仍重视避免浪费。洗衣等任务需有人在家完成装载。,"【合成角色条件；尚无真人回答】
cityrole-0257｜浙江龙泉市｜2人｜独立住宅，H7 至少4间自然房；整套设计建筑面积150㎡。
楼房中的一套住宅，楼层位置 顶层，房龄背景 2010—2019年；住宅原型 High-rise apartment(slab type)_Wenzhou_2010，源户位 edge，天气代理站 CHN_Zhejiang.Quxian.586330_CSWD（距城市约105.6km）；天气/原型及房龄并非本户实测。
m01 主要说明人，42岁，居家工作/学习 / 主要在家生活，包括居家工作、学习、休息或照护；工作日通常在家 00:00–24:00；室温感受：比较敏感，小幅变化也容易不舒服；电器时间：只接受小幅提前或推迟；参与安排：通常主要由这位成员决定；需求优先：没有特别优先；节费/错峰重视 4/4；系统控制：每次先问，得到明确同意后再调整。
m02 伴侣，37岁，照顾家人 / 部分时间在家，部分时间外出；工作日通常在家 00:00–09:00、12:00–15:00、19:00–24:00；室温感受：不太敏感，室温变化较大也通常能适应；电器时间：只接受小幅提前或推迟；参与安排：通常与家人共同商量决定；需求优先：没有特别优先；节费/错峰重视 4/5；系统控制：在约定范围内，可以让系统自动调整。
通常白天：大部分时间有人；晚间：部分时间有人；作息：部分成员或部分日期固定；深夜用电：很少或没有；事件当天是否在受控房间另核。
家庭月收入情境 19000元、上月电费情境 220元；电费压力 4/5。本月电费占可安排预算较小。
节费/舒适/错峰重视 4/4/5；控制边界：每次先问我，得到明确同意后再调整；提前通知 3 小时；受保护活动：睡眠休息, 做饭用餐。
居住方式：与他人合租；电价背景：峰谷分时电价；定时/自动控制经验：偶尔使用；既有错峰经验：没有参加过；受扰后恢复偏好：保留自动安排；其他背景设备：冰箱。
空调 2台，每周 4—6天；下午到睡前（14:00—23:00），制冷设定 25℃，室温希望范围 24—26℃，可接受变化 1℃。条件：有人在受控房间时使用；轮班或事件日另核，不把空屋冷量算作舒适收益。
洗衣机 1台，每周 4—6天；默认 21:00，可从 19:00 开始，最晚 24:00 完成，一次 60 分钟。条件：默认时刻须有成员在家并完成装载；轮班或事件日另核，不默认预约或远程启动。
电热水器 1台，每周 4—6天；加热 19:00–22:00，需热水 21:00，提前加热：每次先确认。条件：普通加热须对准有人需要热水的时段；事件日及额外提前加热按当次许可确认。
参与者对十天方案的选择、理由和评分尚未填写。",UNKNOWN,NOT_COLLECTED,NOT_EXPORTED_PENDING_D_ACCEPTANCE,UNKNOWN
cityrole-0258,eb.synthetic_fixed_profile_300.v1,成都市,四川,510100,2,1,0,sometimes_occupied,varies,irregular,13000,520,4,电费有余量，通常不需改变开支,本月电费占可安排预算较小。,saving_priority,4,2,4,low_auto_accept,1,independent_dwelling,three_rooms,3,70及以上,150.0,synthetic_H6_like_whole_dwelling_building_area,150.0,known_synthetic_whole_dwelling,120_159,matches_synthetic_whole_dwelling,apartment,middle,2,cn-home-0258,self_contained_source_three_room,Low-rise apartment_Chengdu_2010,edge,112.781955,112.781955,0,CHN_Sichuan.Chengdu.562940_CSWD,2.503,7204a177b51424d23876255d175b502ac55aa3178ba1ac01691f571af00196ed,ff7badc1d8c8c2ea7a6d70c7a691092b0560d736875de7db144992374a7bb34f,7,7,10,household_selected_devices,0,,成都市的2人家庭。独立住房建筑面积约150平方米，七普口径至少3间自然房间。主要说明人（45岁，轮班或时间多变）、伴侣（41岁，在家外出交替）。通常白天部分时间有人。家庭月收入情境约13000元，通常月电费情境约520元；电费有余量，通常不需改变开支。本月电费占可安排预算较小。纳入安排的设备：空调、洗衣机。节费重视4/5，舒适重视2/5，系统控制边界是以自己安排为主；希望提前1小时通知。当前电费负担不重，但仍重视避免浪费。洗衣等任务需有人在家完成装载。空屋提前开空调须另确认预约或远控与本人许可。轮班日按当天在家情况确认。,"【合成角色条件；尚无真人回答】
cityrole-0258｜四川成都市｜2人｜独立住宅，H7 至少3间自然房；整套设计建筑面积150㎡。
楼房中的一套住宅，楼层位置 中间层，房龄背景 2010—2019年；住宅原型 Low-rise apartment_Chengdu_2010，源户位 edge，天气代理站 CHN_Sichuan.Chengdu.562940_CSWD（距城市约2.5km）；天气/原型及房龄并非本户实测。
m01 主要说明人，45岁，轮班工作 / 轮班或时间经常变化；工作日到家时段不固定；室温感受：能接受小幅变化，变化较大会不舒服；电器时间：只要按时完成，具体运行时间都可以；参与安排：通常主要由这位成员决定；需求优先：没有特别优先；节费/错峰重视 4/2；系统控制：更愿意自己安排，尽量不让系统调整。
m02 伴侣，41岁，暂未工作（非退休） / 部分时间在家，部分时间外出；工作日通常在家 00:00–09:00、12:00–15:00、19:00–24:00；室温感受：比较敏感，小幅变化也容易不舒服；电器时间：只接受小幅提前或推迟；参与安排：通常与家人共同商量决定；需求优先：没有特别优先；节费/错峰重视 5/3；系统控制：每次先问，得到明确同意后再调整。
通常白天：部分时间有人；晚间：每天不太固定；作息：变化较多；深夜用电：偶尔；事件当天是否在受控房间另核。
家庭月收入情境 13000元、上月电费情境 520元；电费压力 4/5。本月电费占可安排预算较小。
节费/舒适/错峰重视 4/2/4；控制边界：更愿意自己安排，尽量不让系统调整；提前通知 1 小时；受保护活动：睡眠休息, 做饭用餐。
居住方式：整套租住；电价背景：单一时段电价；定时/自动控制经验：偶尔使用；既有错峰经验：没有参加过；受扰后恢复偏好：改回原安排；其他背景设备：冰箱。
空调 1台，每周 每天（7天）；傍晚到睡前（18:00—23:00），制冷设定 26℃，室温希望范围 25—27℃，可接受变化 1.5℃。条件：有人在受控房间时使用；18:00–18:30若空屋预冷，须当天确认家户许可及实际预约/远控能力，否则到家后开启；空屋冷量不算舒适收益。
洗衣机 1台，每周 每天（7天）；默认 19:00，可从 19:00 开始，最晚 23:00 完成，一次 60 分钟。条件：默认时刻须有成员在家并完成装载；轮班或事件日另核，不默认预约或远程启动。
参与者对十天方案的选择、理由和评分尚未填写。",UNKNOWN,NOT_COLLECTED,NOT_EXPORTED_PENDING_D_ACCEPTANCE,UNKNOWN
cityrole-0259,eb.synthetic_fixed_profile_300.v1,广安市,四川,511600,4,3,0,sometimes_occupied,partly_home,partly_regular,26000,220,1,电费超出预算会挤占必要支出,本月收入已有其他固定支出安排，可灵活调整的预算较紧。,both_low,2,2,3,high_trust_auto,12,independent_dwelling,three_rooms,3,60-69,258.0,synthetic_H6_like_whole_dwelling_building_area,258.0,known_synthetic_whole_dwelling,ge160,matches_synthetic_whole_dwelling,apartment,middle,3,cn-home-0259,self_contained_source_three_room,Low-rise apartment_Nanchong_2001,edge,193.984962,193.984962,0,CHN_Sichuan.Nanchong.574110_CSWD,60.285,cde9cb9f0e976ddc4e54dc9716552afd0591c018922fa3b6fb55ef0027959517,54ff88801b746004106cc0b178677582e9acb4f5d20447cb887ab9dc3c617f12,7,7,10,household_selected_devices,0,,广安市的4人家庭。独立住房建筑面积约258平方米，七普口径至少3间自然房间。长辈（59岁，在家外出交替）、主要说明人（35岁，通常定时外出）、子女（9岁，通常定时外出）、子女（6岁，通常定时外出）。通常白天部分时间有人。家庭月收入情境约26000元，通常月电费情境约220元；电费超出预算会挤占必要支出。本月收入已有其他固定支出安排，可灵活调整的预算较紧。纳入安排的设备：空调、洗衣机。节费重视2/5，舒适重视2/5，系统控制边界是约定范围内可自动调整；希望提前12小时通知。虽然电费挤压预算，但家里更在意任务按原计划完成，不愿为了少量节费频繁改时间。洗衣等任务需有人在家完成装载。空屋提前开空调须另确认预约或远控与本人许可。,"【合成角色条件；尚无真人回答】
cityrole-0259｜四川广安市｜4人｜独立住宅，H7 至少3间自然房；整套设计建筑面积258㎡。
楼房中的一套住宅，楼层位置 中间层，房龄背景 2000—2009年；住宅原型 Low-rise apartment_Nanchong_2001，源户位 edge，天气代理站 CHN_Sichuan.Nanchong.574110_CSWD（距城市约60.3km）；天气/原型及房龄并非本户实测。
m01 长辈，59岁，照顾家人 / 部分时间在家，部分时间外出；工作日通常在家 00:00–09:00、12:00–15:00、19:00–24:00；室温感受：不太敏感，室温变化较大也通常能适应；电器时间：只要按时完成，具体运行时间都可以；参与安排：通常主要由这位成员决定；需求优先：通常会优先考虑；节费/错峰重视 2/5；系统控制：在约定范围内，可以让系统自动调整。
m02 主要说明人，35岁，在外工作 / 通常固定时间外出工作或学习；工作日通常在家 00:00–07:30、18:30–24:00；室温感受：能接受小幅变化，变化较大会不舒服；电器时间：只要按时完成，具体运行时间都可以；参与安排：通常与家人共同商量决定；需求优先：没有特别优先；节费/错峰重视 1/1；系统控制：更愿意自己安排，尽量不让系统调整。
m03 子女，9岁，上学 / 通常固定时间外出工作或学习；工作日通常在家 00:00–07:30、18:30–24:00；室温感受：比较敏感，小幅变化也容易不舒服；电器时间：只接受小幅提前或推迟；参与安排：通常与家人共同商量决定；需求优先：通常会优先考虑；节费/错峰重视 3/2；系统控制：每次先问，得到明确同意后再调整。
m04 子女，6岁，上学 / 通常固定时间外出工作或学习；工作日通常在家 00:00–07:30、18:30–24:00；室温感受：不太敏感，室温变化较大也通常能适应；电器时间：只接受小幅提前或推迟；参与安排：通常与家人共同商量决定；需求优先：通常会优先考虑；节费/错峰重视 5/3；系统控制：在约定范围内，可以让系统自动调整。
通常白天：部分时间有人；晚间：部分时间有人；作息：部分成员或部分日期固定；深夜用电：很少或没有；事件当天是否在受控房间另核。
家庭月收入情境 26000元、上月电费情境 220元；电费压力 1/5。本月收入已有其他固定支出安排，可灵活调整的预算较紧。
节费/舒适/错峰重视 2/2/3；控制边界：在约定范围内，可以让系统自动调整；提前通知 半天；受保护活动：睡眠休息, 做饭用餐, 照顾家人。
居住方式：自有住房；电价背景：单一时段电价；定时/自动控制经验：经常使用；既有错峰经验：没有参加过；受扰后恢复偏好：保留自动安排；其他背景设备：冰箱。
空调 1台，每周 2—3天；傍晚到睡前（18:00—23:00），制冷设定 27℃，室温希望范围 26—28℃，可接受变化 0.5℃。条件：有人在受控房间时使用；18:00–18:30若空屋预冷，须当天确认家户许可及实际预约/远控能力，否则到家后开启；空屋冷量不算舒适收益。
洗衣机 1台，每周 2—3天；默认 19:50，可从 19:00 开始，最晚 23:00 完成，一次 60 分钟。条件：默认时刻须有成员在家并完成装载；轮班或事件日另核，不默认预约或远程启动。
参与者对十天方案的选择、理由和评分尚未填写。",UNKNOWN,NOT_COLLECTED,NOT_EXPORTED_PENDING_D_ACCEPTANCE,UNKNOWN
cityrole-0260,eb.synthetic_fixed_profile_300.v1,宜春市,江西,360900,1,1,1,sometimes_occupied,partly_home,partly_regular,4500,120,4,电费有余量，通常不需改变开支,本月电费占可安排预算较小。,comfort_priority,2,4,3,low_auto_accept,72,independent_dwelling,three_rooms,3,70及以上,75.0,synthetic_H6_like_whole_dwelling_building_area,75.0,known_synthetic_whole_dwelling,50_89,matches_synthetic_whole_dwelling,apartment,top,4,cn-home-0260,self_contained_source_three_room,Low-rise apartment_Yichun_2010,edge,56.390977,56.390977,0,CHN_Jiangxi.Yichun.577930_CSWD,0.468,2f7558228ece1ba5f5b38bdf86abccb870573d9e29a8831dad042382203cc73d,1444d3743c5e51a3f739db839719014933522e239741c5651ce498f24f97fbf0,7,7,10,household_selected_devices,0,,宜春市的1人家庭。独立住房建筑面积约75平方米，七普口径至少3间自然房间。主要说明人（76岁，在家外出交替）。通常白天部分时间有人。家庭月收入情境约4500元，通常月电费情境约120元；电费有余量，通常不需改变开支。本月电费占可安排预算较小。纳入安排的设备：空调、洗衣机、电热水器。节费重视2/5，舒适重视4/5，系统控制边界是以自己安排为主；希望提前72小时通知。费用压力描述的是当前预算余量；节费重视描述的是调整方案时的取舍，两者分别考虑。洗衣等任务需有人在家完成装载。,"【合成角色条件；尚无真人回答】
cityrole-0260｜江西宜春市｜1人｜独立住宅，H7 至少3间自然房；整套设计建筑面积75㎡。
楼房中的一套住宅，楼层位置 顶层，房龄背景 2010—2019年；住宅原型 Low-rise apartment_Yichun_2010，源户位 edge，天气代理站 CHN_Jiangxi.Yichun.577930_CSWD（距城市约0.5km）；天气/原型及房龄并非本户实测。
m01 主要说明人，76岁，居家工作/学习 / 部分时间在家，部分时间外出；工作日通常在家 00:00–09:00、12:00–15:00、19:00–24:00；室温感受：比较敏感，小幅变化也容易不舒服；电器时间：希望按原定时间运行，尽量不调整；参与安排：通常主要由这位成员决定；需求优先：没有特别优先；节费/错峰重视 2/3；系统控制：更愿意自己安排，尽量不让系统调整。
通常白天：部分时间有人；晚间：部分时间有人；作息：部分成员或部分日期固定；深夜用电：很少或没有；事件当天是否在受控房间另核。
家庭月收入情境 4500元、上月电费情境 120元；电费压力 4/5。本月电费占可安排预算较小。
节费/舒适/错峰重视 2/4/3；控制边界：更愿意自己安排，尽量不让系统调整；提前通知 三天或更早；受保护活动：睡眠休息, 做饭用餐。
居住方式：整套租住；电价背景：峰谷分时电价；定时/自动控制经验：偶尔使用；既有错峰经验：参加过；受扰后恢复偏好：先看影响再决定；其他背景设备：冰箱。
空调 1台，每周 4—6天；自己选择使用时段（可跨午夜），制冷设定 24℃，室温希望范围 23—25℃，可接受变化 1℃，自选时段 19:00–23:00。条件：有人在受控房间时使用；轮班或事件日另核，不把空屋冷量算作舒适收益。
洗衣机 1台，每周 4—6天；默认 21:00，可从 19:00 开始，最晚 24:00 完成，一次 60 分钟。条件：默认时刻须有成员在家并完成装载；轮班或事件日另核，不默认预约或远程启动。
电热水器 1台，每周 4—6天；加热 19:00–22:00，需热水 21:00，提前加热：每次先确认。条件：普通加热须对准有人需要热水的时段；事件日及额外提前加热按当次许可确认。
参与者对十天方案的选择、理由和评分尚未填写。",UNKNOWN,NOT_COLLECTED,NOT_EXPORTED_PENDING_D_ACCEPTANCE,UNKNOWN
cityrole-0261,eb.synthetic_fixed_profile_300.v1,曲阜市,山东,370881,3,2,1,sometimes_occupied,varies,irregular,19500,720,5,电费不构成当前预算约束,本月电费占可安排预算较小。,comfort_priority,1,5,4,high_trust_auto,6,independent_dwelling,three_rooms,3,30-39,103.5,synthetic_H6_like_whole_dwelling_building_area,103.5,known_synthetic_whole_dwelling,90_119,matches_synthetic_whole_dwelling,apartment,middle,3,cn-home-0261,self_contained_source_three_room,High-rise apartment(slab type)_Yanzhou_2010,middle,77.819549,77.819549,0,CHN_Shandong.Yanzhou.549160_CSWD,12.141,ca262a128945596506db8a2188612ca56eb68574553dcb5ab98dd652312e296e,12946ec3328cd34e837709a98388e974267ff28ed1ccae09582516552939ed70,7,7,8,household_selected_devices,1,m01,曲阜市的3人家庭。独立住房建筑面积约103.5平方米，七普口径至少3间自然房间。主要说明人（81岁，在家外出交替）、子女（54岁，轮班或时间多变）、子女（52岁，在家外出交替）。通常白天部分时间有人。家庭月收入情境约19500元，通常月电费情境约720元；电费不构成当前预算约束。本月电费占可安排预算较小。纳入安排的设备：空调、洗衣机、电热水器、可在家充电的电动车。节费重视1/5，舒适重视5/5，系统控制边界是约定范围内可自动调整；希望提前6小时通知。费用压力描述的是当前预算余量；节费重视描述的是调整方案时的取舍，两者分别考虑。洗衣等任务需有人在家完成装载。空屋提前开空调须另确认预约或远控与本人许可。轮班日按当天在家情况确认。,"【合成角色条件；尚无真人回答】
cityrole-0261｜山东曲阜市｜3人｜独立住宅，H7 至少3间自然房；整套设计建筑面积103.5㎡。
楼房中的一套住宅，楼层位置 中间层，房龄背景 2010—2019年；住宅原型 High-rise apartment(slab type)_Yanzhou_2010，源户位 middle，天气代理站 CHN_Shandong.Yanzhou.549160_CSWD（距城市约12.1km）；天气/原型及房龄并非本户实测。
m01 主要说明人，81岁，照顾家人 / 部分时间在家，部分时间外出；工作日通常在家 00:00–09:00、12:00–15:00、19:00–24:00；室温感受：能接受小幅变化，变化较大会不舒服；电器时间：希望按原定时间运行，尽量不调整；参与安排：通常主要由这位成员决定；需求优先：没有特别优先；节费/错峰重视 1/1；系统控制：在约定范围内，可以让系统自动调整。
m02 子女，54岁，轮班工作 / 轮班或时间经常变化；工作日到家时段不固定；室温感受：比较敏感，小幅变化也容易不舒服；电器时间：希望按原定时间运行，尽量不调整；参与安排：通常与家人共同商量决定；需求优先：没有特别优先；节费/错峰重视 3/2；系统控制：每次先问，得到明确同意后再调整。
m03 子女，52岁，暂未工作（非退休） / 部分时间在家，部分时间外出；工作日通常在家 00:00–09:00、12:00–15:00、19:00–24:00；室温感受：不太敏感，室温变化较大也通常能适应；电器时间：只要按时完成，具体运行时间都可以；参与安排：通常与家人共同商量决定；需求优先：没有特别优先；节费/错峰重视 5/3；系统控制：在约定范围内，可以让系统自动调整。
通常白天：部分时间有人；晚间：每天不太固定；作息：变化较多；深夜用电：偶尔；事件当天是否在受控房间另核。
家庭月收入情境 19500元、上月电费情境 720元；电费压力 5/5。本月电费占可安排预算较小。
节费/舒适/错峰重视 1/5/4；控制边界：在约定范围内，可以让系统自动调整；提前通知 6 小时；受保护活动：睡眠休息, 做饭用餐。
居住方式：整套租住；电价背景：峰谷分时电价；定时/自动控制经验：偶尔使用；既有错峰经验：没有参加过；受扰后恢复偏好：先看影响再决定；其他背景设备：冰箱。
空调 2台，每周 每天（7天）；傍晚到睡前（18:00—23:00），制冷设定 25℃，室温希望范围 24—26℃，可接受变化 1.5℃。条件：有人在受控房间时使用；18:00–18:30若空屋预冷，须当天确认家户许可及实际预约/远控能力，否则到家后开启；空屋冷量不算舒适收益。
洗衣机 1台，每周 每天（7天）；默认 19:00，可从 19:00 开始，最晚 23:00 完成，一次 60 分钟。条件：默认时刻须有成员在家并完成装载；轮班或事件日另核，不默认预约或远程启动。
电热水器 1台，每周 每天（7天）；加热 19:50–22:00，需热水 21:00，提前加热：不希望提前加热。条件：普通加热须对准有人需要热水的时段；事件日及额外提前加热按当次许可确认。
可在家充电的电动汽车 1辆，每周 每天（7天）；接入 21:00，次日离家 08:30，目标/保底电量 70%/40%，驾驶成员 m01。条件：由m01在典型外出日返家后接入；车辆实际到家、次日离家与充电权限按当天确认。
参与者对十天方案的选择、理由和评分尚未填写。",UNKNOWN,NOT_COLLECTED,NOT_EXPORTED_PENDING_D_ACCEPTANCE,UNKNOWN
cityrole-0262,eb.synthetic_fixed_profile_300.v1,邯郸市,河北,130400,3,2,0,mostly_occupied,partly_home,partly_regular,13500,360,2,电费有压力，需调整其他开支,必要生活开支较多，本月电费变化容易挤占其他项目。,middle,3,3,5,confirm_required,72,independent_dwelling,three_rooms,3,30-39,103.5,synthetic_H6_like_whole_dwelling_building_area,103.5,known_synthetic_whole_dwelling,90_119,matches_synthetic_whole_dwelling,apartment,ground,1,cn-home-0262,self_contained_source_three_room,Low-rise apartment_Xingtai_1995,middle,77.819549,77.819549,0,CHN_Hebei.Xingtai.537980_CSWD,52.61,7278fcaa76940c7238b63340e28964505fdf0c4c099b8e15073e100407e8be54,caa204cc8a5f15a3674c3cd6d8c440d3e930f135622a6e8b43983ee91282e899,7,7,8,household_selected_devices,1,m03,邯郸市的3人家庭。独立住房建筑面积约103.5平方米，七普口径至少3间自然房间。主要说明人（52岁，通常主要在家）、子女（23岁，在家外出交替）、子女（25岁，通常定时外出）。通常白天有人在家。家庭月收入情境约13500元，通常月电费情境约360元；电费有压力，需调整其他开支。必要生活开支较多，本月电费变化容易挤占其他项目。纳入安排的设备：空调、洗衣机、洗碗机、可在家充电的电动车。节费重视3/5，舒适重视3/5，系统控制边界是每次先确认；希望提前72小时通知。费用压力描述的是当前预算余量；节费重视描述的是调整方案时的取舍，两者分别考虑。洗衣等任务需有人在家完成装载。空屋提前开空调须另确认预约或远控与本人许可。,"【合成角色条件；尚无真人回答】
cityrole-0262｜河北邯郸市｜3人｜独立住宅，H7 至少3间自然房；整套设计建筑面积103.5㎡。
楼房中的一套住宅，楼层位置 底层，房龄背景 2000年前；住宅原型 Low-rise apartment_Xingtai_1995，源户位 middle，天气代理站 CHN_Hebei.Xingtai.537980_CSWD（距城市约52.6km）；天气/原型及房龄并非本户实测。
m01 主要说明人，52岁，居家工作/学习 / 主要在家生活，包括居家工作、学习、休息或照护；工作日通常在家 00:00–24:00；室温感受：不太敏感，室温变化较大也通常能适应；电器时间：只接受小幅提前或推迟；参与安排：通常主要由这位成员决定；需求优先：没有特别优先；节费/错峰重视 3/4；系统控制：每次先问，得到明确同意后再调整。
m02 子女，23岁，照顾家人 / 部分时间在家，部分时间外出；工作日通常在家 00:00–09:00、12:00–15:00、19:00–24:00；室温感受：能接受小幅变化，变化较大会不舒服；电器时间：希望按原定时间运行，尽量不调整；参与安排：通常与家人共同商量决定；需求优先：没有特别优先；节费/错峰重视 4/5；系统控制：更愿意自己安排，尽量不让系统调整。
m03 子女，25岁，在外工作 / 通常固定时间外出工作或学习；工作日通常在家 00:00–07:30、18:30–24:00；室温感受：比较敏感，小幅变化也容易不舒服；电器时间：希望按原定时间运行，尽量不调整；参与安排：通常与家人共同商量决定；需求优先：没有特别优先；节费/错峰重视 1/1；系统控制：每次先问，得到明确同意后再调整。
通常白天：大部分时间有人；晚间：部分时间有人；作息：部分成员或部分日期固定；深夜用电：很少或没有；事件当天是否在受控房间另核。
家庭月收入情境 13500元、上月电费情境 360元；电费压力 2/5。必要生活开支较多，本月电费变化容易挤占其他项目。
节费/舒适/错峰重视 3/3/5；控制边界：每次先问我，得到明确同意后再调整；提前通知 三天或更早；受保护活动：睡眠休息, 做饭用餐。
居住方式：整套租住；电价背景：单一时段电价；定时/自动控制经验：偶尔使用；既有错峰经验：没有参加过；受扰后恢复偏好：保留自动安排；其他背景设备：冰箱。
空调 1台，每周 2—3天；傍晚到睡前（18:00—23:00），制冷设定 26℃，室温希望范围 25—27℃，可接受变化 0.5℃。条件：有人在受控房间时使用；18:00–18:30若空屋预冷，须当天确认家户许可及实际预约/远控能力，否则到家后开启；空屋冷量不算舒适收益。
洗衣机 1台，每周 2—3天；默认 19:50，可从 19:00 开始，最晚 23:00 完成，一次 60 分钟。条件：默认时刻须有成员在家并完成装载；轮班或事件日另核，不默认预约或远程启动。
洗碗机 1台，每周 2—3天；默认 21:00，可从 19:00 开始，最晚 24:00 完成，一次 60 分钟。条件：默认时刻须有成员在家并完成装载；轮班或事件日另核，不默认预约或远程启动。
可在家充电的电动汽车 1辆，每周 2—3天；接入 19:00，次日离家 07:00，目标/保底电量 80%/20%，驾驶成员 m03。条件：由m03在典型外出日返家后接入；车辆实际到家、次日离家与充电权限按当天确认。
参与者对十天方案的选择、理由和评分尚未填写。",UNKNOWN,NOT_COLLECTED,NOT_EXPORTED_PENDING_D_ACCEPTANCE,UNKNOWN
cityrole-0263,eb.synthetic_fixed_profile_300.v1,鞍山市,辽宁,210300,2,1,1,sometimes_occupied,partly_home,partly_regular,13000,520,2,电费有压力，需调整其他开支,本月收入已有其他固定支出安排，可灵活调整的预算较紧。,saving_priority,5,1,4,confirm_required,3,independent_dwelling,two_rooms,2,40-49,89.0,synthetic_H6_like_whole_dwelling_building_area,89.0,known_synthetic_whole_dwelling,50_89,matches_synthetic_whole_dwelling,apartment,middle,3,cn-home-0263,self_contained_openplan,Low-rise apartment_Benxi_2010,middle,66.917293,66.917293,0,CHN_Liaoning.Benxi.543460_CSWD,69.877,1f65f79611e3cdc6422f3cb02fc7b2cb0698fa125cf946b568b52a2090a20097,836e77fa7e55de13cf76c8a51043a87d7091985e84a1d77f6e01e6947c84e806,7,7,8,household_selected_devices,0,,鞍山市的2人家庭。独立住房建筑面积约89平方米，七普口径至少2间自然房间。主要说明人（75岁，通常定时外出）、伴侣（76岁，在家外出交替）。通常白天部分时间有人。家庭月收入情境约13000元，通常月电费情境约520元；电费有压力，需调整其他开支。本月收入已有其他固定支出安排，可灵活调整的预算较紧。纳入安排的设备：洗衣机、洗碗机。节费重视5/5，舒适重视1/5，系统控制边界是每次先确认；希望提前3小时通知。费用压力描述的是当前预算余量；节费重视描述的是调整方案时的取舍，两者分别考虑。洗衣等任务需有人在家完成装载。,"【合成角色条件；尚无真人回答】
cityrole-0263｜辽宁鞍山市｜2人｜独立住宅，H7 至少2间自然房；整套设计建筑面积89㎡。
楼房中的一套住宅，楼层位置 中间层，房龄背景 2010—2019年；住宅原型 Low-rise apartment_Benxi_2010，源户位 middle，天气代理站 CHN_Liaoning.Benxi.543460_CSWD（距城市约69.9km）；天气/原型及房龄并非本户实测。
m01 主要说明人，75岁，在外工作 / 通常固定时间外出工作或学习；工作日通常在家 00:00–07:30、18:30–24:00；室温感受：比较敏感，小幅变化也容易不舒服；电器时间：只接受小幅提前或推迟；参与安排：通常主要由这位成员决定；需求优先：没有特别优先；节费/错峰重视 5/2；系统控制：每次先问，得到明确同意后再调整。
m02 伴侣，76岁，居家工作/学习 / 部分时间在家，部分时间外出；工作日通常在家 00:00–09:00、12:00–15:00、19:00–24:00；室温感受：不太敏感，室温变化较大也通常能适应；电器时间：只接受小幅提前或推迟；参与安排：通常与家人共同商量决定；需求优先：没有特别优先；节费/错峰重视 5/3；系统控制：在约定范围内，可以让系统自动调整。
通常白天：部分时间有人；晚间：部分时间有人；作息：部分成员或部分日期固定；深夜用电：很少或没有；事件当天是否在受控房间另核。
家庭月收入情境 13000元、上月电费情境 520元；电费压力 2/5。本月收入已有其他固定支出安排，可灵活调整的预算较紧。
节费/舒适/错峰重视 5/1/4；控制边界：每次先问我，得到明确同意后再调整；提前通知 3 小时；受保护活动：睡眠休息, 做饭用餐。
居住方式：自有住房；电价背景：单一时段电价；定时/自动控制经验：经常使用；既有错峰经验：没有参加过；受扰后恢复偏好：保留自动安排；其他背景设备：冰箱。
洗衣机 1台，每周 4—6天；默认 21:00，可从 19:00 开始，最晚 24:00 完成，一次 60 分钟。条件：默认时刻须有成员在家并完成装载；轮班或事件日另核，不默认预约或远程启动。
洗碗机 1台，每周 4—6天；默认 19:00，可从 19:00 开始，最晚 23:00 完成，一次 60 分钟。条件：默认时刻须有成员在家并完成装载；轮班或事件日另核，不默认预约或远程启动。
参与者对十天方案的选择、理由和评分尚未填写。",UNKNOWN,NOT_COLLECTED,NOT_EXPORTED_PENDING_D_ACCEPTANCE,UNKNOWN
cityrole-0264,eb.synthetic_fixed_profile_300.v1,绵竹市,四川,510683,1,1,0,sometimes_occupied,partly_home,partly_regular,9500,220,1,电费超出预算会挤占必要支出,本月收入已有其他固定支出安排，可灵活调整的预算较紧。,both_low,1,1,4,high_trust_auto,12,independent_dwelling,two_rooms,2,30-39,34.5,synthetic_H6_like_whole_dwelling_building_area,34.5,known_synthetic_whole_dwelling,lt50,matches_synthetic_whole_dwelling,apartment,middle,2,cn-home-0264,self_contained_openplan,Low-rise apartment_Mianyang_2010,middle,25.93985,25.93985,0,CHN_Sichuan.Mianyang.561960_CSWD,51.487,49449c84da9520b6c9ec9229ab83d3d6c353224b1a43828b098098f7cd1e1125,6a28527e0d5a2b6a82e04a51987929a4298bceab887cd719d804e53e5ecb731d,7,7,8,household_selected_devices,0,,绵竹市的1人家庭。独立住房建筑面积约34.5平方米，七普口径至少2间自然房间。主要说明人（58岁，在家外出交替）。通常白天部分时间有人。家庭月收入情境约9500元，通常月电费情境约220元；电费超出预算会挤占必要支出。本月收入已有其他固定支出安排，可灵活调整的预算较紧。纳入安排的设备：空调、洗衣机。节费重视1/5，舒适重视1/5，系统控制边界是约定范围内可自动调整；希望提前12小时通知。虽然电费挤压预算，但家里更在意任务按原计划完成，不愿为了少量节费频繁改时间。洗衣等任务需有人在家完成装载。,"【合成角色条件；尚无真人回答】
cityrole-0264｜四川绵竹市｜1人｜独立住宅，H7 至少2间自然房；整套设计建筑面积34.5㎡。
楼房中的一套住宅，楼层位置 中间层，房龄背景 2010—2019年；住宅原型 Low-rise apartment_Mianyang_2010，源户位 middle，天气代理站 CHN_Sichuan.Mianyang.561960_CSWD（距城市约51.5km）；天气/原型及房龄并非本户实测。
m01 主要说明人，58岁，照顾家人 / 部分时间在家，部分时间外出；工作日通常在家 00:00–09:00、12:00–15:00、19:00–24:00；室温感受：能接受小幅变化，变化较大会不舒服；电器时间：只要按时完成，具体运行时间都可以；参与安排：通常主要由这位成员决定；需求优先：没有特别优先；节费/错峰重视 1/5；系统控制：在约定范围内，可以让系统自动调整。
通常白天：部分时间有人；晚间：部分时间有人；作息：部分成员或部分日期固定；深夜用电：很少或没有；事件当天是否在受控房间另核。
家庭月收入情境 9500元、上月电费情境 220元；电费压力 1/5。本月收入已有其他固定支出安排，可灵活调整的预算较紧。
节费/舒适/错峰重视 1/1/4；控制边界：在约定范围内，可以让系统自动调整；提前通知 半天；受保护活动：睡眠休息, 做饭用餐。
居住方式：自有住房；电价背景：峰谷分时电价；定时/自动控制经验：经常使用；既有错峰经验：没有参加过；受扰后恢复偏好：改回原安排；其他背景设备：冰箱。
空调 1台，每周 每天（7天）；自己选择使用时段（可跨午夜），制冷设定 24℃，室温希望范围 23—25℃，可接受变化 1.5℃，自选时段 19:00–23:00。条件：有人在受控房间时使用；轮班或事件日另核，不把空屋冷量算作舒适收益。
洗衣机 1台，每周 每天（7天）；默认 19:00，可从 19:00 开始，最晚 23:00 完成，一次 60 分钟。条件：默认时刻须有成员在家并完成装载；轮班或事件日另核，不默认预约或远程启动。
参与者对十天方案的选择、理由和评分尚未填写。",UNKNOWN,NOT_COLLECTED,NOT_EXPORTED_PENDING_D_ACCEPTANCE,UNKNOWN
cityrole-0265,eb.synthetic_fixed_profile_300.v1,三亚市,海南,460200,2,1,0,mostly_occupied,partly_home,partly_regular,6400,520,4,电费有余量，通常不需改变开支,家庭已为当前电费预留预算，按这个金额可以承担；增加用电仍需重新权衡。,middle,3,3,4,high_trust_auto,24,shared_dwelling_private_rooms_with_allocated_common_area,one_room,1,8及以下,16.0,synthetic_H6_like_household_attributed_building_area_in_shared_dwelling,75.333323,experimental_F_scaled_whole_dwelling,50_89,matches_F_experimental_whole_dwelling,apartment,top,4,cn-home-0265,shared_flat_private_rooms,Low-rise apartment_Dongfang_2003,middle,15.2,12.783607,2.416393,CHN_Hainan.Dongfang.598380_CSWD,130.919,d65a2b7fad20024f98683a331e7029c90ecda0182e15d27397d9ca5fff41f9f4,8abc0373a6e95503d127ba1485e6a9773e8cff0d6dac5a2724b2946c8fd3f0d9,1,1,1,assigned_private_rooms_ac_only,0,,三亚市的2人家庭。合住住房中本户独用1间房，分摊建筑面积约16平方米；整套住房设计建筑面积约75.3333平方米（按模型整套净面积和实验0.95比值换算）；仅私有房间的1台空调可由本户安排，公共设备不纳入。主要说明人（32岁，在家外出交替）、伴侣（37岁，通常主要在家）。通常白天有人在家。家庭月收入情境约6400元，通常月电费情境约520元；电费有余量，通常不需改变开支。家庭已为当前电费预留预算，按这个金额可以承担；增加用电仍需重新权衡。纳入安排的设备：空调。节费重视3/5，舒适重视3/5，系统控制边界是约定范围内可自动调整；希望提前24小时通知。费用压力描述的是当前预算余量；节费重视描述的是调整方案时的取舍，两者分别考虑。,"【合成角色条件；尚无真人回答】
cityrole-0265｜海南三亚市｜2人｜合住，本户独用1间自然房；16㎡是本户分摊建筑面积，整套住房设计建筑面积约75.3333㎡，按冻结源单元净面积和实验 0.95 比值换算，并非实测。
楼房中的一套住宅，楼层位置 顶层，房龄背景 2000—2009年；住宅原型 Low-rise apartment_Dongfang_2003，源户位 middle，天气代理站 CHN_Hainan.Dongfang.598380_CSWD（距城市约130.9km）；天气/原型及房龄并非本户实测。
m01 主要说明人，32岁，暂未工作（非退休） / 部分时间在家，部分时间外出；工作日通常在家 00:00–09:00、12:00–15:00、19:00–24:00；室温感受：不太敏感，室温变化较大也通常能适应；电器时间：只要按时完成，具体运行时间都可以；参与安排：通常主要由这位成员决定；需求优先：没有特别优先；节费/错峰重视 3/3；系统控制：在约定范围内，可以让系统自动调整。
m02 伴侣，37岁，居家工作/学习 / 主要在家生活，包括居家工作、学习、休息或照护；工作日通常在家 00:00–24:00；室温感受：能接受小幅变化，变化较大会不舒服；电器时间：只要按时完成，具体运行时间都可以；参与安排：通常与家人共同商量决定；需求优先：没有特别优先；节费/错峰重视 2/4；系统控制：更愿意自己安排，尽量不让系统调整。
通常白天：大部分时间有人；晚间：部分时间有人；作息：部分成员或部分日期固定；深夜用电：很少或没有；事件当天是否在受控房间另核。
家庭月收入情境 6400元、上月电费情境 520元；电费压力 4/5。家庭已为当前电费预留预算，按这个金额可以承担；增加用电仍需重新权衡。
节费/舒适/错峰重视 3/3/4；控制边界：在约定范围内，可以让系统自动调整；提前通知 一天；受保护活动：睡眠休息, 做饭用餐。
居住方式：与他人合租；电价背景：单一时段电价；定时/自动控制经验：经常使用；既有错峰经验：没有参加过；受扰后恢复偏好：改回原安排；其他背景设备：没有上述设备。
空调 1台，每周 2—3天；下午到睡前（14:00—23:00），制冷设定 25℃，室温希望范围 24—26℃，可接受变化 0.5℃。条件：有人在受控房间时使用；轮班或事件日另核，不把空屋冷量算作舒适收益。
参与者对十天方案的选择、理由和评分尚未填写。",UNKNOWN,NOT_COLLECTED,NOT_EXPORTED_PENDING_D_ACCEPTANCE,UNKNOWN
cityrole-0266,eb.synthetic_fixed_profile_300.v1,惠州市,广东,441300,3,2,0,sometimes_occupied,varies,irregular,19500,520,1,电费超出预算会挤占必要支出,本月收入已有其他固定支出安排，可灵活调整的预算较紧。,middle,3,3,1,low_auto_accept,3,independent_dwelling,four_rooms,4,20-29,73.5,synthetic_H6_like_whole_dwelling_building_area,73.5,known_synthetic_whole_dwelling,50_89,matches_synthetic_whole_dwelling,apartment,middle,2,cn-home-0266,self_contained_four_room_thermally_aggregated,Low-rise apartment_Heyuan_2012,edge,55.263158,55.263158,0,CHN_Guangdong.Zhengcheng.592940_CSWD,65.458,727f5e6b09dcc556dda40c79b3ff34a808d77ed2abb72b10e0402e1f4718ef90,6ffd40af2e8785a59380348bf7ebc0e41d125ba979ffb410796c25e538fa9651,7,7,10,household_selected_devices,0,,惠州市的3人家庭。独立住房建筑面积约73.5平方米，七普口径至少4间自然房间。主要说明人（56岁，通常定时外出）、子女（23岁，轮班或时间多变）、子女（25岁，在家外出交替）。通常白天部分时间有人。家庭月收入情境约19500元，通常月电费情境约520元；电费超出预算会挤占必要支出。本月收入已有其他固定支出安排，可灵活调整的预算较紧。纳入安排的设备：空调、洗衣机、电热水器。节费重视3/5，舒适重视3/5，系统控制边界是以自己安排为主；希望提前3小时通知。费用压力描述的是当前预算余量；节费重视描述的是调整方案时的取舍，两者分别考虑。洗衣等任务需有人在家完成装载。空屋提前开空调须另确认预约或远控与本人许可。轮班日按当天在家情况确认。,"【合成角色条件；尚无真人回答】
cityrole-0266｜广东惠州市｜3人｜独立住宅，H7 至少4间自然房；整套设计建筑面积73.5㎡。
楼房中的一套住宅，楼层位置 中间层，房龄背景 2010—2019年；住宅原型 Low-rise apartment_Heyuan_2012，源户位 edge，天气代理站 CHN_Guangdong.Zhengcheng.592940_CSWD（距城市约65.5km）；天气/原型及房龄并非本户实测。
m01 主要说明人，56岁，在外工作 / 通常固定时间外出工作或学习；工作日通常在家 00:00–07:30、18:30–24:00；室温感受：比较敏感，小幅变化也容易不舒服；电器时间：希望按原定时间运行，尽量不调整；参与安排：通常主要由这位成员决定；需求优先：没有特别优先；节费/错峰重视 3/1；系统控制：更愿意自己安排，尽量不让系统调整。
m02 子女，23岁，轮班工作 / 轮班或时间经常变化；工作日到家时段不固定；室温感受：不太敏感，室温变化较大也通常能适应；电器时间：只要按时完成，具体运行时间都可以；参与安排：通常与家人共同商量决定；需求优先：没有特别优先；节费/错峰重视 3/2；系统控制：在约定范围内，可以让系统自动调整。
m03 子女，25岁，暂未工作（非退休） / 部分时间在家，部分时间外出；工作日通常在家 00:00–09:00、12:00–15:00、19:00–24:00；室温感受：能接受小幅变化，变化较大会不舒服；电器时间：只要按时完成，具体运行时间都可以；参与安排：通常与家人共同商量决定；需求优先：没有特别优先；节费/错峰重视 5/3；系统控制：更愿意自己安排，尽量不让系统调整。
通常白天：部分时间有人；晚间：每天不太固定；作息：变化较多；深夜用电：偶尔；事件当天是否在受控房间另核。
家庭月收入情境 19500元、上月电费情境 520元；电费压力 1/5。本月收入已有其他固定支出安排，可灵活调整的预算较紧。
节费/舒适/错峰重视 3/3/1；控制边界：更愿意自己安排，尽量不让系统调整；提前通知 3 小时；受保护活动：睡眠休息, 做饭用餐。
居住方式：自有住房；电价背景：单一时段电价；定时/自动控制经验：没有使用过；既有错峰经验：没有参加过；受扰后恢复偏好：改回原安排；其他背景设备：冰箱。
空调 1台，每周 4—6天；傍晚到睡前（18:00—23:00），制冷设定 26℃，室温希望范围 25—27℃，可接受变化 1℃。条件：有人在受控房间时使用；18:00–18:30若空屋预冷，须当天确认家户许可及实际预约/远控能力，否则到家后开启；空屋冷量不算舒适收益。
洗衣机 1台，每周 4—6天；默认 21:00，可从 19:00 开始，最晚 24:00 完成，一次 60 分钟。条件：默认时刻须有成员在家并完成装载；轮班或事件日另核，不默认预约或远程启动。
电热水器 1台，每周 4—6天；加热 19:00–22:00，需热水 21:00，提前加热：每次先确认。条件：普通加热须对准有人需要热水的时段；事件日及额外提前加热按当次许可确认。
参与者对十天方案的选择、理由和评分尚未填写。",UNKNOWN,NOT_COLLECTED,NOT_EXPORTED_PENDING_D_ACCEPTANCE,UNKNOWN
cityrole-0267,eb.synthetic_fixed_profile_300.v1,瓦房店市,辽宁,210281,3,2,1,sometimes_occupied,partly_home,partly_regular,13500,360,3,电费可承担，但会留意变化,本月电费可承担，但家庭会留意它的变化。,both_low,2,2,5,low_auto_accept,1,independent_dwelling,one_room,1,17-19,54.0,synthetic_H6_like_whole_dwelling_building_area,54.0,known_synthetic_whole_dwelling,50_89,matches_synthetic_whole_dwelling,apartment,middle,2,cn-home-0267,self_contained_openplan,Low-rise apartment_Dalian_1995,middle,40.601504,40.601504,0,CHN_Liaoning.Dalian.546620_CSWD,85.811,49c70aacc14cf9a49a6262ea54af2cca535d22537e48a6448d51248d5e51c9c5,4fb26d275187955be0ba75c4d38b1bae3c91458f5442185f993c40c62ab0353e,7,7,8,household_selected_devices,0,,瓦房店市的3人家庭。独立住房建筑面积约54平方米，七普口径至少1间自然房间。主要说明人（61岁，通常定时外出）、子女（35岁，在家外出交替）、子女（36岁，通常定时外出）。通常白天部分时间有人。家庭月收入情境约13500元，通常月电费情境约360元；电费可承担，但会留意变化。本月电费可承担，但家庭会留意它的变化。纳入安排的设备：空调、洗衣机、洗碗机、电热水器。节费重视2/5，舒适重视2/5，系统控制边界是以自己安排为主；希望提前1小时通知。费用与室温都不是首要判断项，家里更关注日常任务是否照计划完成。洗衣等任务需有人在家完成装载。空屋提前开空调须另确认预约或远控与本人许可。,"【合成角色条件；尚无真人回答】
cityrole-0267｜辽宁瓦房店市｜3人｜独立住宅，H7 至少1间自然房；整套设计建筑面积54㎡。
楼房中的一套住宅，楼层位置 中间层，房龄背景 2000年前；住宅原型 Low-rise apartment_Dalian_1995，源户位 middle，天气代理站 CHN_Liaoning.Dalian.546620_CSWD（距城市约85.8km）；天气/原型及房龄并非本户实测。
m01 主要说明人，61岁，在外工作 / 通常固定时间外出工作或学习；工作日通常在家 00:00–07:30、18:30–24:00；室温感受：能接受小幅变化，变化较大会不舒服；电器时间：希望按原定时间运行，尽量不调整；参与安排：通常主要由这位成员决定；需求优先：没有特别优先；节费/错峰重视 2/4；系统控制：更愿意自己安排，尽量不让系统调整。
m02 子女，35岁，照顾家人 / 部分时间在家，部分时间外出；工作日通常在家 00:00–09:00、12:00–15:00、19:00–24:00；室温感受：比较敏感，小幅变化也容易不舒服；电器时间：希望按原定时间运行，尽量不调整；参与安排：通常与家人共同商量决定；需求优先：没有特别优先；节费/错峰重视 4/5；系统控制：每次先问，得到明确同意后再调整。
m03 子女，36岁，在外工作 / 通常固定时间外出工作或学习；工作日通常在家 00:00–07:30、18:30–24:00；室温感受：不太敏感，室温变化较大也通常能适应；电器时间：只要按时完成，具体运行时间都可以；参与安排：通常与家人共同商量决定；需求优先：没有特别优先；节费/错峰重视 1/1；系统控制：在约定范围内，可以让系统自动调整。
通常白天：部分时间有人；晚间：部分时间有人；作息：部分成员或部分日期固定；深夜用电：很少或没有；事件当天是否在受控房间另核。
家庭月收入情境 13500元、上月电费情境 360元；电费压力 3/5。本月电费可承担，但家庭会留意它的变化。
节费/舒适/错峰重视 2/2/5；控制边界：更愿意自己安排，尽量不让系统调整；提前通知 1 小时；受保护活动：睡眠休息, 做饭用餐。
居住方式：与他人合租；电价背景：单一时段电价；定时/自动控制经验：偶尔使用；既有错峰经验：参加过；受扰后恢复偏好：保留自动安排；其他背景设备：冰箱。
空调 1台，每周 每天（7天）；傍晚到睡前（18:00—23:00），制冷设定 27℃，室温希望范围 26—28℃，可接受变化 1.5℃。条件：有人在受控房间时使用；18:00–18:30若空屋预冷，须当天确认家户许可及实际预约/远控能力，否则到家后开启；空屋冷量不算舒适收益。
洗衣机 1台，每周 每天（7天）；默认 19:00，可从 19:00 开始，最晚 23:00 完成，一次 60 分钟。条件：默认时刻须有成员在家并完成装载；轮班或事件日另核，不默认预约或远程启动。
洗碗机 1台，每周 每天（7天）；默认 19:50，可从 19:00 开始，最晚 23:00 完成，一次 60 分钟。条件：默认时刻须有成员在家并完成装载；轮班或事件日另核，不默认预约或远程启动。
电热水器 1台，每周 每天（7天）；加热 19:50–22:00，需热水 21:00，提前加热：不希望提前加热。条件：普通加热须对准有人需要热水的时段；事件日及额外提前加热按当次许可确认。
参与者对十天方案的选择、理由和评分尚未填写。",UNKNOWN,NOT_COLLECTED,NOT_EXPORTED_PENDING_D_ACCEPTANCE,UNKNOWN
cityrole-0268,eb.synthetic_fixed_profile_300.v1,茂名市,广东,440900,3,2,0,mostly_occupied,partly_home,irregular,6000,720,4,电费有余量，通常不需改变开支,家庭已为当前电费预留预算，按这个金额可以承担；增加用电仍需重新权衡。,both_high,4,4,1,confirm_required,0,independent_dwelling,five_or_more_rooms,5,70及以上,225.0,synthetic_H6_like_whole_dwelling_building_area,225.0,known_synthetic_whole_dwelling,ge160,matches_synthetic_whole_dwelling,rowhouse,NOT_APPLICABLE,two_storey_terraced_inferred_unit,cn-home-0268,terraced_five_room_inferred,Terraced house_Dianbai_2012,middle,169.172932,169.172932,0,CHN_Guangdong.Dianbai.596640_CSWD,22.411,8386928be4a7e2ee6924ca348d26699484eb59ba0f52bc8037d3756bde7ddeb2,f14ea458c8782abb511bd40bf77bcac4bd49508c39168da9488db88415b9fd21,14,13,25,household_selected_devices,0,,茂名市的3人家庭。独立住房建筑面积约225平方米，七普口径至少5间自然房间。主要说明人（56岁，轮班或时间多变）、子女（28岁，在家外出交替）、子女（29岁，通常主要在家）。通常白天有人在家。家庭月收入情境约6000元，通常月电费情境约720元；电费有余量，通常不需改变开支。家庭已为当前电费预留预算，按这个金额可以承担；增加用电仍需重新权衡。纳入安排的设备：空调、洗衣机、电热水器。节费重视4/5，舒适重视4/5，系统控制边界是每次先确认；希望提前0小时通知。当前电费负担不重，但仍重视避免浪费。洗衣等任务需有人在家完成装载。轮班日按当天在家情况确认。,"【合成角色条件；尚无真人回答】
cityrole-0268｜广东茂名市｜3人｜独立住宅，H7 至少5间自然房；整套设计建筑面积225㎡。
联排住宅，楼层位置 不适用，房龄背景 2010—2019年；住宅原型 Terraced house_Dianbai_2012，源户位 middle，天气代理站 CHN_Guangdong.Dianbai.596640_CSWD（距城市约22.4km）；天气/原型及房龄并非本户实测。
m01 主要说明人，56岁，轮班工作 / 轮班或时间经常变化；工作日到家时段不固定；室温感受：不太敏感，室温变化较大也通常能适应；电器时间：只接受小幅提前或推迟；参与安排：通常主要由这位成员决定；需求优先：没有特别优先；节费/错峰重视 4/2；系统控制：每次先问，得到明确同意后再调整。
m02 子女，28岁，暂未工作（非退休） / 部分时间在家，部分时间外出；工作日通常在家 00:00–09:00、12:00–15:00、19:00–24:00；室温感受：能接受小幅变化，变化较大会不舒服；电器时间：希望按原定时间运行，尽量不调整；参与安排：通常与家人共同商量决定；需求优先：没有特别优先；节费/错峰重视 5/3；系统控制：更愿意自己安排，尽量不让系统调整。
m03 子女，29岁，居家工作/学习 / 主要在家生活，包括居家工作、学习、休息或照护；工作日通常在家 00:00–24:00；室温感受：比较敏感，小幅变化也容易不舒服；电器时间：希望按原定时间运行，尽量不调整；参与安排：通常与家人共同商量决定；需求优先：没有特别优先；节费/错峰重视 2/4；系统控制：每次先问，得到明确同意后再调整。
通常白天：大部分时间有人；晚间：部分时间有人；作息：变化较多；深夜用电：偶尔；事件当天是否在受控房间另核。
家庭月收入情境 6000元、上月电费情境 720元；电费压力 4/5。家庭已为当前电费预留预算，按这个金额可以承担；增加用电仍需重新权衡。
节费/舒适/错峰重视 4/4/1；控制边界：每次先问我，得到明确同意后再调整；提前通知 无需提前；受保护活动：睡眠休息, 做饭用餐。
居住方式：整套租住；电价背景：单一时段电价；定时/自动控制经验：没有使用过；既有错峰经验：没有参加过；受扰后恢复偏好：保留自动安排；其他背景设备：冰箱。
空调 1台，每周 2—3天；自己选择使用时段（可跨午夜），制冷设定 24℃，室温希望范围 23—25℃，可接受变化 0.5℃，自选时段 16:00–23:00。条件：有人在受控房间时使用；轮班或事件日另核，不把空屋冷量算作舒适收益。
洗衣机 1台，每周 2—3天；默认 19:50，可从 19:00 开始，最晚 23:00 完成，一次 60 分钟。条件：默认时刻须有成员在家并完成装载；轮班或事件日另核，不默认预约或远程启动。
电热水器 1台，每周 2—3天；加热 06:00–08:00，需热水 07:00，提前加热：可以提前安排。条件：普通加热须对准有人需要热水的时段；事件日及额外提前加热按当次许可确认。
参与者对十天方案的选择、理由和评分尚未填写。",UNKNOWN,NOT_COLLECTED,NOT_EXPORTED_PENDING_D_ACCEPTANCE,UNKNOWN
cityrole-0269,eb.synthetic_fixed_profile_300.v1,武汉市,湖北,420100,3,3,1,mostly_occupied,mostly_home,regular,19500,220,4,电费有余量，通常不需改变开支,本月电费占可安排预算较小。,both_high,4,4,4,high_trust_auto,0,independent_dwelling,three_rooms,3,20-29,73.5,synthetic_H6_like_whole_dwelling_building_area,73.5,known_synthetic_whole_dwelling,50_89,matches_synthetic_whole_dwelling,apartment,ground,1,cn-home-0269,self_contained_source_three_room,High-rise apartment(slab type)_Wuhan_2001,middle,55.263158,55.263158,0,CHN_Hubei.Wuhan.574940_CSWD,17.056,65a29af989141a22ef3694aec4620f007550e6c715621a8991c9f4a260df3d1c,342bd57b3f9c6144887a1d9aaad0ac8e779b04031fa03fee14e199048729a453,7,7,8,household_selected_devices,0,,武汉市的3人家庭。独立住房建筑面积约73.5平方米，七普口径至少3间自然房间。长辈（68岁，通常主要在家）、主要说明人（38岁，通常定时外出）、子女（7岁，通常定时外出）。通常白天有人在家。家庭月收入情境约19500元，通常月电费情境约220元；电费有余量，通常不需改变开支。本月电费占可安排预算较小。纳入安排的设备：空调、洗衣机。节费重视4/5，舒适重视4/5，系统控制边界是约定范围内可自动调整；希望提前0小时通知。当前电费负担不重，但仍重视避免浪费。洗衣等任务需有人在家完成装载。,"【合成角色条件；尚无真人回答】
cityrole-0269｜湖北武汉市｜3人｜独立住宅，H7 至少3间自然房；整套设计建筑面积73.5㎡。
楼房中的一套住宅，楼层位置 底层，房龄背景 2000—2009年；住宅原型 High-rise apartment(slab type)_Wuhan_2001，源户位 middle，天气代理站 CHN_Hubei.Wuhan.574940_CSWD（距城市约17.1km）；天气/原型及房龄并非本户实测。
m01 长辈，68岁，退休 / 主要在家生活，包括居家工作、学习、休息或照护；工作日通常在家 00:00–24:00；室温感受：比较敏感，小幅变化也容易不舒服；电器时间：只接受小幅提前或推迟；参与安排：通常主要由这位成员决定；需求优先：没有特别优先；节费/错峰重视 4/5；系统控制：在约定范围内，可以让系统自动调整。
m02 主要说明人，38岁，在外工作 / 通常固定时间外出工作或学习；工作日通常在家 00:00–07:30、18:30–24:00；室温感受：不太敏感，室温变化较大也通常能适应；电器时间：只接受小幅提前或推迟；参与安排：通常与家人共同商量决定；需求优先：没有特别优先；节费/错峰重视 1/1；系统控制：在约定范围内，可以让系统自动调整。
m03 子女，7岁，上学 / 通常固定时间外出工作或学习；工作日通常在家 00:00–07:30、18:30–24:00；室温感受：能接受小幅变化，变化较大会不舒服；电器时间：希望按原定时间运行，尽量不调整；参与安排：通常与家人共同商量决定；需求优先：通常会优先考虑；节费/错峰重视 3/2；系统控制：更愿意自己安排，尽量不让系统调整。
通常白天：大部分时间有人；晚间：大部分时间有人；作息：大体固定；深夜用电：很少或没有；事件当天是否在受控房间另核。
家庭月收入情境 19500元、上月电费情境 220元；电费压力 4/5。本月电费占可安排预算较小。
节费/舒适/错峰重视 4/4/4；控制边界：在约定范围内，可以让系统自动调整；提前通知 无需提前；受保护活动：睡眠休息, 做饭用餐, 照顾家人。
居住方式：整套租住；电价背景：单一时段电价；定时/自动控制经验：没有使用过；既有错峰经验：没有参加过；受扰后恢复偏好：保留自动安排；其他背景设备：冰箱。
空调 2台，每周 4—6天；下午到睡前（14:00—23:00），制冷设定 25℃，室温希望范围 24—26℃，可接受变化 1℃。条件：有人在受控房间时使用；轮班或事件日另核，不把空屋冷量算作舒适收益。
洗衣机 1台，每周 4—6天；默认 21:00，可从 19:00 开始，最晚 24:00 完成，一次 60 分钟。条件：默认时刻须有成员在家并完成装载；轮班或事件日另核，不默认预约或远程启动。
参与者对十天方案的选择、理由和评分尚未填写。",UNKNOWN,NOT_COLLECTED,NOT_EXPORTED_PENDING_D_ACCEPTANCE,UNKNOWN
cityrole-0270,eb.synthetic_fixed_profile_300.v1,东营市,山东,370500,4,2,0,mostly_occupied,partly_home,partly_regular,26000,120,3,电费可承担，但会留意变化,本月电费可承担，但家庭会留意它的变化。,saving_priority,4,2,4,high_trust_auto,24,independent_dwelling,three_rooms,3,20-29,98.0,synthetic_H6_like_whole_dwelling_building_area,98.0,known_synthetic_whole_dwelling,90_119,matches_synthetic_whole_dwelling,apartment,middle,4,cn-home-0270,self_contained_source_three_room,High-rise apartment(slab type)_Weifang_2010,middle,73.684211,73.684211,0,CHN_Shandong.Huimin.Xian.547250_CSWD,86.608,0d0afe70d9fb526b27831d3d364ea68d5b55f4af57261a5cea82666bfb165f7e,e89205e83a084271553f668fa449ff5fde42eaa1c3d25f98feb470b2bedb4375,7,7,8,household_selected_devices,0,,东营市的4人家庭。独立住房建筑面积约98平方米，七普口径至少3间自然房间。主要说明人（53岁，在家外出交替）、子女（22岁，通常主要在家）、子女（19岁，在家外出交替）、子女伴侣（26岁，通常定时外出）。通常白天有人在家。家庭月收入情境约26000元，通常月电费情境约120元；电费可承担，但会留意变化。本月电费可承担，但家庭会留意它的变化。纳入安排的设备：空调、洗衣机、洗碗机。节费重视4/5，舒适重视2/5，系统控制边界是约定范围内可自动调整；希望提前24小时通知。费用压力描述的是当前预算余量；节费重视描述的是调整方案时的取舍，两者分别考虑。洗衣等任务需有人在家完成装载。空屋提前开空调须另确认预约或远控与本人许可。,"【合成角色条件；尚无真人回答】
cityrole-0270｜山东东营市｜4人｜独立住宅，H7 至少3间自然房；整套设计建筑面积98㎡。
楼房中的一套住宅，楼层位置 中间层，房龄背景 2010—2019年；住宅原型 High-rise apartment(slab type)_Weifang_2010，源户位 middle，天气代理站 CHN_Shandong.Huimin.Xian.547250_CSWD（距城市约86.6km）；天气/原型及房龄并非本户实测。
m01 主要说明人，53岁，暂未工作（非退休） / 部分时间在家，部分时间外出；工作日通常在家 00:00–09:00、12:00–15:00、19:00–24:00；室温感受：能接受小幅变化，变化较大会不舒服；电器时间：只要按时完成，具体运行时间都可以；参与安排：通常主要由这位成员决定；需求优先：没有特别优先；节费/错峰重视 4/3；系统控制：在约定范围内，可以让系统自动调整。
m02 子女，22岁，居家工作/学习 / 主要在家生活，包括居家工作、学习、休息或照护；工作日通常在家 00:00–24:00；室温感受：比较敏感，小幅变化也容易不舒服；电器时间：只接受小幅提前或推迟；参与安排：通常与家人共同商量决定；需求优先：没有特别优先；节费/错峰重视 2/4；系统控制：每次先问，得到明确同意后再调整。
m03 子女，19岁，照顾家人 / 部分时间在家，部分时间外出；工作日通常在家 00:00–09:00、12:00–15:00、19:00–24:00；室温感受：不太敏感，室温变化较大也通常能适应；电器时间：只接受小幅提前或推迟；参与安排：通常与家人共同商量决定；需求优先：没有特别优先；节费/错峰重视 4/5；系统控制：在约定范围内，可以让系统自动调整。
m04 子女伴侣，26岁，在外工作 / 通常固定时间外出工作或学习；工作日通常在家 00:00–07:30、18:30–24:00；室温感受：能接受小幅变化，变化较大会不舒服；电器时间：希望按原定时间运行，尽量不调整；参与安排：通常与家人共同商量决定；需求优先：没有特别优先；节费/错峰重视 1/1；系统控制：更愿意自己安排，尽量不让系统调整。
通常白天：大部分时间有人；晚间：部分时间有人；作息：部分成员或部分日期固定；深夜用电：很少或没有；事件当天是否在受控房间另核。
家庭月收入情境 26000元、上月电费情境 120元；电费压力 3/5。本月电费可承担，但家庭会留意它的变化。
节费/舒适/错峰重视 4/2/4；控制边界：在约定范围内，可以让系统自动调整；提前通知 一天；受保护活动：睡眠休息, 做饭用餐。
居住方式：自有住房；电价背景：峰谷分时电价；定时/自动控制经验：偶尔使用；既有错峰经验：没有参加过；受扰后恢复偏好：保留自动安排；其他背景设备：冰箱。
空调 1台，每周 每天（7天）；傍晚到睡前（18:00—23:00），制冷设定 26℃，室温希望范围 25—27℃，可接受变化 1.5℃。条件：有人在受控房间时使用；18:00–18:30若空屋预冷，须当天确认家户许可及实际预约/远控能力，否则到家后开启；空屋冷量不算舒适收益。
洗衣机 1台，每周 每天（7天）；默认 19:00，可从 19:00 开始，最晚 23:00 完成，一次 60 分钟。条件：默认时刻须有成员在家并完成装载；轮班或事件日另核，不默认预约或远程启动。
洗碗机 1台，每周 每天（7天）；默认 19:50，可从 19:00 开始，最晚 23:00 完成，一次 60 分钟。条件：默认时刻须有成员在家并完成装载；轮班或事件日另核，不默认预约或远程启动。
参与者对十天方案的选择、理由和评分尚未填写。",UNKNOWN,NOT_COLLECTED,NOT_EXPORTED_PENDING_D_ACCEPTANCE,UNKNOWN
cityrole-0271,eb.synthetic_fixed_profile_300.v1,北京市,北京,110000,4,2,1,mostly_occupied,partly_home,irregular,26000,360,5,电费不构成当前预算约束,本月电费占可安排预算较小。,comfort_priority,1,5,4,low_auto_accept,0.5,independent_dwelling,two_rooms,2,17-19,72.0,synthetic_H6_like_whole_dwelling_building_area,72.0,known_synthetic_whole_dwelling,50_89,matches_synthetic_whole_dwelling,apartment,middle,2,cn-home-0271,self_contained_openplan,High-rise apartment(slab type)_Beijing_2018,edge,54.135338,54.135338,0,CHN_Beijing.Beijing.545110_CSWD,16.45,c5a000246fd9c838eefeea8ddaa808bc1ed349ea33ced3f620f24f8ccebd2a3e,26ceb9ce684101ae5df30ef5d8b8d8abb3421787702cd8e094e2250653ff04e5,7,7,10,household_selected_devices,0,,北京市的4人家庭。独立住房建筑面积约72平方米，七普口径至少2间自然房间。主要说明人（64岁，通常定时外出）、子女（35岁，轮班或时间多变）、子女（32岁，在家外出交替）、子女伴侣（32岁，通常主要在家）。通常白天有人在家。家庭月收入情境约26000元，通常月电费情境约360元；电费不构成当前预算约束。本月电费占可安排预算较小。纳入安排的设备：洗衣机、电热水器。节费重视1/5，舒适重视5/5，系统控制边界是以自己安排为主；希望提前0.5小时通知。费用压力描述的是当前预算余量；节费重视描述的是调整方案时的取舍，两者分别考虑。洗衣等任务需有人在家完成装载。轮班日按当天在家情况确认。,"【合成角色条件；尚无真人回答】
cityrole-0271｜北京北京市｜4人｜独立住宅，H7 至少2间自然房；整套设计建筑面积72㎡。
楼房中的一套住宅，楼层位置 中间层，房龄背景 2010—2019年；住宅原型 High-rise apartment(slab type)_Beijing_2018，源户位 edge，天气代理站 CHN_Beijing.Beijing.545110_CSWD（距城市约16.4km）；天气/原型及房龄并非本户实测。
m01 主要说明人，64岁，在外工作 / 通常固定时间外出工作或学习；工作日通常在家 00:00–07:30、18:30–24:00；室温感受：不太敏感，室温变化较大也通常能适应；电器时间：只要按时完成，具体运行时间都可以；参与安排：通常主要由这位成员决定；需求优先：没有特别优先；节费/错峰重视 1/1；系统控制：更愿意自己安排，尽量不让系统调整。
m02 子女，35岁，轮班工作 / 轮班或时间经常变化；工作日到家时段不固定；室温感受：能接受小幅变化，变化较大会不舒服；电器时间：只要按时完成，具体运行时间都可以；参与安排：通常与家人共同商量决定；需求优先：没有特别优先；节费/错峰重视 3/2；系统控制：更愿意自己安排，尽量不让系统调整。
m03 子女，32岁，暂未工作（非退休） / 部分时间在家，部分时间外出；工作日通常在家 00:00–09:00、12:00–15:00、19:00–24:00；室温感受：比较敏感，小幅变化也容易不舒服；电器时间：只接受小幅提前或推迟；参与安排：通常与家人共同商量决定；需求优先：没有特别优先；节费/错峰重视 5/3；系统控制：每次先问，得到明确同意后再调整。
m04 子女伴侣，32岁，居家工作/学习 / 主要在家生活，包括居家工作、学习、休息或照护；工作日通常在家 00:00–24:00；室温感受：不太敏感，室温变化较大也通常能适应；电器时间：只接受小幅提前或推迟；参与安排：通常与家人共同商量决定；需求优先：没有特别优先；节费/错峰重视 2/4；系统控制：在约定范围内，可以让系统自动调整。
通常白天：大部分时间有人；晚间：部分时间有人；作息：变化较多；深夜用电：偶尔；事件当天是否在受控房间另核。
家庭月收入情境 26000元、上月电费情境 360元；电费压力 5/5。本月电费占可安排预算较小。
节费/舒适/错峰重视 1/5/4；控制边界：更愿意自己安排，尽量不让系统调整；提前通知 半小时；受保护活动：睡眠休息, 做饭用餐。
居住方式：自有住房；电价背景：单一时段电价；定时/自动控制经验：经常使用；既有错峰经验：没有参加过；受扰后恢复偏好：保留自动安排；其他背景设备：冰箱。
洗衣机 1台，每周 2—3天；默认 19:50，可从 19:00 开始，最晚 23:00 完成，一次 60 分钟。条件：默认时刻须有成员在家并完成装载；轮班或事件日另核，不默认预约或远程启动。
电热水器 1台，每周 2—3天；加热 06:00–08:00，需热水 07:00，提前加热：可以提前安排。条件：普通加热须对准有人需要热水的时段；事件日及额外提前加热按当次许可确认。
参与者对十天方案的选择、理由和评分尚未填写。",UNKNOWN,NOT_COLLECTED,NOT_EXPORTED_PENDING_D_ACCEPTANCE,UNKNOWN
cityrole-0272,eb.synthetic_fixed_profile_300.v1,南昌市,江西,360100,2,1,1,mostly_occupied,partly_home,partly_regular,9000,120,2,电费有压力，需调整其他开支,必要生活开支较多，本月电费变化容易挤占其他项目。,middle,3,3,3,low_auto_accept,6,independent_dwelling,two_rooms,2,60-69,129.0,synthetic_H6_like_whole_dwelling_building_area,129.0,known_synthetic_whole_dwelling,120_159,matches_synthetic_whole_dwelling,apartment,middle,2,cn-home-0272,self_contained_openplan,Low-rise apartment_Nanchang_2010,middle,96.992481,96.992481,0,CHN_Jiangxi.Nanchang.586060_CSWD,9.144,73d03ab850f06771026955a09e1547da0a36e8847a2aea66dde125273e292715,ee69936bf5f4bb8354aa6d0b8efb729e84ff2473385fd0397663fee53dd43994,7,7,8,household_selected_devices,0,,南昌市的2人家庭。独立住房建筑面积约129平方米，七普口径至少2间自然房间。主要说明人（72岁，在家外出交替）、伴侣（69岁，通常主要在家）。通常白天有人在家。家庭月收入情境约9000元，通常月电费情境约120元；电费有压力，需调整其他开支。必要生活开支较多，本月电费变化容易挤占其他项目。纳入安排的设备：空调、洗衣机。节费重视3/5，舒适重视3/5，系统控制边界是以自己安排为主；希望提前6小时通知。费用压力描述的是当前预算余量；节费重视描述的是调整方案时的取舍，两者分别考虑。洗衣等任务需有人在家完成装载。,"【合成角色条件；尚无真人回答】
cityrole-0272｜江西南昌市｜2人｜独立住宅，H7 至少2间自然房；整套设计建筑面积129㎡。
楼房中的一套住宅，楼层位置 中间层，房龄背景 2010—2019年；住宅原型 Low-rise apartment_Nanchang_2010，源户位 middle，天气代理站 CHN_Jiangxi.Nanchang.586060_CSWD（距城市约9.1km）；天气/原型及房龄并非本户实测。
m01 主要说明人，72岁，居家工作/学习 / 部分时间在家，部分时间外出；工作日通常在家 00:00–09:00、12:00–15:00、19:00–24:00；室温感受：比较敏感，小幅变化也容易不舒服；电器时间：希望按原定时间运行，尽量不调整；参与安排：通常主要由这位成员决定；需求优先：没有特别优先；节费/错峰重视 3/4；系统控制：更愿意自己安排，尽量不让系统调整。
m02 伴侣，69岁，退休 / 主要在家生活，包括居家工作、学习、休息或照护；工作日通常在家 00:00–24:00；室温感受：不太敏感，室温变化较大也通常能适应；电器时间：只要按时完成，具体运行时间都可以；参与安排：通常与家人共同商量决定；需求优先：没有特别优先；节费/错峰重视 4/5；系统控制：在约定范围内，可以让系统自动调整。
通常白天：大部分时间有人；晚间：部分时间有人；作息：部分成员或部分日期固定；深夜用电：很少或没有；事件当天是否在受控房间另核。
家庭月收入情境 9000元、上月电费情境 120元；电费压力 2/5。必要生活开支较多，本月电费变化容易挤占其他项目。
节费/舒适/错峰重视 3/3/3；控制边界：更愿意自己安排，尽量不让系统调整；提前通知 6 小时；受保护活动：睡眠休息, 做饭用餐。
居住方式：自有住房；电价背景：峰谷分时电价；定时/自动控制经验：没有使用过；既有错峰经验：没有参加过；受扰后恢复偏好：先看影响再决定；其他背景设备：冰箱。
空调 1台，每周 4—6天；自己选择使用时段（可跨午夜），制冷设定 24℃，室温希望范围 23—25℃，可接受变化 1℃，自选时段 16:00–23:00。条件：有人在受控房间时使用；轮班或事件日另核，不把空屋冷量算作舒适收益。
洗衣机 1台，每周 4—6天；默认 21:00，可从 19:00 开始，最晚 24:00 完成，一次 60 分钟。条件：默认时刻须有成员在家并完成装载；轮班或事件日另核，不默认预约或远程启动。
参与者对十天方案的选择、理由和评分尚未填写。",UNKNOWN,NOT_COLLECTED,NOT_EXPORTED_PENDING_D_ACCEPTANCE,UNKNOWN
cityrole-0273,eb.synthetic_fixed_profile_300.v1,成都市,四川,510100,3,3,0,sometimes_occupied,varies,irregular,28500,520,3,电费可承担，但会留意变化,本月电费可承担，但家庭会留意它的变化。,both_low,1,1,2,confirm_required,0,independent_dwelling,two_rooms,2,30-39,103.5,synthetic_H6_like_whole_dwelling_building_area,103.5,known_synthetic_whole_dwelling,90_119,matches_synthetic_whole_dwelling,apartment,middle,2,cn-home-0273,self_contained_openplan,Low-rise apartment_Chengdu_2010,middle,77.819549,77.819549,0,CHN_Sichuan.Chengdu.562940_CSWD,2.503,7204a177b51424d23876255d175b502ac55aa3178ba1ac01691f571af00196ed,b1d78af459146d21bd3a91b99f985bc299fcf6ddb73e5748b981fd323e5ae169,7,7,8,household_selected_devices,0,,成都市的3人家庭。独立住房建筑面积约103.5平方米，七普口径至少2间自然房间。长辈（57岁，轮班或时间多变）、主要说明人（37岁，在家外出交替）、子女（13岁，通常定时外出）。通常白天部分时间有人。家庭月收入情境约28500元，通常月电费情境约520元；电费可承担，但会留意变化。本月电费可承担，但家庭会留意它的变化。纳入安排的设备：空调、洗衣机。节费重视1/5，舒适重视1/5，系统控制边界是每次先确认；希望提前0小时通知。费用与室温都不是首要判断项，家里更关注日常任务是否照计划完成。洗衣等任务需有人在家完成装载。空屋提前开空调须另确认预约或远控与本人许可。轮班日按当天在家情况确认。,"【合成角色条件；尚无真人回答】
cityrole-0273｜四川成都市｜3人｜独立住宅，H7 至少2间自然房；整套设计建筑面积103.5㎡。
楼房中的一套住宅，楼层位置 中间层，房龄背景 2010—2019年；住宅原型 Low-rise apartment_Chengdu_2010，源户位 middle，天气代理站 CHN_Sichuan.Chengdu.562940_CSWD（距城市约2.5km）；天气/原型及房龄并非本户实测。
m01 长辈，57岁，轮班工作 / 轮班或时间经常变化；工作日到家时段不固定；室温感受：能接受小幅变化，变化较大会不舒服；电器时间：希望按原定时间运行，尽量不调整；参与安排：通常主要由这位成员决定；需求优先：没有特别优先；节费/错峰重视 1/2；系统控制：每次先问，得到明确同意后再调整。
m02 主要说明人，37岁，暂未工作（非退休） / 部分时间在家，部分时间外出；工作日通常在家 00:00–09:00、12:00–15:00、19:00–24:00；室温感受：比较敏感，小幅变化也容易不舒服；电器时间：希望按原定时间运行，尽量不调整；参与安排：通常与家人共同商量决定；需求优先：没有特别优先；节费/错峰重视 5/3；系统控制：每次先问，得到明确同意后再调整。
m03 子女，13岁，上学 / 通常固定时间外出工作或学习；工作日通常在家 00:00–07:30、18:30–24:00；室温感受：不太敏感，室温变化较大也通常能适应；电器时间：只要按时完成，具体运行时间都可以；参与安排：通常与家人共同商量决定；需求优先：通常会优先考虑；节费/错峰重视 2/4；系统控制：在约定范围内，可以让系统自动调整。
通常白天：部分时间有人；晚间：每天不太固定；作息：变化较多；深夜用电：偶尔；事件当天是否在受控房间另核。
家庭月收入情境 28500元、上月电费情境 520元；电费压力 3/5。本月电费可承担，但家庭会留意它的变化。
节费/舒适/错峰重视 1/1/2；控制边界：每次先问我，得到明确同意后再调整；提前通知 无需提前；受保护活动：睡眠休息, 做饭用餐, 照顾家人。
居住方式：自有住房；电价背景：峰谷分时电价；定时/自动控制经验：经常使用；既有错峰经验：没有参加过；受扰后恢复偏好：保留自动安排；其他背景设备：冰箱。
空调 2台，每周 每天（7天）；傍晚到睡前（18:00—23:00），制冷设定 25℃，室温希望范围 24—26℃，可接受变化 1.5℃。条件：有人在受控房间时使用；18:00–18:30若空屋预冷，须当天确认家户许可及实际预约/远控能力，否则到家后开启；空屋冷量不算舒适收益。
洗衣机 1台，每周 每天（7天）；默认 19:00，可从 19:00 开始，最晚 23:00 完成，一次 60 分钟。条件：默认时刻须有成员在家并完成装载；轮班或事件日另核，不默认预约或远程启动。
参与者对十天方案的选择、理由和评分尚未填写。",UNKNOWN,NOT_COLLECTED,NOT_EXPORTED_PENDING_D_ACCEPTANCE,UNKNOWN
cityrole-0274,eb.synthetic_fixed_profile_300.v1,上海市,上海,310000,2,1,0,sometimes_occupied,partly_home,partly_regular,19000,360,3,电费可承担，但会留意变化,本月电费可承担，但家庭会留意它的变化。,comfort_priority,1,5,1,confirm_required,72,independent_dwelling,three_rooms,3,30-39,69.0,synthetic_H6_like_whole_dwelling_building_area,69.0,known_synthetic_whole_dwelling,50_89,matches_synthetic_whole_dwelling,apartment,ground,1,cn-home-0274,self_contained_source_three_room,Low-rise apartment_Shanghai_2010,middle,51.879699,51.879699,0,CHN_Shanghai.Shanghai.583620_CSWD,20.633,aba93c03542042b4da278198119f5b6966aff75e1b2c1eb04acd749f5e5671f3,ca957e622144e1d7e09349383b81aa66e073e876ee29816d2ca5229770a73cf8,7,7,8,household_selected_devices,0,,上海市的2人家庭。独立住房建筑面积约69平方米，七普口径至少3间自然房间。主要说明人（37岁，在家外出交替）、伴侣（33岁，通常定时外出）。通常白天部分时间有人。家庭月收入情境约19000元，通常月电费情境约360元；电费可承担，但会留意变化。本月电费可承担，但家庭会留意它的变化。纳入安排的设备：空调、洗衣机、电热水器。节费重视1/5，舒适重视5/5，系统控制边界是每次先确认；希望提前72小时通知。费用压力描述的是当前预算余量；节费重视描述的是调整方案时的取舍，两者分别考虑。洗衣等任务需有人在家完成装载。空屋提前开空调须另确认预约或远控与本人许可。,"【合成角色条件；尚无真人回答】
cityrole-0274｜上海上海市｜2人｜独立住宅，H7 至少3间自然房；整套设计建筑面积69㎡。
楼房中的一套住宅，楼层位置 底层，房龄背景 2010—2019年；住宅原型 Low-rise apartment_Shanghai_2010，源户位 middle，天气代理站 CHN_Shanghai.Shanghai.583620_CSWD（距城市约20.6km）；天气/原型及房龄并非本户实测。
m01 主要说明人，37岁，照顾家人 / 部分时间在家，部分时间外出；工作日通常在家 00:00–09:00、12:00–15:00、19:00–24:00；室温感受：不太敏感，室温变化较大也通常能适应；电器时间：只接受小幅提前或推迟；参与安排：通常主要由这位成员决定；需求优先：没有特别优先；节费/错峰重视 1/5；系统控制：每次先问，得到明确同意后再调整。
m02 伴侣，33岁，在外工作 / 通常固定时间外出工作或学习；工作日通常在家 00:00–07:30、18:30–24:00；室温感受：能接受小幅变化，变化较大会不舒服；电器时间：希望按原定时间运行，尽量不调整；参与安排：通常与家人共同商量决定；需求优先：没有特别优先；节费/错峰重视 1/1；系统控制：更愿意自己安排，尽量不让系统调整。
通常白天：部分时间有人；晚间：部分时间有人；作息：部分成员或部分日期固定；深夜用电：很少或没有；事件当天是否在受控房间另核。
家庭月收入情境 19000元、上月电费情境 360元；电费压力 3/5。本月电费可承担，但家庭会留意它的变化。
节费/舒适/错峰重视 1/5/1；控制边界：每次先问我，得到明确同意后再调整；提前通知 三天或更早；受保护活动：睡眠休息, 做饭用餐。
居住方式：与他人合租；电价背景：单一时段电价；定时/自动控制经验：经常使用；既有错峰经验：参加过；受扰后恢复偏好：保留自动安排；其他背景设备：冰箱。
空调 1台，每周 2—3天；傍晚到睡前（18:00—23:00），制冷设定 26℃，室温希望范围 25—27℃，可接受变化 0.5℃。条件：有人在受控房间时使用；18:00–18:30若空屋预冷，须当天确认家户许可及实际预约/远控能力，否则到家后开启；空屋冷量不算舒适收益。
洗衣机 1台，每周 2—3天；默认 19:50，可从 19:00 开始，最晚 23:00 完成，一次 60 分钟。条件：默认时刻须有成员在家并完成装载；轮班或事件日另核，不默认预约或远程启动。
电热水器 1台，每周 2—3天；加热 06:00–08:00，需热水 07:00，提前加热：可以提前安排。条件：普通加热须对准有人需要热水的时段；事件日及额外提前加热按当次许可确认。
参与者对十天方案的选择、理由和评分尚未填写。",UNKNOWN,NOT_COLLECTED,NOT_EXPORTED_PENDING_D_ACCEPTANCE,UNKNOWN
cityrole-0275,eb.synthetic_fixed_profile_300.v1,北京市,北京,110000,1,1,1,mostly_absent,mostly_home,regular,2000,240,5,电费不构成当前预算约束,家庭已为当前电费预留预算，按这个金额可以承担；增加用电仍需重新权衡。,both_low,1,1,2,high_trust_auto,72,independent_dwelling,two_rooms,2,60-69,64.5,synthetic_H6_like_whole_dwelling_building_area,64.5,known_synthetic_whole_dwelling,50_89,matches_synthetic_whole_dwelling,apartment,middle,6,cn-home-0275,self_contained_openplan,High-rise apartment(slab type)_Beijing_1995,edge,48.496241,48.496241,0,CHN_Beijing.Beijing.545110_CSWD,16.45,c5a000246fd9c838eefeea8ddaa808bc1ed349ea33ced3f620f24f8ccebd2a3e,a4a28b77afc04ba3365ac7aea8e6b79dac0351cebdeb5d352a7b5151233b32bc,7,7,10,household_selected_devices,0,,北京市的1人家庭。独立住房建筑面积约64.5平方米，七普口径至少2间自然房间。主要说明人（78岁，通常定时外出）。通常白天多在外。家庭月收入情境约2000元，通常月电费情境约240元；电费不构成当前预算约束。家庭已为当前电费预留预算，按这个金额可以承担；增加用电仍需重新权衡。纳入安排的设备：洗衣机、烘干机。节费重视1/5，舒适重视1/5，系统控制边界是约定范围内可自动调整；希望提前72小时通知。费用与室温都不是首要判断项，家里更关注日常任务是否照计划完成。洗衣等任务需有人在家完成装载。,"【合成角色条件；尚无真人回答】
cityrole-0275｜北京北京市｜1人｜独立住宅，H7 至少2间自然房；整套设计建筑面积64.5㎡。
楼房中的一套住宅，楼层位置 中间层，房龄背景 2000年前；住宅原型 High-rise apartment(slab type)_Beijing_1995，源户位 edge，天气代理站 CHN_Beijing.Beijing.545110_CSWD（距城市约16.4km）；天气/原型及房龄并非本户实测。
m01 主要说明人，78岁，在外工作 / 通常固定时间外出工作或学习；工作日通常在家 00:00–07:30、18:30–24:00；室温感受：比较敏感，小幅变化也容易不舒服；电器时间：只接受小幅提前或推迟；参与安排：通常主要由这位成员决定；需求优先：没有特别优先；节费/错峰重视 1/3；系统控制：在约定范围内，可以让系统自动调整。
通常白天：大部分时间没人；晚间：大部分时间有人；作息：大体固定；深夜用电：很少或没有；事件当天是否在受控房间另核。
家庭月收入情境 2000元、上月电费情境 240元；电费压力 5/5。家庭已为当前电费预留预算，按这个金额可以承担；增加用电仍需重新权衡。
节费/舒适/错峰重视 1/1/2；控制边界：在约定范围内，可以让系统自动调整；提前通知 三天或更早；受保护活动：睡眠休息, 做饭用餐。
居住方式：自有住房；电价背景：峰谷分时电价；定时/自动控制经验：经常使用；既有错峰经验：没有参加过；受扰后恢复偏好：先看影响再决定；其他背景设备：冰箱。
洗衣机 1台，每周 4—6天；默认 21:00，可从 19:00 开始，最晚 24:00 完成，一次 60 分钟。条件：默认时刻须有成员在家并完成装载；轮班或事件日另核，不默认预约或远程启动。
烘干机 1台，每周 4—6天；默认 19:50，可从 19:00 开始，最晚 23:00 完成，一次 90 分钟。条件：默认时刻须有成员在家并完成装载；轮班或事件日另核，不默认预约或远程启动。
参与者对十天方案的选择、理由和评分尚未填写。",UNKNOWN,NOT_COLLECTED,NOT_EXPORTED_PENDING_D_ACCEPTANCE,UNKNOWN
cityrole-0276,eb.synthetic_fixed_profile_300.v1,长沙市,湖南,430100,2,2,1,sometimes_occupied,varies,irregular,4000,480,2,电费有压力，需调整其他开支,必要生活开支较多，本月电费变化容易挤占其他项目。,comfort_priority,2,4,1,low_auto_accept,48,independent_dwelling,three_rooms,3,30-39,69.0,synthetic_H6_like_whole_dwelling_building_area,69.0,known_synthetic_whole_dwelling,50_89,matches_synthetic_whole_dwelling,apartment,middle,3,cn-home-0276,self_contained_source_three_room,High-rise apartment(slab type)_Changsha_2001,middle,51.879699,51.879699,0,CHN_Hunan.Changsha.576870_CSWD,7.432,e8e7168934e3e32b0b19806b9369b1def629b01e6bc0965690f5dd17287c339e,e13499081b62bc6bf14ed291a0670580bdaf1cfb22030114802e077f1499c699,7,7,8,household_selected_devices,0,,长沙市的2人家庭。独立住房建筑面积约69平方米，七普口径至少3间自然房间。主要说明人（71岁，在家外出交替）、子女（42岁，轮班或时间多变）。通常白天部分时间有人。家庭月收入情境约4000元，通常月电费情境约480元；电费有压力，需调整其他开支。必要生活开支较多，本月电费变化容易挤占其他项目。纳入安排的设备：空调、洗衣机、电热水器。节费重视2/5，舒适重视4/5，系统控制边界是以自己安排为主；希望提前48小时通知。虽然电费挤压预算，但家里更在意任务按原计划完成，不愿为了少量节费频繁改时间。洗衣等任务需有人在家完成装载。轮班日按当天在家情况确认。,"【合成角色条件；尚无真人回答】
cityrole-0276｜湖南长沙市｜2人｜独立住宅，H7 至少3间自然房；整套设计建筑面积69㎡。
楼房中的一套住宅，楼层位置 中间层，房龄背景 2000—2009年；住宅原型 High-rise apartment(slab type)_Changsha_2001，源户位 middle，天气代理站 CHN_Hunan.Changsha.576870_CSWD（距城市约7.4km）；天气/原型及房龄并非本户实测。
m01 主要说明人，71岁，居家工作/学习 / 部分时间在家，部分时间外出；工作日通常在家 00:00–09:00、12:00–15:00、19:00–24:00；室温感受：能接受小幅变化，变化较大会不舒服；电器时间：只要按时完成，具体运行时间都可以；参与安排：通常主要由这位成员决定；需求优先：没有特别优先；节费/错峰重视 2/1；系统控制：更愿意自己安排，尽量不让系统调整。
m02 子女，42岁，轮班工作 / 轮班或时间经常变化；工作日到家时段不固定；室温感受：比较敏感，小幅变化也容易不舒服；电器时间：只接受小幅提前或推迟；参与安排：通常与家人共同商量决定；需求优先：没有特别优先；节费/错峰重视 3/2；系统控制：每次先问，得到明确同意后再调整。
通常白天：部分时间有人；晚间：每天不太固定；作息：变化较多；深夜用电：偶尔；事件当天是否在受控房间另核。
家庭月收入情境 4000元、上月电费情境 480元；电费压力 2/5。必要生活开支较多，本月电费变化容易挤占其他项目。
节费/舒适/错峰重视 2/4/1；控制边界：更愿意自己安排，尽量不让系统调整；提前通知 两天；受保护活动：睡眠休息, 做饭用餐。
居住方式：与他人合租；电价背景：单一时段电价；定时/自动控制经验：经常使用；既有错峰经验：没有参加过；受扰后恢复偏好：保留自动安排；其他背景设备：冰箱。
空调 1台，每周 每天（7天）；自己选择使用时段（可跨午夜），制冷设定 24℃，室温希望范围 23—25℃，可接受变化 1.5℃，自选时段 19:00–23:00。条件：有人在受控房间时使用；轮班或事件日另核，不把空屋冷量算作舒适收益。
洗衣机 1台，每周 每天（7天）；默认 19:00，可从 19:00 开始，最晚 23:00 完成，一次 60 分钟。条件：默认时刻须有成员在家并完成装载；轮班或事件日另核，不默认预约或远程启动。
电热水器 1台，每周 每天（7天）；加热 19:50–22:00，需热水 21:00，提前加热：不希望提前加热。条件：普通加热须对准有人需要热水的时段；事件日及额外提前加热按当次许可确认。
参与者对十天方案的选择、理由和评分尚未填写。",UNKNOWN,NOT_COLLECTED,NOT_EXPORTED_PENDING_D_ACCEPTANCE,UNKNOWN
cityrole-0277,eb.synthetic_fixed_profile_300.v1,射洪市,四川,510981,4,2,1,mostly_occupied,partly_home,irregular,18000,360,3,电费可承担，但会留意变化,本月电费可承担，但家庭会留意它的变化。,both_high,4,4,1,confirm_required,0,independent_dwelling,three_rooms,3,30-39,138.0,synthetic_H6_like_whole_dwelling_building_area,138.0,known_synthetic_whole_dwelling,120_159,matches_synthetic_whole_dwelling,apartment,middle,5,cn-home-0277,self_contained_source_three_room,High-rise apartment(slab type)_Nanchong_2001,edge,103.759398,103.759398,0,CHN_Sichuan.Nanchong.574110_CSWD,69.726,cde9cb9f0e976ddc4e54dc9716552afd0591c018922fa3b6fb55ef0027959517,9b4f5ed9ffd7062e85be98c6b36e499a91d6358c04f0a19ffeb6fc9725e49fd5,7,7,10,household_selected_devices,1,m03,射洪市的4人家庭。独立住房建筑面积约138平方米，七普口径至少3间自然房间。主要说明人（71岁，通常主要在家）、子女（43岁，在家外出交替）、子女（40岁，通常定时外出）、子女伴侣（46岁，轮班或时间多变）。通常白天有人在家。家庭月收入情境约18000元，通常月电费情境约360元；电费可承担，但会留意变化。本月电费可承担，但家庭会留意它的变化。纳入安排的设备：空调、洗衣机、电热水器、可在家充电的电动车。节费重视4/5，舒适重视4/5，系统控制边界是每次先确认；希望提前0小时通知。费用压力描述的是当前预算余量；节费重视描述的是调整方案时的取舍，两者分别考虑。洗衣等任务需有人在家完成装载。轮班日按当天在家情况确认。,"【合成角色条件；尚无真人回答】
cityrole-0277｜四川射洪市｜4人｜独立住宅，H7 至少3间自然房；整套设计建筑面积138㎡。
楼房中的一套住宅，楼层位置 中间层，房龄背景 2000—2009年；住宅原型 High-rise apartment(slab type)_Nanchong_2001，源户位 edge，天气代理站 CHN_Sichuan.Nanchong.574110_CSWD（距城市约69.7km）；天气/原型及房龄并非本户实测。
m01 主要说明人，71岁，退休 / 主要在家生活，包括居家工作、学习、休息或照护；工作日通常在家 00:00–24:00；室温感受：不太敏感，室温变化较大也通常能适应；电器时间：只要按时完成，具体运行时间都可以；参与安排：通常主要由这位成员决定；需求优先：没有特别优先；节费/错峰重视 4/4；系统控制：每次先问，得到明确同意后再调整。
m02 子女，43岁，照顾家人 / 部分时间在家，部分时间外出；工作日通常在家 00:00–09:00、12:00–15:00、19:00–24:00；室温感受：能接受小幅变化，变化较大会不舒服；电器时间：只要按时完成，具体运行时间都可以；参与安排：通常与家人共同商量决定；需求优先：没有特别优先；节费/错峰重视 4/5；系统控制：更愿意自己安排，尽量不让系统调整。
m03 子女，40岁，在外工作 / 通常固定时间外出工作或学习；工作日通常在家 00:00–07:30、18:30–24:00；室温感受：比较敏感，小幅变化也容易不舒服；电器时间：只接受小幅提前或推迟；参与安排：通常与家人共同商量决定；需求优先：没有特别优先；节费/错峰重视 1/1；系统控制：每次先问，得到明确同意后再调整。
m04 子女伴侣，46岁，轮班工作 / 轮班或时间经常变化；工作日到家时段不固定；室温感受：不太敏感，室温变化较大也通常能适应；电器时间：只接受小幅提前或推迟；参与安排：通常与家人共同商量决定；需求优先：没有特别优先；节费/错峰重视 3/2；系统控制：在约定范围内，可以让系统自动调整。
通常白天：大部分时间有人；晚间：部分时间有人；作息：变化较多；深夜用电：偶尔；事件当天是否在受控房间另核。
家庭月收入情境 18000元、上月电费情境 360元；电费压力 3/5。本月电费可承担，但家庭会留意它的变化。
节费/舒适/错峰重视 4/4/1；控制边界：每次先问我，得到明确同意后再调整；提前通知 无需提前；受保护活动：睡眠休息, 做饭用餐。
居住方式：与他人合租；电价背景：峰谷分时电价；定时/自动控制经验：偶尔使用；既有错峰经验：没有参加过；受扰后恢复偏好：改回原安排；其他背景设备：冰箱。
空调 2台，每周 2—3天；下午到睡前（14:00—23:00），制冷设定 25℃，室温希望范围 24—26℃，可接受变化 0.5℃。条件：有人在受控房间时使用；轮班或事件日另核，不把空屋冷量算作舒适收益。
洗衣机 1台，每周 2—3天；默认 19:50，可从 19:00 开始，最晚 23:00 完成，一次 60 分钟。条件：默认时刻须有成员在家并完成装载；轮班或事件日另核，不默认预约或远程启动。
电热水器 1台，每周 2—3天；加热 06:00–08:00，需热水 07:00，提前加热：可以提前安排。条件：普通加热须对准有人需要热水的时段；事件日及额外提前加热按当次许可确认。
可在家充电的电动汽车 1辆，每周 2—3天；接入 19:00，次日离家 07:00，目标/保底电量 80%/20%，驾驶成员 m03。条件：由m03在典型外出日返家后接入；车辆实际到家、次日离家与充电权限按当天确认。
参与者对十天方案的选择、理由和评分尚未填写。",UNKNOWN,NOT_COLLECTED,NOT_EXPORTED_PENDING_D_ACCEPTANCE,UNKNOWN
cityrole-0278,eb.synthetic_fixed_profile_300.v1,酒泉市,甘肃,620900,3,2,0,mostly_occupied,partly_home,irregular,9600,520,3,电费可承担，但会留意变化,本月电费可承担，但家庭会留意它的变化。,comfort_priority,2,4,2,high_trust_auto,6,independent_dwelling,three_rooms,3,30-39,103.5,synthetic_H6_like_whole_dwelling_building_area,103.5,known_synthetic_whole_dwelling,90_119,matches_synthetic_whole_dwelling,apartment,middle,5,cn-home-0278,self_contained_source_three_room,High-rise apartment(slab type)_Jiuquan_2010,middle,77.819549,77.819549,0,CHN_Gansu.Jiuquan.525330_CSWD,6.22,ce9618670d78d856678baadd58d71666171f36f8fb045babc0cda2deebd1b82e,13f9fb11eea717646789fd630e678c36fc7628e772267c95663244215a9b732b,7,7,8,household_selected_devices,0,,酒泉市的3人家庭。独立住房建筑面积约103.5平方米，七普口径至少3间自然房间。主要说明人（57岁，轮班或时间多变）、子女（24岁，在家外出交替）、子女（21岁，通常主要在家）。通常白天有人在家。家庭月收入情境约9600元，通常月电费情境约520元；电费可承担，但会留意变化。本月电费可承担，但家庭会留意它的变化。纳入安排的设备：空调、洗衣机。节费重视2/5，舒适重视4/5，系统控制边界是约定范围内可自动调整；希望提前6小时通知。费用压力描述的是当前预算余量；节费重视描述的是调整方案时的取舍，两者分别考虑。洗衣等任务需有人在家完成装载。空屋提前开空调须另确认预约或远控与本人许可。轮班日按当天在家情况确认。,"【合成角色条件；尚无真人回答】
cityrole-0278｜甘肃酒泉市｜3人｜独立住宅，H7 至少3间自然房；整套设计建筑面积103.5㎡。
楼房中的一套住宅，楼层位置 中间层，房龄背景 2010—2019年；住宅原型 High-rise apartment(slab type)_Jiuquan_2010，源户位 middle，天气代理站 CHN_Gansu.Jiuquan.525330_CSWD（距城市约6.2km）；天气/原型及房龄并非本户实测。
m01 主要说明人，57岁，轮班工作 / 轮班或时间经常变化；工作日到家时段不固定；室温感受：比较敏感，小幅变化也容易不舒服；电器时间：希望按原定时间运行，尽量不调整；参与安排：通常主要由这位成员决定；需求优先：没有特别优先；节费/错峰重视 2/2；系统控制：在约定范围内，可以让系统自动调整。
m02 子女，24岁，暂未工作（非退休） / 部分时间在家，部分时间外出；工作日通常在家 00:00–09:00、12:00–15:00、19:00–24:00；室温感受：不太敏感，室温变化较大也通常能适应；电器时间：只要按时完成，具体运行时间都可以；参与安排：通常与家人共同商量决定；需求优先：没有特别优先；节费/错峰重视 5/3；系统控制：在约定范围内，可以让系统自动调整。
m03 子女，21岁，居家工作/学习 / 主要在家生活，包括居家工作、学习、休息或照护；工作日通常在家 00:00–24:00；室温感受：能接受小幅变化，变化较大会不舒服；电器时间：只要按时完成，具体运行时间都可以；参与安排：通常与家人共同商量决定；需求优先：没有特别优先；节费/错峰重视 2/4；系统控制：更愿意自己安排，尽量不让系统调整。
通常白天：大部分时间有人；晚间：部分时间有人；作息：变化较多；深夜用电：偶尔；事件当天是否在受控房间另核。
家庭月收入情境 9600元、上月电费情境 520元；电费压力 3/5。本月电费可承担，但家庭会留意它的变化。
节费/舒适/错峰重视 2/4/2；控制边界：在约定范围内，可以让系统自动调整；提前通知 6 小时；受保护活动：睡眠休息, 做饭用餐。
居住方式：自有住房；电价背景：单一时段电价；定时/自动控制经验：偶尔使用；既有错峰经验：没有参加过；受扰后恢复偏好：保留自动安排；其他背景设备：冰箱。
空调 1台，每周 4—6天；傍晚到睡前（18:00—23:00），制冷设定 26℃，室温希望范围 25—27℃，可接受变化 1℃。条件：有人在受控房间时使用；18:00–18:30若空屋预冷，须当天确认家户许可及实际预约/远控能力，否则到家后开启；空屋冷量不算舒适收益。
洗衣机 1台，每周 4—6天；默认 21:00，可从 19:00 开始，最晚 24:00 完成，一次 60 分钟。条件：默认时刻须有成员在家并完成装载；轮班或事件日另核，不默认预约或远程启动。
参与者对十天方案的选择、理由和评分尚未填写。",UNKNOWN,NOT_COLLECTED,NOT_EXPORTED_PENDING_D_ACCEPTANCE,UNKNOWN
cityrole-0279,eb.synthetic_fixed_profile_300.v1,潮州市,广东,445100,1,1,0,sometimes_occupied,partly_home,partly_regular,3200,360,1,电费超出预算会挤占必要支出,必要生活开支较多，本月电费变化容易挤占其他项目。,saving_priority,4,2,4,confirm_required,1,independent_dwelling,two_rooms,2,60-69,64.5,synthetic_H6_like_whole_dwelling_building_area,64.5,known_synthetic_whole_dwelling,50_89,matches_synthetic_whole_dwelling,apartment,top,4,cn-home-0279,self_contained_openplan,Low-rise apartment_Shantou_2003,edge,48.496241,48.496241,0,CHN_Guangdong.Shantou.593160_CSWD,46.236,9d7c38012670bd5c44cda35836c101ab9e13fccf84929691f8513c83a14e7001,378f0e707247ae1be8433dc5cc89e896a4b24d84cea0e6760f3fe16388748e62,7,7,10,household_selected_devices,0,,潮州市的1人家庭。独立住房建筑面积约64.5平方米，七普口径至少2间自然房间。主要说明人（47岁，在家外出交替）。通常白天部分时间有人。家庭月收入情境约3200元，通常月电费情境约360元；电费超出预算会挤占必要支出。必要生活开支较多，本月电费变化容易挤占其他项目。纳入安排的设备：空调、洗衣机、洗碗机。节费重视4/5，舒适重视2/5，系统控制边界是每次先确认；希望提前1小时通知。费用压力描述的是当前预算余量；节费重视描述的是调整方案时的取舍，两者分别考虑。洗衣等任务需有人在家完成装载。空屋提前开空调须另确认预约或远控与本人许可。,"【合成角色条件；尚无真人回答】
cityrole-0279｜广东潮州市｜1人｜独立住宅，H7 至少2间自然房；整套设计建筑面积64.5㎡。
楼房中的一套住宅，楼层位置 顶层，房龄背景 2000—2009年；住宅原型 Low-rise apartment_Shantou_2003，源户位 edge，天气代理站 CHN_Guangdong.Shantou.593160_CSWD（距城市约46.2km）；天气/原型及房龄并非本户实测。
m01 主要说明人，47岁，照顾家人 / 部分时间在家，部分时间外出；工作日通常在家 00:00–09:00、12:00–15:00、19:00–24:00；室温感受：能接受小幅变化，变化较大会不舒服；电器时间：希望按原定时间运行，尽量不调整；参与安排：通常主要由这位成员决定；需求优先：没有特别优先；节费/错峰重视 4/5；系统控制：每次先问，得到明确同意后再调整。
通常白天：部分时间有人；晚间：部分时间有人；作息：部分成员或部分日期固定；深夜用电：很少或没有；事件当天是否在受控房间另核。
家庭月收入情境 3200元、上月电费情境 360元；电费压力 1/5。必要生活开支较多，本月电费变化容易挤占其他项目。
节费/舒适/错峰重视 4/2/4；控制边界：每次先问我，得到明确同意后再调整；提前通知 1 小时；受保护活动：睡眠休息, 做饭用餐。
居住方式：整套租住；电价背景：单一时段电价；定时/自动控制经验：经常使用；既有错峰经验：没有参加过；受扰后恢复偏好：保留自动安排；其他背景设备：冰箱。
空调 1台，每周 每天（7天）；傍晚到睡前（18:00—23:00），制冷设定 27℃，室温希望范围 26—28℃，可接受变化 1.5℃。条件：有人在受控房间时使用；18:00–18:30若空屋预冷，须当天确认家户许可及实际预约/远控能力，否则到家后开启；空屋冷量不算舒适收益。
洗衣机 1台，每周 每天（7天）；默认 19:00，可从 19:00 开始，最晚 23:00 完成，一次 60 分钟。条件：默认时刻须有成员在家并完成装载；轮班或事件日另核，不默认预约或远程启动。
洗碗机 1台，每周 每天（7天）；默认 19:50，可从 19:00 开始，最晚 23:00 完成，一次 60 分钟。条件：默认时刻须有成员在家并完成装载；轮班或事件日另核，不默认预约或远程启动。
参与者对十天方案的选择、理由和评分尚未填写。",UNKNOWN,NOT_COLLECTED,NOT_EXPORTED_PENDING_D_ACCEPTANCE,UNKNOWN
cityrole-0280,eb.synthetic_fixed_profile_300.v1,北京市,北京,110000,1,1,0,sometimes_occupied,partly_home,partly_regular,3200,380,5,电费不构成当前预算约束,家庭已为当前电费预留预算，按这个金额可以承担；增加用电仍需重新权衡。,saving_priority,4,2,5,high_trust_auto,12,shared_dwelling_private_rooms_with_allocated_common_area,one_room,1,9-12,10.5,synthetic_H6_like_household_attributed_building_area_in_shared_dwelling,49.437493,experimental_F_scaled_whole_dwelling,lt50,matches_F_experimental_whole_dwelling,apartment,middle,2,cn-home-0280,shared_flat_private_rooms,High-rise apartment(slab type)_Beijing_1986,middle,9.975,8.389242,1.585758,CHN_Beijing.Beijing.545110_CSWD,16.45,c5a000246fd9c838eefeea8ddaa808bc1ed349ea33ced3f620f24f8ccebd2a3e,5cb3553d7ad99ff1ae16c0d569ccec5e0e9bc0bbc972a8420a3377f7d0d02d0d,1,1,1,assigned_private_rooms_ac_only,0,,北京市的1人家庭。合住住房中本户独用1间房，分摊建筑面积约10.5平方米；整套住房设计建筑面积约49.4375平方米（按模型整套净面积和实验0.95比值换算）；仅私有房间的1台空调可由本户安排，公共设备不纳入。主要说明人（31岁，在家外出交替）。通常白天部分时间有人。家庭月收入情境约3200元，通常月电费情境约380元；电费不构成当前预算约束。家庭已为当前电费预留预算，按这个金额可以承担；增加用电仍需重新权衡。纳入安排的设备：空调。节费重视4/5，舒适重视2/5，系统控制边界是约定范围内可自动调整；希望提前12小时通知。当前电费负担不重，但仍重视避免浪费。,"【合成角色条件；尚无真人回答】
cityrole-0280｜北京北京市｜1人｜合住，本户独用1间自然房；10.5㎡是本户分摊建筑面积，整套住房设计建筑面积约49.4375㎡，按冻结源单元净面积和实验 0.95 比值换算，并非实测。
楼房中的一套住宅，楼层位置 中间层，房龄背景 2000年前；住宅原型 High-rise apartment(slab type)_Beijing_1986，源户位 middle，天气代理站 CHN_Beijing.Beijing.545110_CSWD（距城市约16.4km）；天气/原型及房龄并非本户实测。
m01 主要说明人，31岁，暂未工作（非退休） / 部分时间在家，部分时间外出；工作日通常在家 00:00–09:00、12:00–15:00、19:00–24:00；室温感受：不太敏感，室温变化较大也通常能适应；电器时间：只接受小幅提前或推迟；参与安排：通常主要由这位成员决定；需求优先：没有特别优先；节费/错峰重视 4/3；系统控制：在约定范围内，可以让系统自动调整。
通常白天：部分时间有人；晚间：部分时间有人；作息：部分成员或部分日期固定；深夜用电：很少或没有；事件当天是否在受控房间另核。
家庭月收入情境 3200元、上月电费情境 380元；电费压力 5/5。家庭已为当前电费预留预算，按这个金额可以承担；增加用电仍需重新权衡。
节费/舒适/错峰重视 4/2/5；控制边界：在约定范围内，可以让系统自动调整；提前通知 半天；受保护活动：睡眠休息, 做饭用餐。
居住方式：与他人合租；电价背景：峰谷分时电价；定时/自动控制经验：没有使用过；既有错峰经验：没有参加过；受扰后恢复偏好：先看影响再决定；其他背景设备：没有上述设备。
空调 1台，每周 2—3天；自己选择使用时段（可跨午夜），制冷设定 24℃，室温希望范围 23—25℃，可接受变化 0.5℃，自选时段 19:00–23:00。条件：有人在受控房间时使用；轮班或事件日另核，不把空屋冷量算作舒适收益。
参与者对十天方案的选择、理由和评分尚未填写。",UNKNOWN,NOT_COLLECTED,NOT_EXPORTED_PENDING_D_ACCEPTANCE,UNKNOWN
cityrole-0281,eb.synthetic_fixed_profile_300.v1,广州市,广东,440100,2,1,0,variable,varies,irregular,4000,480,2,电费有压力，需调整其他开支,必要生活开支较多，本月电费变化容易挤占其他项目。,middle,3,3,5,low_auto_accept,48,independent_dwelling,one_room,1,50-59,109.0,synthetic_H6_like_whole_dwelling_building_area,109.0,known_synthetic_whole_dwelling,90_119,matches_synthetic_whole_dwelling,apartment,middle,3,cn-home-0281,self_contained_openplan,Low-rise apartment_Guangzhou_2003,edge,81.954887,81.954887,0,CHN_Guangdong.Guangzhou.592870_CSWD,5.46,8aba1405cf372b1266858ed2455d3b45d43a20315f9e450e72373d5a70b4a026,f6d108287873b08489f067493f73e991a9315818a4796a3f33206939b2f29a4a,7,7,10,household_selected_devices,0,,广州市的2人家庭。独立住房建筑面积约109平方米，七普口径至少1间自然房间。主要说明人（31岁，通常定时外出）、伴侣（30岁，轮班或时间多变）。通常白天不固定。家庭月收入情境约4000元，通常月电费情境约480元；电费有压力，需调整其他开支。必要生活开支较多，本月电费变化容易挤占其他项目。纳入安排的设备：空调、洗衣机、洗碗机。节费重视3/5，舒适重视3/5，系统控制边界是以自己安排为主；希望提前48小时通知。费用压力描述的是当前预算余量；节费重视描述的是调整方案时的取舍，两者分别考虑。洗衣等任务需有人在家完成装载。空屋提前开空调须另确认预约或远控与本人许可。轮班日按当天在家情况确认。,"【合成角色条件；尚无真人回答】
cityrole-0281｜广东广州市｜2人｜独立住宅，H7 至少1间自然房；整套设计建筑面积109㎡。
楼房中的一套住宅，楼层位置 中间层，房龄背景 2000—2009年；住宅原型 Low-rise apartment_Guangzhou_2003，源户位 edge，天气代理站 CHN_Guangdong.Guangzhou.592870_CSWD（距城市约5.5km）；天气/原型及房龄并非本户实测。
m01 主要说明人，31岁，在外工作 / 通常固定时间外出工作或学习；工作日通常在家 00:00–07:30、18:30–24:00；室温感受：比较敏感，小幅变化也容易不舒服；电器时间：只接受小幅提前或推迟；参与安排：通常主要由这位成员决定；需求优先：没有特别优先；节费/错峰重视 3/1；系统控制：更愿意自己安排，尽量不让系统调整。
m02 伴侣，30岁，轮班工作 / 轮班或时间经常变化；工作日到家时段不固定；室温感受：不太敏感，室温变化较大也通常能适应；电器时间：只接受小幅提前或推迟；参与安排：通常与家人共同商量决定；需求优先：没有特别优先；节费/错峰重视 3/2；系统控制：在约定范围内，可以让系统自动调整。
通常白天：不固定，很难概括；晚间：每天不太固定；作息：变化较多；深夜用电：偶尔；事件当天是否在受控房间另核。
家庭月收入情境 4000元、上月电费情境 480元；电费压力 2/5。必要生活开支较多，本月电费变化容易挤占其他项目。
节费/舒适/错峰重视 3/3/5；控制边界：更愿意自己安排，尽量不让系统调整；提前通知 两天；受保护活动：睡眠休息, 做饭用餐。
居住方式：整套租住；电价背景：峰谷分时电价；定时/自动控制经验：没有使用过；既有错峰经验：参加过；受扰后恢复偏好：改回原安排；其他背景设备：冰箱。
空调 2台，每周 4—6天；傍晚到睡前（18:00—23:00），制冷设定 25℃，室温希望范围 24—26℃，可接受变化 1℃。条件：有人在受控房间时使用；18:00–18:30若空屋预冷，须当天确认家户许可及实际预约/远控能力，否则到家后开启；空屋冷量不算舒适收益。
洗衣机 1台，每周 4—6天；默认 21:00，可从 19:00 开始，最晚 24:00 完成，一次 60 分钟。条件：默认时刻须有成员在家并完成装载；轮班或事件日另核，不默认预约或远程启动。
洗碗机 1台，每周 4—6天；默认 19:00，可从 19:00 开始，最晚 23:00 完成，一次 60 分钟。条件：默认时刻须有成员在家并完成装载；轮班或事件日另核，不默认预约或远程启动。
参与者对十天方案的选择、理由和评分尚未填写。",UNKNOWN,NOT_COLLECTED,NOT_EXPORTED_PENDING_D_ACCEPTANCE,UNKNOWN
cityrole-0282,eb.synthetic_fixed_profile_300.v1,神木市,陕西,610881,2,1,1,mostly_occupied,mostly_home,regular,13000,360,1,电费超出预算会挤占必要支出,本月收入已有其他固定支出安排，可灵活调整的预算较紧。,both_low,1,1,1,low_auto_accept,3,independent_dwelling,two_rooms,2,30-39,69.0,synthetic_H6_like_whole_dwelling_building_area,69.0,known_synthetic_whole_dwelling,50_89,matches_synthetic_whole_dwelling,apartment,top,4,cn-home-0282,self_contained_openplan,Low-rise apartment_Yulin_2010,middle,51.879699,51.879699,0,CHN_Shaanxi.Yulin.536460_CSWD,96.212,38356c446f1414e04016ced0d948ef067e4e88943a36206777a35649b25cc897,f630c946a9cc9e5e144cb4419e82c4569ae9f958b0a33be983bc374a663cc5ba,7,7,8,household_selected_devices,1,m02,神木市的2人家庭。独立住房建筑面积约69平方米，七普口径至少2间自然房间。主要说明人（67岁，通常主要在家）、伴侣（70岁，通常定时外出）。通常白天有人在家。家庭月收入情境约13000元，通常月电费情境约360元；电费超出预算会挤占必要支出。本月收入已有其他固定支出安排，可灵活调整的预算较紧。纳入安排的设备：电热水器、可在家充电的电动车。节费重视1/5，舒适重视1/5，系统控制边界是以自己安排为主；希望提前3小时通知。虽然电费挤压预算，但家里更在意任务按原计划完成，不愿为了少量节费频繁改时间。,"【合成角色条件；尚无真人回答】
cityrole-0282｜陕西神木市｜2人｜独立住宅，H7 至少2间自然房；整套设计建筑面积69㎡。
楼房中的一套住宅，楼层位置 顶层，房龄背景 2010—2019年；住宅原型 Low-rise apartment_Yulin_2010，源户位 middle，天气代理站 CHN_Shaanxi.Yulin.536460_CSWD（距城市约96.2km）；天气/原型及房龄并非本户实测。
m01 主要说明人，67岁，照顾家人 / 主要在家生活，包括居家工作、学习、休息或照护；工作日通常在家 00:00–24:00；室温感受：能接受小幅变化，变化较大会不舒服；电器时间：只要按时完成，具体运行时间都可以；参与安排：通常主要由这位成员决定；需求优先：没有特别优先；节费/错峰重视 1/4；系统控制：更愿意自己安排，尽量不让系统调整。
m02 伴侣，70岁，在外工作 / 通常固定时间外出工作或学习；工作日通常在家 00:00–07:30、18:30–24:00；室温感受：比较敏感，小幅变化也容易不舒服；电器时间：只接受小幅提前或推迟；参与安排：通常与家人共同商量决定；需求优先：没有特别优先；节费/错峰重视 4/5；系统控制：每次先问，得到明确同意后再调整。
通常白天：大部分时间有人；晚间：大部分时间有人；作息：大体固定；深夜用电：很少或没有；事件当天是否在受控房间另核。
家庭月收入情境 13000元、上月电费情境 360元；电费压力 1/5。本月收入已有其他固定支出安排，可灵活调整的预算较紧。
节费/舒适/错峰重视 1/1/1；控制边界：更愿意自己安排，尽量不让系统调整；提前通知 3 小时；受保护活动：睡眠休息, 做饭用餐。
居住方式：与他人合租；电价背景：单一时段电价；定时/自动控制经验：没有使用过；既有错峰经验：没有参加过；受扰后恢复偏好：保留自动安排；其他背景设备：冰箱。
电热水器 1台，每周 每天（7天）；加热 19:50–22:00，需热水 21:00，提前加热：不希望提前加热。条件：普通加热须对准有人需要热水的时段；事件日及额外提前加热按当次许可确认。
可在家充电的电动汽车 1辆，每周 每天（7天）；接入 21:00，次日离家 07:00，目标/保底电量 70%/40%，驾驶成员 m02。条件：由m02在典型外出日返家后接入；车辆实际到家、次日离家与充电权限按当天确认。
参与者对十天方案的选择、理由和评分尚未填写。",UNKNOWN,NOT_COLLECTED,NOT_EXPORTED_PENDING_D_ACCEPTANCE,UNKNOWN
cityrole-0283,eb.synthetic_fixed_profile_300.v1,株洲市,湖南,430200,2,1,0,sometimes_occupied,varies,irregular,13000,360,1,电费超出预算会挤占必要支出,本月收入已有其他固定支出安排，可灵活调整的预算较紧。,both_low,1,1,1,low_auto_accept,0,independent_dwelling,three_rooms,3,40-49,89.0,synthetic_H6_like_whole_dwelling_building_area,89.0,known_synthetic_whole_dwelling,50_89,matches_synthetic_whole_dwelling,apartment,middle,3,cn-home-0283,self_contained_source_three_room,Low-rise apartment_Zhuzhou_2001,middle,66.917293,66.917293,0,CHN_Hunan.Zhuzhou.577800_CSWD,3.194,08c2b3ce3f90ea6c1575bd54a268f2899c9de7409013500ec376ba9794581a53,21654aa536314e4fbbb46da247ee3ee81885335df39c03a0db8889d12051128b,7,7,8,household_selected_devices,0,,株洲市的2人家庭。独立住房建筑面积约89平方米，七普口径至少3间自然房间。主要说明人（37岁，轮班或时间多变）、伴侣（36岁，在家外出交替）。通常白天部分时间有人。家庭月收入情境约13000元，通常月电费情境约360元；电费超出预算会挤占必要支出。本月收入已有其他固定支出安排，可灵活调整的预算较紧。纳入安排的设备：洗衣机。节费重视1/5，舒适重视1/5，系统控制边界是以自己安排为主；希望提前0小时通知。虽然电费挤压预算，但家里更在意任务按原计划完成，不愿为了少量节费频繁改时间。洗衣等任务需有人在家完成装载。轮班日按当天在家情况确认。,"【合成角色条件；尚无真人回答】
cityrole-0283｜湖南株洲市｜2人｜独立住宅，H7 至少3间自然房；整套设计建筑面积89㎡。
楼房中的一套住宅，楼层位置 中间层，房龄背景 2000—2009年；住宅原型 Low-rise apartment_Zhuzhou_2001，源户位 middle，天气代理站 CHN_Hunan.Zhuzhou.577800_CSWD（距城市约3.2km）；天气/原型及房龄并非本户实测。
m01 主要说明人，37岁，轮班工作 / 轮班或时间经常变化；工作日到家时段不固定；室温感受：不太敏感，室温变化较大也通常能适应；电器时间：只要按时完成，具体运行时间都可以；参与安排：通常主要由这位成员决定；需求优先：没有特别优先；节费/错峰重视 1/2；系统控制：更愿意自己安排，尽量不让系统调整。
m02 伴侣，36岁，暂未工作（非退休） / 部分时间在家，部分时间外出；工作日通常在家 00:00–09:00、12:00–15:00、19:00–24:00；室温感受：能接受小幅变化，变化较大会不舒服；电器时间：只要按时完成，具体运行时间都可以；参与安排：通常与家人共同商量决定；需求优先：没有特别优先；节费/错峰重视 5/3；系统控制：更愿意自己安排，尽量不让系统调整。
通常白天：部分时间有人；晚间：每天不太固定；作息：变化较多；深夜用电：偶尔；事件当天是否在受控房间另核。
家庭月收入情境 13000元、上月电费情境 360元；电费压力 1/5。本月收入已有其他固定支出安排，可灵活调整的预算较紧。
节费/舒适/错峰重视 1/1/1；控制边界：更愿意自己安排，尽量不让系统调整；提前通知 无需提前；受保护活动：睡眠休息, 做饭用餐。
居住方式：自有住房；电价背景：单一时段电价；定时/自动控制经验：经常使用；既有错峰经验：没有参加过；受扰后恢复偏好：先看影响再决定；其他背景设备：冰箱。
洗衣机 1台，每周 2—3天；默认 19:50，可从 19:00 开始，最晚 23:00 完成，一次 60 分钟。条件：默认时刻须有成员在家并完成装载；轮班或事件日另核，不默认预约或远程启动。
参与者对十天方案的选择、理由和评分尚未填写。",UNKNOWN,NOT_COLLECTED,NOT_EXPORTED_PENDING_D_ACCEPTANCE,UNKNOWN
cityrole-0284,eb.synthetic_fixed_profile_300.v1,济源市,河南,419001,6,3,0,sometimes_occupied,varies,irregular,27000,360,3,电费可承担，但会留意变化,本月电费可承担，但家庭会留意它的变化。,middle,3,3,1,low_auto_accept,72,independent_dwelling,five_or_more_rooms,5,40-49,267.0,synthetic_H6_like_whole_dwelling_building_area,267.0,known_synthetic_whole_dwelling,ge160,matches_synthetic_whole_dwelling,rowhouse,NOT_APPLICABLE,two_storey_terraced_inferred_unit,cn-home-0284,terraced_five_room_inferred,Terraced house_Zhengzhou_2010,edge,200.75188,200.75188,0,CHN_Henan.Zhengzhou.570830_CSWD,105.779,5c7f20613a94f695be63734559173574f32406af8c0f407e0ea7eb63f5228c64,edcc7d5597101f46ffd9b84b3585f07c1404711d202d6a19bd5a940483b8ae0d,14,13,25,household_selected_devices,0,,济源市的6人家庭。独立住房建筑面积约267平方米，七普口径至少5间自然房间。长辈（57岁，在家外出交替）、主要说明人（39岁，通常定时外出）、子女（19岁，轮班或时间多变）、伴侣（38岁，在家外出交替）、子女（14岁，通常定时外出）、兄弟姐妹（37岁，在家外出交替）。通常白天部分时间有人。家庭月收入情境约27000元，通常月电费情境约360元；电费可承担，但会留意变化。本月电费可承担，但家庭会留意它的变化。纳入安排的设备：空调、洗衣机、电热水器。节费重视3/5，舒适重视3/5，系统控制边界是以自己安排为主；希望提前72小时通知。费用压力描述的是当前预算余量；节费重视描述的是调整方案时的取舍，两者分别考虑。洗衣等任务需有人在家完成装载。轮班日按当天在家情况确认。,"【合成角色条件；尚无真人回答】
cityrole-0284｜河南济源市｜6人｜独立住宅，H7 至少5间自然房；整套设计建筑面积267㎡。
联排住宅，楼层位置 不适用，房龄背景 2010—2019年；住宅原型 Terraced house_Zhengzhou_2010，源户位 edge，天气代理站 CHN_Henan.Zhengzhou.570830_CSWD（距城市约105.8km）；天气/原型及房龄并非本户实测。
m01 长辈，57岁，照顾家人 / 部分时间在家，部分时间外出；工作日通常在家 00:00–09:00、12:00–15:00、19:00–24:00；室温感受：比较敏感，小幅变化也容易不舒服；电器时间：希望按原定时间运行，尽量不调整；参与安排：通常主要由这位成员决定；需求优先：通常会优先考虑；节费/错峰重视 3/5；系统控制：更愿意自己安排，尽量不让系统调整。
m02 主要说明人，39岁，在外工作 / 通常固定时间外出工作或学习；工作日通常在家 00:00–07:30、18:30–24:00；室温感受：不太敏感，室温变化较大也通常能适应；电器时间：只要按时完成，具体运行时间都可以；参与安排：通常与家人共同商量决定；需求优先：没有特别优先；节费/错峰重视 1/1；系统控制：在约定范围内，可以让系统自动调整。
m03 子女，19岁，轮班工作 / 轮班或时间经常变化；工作日到家时段不固定；室温感受：能接受小幅变化，变化较大会不舒服；电器时间：只要按时完成，具体运行时间都可以；参与安排：通常与家人共同商量决定；需求优先：没有特别优先；节费/错峰重视 3/2；系统控制：更愿意自己安排，尽量不让系统调整。
m04 伴侣，38岁，暂未工作（非退休） / 部分时间在家，部分时间外出；工作日通常在家 00:00–09:00、12:00–15:00、19:00–24:00；室温感受：比较敏感，小幅变化也容易不舒服；电器时间：只接受小幅提前或推迟；参与安排：通常与家人共同商量决定；需求优先：没有特别优先；节费/错峰重视 5/3；系统控制：每次先问，得到明确同意后再调整。
m05 子女，14岁，上学 / 通常固定时间外出工作或学习；工作日通常在家 00:00–07:30、18:30–24:00；室温感受：不太敏感，室温变化较大也通常能适应；电器时间：只接受小幅提前或推迟；参与安排：通常与家人共同商量决定；需求优先：通常会优先考虑；节费/错峰重视 2/4；系统控制：在约定范围内，可以让系统自动调整。
m06 兄弟姐妹，37岁，照顾家人 / 部分时间在家，部分时间外出；工作日通常在家 00:00–09:00、12:00–15:00、19:00–24:00；室温感受：能接受小幅变化，变化较大会不舒服；电器时间：希望按原定时间运行，尽量不调整；参与安排：通常与家人共同商量决定；需求优先：没有特别优先；节费/错峰重视 4/5；系统控制：更愿意自己安排，尽量不让系统调整。
通常白天：部分时间有人；晚间：每天不太固定；作息：变化较多；深夜用电：偶尔；事件当天是否在受控房间另核。
家庭月收入情境 27000元、上月电费情境 360元；电费压力 3/5。本月电费可承担，但家庭会留意它的变化。
节费/舒适/错峰重视 3/3/1；控制边界：更愿意自己安排，尽量不让系统调整；提前通知 三天或更早；受保护活动：睡眠休息, 做饭用餐, 照顾家人。
居住方式：自有住房；电价背景：单一时段电价；定时/自动控制经验：偶尔使用；既有错峰经验：没有参加过；受扰后恢复偏好：保留自动安排；其他背景设备：冰箱。
空调 1台，每周 4—6天；自己选择使用时段（可跨午夜），制冷设定 24℃，室温希望范围 23—25℃，可接受变化 1℃，自选时段 19:00–23:00。条件：有人在受控房间时使用；轮班或事件日另核，不把空屋冷量算作舒适收益。
洗衣机 1台，每周 4—6天；默认 21:00，可从 19:00 开始，最晚 24:00 完成，一次 60 分钟。条件：默认时刻须有成员在家并完成装载；轮班或事件日另核，不默认预约或远程启动。
电热水器 1台，每周 4—6天；加热 19:00–22:00，需热水 21:00，提前加热：每次先确认。条件：普通加热须对准有人需要热水的时段；事件日及额外提前加热按当次许可确认。
参与者对十天方案的选择、理由和评分尚未填写。",UNKNOWN,NOT_COLLECTED,NOT_EXPORTED_PENDING_D_ACCEPTANCE,UNKNOWN
cityrole-0285,eb.synthetic_fixed_profile_300.v1,汝州市,河南,410482,2,1,0,mostly_occupied,partly_home,partly_regular,13000,520,5,电费不构成当前预算约束,本月电费占可安排预算较小。,both_high,5,5,2,low_auto_accept,12,shared_dwelling_private_rooms_with_allocated_common_area,one_room,1,13-16,29.0,synthetic_H6_like_household_attributed_building_area_in_shared_dwelling,136.541648,experimental_F_scaled_whole_dwelling,120_159,matches_F_experimental_whole_dwelling,apartment,middle,5,cn-home-0285,shared_flat_private_rooms,High-rise apartment(slab type)_Zhengzhou_2010,middle,27.55,23.170287,4.379713,CHN_Henan.Zhengzhou.570830_CSWD,96.283,5c7f20613a94f695be63734559173574f32406af8c0f407e0ea7eb63f5228c64,e208b7835502be0057bd7425045a648697837f3f4ed9aa01b43fc95109273211,1,1,1,assigned_private_rooms_ac_only,0,,汝州市的2人家庭。合住住房中本户独用1间房，分摊建筑面积约29平方米；整套住房设计建筑面积约136.542平方米（按模型整套净面积和实验0.95比值换算）；仅私有房间的1台空调可由本户安排，公共设备不纳入。主要说明人（30岁，在家外出交替）、伴侣（29岁，通常主要在家）。通常白天有人在家。家庭月收入情境约13000元，通常月电费情境约520元；电费不构成当前预算约束。本月电费占可安排预算较小。纳入安排的设备：空调。节费重视5/5，舒适重视5/5，系统控制边界是以自己安排为主；希望提前12小时通知。当前电费负担不重，但仍重视避免浪费。,"【合成角色条件；尚无真人回答】
cityrole-0285｜河南汝州市｜2人｜合住，本户独用1间自然房；29㎡是本户分摊建筑面积，整套住房设计建筑面积约136.542㎡，按冻结源单元净面积和实验 0.95 比值换算，并非实测。
楼房中的一套住宅，楼层位置 中间层，房龄背景 2010—2019年；住宅原型 High-rise apartment(slab type)_Zhengzhou_2010，源户位 middle，天气代理站 CHN_Henan.Zhengzhou.570830_CSWD（距城市约96.3km）；天气/原型及房龄并非本户实测。
m01 主要说明人，30岁，暂未工作（非退休） / 部分时间在家，部分时间外出；工作日通常在家 00:00–09:00、12:00–15:00、19:00–24:00；室温感受：能接受小幅变化，变化较大会不舒服；电器时间：希望按原定时间运行，尽量不调整；参与安排：通常主要由这位成员决定；需求优先：没有特别优先；节费/错峰重视 5/3；系统控制：更愿意自己安排，尽量不让系统调整。
m02 伴侣，29岁，居家工作/学习 / 主要在家生活，包括居家工作、学习、休息或照护；工作日通常在家 00:00–24:00；室温感受：比较敏感，小幅变化也容易不舒服；电器时间：希望按原定时间运行，尽量不调整；参与安排：通常与家人共同商量决定；需求优先：没有特别优先；节费/错峰重视 2/4；系统控制：每次先问，得到明确同意后再调整。
通常白天：大部分时间有人；晚间：部分时间有人；作息：部分成员或部分日期固定；深夜用电：很少或没有；事件当天是否在受控房间另核。
家庭月收入情境 13000元、上月电费情境 520元；电费压力 5/5。本月电费占可安排预算较小。
节费/舒适/错峰重视 5/5/2；控制边界：更愿意自己安排，尽量不让系统调整；提前通知 半天；受保护活动：睡眠休息, 做饭用餐。
居住方式：与他人合租；电价背景：峰谷分时电价；定时/自动控制经验：经常使用；既有错峰经验：没有参加过；受扰后恢复偏好：先看影响再决定；其他背景设备：没有上述设备。
空调 1台，每周 每天（7天）；下午到睡前（14:00—23:00），制冷设定 25℃，室温希望范围 24—26℃，可接受变化 1.5℃。条件：有人在受控房间时使用；轮班或事件日另核，不把空屋冷量算作舒适收益。
参与者对十天方案的选择、理由和评分尚未填写。",UNKNOWN,NOT_COLLECTED,NOT_EXPORTED_PENDING_D_ACCEPTANCE,UNKNOWN
cityrole-0286,eb.synthetic_fixed_profile_300.v1,牡丹江市,黑龙江,231000,5,2,0,mostly_occupied,partly_home,irregular,47500,720,4,电费有余量，通常不需改变开支,本月电费占可安排预算较小。,both_high,4,4,1,low_auto_accept,0.5,independent_dwelling,two_rooms,2,20-29,122.5,synthetic_H6_like_whole_dwelling_building_area,122.5,known_synthetic_whole_dwelling,120_159,matches_synthetic_whole_dwelling,apartment,top,4,cn-home-0286,self_contained_openplan,Low-rise apartment_Mudanjiang_2010,edge,92.105263,92.105263,0,CHN_Heilongjiang.Mudanjiang.540940_CSWD,1.017,6490fd7314d1bf9d4f05d65935a4695d592c478ac59f81c9619a39a91674b2f9,b0a99da8176b194b6d13765c74c8deb24900fa0edd241e4471101c1aed7226a1,7,7,10,household_selected_devices,0,,牡丹江市的5人家庭。独立住房建筑面积约122.5平方米，七普口径至少2间自然房间。主要说明人（56岁，通常定时外出）、子女（22岁，轮班或时间多变）、子女（26岁，在家外出交替）、子女伴侣（26岁，通常主要在家）、子女（25岁，在家外出交替）。通常白天有人在家。家庭月收入情境约47500元，通常月电费情境约720元；电费有余量，通常不需改变开支。本月电费占可安排预算较小。纳入安排的设备：空调、洗衣机、洗碗机、电热水器。节费重视4/5，舒适重视4/5，系统控制边界是以自己安排为主；希望提前0.5小时通知。当前电费负担不重，但仍重视避免浪费。洗衣等任务需有人在家完成装载。空屋提前开空调须另确认预约或远控与本人许可。轮班日按当天在家情况确认。,"【合成角色条件；尚无真人回答】
cityrole-0286｜黑龙江牡丹江市｜5人｜独立住宅，H7 至少2间自然房；整套设计建筑面积122.5㎡。
楼房中的一套住宅，楼层位置 顶层，房龄背景 2010—2019年；住宅原型 Low-rise apartment_Mudanjiang_2010，源户位 edge，天气代理站 CHN_Heilongjiang.Mudanjiang.540940_CSWD（距城市约1.0km）；天气/原型及房龄并非本户实测。
m01 主要说明人，56岁，在外工作 / 通常固定时间外出工作或学习；工作日通常在家 00:00–07:30、18:30–24:00；室温感受：不太敏感，室温变化较大也通常能适应；电器时间：只接受小幅提前或推迟；参与安排：通常主要由这位成员决定；需求优先：没有特别优先；节费/错峰重视 4/1；系统控制：更愿意自己安排，尽量不让系统调整。
m02 子女，22岁，轮班工作 / 轮班或时间经常变化；工作日到家时段不固定；室温感受：能接受小幅变化，变化较大会不舒服；电器时间：希望按原定时间运行，尽量不调整；参与安排：通常与家人共同商量决定；需求优先：没有特别优先；节费/错峰重视 3/2；系统控制：更愿意自己安排，尽量不让系统调整。
m03 子女，26岁，暂未工作（非退休） / 部分时间在家，部分时间外出；工作日通常在家 00:00–09:00、12:00–15:00、19:00–24:00；室温感受：比较敏感，小幅变化也容易不舒服；电器时间：希望按原定时间运行，尽量不调整；参与安排：通常与家人共同商量决定；需求优先：没有特别优先；节费/错峰重视 5/3；系统控制：每次先问，得到明确同意后再调整。
m04 子女伴侣，26岁，居家工作/学习 / 主要在家生活，包括居家工作、学习、休息或照护；工作日通常在家 00:00–24:00；室温感受：不太敏感，室温变化较大也通常能适应；电器时间：只要按时完成，具体运行时间都可以；参与安排：通常与家人共同商量决定；需求优先：没有特别优先；节费/错峰重视 2/4；系统控制：在约定范围内，可以让系统自动调整。
m05 子女，25岁，照顾家人 / 部分时间在家，部分时间外出；工作日通常在家 00:00–09:00、12:00–15:00、19:00–24:00；室温感受：能接受小幅变化，变化较大会不舒服；电器时间：只要按时完成，具体运行时间都可以；参与安排：通常与家人共同商量决定；需求优先：没有特别优先；节费/错峰重视 4/5；系统控制：更愿意自己安排，尽量不让系统调整。
通常白天：大部分时间有人；晚间：部分时间有人；作息：变化较多；深夜用电：偶尔；事件当天是否在受控房间另核。
家庭月收入情境 47500元、上月电费情境 720元；电费压力 4/5。本月电费占可安排预算较小。
节费/舒适/错峰重视 4/4/1；控制边界：更愿意自己安排，尽量不让系统调整；提前通知 半小时；受保护活动：睡眠休息, 做饭用餐。
居住方式：整套租住；电价背景：峰谷分时电价；定时/自动控制经验：没有使用过；既有错峰经验：没有参加过；受扰后恢复偏好：改回原安排；其他背景设备：冰箱。
空调 1台，每周 2—3天；傍晚到睡前（18:00—23:00），制冷设定 26℃，室温希望范围 25—27℃，可接受变化 0.5℃。条件：有人在受控房间时使用；18:00–18:30若空屋预冷，须当天确认家户许可及实际预约/远控能力，否则到家后开启；空屋冷量不算舒适收益。
洗衣机 1台，每周 2—3天；默认 19:50，可从 19:00 开始，最晚 23:00 完成，一次 60 分钟。条件：默认时刻须有成员在家并完成装载；轮班或事件日另核，不默认预约或远程启动。
洗碗机 1台，每周 2—3天；默认 21:00，可从 19:00 开始，最晚 24:00 完成，一次 60 分钟。条件：默认时刻须有成员在家并完成装载；轮班或事件日另核，不默认预约或远程启动。
电热水器 1台，每周 2—3天；加热 06:00–08:00，需热水 07:00，提前加热：可以提前安排。条件：普通加热须对准有人需要热水的时段；事件日及额外提前加热按当次许可确认。
参与者对十天方案的选择、理由和评分尚未填写。",UNKNOWN,NOT_COLLECTED,NOT_EXPORTED_PENDING_D_ACCEPTANCE,UNKNOWN
cityrole-0287,eb.synthetic_fixed_profile_300.v1,广州市,广东,440100,5,3,1,sometimes_occupied,partly_home,partly_regular,10000,360,1,电费超出预算会挤占必要支出,必要生活开支较多，本月电费变化容易挤占其他项目。,middle,3,3,1,confirm_required,0.5,independent_dwelling,five_or_more_rooms,5,20-29,122.5,synthetic_H6_like_whole_dwelling_building_area,122.5,known_synthetic_whole_dwelling,120_159,matches_synthetic_whole_dwelling,rowhouse,NOT_APPLICABLE,two_storey_terraced_inferred_unit,cn-home-0287,terraced_five_room_inferred,Terraced house_Guangzhou_2003,middle,92.105263,92.105263,0,CHN_Guangdong.Guangzhou.592870_CSWD,5.46,8aba1405cf372b1266858ed2455d3b45d43a20315f9e450e72373d5a70b4a026,bb49b1afd611c8663accd9f42e93da5676db8d49e9cd4a988e002efc83369989,14,13,25,household_selected_devices,0,,广州市的5人家庭。独立住房建筑面积约122.5平方米，七普口径至少5间自然房间。长辈（61岁，通常定时外出）、主要说明人（36岁，在家外出交替）、子女（12岁，通常定时外出）、子女（12岁，通常定时外出）、伴侣（40岁，在家外出交替）。通常白天部分时间有人。家庭月收入情境约10000元，通常月电费情境约360元；电费超出预算会挤占必要支出。必要生活开支较多，本月电费变化容易挤占其他项目。纳入安排的设备：空调、洗衣机、洗碗机、电热水器。节费重视3/5，舒适重视3/5，系统控制边界是每次先确认；希望提前0.5小时通知。费用压力描述的是当前预算余量；节费重视描述的是调整方案时的取舍，两者分别考虑。洗衣等任务需有人在家完成装载。空屋提前开空调须另确认预约或远控与本人许可。,"【合成角色条件；尚无真人回答】
cityrole-0287｜广东广州市｜5人｜独立住宅，H7 至少5间自然房；整套设计建筑面积122.5㎡。
联排住宅，楼层位置 不适用，房龄背景 2000—2009年；住宅原型 Terraced house_Guangzhou_2003，源户位 middle，天气代理站 CHN_Guangdong.Guangzhou.592870_CSWD（距城市约5.5km）；天气/原型及房龄并非本户实测。
m01 长辈，61岁，在外工作 / 通常固定时间外出工作或学习；工作日通常在家 00:00–07:30、18:30–24:00；室温感受：比较敏感，小幅变化也容易不舒服；电器时间：只接受小幅提前或推迟；参与安排：通常主要由这位成员决定；需求优先：没有特别优先；节费/错峰重视 3/4；系统控制：每次先问，得到明确同意后再调整。
m02 主要说明人，36岁，照顾家人 / 部分时间在家，部分时间外出；工作日通常在家 00:00–09:00、12:00–15:00、19:00–24:00；室温感受：不太敏感，室温变化较大也通常能适应；电器时间：只接受小幅提前或推迟；参与安排：通常与家人共同商量决定；需求优先：没有特别优先；节费/错峰重视 4/5；系统控制：在约定范围内，可以让系统自动调整。
m03 子女，12岁，上学 / 通常固定时间外出工作或学习；工作日通常在家 00:00–07:30、18:30–24:00；室温感受：能接受小幅变化，变化较大会不舒服；电器时间：希望按原定时间运行，尽量不调整；参与安排：通常与家人共同商量决定；需求优先：通常会优先考虑；节费/错峰重视 1/1；系统控制：更愿意自己安排，尽量不让系统调整。
m04 子女，12岁，上学 / 通常固定时间外出工作或学习；工作日通常在家 00:00–07:30、18:30–24:00；室温感受：比较敏感，小幅变化也容易不舒服；电器时间：希望按原定时间运行，尽量不调整；参与安排：通常与家人共同商量决定；需求优先：通常会优先考虑；节费/错峰重视 3/2；系统控制：每次先问，得到明确同意后再调整。
m05 伴侣，40岁，暂未工作（非退休） / 部分时间在家，部分时间外出；工作日通常在家 00:00–09:00、12:00–15:00、19:00–24:00；室温感受：不太敏感，室温变化较大也通常能适应；电器时间：只要按时完成，具体运行时间都可以；参与安排：通常与家人共同商量决定；需求优先：没有特别优先；节费/错峰重视 5/3；系统控制：在约定范围内，可以让系统自动调整。
通常白天：部分时间有人；晚间：部分时间有人；作息：部分成员或部分日期固定；深夜用电：很少或没有；事件当天是否在受控房间另核。
家庭月收入情境 10000元、上月电费情境 360元；电费压力 1/5。必要生活开支较多，本月电费变化容易挤占其他项目。
节费/舒适/错峰重视 3/3/1；控制边界：每次先问我，得到明确同意后再调整；提前通知 半小时；受保护活动：睡眠休息, 做饭用餐, 照顾家人。
居住方式：自有住房；电价背景：单一时段电价；定时/自动控制经验：没有使用过；既有错峰经验：没有参加过；受扰后恢复偏好：改回原安排；其他背景设备：冰箱。
空调 1台，每周 4—6天；傍晚到睡前（18:00—23:00），制冷设定 27℃，室温希望范围 26—28℃，可接受变化 1℃。条件：有人在受控房间时使用；18:00–18:30若空屋预冷，须当天确认家户许可及实际预约/远控能力，否则到家后开启；空屋冷量不算舒适收益。
洗衣机 1台，每周 4—6天；默认 21:00，可从 19:00 开始，最晚 24:00 完成，一次 60 分钟。条件：默认时刻须有成员在家并完成装载；轮班或事件日另核，不默认预约或远程启动。
洗碗机 1台，每周 4—6天；默认 19:00，可从 19:00 开始，最晚 23:00 完成，一次 60 分钟。条件：默认时刻须有成员在家并完成装载；轮班或事件日另核，不默认预约或远程启动。
电热水器 1台，每周 4—6天；加热 19:00–22:00，需热水 21:00，提前加热：每次先确认。条件：普通加热须对准有人需要热水的时段；事件日及额外提前加热按当次许可确认。
参与者对十天方案的选择、理由和评分尚未填写。",UNKNOWN,NOT_COLLECTED,NOT_EXPORTED_PENDING_D_ACCEPTANCE,UNKNOWN
cityrole-0288,eb.synthetic_fixed_profile_300.v1,佳木斯市,黑龙江,230800,3,2,1,mostly_occupied,partly_home,partly_regular,28500,520,1,电费超出预算会挤占必要支出,本月收入已有其他固定支出安排，可灵活调整的预算较紧。,both_high,4,4,4,confirm_required,0.5,independent_dwelling,three_rooms,3,30-39,103.5,synthetic_H6_like_whole_dwelling_building_area,103.5,known_synthetic_whole_dwelling,90_119,matches_synthetic_whole_dwelling,apartment,middle,2,cn-home-0288,self_contained_source_three_room,Low-rise apartment_Jiamusi_2010,middle,77.819549,77.819549,0,CHN_Heilongjiang.Jiamusi.508730_CSWD,7.51,ddd314b5da6ee89bb5ed0b5c005258fab0e74bd5324e9483e572e54994419bc0,91b58d78e4d6e62cf28e15f5a9dfef12cc6036c3898143e440515431e94d8d6f,7,7,8,household_selected_devices,0,,佳木斯市的3人家庭。独立住房建筑面积约103.5平方米，七普口径至少3间自然房间。主要说明人（68岁，在家外出交替）、子女（41岁，在家外出交替）、子女（45岁，通常主要在家）。通常白天有人在家。家庭月收入情境约28500元，通常月电费情境约520元；电费超出预算会挤占必要支出。本月收入已有其他固定支出安排，可灵活调整的预算较紧。纳入安排的设备：洗衣机、电热水器。节费重视4/5，舒适重视4/5，系统控制边界是每次先确认；希望提前0.5小时通知。费用压力描述的是当前预算余量；节费重视描述的是调整方案时的取舍，两者分别考虑。洗衣等任务需有人在家完成装载。,"【合成角色条件；尚无真人回答】
cityrole-0288｜黑龙江佳木斯市｜3人｜独立住宅，H7 至少3间自然房；整套设计建筑面积103.5㎡。
楼房中的一套住宅，楼层位置 中间层，房龄背景 2010—2019年；住宅原型 Low-rise apartment_Jiamusi_2010，源户位 middle，天气代理站 CHN_Heilongjiang.Jiamusi.508730_CSWD（距城市约7.5km）；天气/原型及房龄并非本户实测。
m01 主要说明人，68岁，居家工作/学习 / 部分时间在家，部分时间外出；工作日通常在家 00:00–09:00、12:00–15:00、19:00–24:00；室温感受：能接受小幅变化，变化较大会不舒服；电器时间：只要按时完成，具体运行时间都可以；参与安排：通常主要由这位成员决定；需求优先：没有特别优先；节费/错峰重视 4/2；系统控制：每次先问，得到明确同意后再调整。
m02 子女，41岁，暂未工作（非退休） / 部分时间在家，部分时间外出；工作日通常在家 00:00–09:00、12:00–15:00、19:00–24:00；室温感受：比较敏感，小幅变化也容易不舒服；电器时间：只接受小幅提前或推迟；参与安排：通常与家人共同商量决定；需求优先：没有特别优先；节费/错峰重视 5/3；系统控制：每次先问，得到明确同意后再调整。
m03 子女，45岁，居家工作/学习 / 主要在家生活，包括居家工作、学习、休息或照护；工作日通常在家 00:00–24:00；室温感受：不太敏感，室温变化较大也通常能适应；电器时间：只接受小幅提前或推迟；参与安排：通常与家人共同商量决定；需求优先：没有特别优先；节费/错峰重视 2/4；系统控制：在约定范围内，可以让系统自动调整。
通常白天：大部分时间有人；晚间：部分时间有人；作息：部分成员或部分日期固定；深夜用电：很少或没有；事件当天是否在受控房间另核。
家庭月收入情境 28500元、上月电费情境 520元；电费压力 1/5。本月收入已有其他固定支出安排，可灵活调整的预算较紧。
节费/舒适/错峰重视 4/4/4；控制边界：每次先问我，得到明确同意后再调整；提前通知 半小时；受保护活动：睡眠休息, 做饭用餐。
居住方式：整套租住；电价背景：峰谷分时电价；定时/自动控制经验：没有使用过；既有错峰经验：参加过；受扰后恢复偏好：改回原安排；其他背景设备：冰箱。
洗衣机 1台，每周 每天（7天）；默认 19:00，可从 19:00 开始，最晚 23:00 完成，一次 60 分钟。条件：默认时刻须有成员在家并完成装载；轮班或事件日另核，不默认预约或远程启动。
电热水器 1台，每周 每天（7天）；加热 19:50–22:00，需热水 21:00，提前加热：不希望提前加热。条件：普通加热须对准有人需要热水的时段；事件日及额外提前加热按当次许可确认。
参与者对十天方案的选择、理由和评分尚未填写。",UNKNOWN,NOT_COLLECTED,NOT_EXPORTED_PENDING_D_ACCEPTANCE,UNKNOWN
cityrole-0289,eb.synthetic_fixed_profile_300.v1,深圳市,广东,440300,3,1,0,sometimes_occupied,varies,irregular,13500,220,4,电费有余量，通常不需改变开支,本月电费占可安排预算较小。,both_high,4,4,5,high_trust_auto,48,independent_dwelling,three_rooms,3,20-29,73.5,synthetic_H6_like_whole_dwelling_building_area,73.5,known_synthetic_whole_dwelling,50_89,matches_synthetic_whole_dwelling,apartment,top,4,cn-home-0289,self_contained_source_three_room,Low-rise apartment_Guangzhou_2012,middle,55.263158,55.263158,0,CHN_Guangdong.Zhengcheng.592940_CSWD,71.504,727f5e6b09dcc556dda40c79b3ff34a808d77ed2abb72b10e0402e1f4718ef90,633f64024158461214ed3f1e88a89c73430782b2a7a424fd3632beadec37d57c,7,7,8,household_selected_devices,0,,深圳市的3人家庭。独立住房建筑面积约73.5平方米，七普口径至少3间自然房间。主要说明人（37岁，在家外出交替）、伴侣（40岁，通常定时外出）、兄弟姐妹（32岁，轮班或时间多变）。通常白天部分时间有人。家庭月收入情境约13500元，通常月电费情境约220元；电费有余量，通常不需改变开支。本月电费占可安排预算较小。纳入安排的设备：空调、洗衣机。节费重视4/5，舒适重视4/5，系统控制边界是约定范围内可自动调整；希望提前48小时通知。当前电费负担不重，但仍重视避免浪费。洗衣等任务需有人在家完成装载。空屋提前开空调须另确认预约或远控与本人许可。轮班日按当天在家情况确认。,"【合成角色条件；尚无真人回答】
cityrole-0289｜广东深圳市｜3人｜独立住宅，H7 至少3间自然房；整套设计建筑面积73.5㎡。
楼房中的一套住宅，楼层位置 顶层，房龄背景 2010—2019年；住宅原型 Low-rise apartment_Guangzhou_2012，源户位 middle，天气代理站 CHN_Guangdong.Zhengcheng.592940_CSWD（距城市约71.5km）；天气/原型及房龄并非本户实测。
m01 主要说明人，37岁，照顾家人 / 部分时间在家，部分时间外出；工作日通常在家 00:00–09:00、12:00–15:00、19:00–24:00；室温感受：不太敏感，室温变化较大也通常能适应；电器时间：只要按时完成，具体运行时间都可以；参与安排：通常主要由这位成员决定；需求优先：没有特别优先；节费/错峰重视 4/5；系统控制：在约定范围内，可以让系统自动调整。
m02 伴侣，40岁，在外工作 / 通常固定时间外出工作或学习；工作日通常在家 00:00–07:30、18:30–24:00；室温感受：能接受小幅变化，变化较大会不舒服；电器时间：只要按时完成，具体运行时间都可以；参与安排：通常与家人共同商量决定；需求优先：没有特别优先；节费/错峰重视 1/1；系统控制：更愿意自己安排，尽量不让系统调整。
m03 兄弟姐妹，32岁，轮班工作 / 轮班或时间经常变化；工作日到家时段不固定；室温感受：比较敏感，小幅变化也容易不舒服；电器时间：只接受小幅提前或推迟；参与安排：通常与家人共同商量决定；需求优先：没有特别优先；节费/错峰重视 3/2；系统控制：每次先问，得到明确同意后再调整。
通常白天：部分时间有人；晚间：每天不太固定；作息：变化较多；深夜用电：偶尔；事件当天是否在受控房间另核。
家庭月收入情境 13500元、上月电费情境 220元；电费压力 4/5。本月电费占可安排预算较小。
节费/舒适/错峰重视 4/4/5；控制边界：在约定范围内，可以让系统自动调整；提前通知 两天；受保护活动：睡眠休息, 做饭用餐。
居住方式：与他人合租；电价背景：峰谷分时电价；定时/自动控制经验：经常使用；既有错峰经验：没有参加过；受扰后恢复偏好：保留自动安排；其他背景设备：冰箱。
空调 2台，每周 2—3天；傍晚到睡前（18:00—23:00），制冷设定 25℃，室温希望范围 24—26℃，可接受变化 0.5℃。条件：有人在受控房间时使用；18:00–18:30若空屋预冷，须当天确认家户许可及实际预约/远控能力，否则到家后开启；空屋冷量不算舒适收益。
洗衣机 1台，每周 2—3天；默认 19:50，可从 19:00 开始，最晚 23:00 完成，一次 60 分钟。条件：默认时刻须有成员在家并完成装载；轮班或事件日另核，不默认预约或远程启动。
参与者对十天方案的选择、理由和评分尚未填写。",UNKNOWN,NOT_COLLECTED,NOT_EXPORTED_PENDING_D_ACCEPTANCE,UNKNOWN
cityrole-0290,eb.synthetic_fixed_profile_300.v1,北京市,北京,110000,5,1,0,mostly_occupied,partly_home,irregular,47500,720,1,电费超出预算会挤占必要支出,本月收入已有其他固定支出安排，可灵活调整的预算较紧。,both_high,4,4,3,high_trust_auto,1,independent_dwelling,three_rooms,3,20-29,122.5,synthetic_H6_like_whole_dwelling_building_area,122.5,known_synthetic_whole_dwelling,120_159,matches_synthetic_whole_dwelling,apartment,top,4,cn-home-0290,self_contained_source_three_room,Low-rise apartment_Beijing_1995,middle,92.105263,92.105263,0,CHN_Beijing.Beijing.545110_CSWD,16.45,c5a000246fd9c838eefeea8ddaa808bc1ed349ea33ced3f620f24f8ccebd2a3e,b91c571ce9f0f1c3088260a06f8fbebb5f936b04be8c85bd3328ab90cd48d750,7,7,8,household_selected_devices,0,,北京市的5人家庭。独立住房建筑面积约122.5平方米，七普口径至少3间自然房间。主要说明人（29岁，在家外出交替）、伴侣（24岁，通常主要在家）、兄弟姐妹（33岁，在家外出交替）、兄弟姐妹（29岁，通常定时外出）、兄弟姐妹（27岁，轮班或时间多变）。通常白天有人在家。家庭月收入情境约47500元，通常月电费情境约720元；电费超出预算会挤占必要支出。本月收入已有其他固定支出安排，可灵活调整的预算较紧。纳入安排的设备：空调、洗衣机。节费重视4/5，舒适重视4/5，系统控制边界是约定范围内可自动调整；希望提前1小时通知。费用压力描述的是当前预算余量；节费重视描述的是调整方案时的取舍，两者分别考虑。洗衣等任务需有人在家完成装载。空屋提前开空调须另确认预约或远控与本人许可。轮班日按当天在家情况确认。,"【合成角色条件；尚无真人回答】
cityrole-0290｜北京北京市｜5人｜独立住宅，H7 至少3间自然房；整套设计建筑面积122.5㎡。
楼房中的一套住宅，楼层位置 顶层，房龄背景 2000年前；住宅原型 Low-rise apartment_Beijing_1995，源户位 middle，天气代理站 CHN_Beijing.Beijing.545110_CSWD（距城市约16.4km）；天气/原型及房龄并非本户实测。
m01 主要说明人，29岁，暂未工作（非退休） / 部分时间在家，部分时间外出；工作日通常在家 00:00–09:00、12:00–15:00、19:00–24:00；室温感受：比较敏感，小幅变化也容易不舒服；电器时间：希望按原定时间运行，尽量不调整；参与安排：通常主要由这位成员决定；需求优先：没有特别优先；节费/错峰重视 4/3；系统控制：在约定范围内，可以让系统自动调整。
m02 伴侣，24岁，居家工作/学习 / 主要在家生活，包括居家工作、学习、休息或照护；工作日通常在家 00:00–24:00；室温感受：不太敏感，室温变化较大也通常能适应；电器时间：只要按时完成，具体运行时间都可以；参与安排：通常与家人共同商量决定；需求优先：没有特别优先；节费/错峰重视 2/4；系统控制：在约定范围内，可以让系统自动调整。
m03 兄弟姐妹，33岁，照顾家人 / 部分时间在家，部分时间外出；工作日通常在家 00:00–09:00、12:00–15:00、19:00–24:00；室温感受：能接受小幅变化，变化较大会不舒服；电器时间：只要按时完成，具体运行时间都可以；参与安排：通常与家人共同商量决定；需求优先：没有特别优先；节费/错峰重视 4/5；系统控制：更愿意自己安排，尽量不让系统调整。
m04 兄弟姐妹，29岁，在外工作 / 通常固定时间外出工作或学习；工作日通常在家 00:00–07:30、18:30–24:00；室温感受：比较敏感，小幅变化也容易不舒服；电器时间：只接受小幅提前或推迟；参与安排：通常与家人共同商量决定；需求优先：没有特别优先；节费/错峰重视 1/1；系统控制：每次先问，得到明确同意后再调整。
m05 兄弟姐妹，27岁，轮班工作 / 轮班或时间经常变化；工作日到家时段不固定；室温感受：不太敏感，室温变化较大也通常能适应；电器时间：只接受小幅提前或推迟；参与安排：通常与家人共同商量决定；需求优先：没有特别优先；节费/错峰重视 3/2；系统控制：在约定范围内，可以让系统自动调整。
通常白天：大部分时间有人；晚间：部分时间有人；作息：变化较多；深夜用电：偶尔；事件当天是否在受控房间另核。
家庭月收入情境 47500元、上月电费情境 720元；电费压力 1/5。本月收入已有其他固定支出安排，可灵活调整的预算较紧。
节费/舒适/错峰重视 4/4/3；控制边界：在约定范围内，可以让系统自动调整；提前通知 1 小时；受保护活动：睡眠休息, 做饭用餐。
居住方式：整套租住；电价背景：单一时段电价；定时/自动控制经验：没有使用过；既有错峰经验：没有参加过；受扰后恢复偏好：改回原安排；其他背景设备：冰箱。
空调 1台，每周 4—6天；傍晚到睡前（18:00—23:00），制冷设定 26℃，室温希望范围 25—27℃，可接受变化 1℃。条件：有人在受控房间时使用；18:00–18:30若空屋预冷，须当天确认家户许可及实际预约/远控能力，否则到家后开启；空屋冷量不算舒适收益。
洗衣机 1台，每周 4—6天；默认 21:00，可从 19:00 开始，最晚 24:00 完成，一次 60 分钟。条件：默认时刻须有成员在家并完成装载；轮班或事件日另核，不默认预约或远程启动。
参与者对十天方案的选择、理由和评分尚未填写。",UNKNOWN,NOT_COLLECTED,NOT_EXPORTED_PENDING_D_ACCEPTANCE,UNKNOWN
cityrole-0291,eb.synthetic_fixed_profile_300.v1,南宁市,广西,450100,3,2,0,sometimes_occupied,partly_home,partly_regular,19500,520,1,电费超出预算会挤占必要支出,本月收入已有其他固定支出安排，可灵活调整的预算较紧。,middle,3,3,2,low_auto_accept,1,independent_dwelling,two_rooms,2,13-16,43.5,synthetic_H6_like_whole_dwelling_building_area,43.5,known_synthetic_whole_dwelling,lt50,matches_synthetic_whole_dwelling,apartment,ground,1,cn-home-0291,self_contained_openplan,High-rise apartment(slab type)_Nanning_2012,edge,32.706767,32.706767,0,CHN_Guangxi.Zhuang.Nanning.594310_CSWD,23.692,3c1fc99b84ecd1adee18536d5c41acbdf90e0727237bc621d2c4836fe956cc5e,9fe27d0672652afdec4ab5ffb314e190a37bff6d8d64c9de44a5460698fb3203,7,7,10,household_selected_devices,0,,南宁市的3人家庭。独立住房建筑面积约43.5平方米，七普口径至少2间自然房间。主要说明人（38岁，通常定时外出）、子女（14岁，通常定时外出）、伴侣（40岁，在家外出交替）。通常白天部分时间有人。家庭月收入情境约19500元，通常月电费情境约520元；电费超出预算会挤占必要支出。本月收入已有其他固定支出安排，可灵活调整的预算较紧。纳入安排的设备：空调、洗衣机、烘干机。节费重视3/5，舒适重视3/5，系统控制边界是以自己安排为主；希望提前1小时通知。费用压力描述的是当前预算余量；节费重视描述的是调整方案时的取舍，两者分别考虑。洗衣等任务需有人在家完成装载。空屋提前开空调须另确认预约或远控与本人许可。,"【合成角色条件；尚无真人回答】
cityrole-0291｜广西南宁市｜3人｜独立住宅，H7 至少2间自然房；整套设计建筑面积43.5㎡。
楼房中的一套住宅，楼层位置 底层，房龄背景 2010—2019年；住宅原型 High-rise apartment(slab type)_Nanning_2012，源户位 edge，天气代理站 CHN_Guangxi.Zhuang.Nanning.594310_CSWD（距城市约23.7km）；天气/原型及房龄并非本户实测。
m01 主要说明人，38岁，在外工作 / 通常固定时间外出工作或学习；工作日通常在家 00:00–07:30、18:30–24:00；室温感受：能接受小幅变化，变化较大会不舒服；电器时间：希望按原定时间运行，尽量不调整；参与安排：通常主要由这位成员决定；需求优先：没有特别优先；节费/错峰重视 3/1；系统控制：更愿意自己安排，尽量不让系统调整。
m02 子女，14岁，上学 / 通常固定时间外出工作或学习；工作日通常在家 00:00–07:30、18:30–24:00；室温感受：比较敏感，小幅变化也容易不舒服；电器时间：希望按原定时间运行，尽量不调整；参与安排：通常与家人共同商量决定；需求优先：通常会优先考虑；节费/错峰重视 3/2；系统控制：每次先问，得到明确同意后再调整。
m03 伴侣，40岁，暂未工作（非退休） / 部分时间在家，部分时间外出；工作日通常在家 00:00–09:00、12:00–15:00、19:00–24:00；室温感受：不太敏感，室温变化较大也通常能适应；电器时间：只要按时完成，具体运行时间都可以；参与安排：通常与家人共同商量决定；需求优先：没有特别优先；节费/错峰重视 5/3；系统控制：在约定范围内，可以让系统自动调整。
通常白天：部分时间有人；晚间：部分时间有人；作息：部分成员或部分日期固定；深夜用电：很少或没有；事件当天是否在受控房间另核。
家庭月收入情境 19500元、上月电费情境 520元；电费压力 1/5。本月收入已有其他固定支出安排，可灵活调整的预算较紧。
节费/舒适/错峰重视 3/3/2；控制边界：更愿意自己安排，尽量不让系统调整；提前通知 1 小时；受保护活动：睡眠休息, 做饭用餐, 照顾家人。
居住方式：自有住房；电价背景：峰谷分时电价；定时/自动控制经验：经常使用；既有错峰经验：没有参加过；受扰后恢复偏好：先看影响再决定；其他背景设备：冰箱。
空调 1台，每周 每天（7天）；傍晚到睡前（18:00—23:00），制冷设定 27℃，室温希望范围 26—28℃，可接受变化 1.5℃。条件：有人在受控房间时使用；18:00–18:30若空屋预冷，须当天确认家户许可及实际预约/远控能力，否则到家后开启；空屋冷量不算舒适收益。
洗衣机 1台，每周 每天（7天）；默认 19:00，可从 19:00 开始，最晚 23:00 完成，一次 60 分钟。条件：默认时刻须有成员在家并完成装载；轮班或事件日另核，不默认预约或远程启动。
烘干机 1台，每周 每天（7天）；默认 21:00，可从 19:00 开始，最晚 24:00 完成，一次 90 分钟。条件：默认时刻须有成员在家并完成装载；轮班或事件日另核，不默认预约或远程启动。
参与者对十天方案的选择、理由和评分尚未填写。",UNKNOWN,NOT_COLLECTED,NOT_EXPORTED_PENDING_D_ACCEPTANCE,UNKNOWN
cityrole-0292,eb.synthetic_fixed_profile_300.v1,无锡市,江苏,320200,3,2,0,mostly_occupied,partly_home,partly_regular,9600,120,3,电费可承担，但会留意变化,本月电费可承担，但家庭会留意它的变化。,saving_priority,5,1,4,confirm_required,72,independent_dwelling,four_rooms,4,30-39,103.5,synthetic_H6_like_whole_dwelling_building_area,103.5,known_synthetic_whole_dwelling,90_119,matches_synthetic_whole_dwelling,apartment,top,4,cn-home-0292,self_contained_four_room_thermally_aggregated,Low-rise apartment_Dongtai_2001,edge,77.819549,77.819549,0,CHN_Jiangsu.Lusi.582650_CSWD,135.268,c92346c9972b2dcc7f2064862db0b41111de3985fdfd3db09d6fc2ec585f6b6c,6fad7c8331a99cf6d14a26c57ba7d0250812a400d23e0d151860eaa00c2b5b5a,7,7,10,household_selected_devices,0,,无锡市的3人家庭。独立住房建筑面积约103.5平方米，七普口径至少4间自然房间。主要说明人（51岁，通常主要在家）、子女（24岁，在家外出交替）、子女（21岁，通常定时外出）。通常白天有人在家。家庭月收入情境约9600元，通常月电费情境约120元；电费可承担，但会留意变化。本月电费可承担，但家庭会留意它的变化。纳入安排的设备：烘干机、电热水器。节费重视5/5，舒适重视1/5，系统控制边界是每次先确认；希望提前72小时通知。费用压力描述的是当前预算余量；节费重视描述的是调整方案时的取舍，两者分别考虑。洗衣等任务需有人在家完成装载。,"【合成角色条件；尚无真人回答】
cityrole-0292｜江苏无锡市｜3人｜独立住宅，H7 至少4间自然房；整套设计建筑面积103.5㎡。
楼房中的一套住宅，楼层位置 顶层，房龄背景 2000—2009年；住宅原型 Low-rise apartment_Dongtai_2001，源户位 edge，天气代理站 CHN_Jiangsu.Lusi.582650_CSWD（距城市约135.3km）；天气/原型及房龄并非本户实测。
m01 主要说明人，51岁，居家工作/学习 / 主要在家生活，包括居家工作、学习、休息或照护；工作日通常在家 00:00–24:00；室温感受：不太敏感，室温变化较大也通常能适应；电器时间：只接受小幅提前或推迟；参与安排：通常主要由这位成员决定；需求优先：没有特别优先；节费/错峰重视 5/4；系统控制：每次先问，得到明确同意后再调整。
m02 子女，24岁，照顾家人 / 部分时间在家，部分时间外出；工作日通常在家 00:00–09:00、12:00–15:00、19:00–24:00；室温感受：能接受小幅变化，变化较大会不舒服；电器时间：希望按原定时间运行，尽量不调整；参与安排：通常与家人共同商量决定；需求优先：没有特别优先；节费/错峰重视 4/5；系统控制：更愿意自己安排，尽量不让系统调整。
m03 子女，21岁，在外工作 / 通常固定时间外出工作或学习；工作日通常在家 00:00–07:30、18:30–24:00；室温感受：比较敏感，小幅变化也容易不舒服；电器时间：希望按原定时间运行，尽量不调整；参与安排：通常与家人共同商量决定；需求优先：没有特别优先；节费/错峰重视 1/1；系统控制：每次先问，得到明确同意后再调整。
通常白天：大部分时间有人；晚间：部分时间有人；作息：部分成员或部分日期固定；深夜用电：很少或没有；事件当天是否在受控房间另核。
家庭月收入情境 9600元、上月电费情境 120元；电费压力 3/5。本月电费可承担，但家庭会留意它的变化。
节费/舒适/错峰重视 5/1/4；控制边界：每次先问我，得到明确同意后再调整；提前通知 三天或更早；受保护活动：睡眠休息, 做饭用餐。
居住方式：与他人合租；电价背景：峰谷分时电价；定时/自动控制经验：偶尔使用；既有错峰经验：没有参加过；受扰后恢复偏好：改回原安排；其他背景设备：冰箱。
烘干机 1台，每周 2—3天；默认 19:00，可从 19:00 开始，最晚 23:00 完成，一次 90 分钟。条件：默认时刻须有成员在家并完成装载；轮班或事件日另核，不默认预约或远程启动。
电热水器 1台，每周 2—3天；加热 06:00–08:00，需热水 07:00，提前加热：可以提前安排。条件：普通加热须对准有人需要热水的时段；事件日及额外提前加热按当次许可确认。
参与者对十天方案的选择、理由和评分尚未填写。",UNKNOWN,NOT_COLLECTED,NOT_EXPORTED_PENDING_D_ACCEPTANCE,UNKNOWN
cityrole-0293,eb.synthetic_fixed_profile_300.v1,昆明市,云南,530100,2,1,0,sometimes_occupied,varies,irregular,6400,360,3,电费可承担，但会留意变化,本月电费可承担，但家庭会留意它的变化。,middle,3,3,4,high_trust_auto,48,independent_dwelling,two_rooms,2,20-29,49.0,synthetic_H6_like_whole_dwelling_building_area,49.0,known_synthetic_whole_dwelling,lt50,matches_synthetic_whole_dwelling,apartment,middle,2,cn-home-0293,self_contained_openplan,Low-rise apartment_Kunming_2019,middle,36.842105,36.842105,0,CHN_Yunnan.Kunming.567780_CSWD,4.802,ab3417f42c60862f14bb0efe905ce5f50ad75d0240501c74f685b86b48c74956,7ea45e04a4f72de88ede0d794389fadc67e26927b6418daf668418af523741e5,7,7,8,household_selected_devices,0,,昆明市的2人家庭。独立住房建筑面积约49平方米，七普口径至少2间自然房间。主要说明人（43岁，轮班或时间多变）、伴侣（38岁，在家外出交替）。通常白天部分时间有人。家庭月收入情境约6400元，通常月电费情境约360元；电费可承担，但会留意变化。本月电费可承担，但家庭会留意它的变化。纳入安排的设备：电热水器。节费重视3/5，舒适重视3/5，系统控制边界是约定范围内可自动调整；希望提前48小时通知。费用压力描述的是当前预算余量；节费重视描述的是调整方案时的取舍，两者分别考虑。轮班日按当天在家情况确认。,"【合成角色条件；尚无真人回答】
cityrole-0293｜云南昆明市｜2人｜独立住宅，H7 至少2间自然房；整套设计建筑面积49㎡。
楼房中的一套住宅，楼层位置 中间层，房龄背景 2010—2019年；住宅原型 Low-rise apartment_Kunming_2019，源户位 middle，天气代理站 CHN_Yunnan.Kunming.567780_CSWD（距城市约4.8km）；天气/原型及房龄并非本户实测。
m01 主要说明人，43岁，轮班工作 / 轮班或时间经常变化；工作日到家时段不固定；室温感受：比较敏感，小幅变化也容易不舒服；电器时间：只接受小幅提前或推迟；参与安排：通常主要由这位成员决定；需求优先：没有特别优先；节费/错峰重视 3/2；系统控制：在约定范围内，可以让系统自动调整。
m02 伴侣，38岁，暂未工作（非退休） / 部分时间在家，部分时间外出；工作日通常在家 00:00–09:00、12:00–15:00、19:00–24:00；室温感受：不太敏感，室温变化较大也通常能适应；电器时间：只接受小幅提前或推迟；参与安排：通常与家人共同商量决定；需求优先：没有特别优先；节费/错峰重视 5/3；系统控制：在约定范围内，可以让系统自动调整。
通常白天：部分时间有人；晚间：每天不太固定；作息：变化较多；深夜用电：偶尔；事件当天是否在受控房间另核。
家庭月收入情境 6400元、上月电费情境 360元；电费压力 3/5。本月电费可承担，但家庭会留意它的变化。
节费/舒适/错峰重视 3/3/4；控制边界：在约定范围内，可以让系统自动调整；提前通知 两天；受保护活动：睡眠休息, 做饭用餐。
居住方式：与他人合租；电价背景：单一时段电价；定时/自动控制经验：没有使用过；既有错峰经验：没有参加过；受扰后恢复偏好：保留自动安排；其他背景设备：冰箱。
电热水器 1台，每周 4—6天；加热 19:00–22:00，需热水 21:00，提前加热：每次先确认。条件：普通加热须对准有人需要热水的时段；事件日及额外提前加热按当次许可确认。
参与者对十天方案的选择、理由和评分尚未填写。",UNKNOWN,NOT_COLLECTED,NOT_EXPORTED_PENDING_D_ACCEPTANCE,UNKNOWN
cityrole-0294,eb.synthetic_fixed_profile_300.v1,潍坊市,山东,370700,3,2,0,sometimes_occupied,varies,irregular,9600,120,5,电费不构成当前预算约束,本月电费已列入预算，按当前金额可以承担。,saving_priority,5,1,1,confirm_required,24,independent_dwelling,two_rooms,2,9-12,31.5,synthetic_H6_like_whole_dwelling_building_area,31.5,known_synthetic_whole_dwelling,lt50,matches_synthetic_whole_dwelling,apartment,top,9,cn-home-0294,self_contained_openplan,High-rise apartment(slab type)_Weifang_2010,edge,23.684211,23.684211,0,CHN_Shandong.Weifang.548430_CSWD,6.523,f126b4e56bc616992c2f815ac9760ff4f82fdfb5f16a91461c045d903f15a553,5e51c8f5b7bca7135a737e00eab0cd78a500e0b8a54083b1f0b1a88155e5a186,7,7,10,household_selected_devices,0,,潍坊市的3人家庭。独立住房建筑面积约31.5平方米，七普口径至少2间自然房间。主要说明人（54岁，在家外出交替）、子女（26岁，通常定时外出）、子女（24岁，轮班或时间多变）。通常白天部分时间有人。家庭月收入情境约9600元，通常月电费情境约120元；电费不构成当前预算约束。本月电费已列入预算，按当前金额可以承担。纳入安排的设备：空调。节费重视5/5，舒适重视1/5，系统控制边界是每次先确认；希望提前24小时通知。当前电费负担不重，但仍重视避免浪费。空屋提前开空调须另确认预约或远控与本人许可。轮班日按当天在家情况确认。,"【合成角色条件；尚无真人回答】
cityrole-0294｜山东潍坊市｜3人｜独立住宅，H7 至少2间自然房；整套设计建筑面积31.5㎡。
楼房中的一套住宅，楼层位置 顶层，房龄背景 2010—2019年；住宅原型 High-rise apartment(slab type)_Weifang_2010，源户位 edge，天气代理站 CHN_Shandong.Weifang.548430_CSWD（距城市约6.5km）；天气/原型及房龄并非本户实测。
m01 主要说明人，54岁，照顾家人 / 部分时间在家，部分时间外出；工作日通常在家 00:00–09:00、12:00–15:00、19:00–24:00；室温感受：能接受小幅变化，变化较大会不舒服；电器时间：只要按时完成，具体运行时间都可以；参与安排：通常主要由这位成员决定；需求优先：没有特别优先；节费/错峰重视 5/5；系统控制：每次先问，得到明确同意后再调整。
m02 子女，26岁，在外工作 / 通常固定时间外出工作或学习；工作日通常在家 00:00–07:30、18:30–24:00；室温感受：比较敏感，小幅变化也容易不舒服；电器时间：只接受小幅提前或推迟；参与安排：通常与家人共同商量决定；需求优先：没有特别优先；节费/错峰重视 1/1；系统控制：每次先问，得到明确同意后再调整。
m03 子女，24岁，轮班工作 / 轮班或时间经常变化；工作日到家时段不固定；室温感受：不太敏感，室温变化较大也通常能适应；电器时间：只接受小幅提前或推迟；参与安排：通常与家人共同商量决定；需求优先：没有特别优先；节费/错峰重视 3/2；系统控制：在约定范围内，可以让系统自动调整。
通常白天：部分时间有人；晚间：每天不太固定；作息：变化较多；深夜用电：偶尔；事件当天是否在受控房间另核。
家庭月收入情境 9600元、上月电费情境 120元；电费压力 5/5。本月电费已列入预算，按当前金额可以承担。
节费/舒适/错峰重视 5/1/1；控制边界：每次先问我，得到明确同意后再调整；提前通知 一天；受保护活动：睡眠休息, 做饭用餐。
居住方式：与他人合租；电价背景：峰谷分时电价；定时/自动控制经验：偶尔使用；既有错峰经验：没有参加过；受扰后恢复偏好：保留自动安排；其他背景设备：冰箱。
空调 1台，每周 每天（7天）；傍晚到睡前（18:00—23:00），制冷设定 26℃，室温希望范围 25—27℃，可接受变化 1.5℃。条件：有人在受控房间时使用；18:00–18:30若空屋预冷，须当天确认家户许可及实际预约/远控能力，否则到家后开启；空屋冷量不算舒适收益。
参与者对十天方案的选择、理由和评分尚未填写。",UNKNOWN,NOT_COLLECTED,NOT_EXPORTED_PENDING_D_ACCEPTANCE,UNKNOWN
cityrole-0295,eb.synthetic_fixed_profile_300.v1,莆田市,福建,350300,1,1,1,mostly_absent,mostly_home,regular,3200,380,2,电费有压力，需调整其他开支,必要生活开支较多，本月电费变化容易挤占其他项目。,both_high,5,5,4,confirm_required,24,independent_dwelling,one_room,1,70及以上,75.0,synthetic_H6_like_whole_dwelling_building_area,75.0,known_synthetic_whole_dwelling,50_89,matches_synthetic_whole_dwelling,apartment,middle,2,cn-home-0295,self_contained_openplan,Low-rise apartment_Fuzhou_2012,edge,56.390977,56.390977,0,CHN_Fujian.Congwu.591330_CSWD,60.992,d7ed89be32b75cb225cf9fffd8355264b5fa5f6005df6f40e05d2841dbc6b753,7b2db49b943475ec462e8dd6ed945c70f6a9e644f2c4cc3eb830432f1e94c846,7,7,10,household_selected_devices,0,,莆田市的1人家庭。独立住房建筑面积约75平方米，七普口径至少1间自然房间。主要说明人（61岁，通常定时外出）。通常白天多在外。家庭月收入情境约3200元，通常月电费情境约380元；电费有压力，需调整其他开支。必要生活开支较多，本月电费变化容易挤占其他项目。纳入安排的设备：空调、洗衣机。节费重视5/5，舒适重视5/5，系统控制边界是每次先确认；希望提前24小时通知。费用压力描述的是当前预算余量；节费重视描述的是调整方案时的取舍，两者分别考虑。洗衣等任务需有人在家完成装载。空屋提前开空调须另确认预约或远控与本人许可。,"【合成角色条件；尚无真人回答】
cityrole-0295｜福建莆田市｜1人｜独立住宅，H7 至少1间自然房；整套设计建筑面积75㎡。
楼房中的一套住宅，楼层位置 中间层，房龄背景 2010—2019年；住宅原型 Low-rise apartment_Fuzhou_2012，源户位 edge，天气代理站 CHN_Fujian.Congwu.591330_CSWD（距城市约61.0km）；天气/原型及房龄并非本户实测。
m01 主要说明人，61岁，在外工作 / 通常固定时间外出工作或学习；工作日通常在家 00:00–07:30、18:30–24:00；室温感受：不太敏感，室温变化较大也通常能适应；电器时间：只要按时完成，具体运行时间都可以；参与安排：通常主要由这位成员决定；需求优先：没有特别优先；节费/错峰重视 5/3；系统控制：每次先问，得到明确同意后再调整。
通常白天：大部分时间没人；晚间：大部分时间有人；作息：大体固定；深夜用电：很少或没有；事件当天是否在受控房间另核。
家庭月收入情境 3200元、上月电费情境 380元；电费压力 2/5。必要生活开支较多，本月电费变化容易挤占其他项目。
节费/舒适/错峰重视 5/5/4；控制边界：每次先问我，得到明确同意后再调整；提前通知 一天；受保护活动：睡眠休息, 做饭用餐。
居住方式：整套租住；电价背景：单一时段电价；定时/自动控制经验：经常使用；既有错峰经验：参加过；受扰后恢复偏好：先看影响再决定；其他背景设备：冰箱。
空调 1台，每周 2—3天；傍晚到睡前（18:00—23:00），制冷设定 27℃，室温希望范围 26—28℃，可接受变化 0.5℃。条件：有人在受控房间时使用；18:00–18:30若空屋预冷，须当天确认家户许可及实际预约/远控能力，否则到家后开启；空屋冷量不算舒适收益。
洗衣机 1台，每周 2—3天；默认 19:50，可从 19:00 开始，最晚 23:00 完成，一次 60 分钟。条件：默认时刻须有成员在家并完成装载；轮班或事件日另核，不默认预约或远程启动。
参与者对十天方案的选择、理由和评分尚未填写。",UNKNOWN,NOT_COLLECTED,NOT_EXPORTED_PENDING_D_ACCEPTANCE,UNKNOWN
cityrole-0296,eb.synthetic_fixed_profile_300.v1,常州市,江苏,320400,6,2,0,mostly_occupied,partly_home,irregular,39000,720,5,电费不构成当前预算约束,本月电费占可安排预算较小。,saving_priority,4,2,5,confirm_required,12,independent_dwelling,three_rooms,3,13-16,87.0,synthetic_H6_like_whole_dwelling_building_area,87.0,known_synthetic_whole_dwelling,50_89,matches_synthetic_whole_dwelling,apartment,middle,6,cn-home-0296,self_contained_source_three_room,High-rise apartment(slab type)_Dongtai_2001,edge,65.413534,65.413534,0,CHN_Jiangsu.Dongtai.582510_CSWD,126.928,f9428984e25db3076a15bff7d78c7cefb0b584df61106b99d6da325f40a3ce43,6d75fa9d2f294755d6bacbaaad783565d7d9b658d3749edaa6f70f99d4de2bd4,7,7,10,household_selected_devices,0,,常州市的6人家庭。独立住房建筑面积约87平方米，七普口径至少3间自然房间。主要说明人（56岁，通常定时外出）、子女（25岁，轮班或时间多变）、子女（28岁，在家外出交替）、子女伴侣（26岁，通常主要在家）、子女（29岁，在家外出交替）、子女（26岁，通常定时外出）。通常白天有人在家。家庭月收入情境约39000元，通常月电费情境约720元；电费不构成当前预算约束。本月电费占可安排预算较小。纳入安排的设备：空调、洗衣机、烘干机、电热水器。节费重视4/5，舒适重视2/5，系统控制边界是每次先确认；希望提前12小时通知。当前电费负担不重，但仍重视避免浪费。洗衣等任务需有人在家完成装载。轮班日按当天在家情况确认。,"【合成角色条件；尚无真人回答】
cityrole-0296｜江苏常州市｜6人｜独立住宅，H7 至少3间自然房；整套设计建筑面积87㎡。
楼房中的一套住宅，楼层位置 中间层，房龄背景 2000—2009年；住宅原型 High-rise apartment(slab type)_Dongtai_2001，源户位 edge，天气代理站 CHN_Jiangsu.Dongtai.582510_CSWD（距城市约126.9km）；天气/原型及房龄并非本户实测。
m01 主要说明人，56岁，在外工作 / 通常固定时间外出工作或学习；工作日通常在家 00:00–07:30、18:30–24:00；室温感受：比较敏感，小幅变化也容易不舒服；电器时间：希望按原定时间运行，尽量不调整；参与安排：通常主要由这位成员决定；需求优先：没有特别优先；节费/错峰重视 4/1；系统控制：每次先问，得到明确同意后再调整。
m02 子女，25岁，轮班工作 / 轮班或时间经常变化；工作日到家时段不固定；室温感受：不太敏感，室温变化较大也通常能适应；电器时间：只要按时完成，具体运行时间都可以；参与安排：通常与家人共同商量决定；需求优先：没有特别优先；节费/错峰重视 3/2；系统控制：在约定范围内，可以让系统自动调整。
m03 子女，28岁，暂未工作（非退休） / 部分时间在家，部分时间外出；工作日通常在家 00:00–09:00、12:00–15:00、19:00–24:00；室温感受：能接受小幅变化，变化较大会不舒服；电器时间：只要按时完成，具体运行时间都可以；参与安排：通常与家人共同商量决定；需求优先：没有特别优先；节费/错峰重视 5/3；系统控制：更愿意自己安排，尽量不让系统调整。
m04 子女伴侣，26岁，居家工作/学习 / 主要在家生活，包括居家工作、学习、休息或照护；工作日通常在家 00:00–24:00；室温感受：比较敏感，小幅变化也容易不舒服；电器时间：只接受小幅提前或推迟；参与安排：通常与家人共同商量决定；需求优先：没有特别优先；节费/错峰重视 2/4；系统控制：每次先问，得到明确同意后再调整。
m05 子女，29岁，照顾家人 / 部分时间在家，部分时间外出；工作日通常在家 00:00–09:00、12:00–15:00、19:00–24:00；室温感受：不太敏感，室温变化较大也通常能适应；电器时间：只接受小幅提前或推迟；参与安排：通常与家人共同商量决定；需求优先：没有特别优先；节费/错峰重视 4/5；系统控制：在约定范围内，可以让系统自动调整。
m06 子女，26岁，在外工作 / 通常固定时间外出工作或学习；工作日通常在家 00:00–07:30、18:30–24:00；室温感受：能接受小幅变化，变化较大会不舒服；电器时间：希望按原定时间运行，尽量不调整；参与安排：通常与家人共同商量决定；需求优先：没有特别优先；节费/错峰重视 1/1；系统控制：更愿意自己安排，尽量不让系统调整。
通常白天：大部分时间有人；晚间：部分时间有人；作息：变化较多；深夜用电：偶尔；事件当天是否在受控房间另核。
家庭月收入情境 39000元、上月电费情境 720元；电费压力 5/5。本月电费占可安排预算较小。
节费/舒适/错峰重视 4/2/5；控制边界：每次先问我，得到明确同意后再调整；提前通知 半天；受保护活动：睡眠休息, 做饭用餐。
居住方式：与他人合租；电价背景：单一时段电价；定时/自动控制经验：经常使用；既有错峰经验：没有参加过；受扰后恢复偏好：保留自动安排；其他背景设备：冰箱。
空调 1台，每周 4—6天；自己选择使用时段（可跨午夜），制冷设定 24℃，室温希望范围 23—25℃，可接受变化 1℃，自选时段 16:00–23:00。条件：有人在受控房间时使用；轮班或事件日另核，不把空屋冷量算作舒适收益。
洗衣机 1台，每周 4—6天；默认 21:00，可从 19:00 开始，最晚 24:00 完成，一次 60 分钟。条件：默认时刻须有成员在家并完成装载；轮班或事件日另核，不默认预约或远程启动。
烘干机 1台，每周 4—6天；默认 19:50，可从 19:00 开始，最晚 23:00 完成，一次 90 分钟。条件：默认时刻须有成员在家并完成装载；轮班或事件日另核，不默认预约或远程启动。
电热水器 1台，每周 4—6天；加热 19:00–22:00，需热水 21:00，提前加热：每次先确认。条件：普通加热须对准有人需要热水的时段；事件日及额外提前加热按当次许可确认。
参与者对十天方案的选择、理由和评分尚未填写。",UNKNOWN,NOT_COLLECTED,NOT_EXPORTED_PENDING_D_ACCEPTANCE,UNKNOWN
cityrole-0297,eb.synthetic_fixed_profile_300.v1,高平市,山西,140581,5,3,0,mostly_occupied,partly_home,partly_regular,47500,120,2,电费有压力，需调整其他开支,本月收入已有其他固定支出安排，可灵活调整的预算较紧。,comfort_priority,2,4,3,confirm_required,48,independent_dwelling,three_rooms,3,20-29,122.5,synthetic_H6_like_whole_dwelling_building_area,122.5,known_synthetic_whole_dwelling,120_159,matches_synthetic_whole_dwelling,apartment,middle,8,cn-home-0297,self_contained_source_three_room,High-rise apartment(slab type)_Houma_2010,middle,92.105263,92.105263,0,CHN_Shanxi.Houma.539630_CSWD,141.575,337de96bbe4a866cab96a3062ee256462ea9bc62386164f5ab6c8f0c1c14e2a5,03da2edba2b2c73a7095bac208a43ce709ad42fc6e8a91d84f058fbb18872eb2,7,7,8,household_selected_devices,0,,高平市的5人家庭。独立住房建筑面积约122.5平方米，七普口径至少3间自然房间。长辈（57岁，通常主要在家）、主要说明人（38岁，在家外出交替）、子女（10岁，通常定时外出）、子女（6岁，通常定时外出）、伴侣（34岁，在家外出交替）。通常白天有人在家。家庭月收入情境约47500元，通常月电费情境约120元；电费有压力，需调整其他开支。本月收入已有其他固定支出安排，可灵活调整的预算较紧。纳入安排的设备：洗衣机、电热水器。节费重视2/5，舒适重视4/5，系统控制边界是每次先确认；希望提前48小时通知。虽然电费挤压预算，但家里更在意任务按原计划完成，不愿为了少量节费频繁改时间。洗衣等任务需有人在家完成装载。,"【合成角色条件；尚无真人回答】
cityrole-0297｜山西高平市｜5人｜独立住宅，H7 至少3间自然房；整套设计建筑面积122.5㎡。
楼房中的一套住宅，楼层位置 中间层，房龄背景 2010—2019年；住宅原型 High-rise apartment(slab type)_Houma_2010，源户位 middle，天气代理站 CHN_Shanxi.Houma.539630_CSWD（距城市约141.6km）；天气/原型及房龄并非本户实测。
m01 长辈，57岁，居家工作/学习 / 主要在家生活，包括居家工作、学习、休息或照护；工作日通常在家 00:00–24:00；室温感受：能接受小幅变化，变化较大会不舒服；电器时间：希望按原定时间运行，尽量不调整；参与安排：通常主要由这位成员决定；需求优先：没有特别优先；节费/错峰重视 2/4；系统控制：每次先问，得到明确同意后再调整。
m02 主要说明人，38岁，照顾家人 / 部分时间在家，部分时间外出；工作日通常在家 00:00–09:00、12:00–15:00、19:00–24:00；室温感受：比较敏感，小幅变化也容易不舒服；电器时间：希望按原定时间运行，尽量不调整；参与安排：通常与家人共同商量决定；需求优先：没有特别优先；节费/错峰重视 4/5；系统控制：每次先问，得到明确同意后再调整。
m03 子女，10岁，上学 / 通常固定时间外出工作或学习；工作日通常在家 00:00–07:30、18:30–24:00；室温感受：不太敏感，室温变化较大也通常能适应；电器时间：只要按时完成，具体运行时间都可以；参与安排：通常与家人共同商量决定；需求优先：通常会优先考虑；节费/错峰重视 1/1；系统控制：在约定范围内，可以让系统自动调整。
m04 子女，6岁，上学 / 通常固定时间外出工作或学习；工作日通常在家 00:00–07:30、18:30–24:00；室温感受：能接受小幅变化，变化较大会不舒服；电器时间：只要按时完成，具体运行时间都可以；参与安排：通常与家人共同商量决定；需求优先：通常会优先考虑；节费/错峰重视 3/2；系统控制：更愿意自己安排，尽量不让系统调整。
m05 伴侣，34岁，暂未工作（非退休） / 部分时间在家，部分时间外出；工作日通常在家 00:00–09:00、12:00–15:00、19:00–24:00；室温感受：比较敏感，小幅变化也容易不舒服；电器时间：只接受小幅提前或推迟；参与安排：通常与家人共同商量决定；需求优先：没有特别优先；节费/错峰重视 5/3；系统控制：每次先问，得到明确同意后再调整。
通常白天：大部分时间有人；晚间：部分时间有人；作息：部分成员或部分日期固定；深夜用电：很少或没有；事件当天是否在受控房间另核。
家庭月收入情境 47500元、上月电费情境 120元；电费压力 2/5。本月收入已有其他固定支出安排，可灵活调整的预算较紧。
节费/舒适/错峰重视 2/4/3；控制边界：每次先问我，得到明确同意后再调整；提前通知 两天；受保护活动：睡眠休息, 做饭用餐, 照顾家人。
居住方式：整套租住；电价背景：峰谷分时电价；定时/自动控制经验：偶尔使用；既有错峰经验：没有参加过；受扰后恢复偏好：保留自动安排；其他背景设备：冰箱。
洗衣机 1台，每周 每天（7天）；默认 19:00，可从 19:00 开始，最晚 23:00 完成，一次 60 分钟。条件：默认时刻须有成员在家并完成装载；轮班或事件日另核，不默认预约或远程启动。
电热水器 1台，每周 每天（7天）；加热 19:50–22:00，需热水 21:00，提前加热：不希望提前加热。条件：普通加热须对准有人需要热水的时段；事件日及额外提前加热按当次许可确认。
参与者对十天方案的选择、理由和评分尚未填写。",UNKNOWN,NOT_COLLECTED,NOT_EXPORTED_PENDING_D_ACCEPTANCE,UNKNOWN
cityrole-0298,eb.synthetic_fixed_profile_300.v1,六盘水市,贵州,520200,1,1,0,variable,varies,irregular,3200,380,4,电费有余量，通常不需改变开支,家庭已为当前电费预留预算，按这个金额可以承担；增加用电仍需重新权衡。,saving_priority,4,2,3,confirm_required,0.5,independent_dwelling,three_rooms,3,70及以上,75.0,synthetic_H6_like_whole_dwelling_building_area,75.0,known_synthetic_whole_dwelling,50_89,matches_synthetic_whole_dwelling,apartment,middle,2,cn-home-0298,self_contained_source_three_room,Low-rise apartment_Weining_2019,edge,56.390977,56.390977,0,CHN_Guizhou.Weining.566910_CSWD,63.981,f47d71d54243aaae47024a0953a1167d4e8214a4205dae6bc3688999ac75727a,03e4066b18d510ede4a7dc6b16892fbe8a0fdebae72f2260c103de560b7b2c9a,7,7,10,household_selected_devices,0,,六盘水市的1人家庭。独立住房建筑面积约75平方米，七普口径至少3间自然房间。主要说明人（30岁，轮班或时间多变）。通常白天不固定。家庭月收入情境约3200元，通常月电费情境约380元；电费有余量，通常不需改变开支。家庭已为当前电费预留预算，按这个金额可以承担；增加用电仍需重新权衡。纳入安排的设备：空调、电热水器。节费重视4/5，舒适重视2/5，系统控制边界是每次先确认；希望提前0.5小时通知。当前电费负担不重，但仍重视避免浪费。空屋提前开空调须另确认预约或远控与本人许可。轮班日按当天在家情况确认。,"【合成角色条件；尚无真人回答】
cityrole-0298｜贵州六盘水市｜1人｜独立住宅，H7 至少3间自然房；整套设计建筑面积75㎡。
楼房中的一套住宅，楼层位置 中间层，房龄背景 2010—2019年；住宅原型 Low-rise apartment_Weining_2019，源户位 edge，天气代理站 CHN_Guizhou.Weining.566910_CSWD（距城市约64.0km）；天气/原型及房龄并非本户实测。
m01 主要说明人，30岁，轮班工作 / 轮班或时间经常变化；工作日到家时段不固定；室温感受：不太敏感，室温变化较大也通常能适应；电器时间：只接受小幅提前或推迟；参与安排：通常主要由这位成员决定；需求优先：没有特别优先；节费/错峰重视 4/2；系统控制：每次先问，得到明确同意后再调整。
通常白天：不固定，很难概括；晚间：每天不太固定；作息：变化较多；深夜用电：偶尔；事件当天是否在受控房间另核。
家庭月收入情境 3200元、上月电费情境 380元；电费压力 4/5。家庭已为当前电费预留预算，按这个金额可以承担；增加用电仍需重新权衡。
节费/舒适/错峰重视 4/2/3；控制边界：每次先问我，得到明确同意后再调整；提前通知 半小时；受保护活动：睡眠休息, 做饭用餐。
居住方式：整套租住；电价背景：单一时段电价；定时/自动控制经验：没有使用过；既有错峰经验：没有参加过；受扰后恢复偏好：先看影响再决定；其他背景设备：冰箱。
空调 1台，每周 2—3天；傍晚到睡前（18:00—23:00），制冷设定 26℃，室温希望范围 25—27℃，可接受变化 0.5℃。条件：有人在受控房间时使用；18:00–18:30若空屋预冷，须当天确认家户许可及实际预约/远控能力，否则到家后开启；空屋冷量不算舒适收益。
电热水器 1台，每周 2—3天；加热 06:00–08:00，需热水 07:00，提前加热：可以提前安排。条件：普通加热须对准有人需要热水的时段；事件日及额外提前加热按当次许可确认。
参与者对十天方案的选择、理由和评分尚未填写。",UNKNOWN,NOT_COLLECTED,NOT_EXPORTED_PENDING_D_ACCEPTANCE,UNKNOWN
cityrole-0299,eb.synthetic_fixed_profile_300.v1,天津市,天津,120000,5,3,0,mostly_occupied,partly_home,partly_regular,22500,360,4,电费有余量，通常不需改变开支,本月电费占可安排预算较小。,saving_priority,4,2,5,confirm_required,72,independent_dwelling,two_rooms,2,13-16,72.5,synthetic_H6_like_whole_dwelling_building_area,72.5,known_synthetic_whole_dwelling,50_89,matches_synthetic_whole_dwelling,apartment,middle,3,cn-home-0299,self_contained_openplan,Low-rise apartment_Tianjin_2010,edge,54.511278,54.511278,0,CHN_Tianjin.Tianjin.545270_CSWD,12.212,36e8a3b022198a8bb6d218d9a6e4d00a531581684750d406e90defc9ce4f7713,b30cfdff2f845ad6ab9f7f0e73a859e29d256d5b3490eed2926037c81e3de588,7,7,10,household_selected_devices,0,,天津市的5人家庭。独立住房建筑面积约72.5平方米，七普口径至少2间自然房间。长辈（59岁，在家外出交替）、主要说明人（39岁，通常定时外出）、子女（12岁，通常定时外出）、子女（11岁，通常定时外出）、伴侣（39岁，通常主要在家）。通常白天有人在家。家庭月收入情境约22500元，通常月电费情境约360元；电费有余量，通常不需改变开支。本月电费占可安排预算较小。纳入安排的设备：空调、洗衣机、电热水器。节费重视4/5，舒适重视2/5，系统控制边界是每次先确认；希望提前72小时通知。当前电费负担不重，但仍重视避免浪费。洗衣等任务需有人在家完成装载。,"【合成角色条件；尚无真人回答】
cityrole-0299｜天津天津市｜5人｜独立住宅，H7 至少2间自然房；整套设计建筑面积72.5㎡。
楼房中的一套住宅，楼层位置 中间层，房龄背景 2010—2019年；住宅原型 Low-rise apartment_Tianjin_2010，源户位 edge，天气代理站 CHN_Tianjin.Tianjin.545270_CSWD（距城市约12.2km）；天气/原型及房龄并非本户实测。
m01 长辈，59岁，照顾家人 / 部分时间在家，部分时间外出；工作日通常在家 00:00–09:00、12:00–15:00、19:00–24:00；室温感受：比较敏感，小幅变化也容易不舒服；电器时间：只接受小幅提前或推迟；参与安排：通常主要由这位成员决定；需求优先：通常会优先考虑；节费/错峰重视 4/5；系统控制：每次先问，得到明确同意后再调整。
m02 主要说明人，39岁，在外工作 / 通常固定时间外出工作或学习；工作日通常在家 00:00–07:30、18:30–24:00；室温感受：不太敏感，室温变化较大也通常能适应；电器时间：只接受小幅提前或推迟；参与安排：通常与家人共同商量决定；需求优先：没有特别优先；节费/错峰重视 1/1；系统控制：在约定范围内，可以让系统自动调整。
m03 子女，12岁，上学 / 通常固定时间外出工作或学习；工作日通常在家 00:00–07:30、18:30–24:00；室温感受：能接受小幅变化，变化较大会不舒服；电器时间：希望按原定时间运行，尽量不调整；参与安排：通常与家人共同商量决定；需求优先：通常会优先考虑；节费/错峰重视 3/2；系统控制：更愿意自己安排，尽量不让系统调整。
m04 子女，11岁，上学 / 通常固定时间外出工作或学习；工作日通常在家 00:00–07:30、18:30–24:00；室温感受：比较敏感，小幅变化也容易不舒服；电器时间：希望按原定时间运行，尽量不调整；参与安排：通常与家人共同商量决定；需求优先：通常会优先考虑；节费/错峰重视 5/3；系统控制：每次先问，得到明确同意后再调整。
m05 伴侣，39岁，居家工作/学习 / 主要在家生活，包括居家工作、学习、休息或照护；工作日通常在家 00:00–24:00；室温感受：不太敏感，室温变化较大也通常能适应；电器时间：只要按时完成，具体运行时间都可以；参与安排：通常与家人共同商量决定；需求优先：没有特别优先；节费/错峰重视 2/4；系统控制：在约定范围内，可以让系统自动调整。
通常白天：大部分时间有人；晚间：部分时间有人；作息：部分成员或部分日期固定；深夜用电：很少或没有；事件当天是否在受控房间另核。
家庭月收入情境 22500元、上月电费情境 360元；电费压力 4/5。本月电费占可安排预算较小。
节费/舒适/错峰重视 4/2/5；控制边界：每次先问我，得到明确同意后再调整；提前通知 三天或更早；受保护活动：睡眠休息, 做饭用餐, 照顾家人。
居住方式：整套租住；电价背景：单一时段电价；定时/自动控制经验：偶尔使用；既有错峰经验：没有参加过；受扰后恢复偏好：改回原安排；其他背景设备：冰箱。
空调 1台，每周 4—6天；全天使用，制冷设定 27℃，室温希望范围 26—28℃，可接受变化 1℃。条件：有人在受控房间时使用；轮班或事件日另核，不把空屋冷量算作舒适收益。
洗衣机 1台，每周 4—6天；默认 21:00，可从 19:00 开始，最晚 24:00 完成，一次 60 分钟。条件：默认时刻须有成员在家并完成装载；轮班或事件日另核，不默认预约或远程启动。
电热水器 1台，每周 4—6天；加热 19:00–22:00，需热水 21:00，提前加热：每次先确认。条件：普通加热须对准有人需要热水的时段；事件日及额外提前加热按当次许可确认。
参与者对十天方案的选择、理由和评分尚未填写。",UNKNOWN,NOT_COLLECTED,NOT_EXPORTED_PENDING_D_ACCEPTANCE,UNKNOWN
cityrole-0300,eb.synthetic_fixed_profile_300.v1,广州市,广东,440100,1,1,0,sometimes_occupied,partly_home,partly_regular,2000,240,4,电费有余量，通常不需改变开支,家庭已为当前电费预留预算，按这个金额可以承担；增加用电仍需重新权衡。,both_low,2,2,3,high_trust_auto,3,independent_dwelling,three_rooms,3,70及以上,75.0,synthetic_H6_like_whole_dwelling_building_area,75.0,known_synthetic_whole_dwelling,50_89,matches_synthetic_whole_dwelling,apartment,middle,3,cn-home-0300,self_contained_source_three_room,Low-rise apartment_Guangzhou_2003,edge,56.390977,56.390977,0,CHN_Guangdong.Guangzhou.592870_CSWD,5.46,8aba1405cf372b1266858ed2455d3b45d43a20315f9e450e72373d5a70b4a026,d28f2fdc44bc23414b17c9cb9751297f811a04e403e76d4d24197abbe92cc7bc,7,7,10,household_selected_devices,0,,广州市的1人家庭。独立住房建筑面积约75平方米，七普口径至少3间自然房间。主要说明人（50岁，在家外出交替）。通常白天部分时间有人。家庭月收入情境约2000元，通常月电费情境约240元；电费有余量，通常不需改变开支。家庭已为当前电费预留预算，按这个金额可以承担；增加用电仍需重新权衡。纳入安排的设备：空调、洗衣机、烘干机、电热水器。节费重视2/5，舒适重视2/5，系统控制边界是约定范围内可自动调整；希望提前3小时通知。费用与室温都不是首要判断项，家里更关注日常任务是否照计划完成。洗衣等任务需有人在家完成装载。,"【合成角色条件；尚无真人回答】
cityrole-0300｜广东广州市｜1人｜独立住宅，H7 至少3间自然房；整套设计建筑面积75㎡。
楼房中的一套住宅，楼层位置 中间层，房龄背景 2000—2009年；住宅原型 Low-rise apartment_Guangzhou_2003，源户位 edge，天气代理站 CHN_Guangdong.Guangzhou.592870_CSWD（距城市约5.5km）；天气/原型及房龄并非本户实测。
m01 主要说明人，50岁，暂未工作（非退休） / 部分时间在家，部分时间外出；工作日通常在家 00:00–09:00、12:00–15:00、19:00–24:00；室温感受：能接受小幅变化，变化较大会不舒服；电器时间：只要按时完成，具体运行时间都可以；参与安排：通常主要由这位成员决定；需求优先：没有特别优先；节费/错峰重视 2/3；系统控制：在约定范围内，可以让系统自动调整。
通常白天：部分时间有人；晚间：部分时间有人；作息：部分成员或部分日期固定；深夜用电：很少或没有；事件当天是否在受控房间另核。
家庭月收入情境 2000元、上月电费情境 240元；电费压力 4/5。家庭已为当前电费预留预算，按这个金额可以承担；增加用电仍需重新权衡。
节费/舒适/错峰重视 2/2/3；控制边界：在约定范围内，可以让系统自动调整；提前通知 3 小时；受保护活动：睡眠休息, 做饭用餐。
居住方式：与他人合租；电价背景：单一时段电价；定时/自动控制经验：偶尔使用；既有错峰经验：没有参加过；受扰后恢复偏好：保留自动安排；其他背景设备：冰箱。
空调 1台，每周 每天（7天）；自己选择使用时段（可跨午夜），制冷设定 24℃，室温希望范围 23—25℃，可接受变化 1.5℃，自选时段 19:00–23:00。条件：有人在受控房间时使用；轮班或事件日另核，不把空屋冷量算作舒适收益。
洗衣机 1台，每周 每天（7天）；默认 19:00，可从 19:00 开始，最晚 23:00 完成，一次 60 分钟。条件：默认时刻须有成员在家并完成装载；轮班或事件日另核，不默认预约或远程启动。
烘干机 1台，每周 每天（7天）；默认 21:00，可从 19:00 开始，最晚 24:00 完成，一次 90 分钟。条件：默认时刻须有成员在家并完成装载；轮班或事件日另核，不默认预约或远程启动。
电热水器 1台，每周 每天（7天）；加热 19:50–22:00，需热水 21:00，提前加热：不希望提前加热。条件：普通加热须对准有人需要热水的时段；事件日及额外提前加热按当次许可确认。
参与者对十天方案的选择、理由和评分尚未填写。",UNKNOWN,NOT_COLLECTED,NOT_EXPORTED_PENDING_D_ACCEPTANCE,UNKNOWN
