role_id,member_id,member_order,relationship_to_reference_adult,partner_member_id,age_years_design,source_age_band,age_band,life_role,routine,comfort,task_flexibility,participation,needs_priority,cost_importance_1_5,grid_importance_1_5,control,trait_basis,weekday_window_status,weekend_window_status
cityrole-0001,m01,1,reference_adult,,37,35_59,adult,outside_work,out_regular,temp_tolerant,flexible,usually_decides,no,3,1,auto,age_compatible_role_and_counterbalanced_experimental_member_traits,SYNTHETIC_TYPICAL,SYNTHETIC_TYPICAL
cityrole-0001,m02,2,child,,17,0_17,under18,student,out_regular,normal_comfort,flexible,usually_joint,yes,3,2,manual,age_compatible_role_and_counterbalanced_experimental_member_traits,SYNTHETIC_TYPICAL,SYNTHETIC_TYPICAL
cityrole-0002,m01,1,parent_of_reference_adult,,59,50_59,adult,home_work,home_regular,temp_sensitive,rigid,usually_decides,no,5,4,confirm,age_compatible_role_and_counterbalanced_experimental_member_traits,SYNTHETIC_TYPICAL,SYNTHETIC_TYPICAL
cityrole-0002,m02,2,reference_adult,m04,40,30_49,adult,caregiver,mixed,temp_tolerant,flexible,usually_joint,no,4,5,auto,age_compatible_role_and_counterbalanced_experimental_member_traits,SYNTHETIC_TYPICAL,SYNTHETIC_TYPICAL
cityrole-0002,m03,3,child,,20,18_29,adult,outside_work,out_regular,normal_comfort,flexible,usually_joint,no,1,1,manual,age_compatible_role_and_counterbalanced_experimental_member_traits,SYNTHETIC_TYPICAL,SYNTHETIC_TYPICAL
cityrole-0002,m04,4,spouse,m02,39,30_49,adult,shift,irregular,temp_sensitive,semi_rigid,usually_joint,no,3,2,confirm,age_compatible_role_and_counterbalanced_experimental_member_traits,UNKNOWN_IRREGULAR,UNKNOWN_IRREGULAR
cityrole-0003,m01,1,reference_adult,m02,34,20_59,adult,shift,irregular,normal_comfort,rigid,usually_decides,no,3,2,manual,age_compatible_role_and_counterbalanced_experimental_member_traits,UNKNOWN_IRREGULAR,UNKNOWN_IRREGULAR
cityrole-0003,m02,2,spouse,m01,31,20_59,adult,not_working,mixed,temp_sensitive,rigid,usually_joint,no,5,3,confirm,age_compatible_role_and_counterbalanced_experimental_member_traits,SYNTHETIC_TYPICAL,SYNTHETIC_TYPICAL
cityrole-0004,m01,1,reference_adult,,23,20_34,adult,caregiver,mixed,temp_tolerant,semi_rigid,usually_decides,no,5,5,auto,age_compatible_role_and_counterbalanced_experimental_member_traits,SYNTHETIC_TYPICAL,SYNTHETIC_TYPICAL
cityrole-0005,m01,1,reference_adult,m03,49,35_59,adult,not_working,mixed,temp_sensitive,semi_rigid,usually_decides,no,5,3,confirm,age_compatible_role_and_counterbalanced_experimental_member_traits,SYNTHETIC_TYPICAL,SYNTHETIC_TYPICAL
cityrole-0005,m02,2,child,,14,0_17,under18,student,out_regular,temp_tolerant,semi_rigid,usually_joint,yes,2,4,auto,age_compatible_role_and_counterbalanced_experimental_member_traits,SYNTHETIC_TYPICAL,SYNTHETIC_TYPICAL
cityrole-0005,m03,3,spouse,m01,48,0_59,adult,caregiver,mixed,normal_comfort,rigid,usually_joint,no,4,5,manual,age_compatible_role_and_counterbalanced_experimental_member_traits,SYNTHETIC_TYPICAL,SYNTHETIC_TYPICAL
cityrole-0005,m04,4,child,,10,0_59,under18,student,out_regular,temp_sensitive,rigid,usually_joint,yes,1,1,confirm,age_compatible_role_and_counterbalanced_experimental_member_traits,SYNTHETIC_TYPICAL,SYNTHETIC_TYPICAL
cityrole-0006,m01,1,reference_adult,,61,60_64,older,caregiver,home_regular,normal_comfort,flexible,usually_decides,no,4,1,auto,age_compatible_role_and_counterbalanced_experimental_member_traits,SYNTHETIC_TYPICAL,SYNTHETIC_TYPICAL
cityrole-0006,m02,2,child,,33,20_59,adult,shift,irregular,temp_sensitive,semi_rigid,usually_joint,no,3,2,confirm,age_compatible_role_and_counterbalanced_experimental_member_traits,UNKNOWN_IRREGULAR,UNKNOWN_IRREGULAR
cityrole-0006,m03,3,child,,32,20_59,adult,not_working,mixed,temp_tolerant,semi_rigid,usually_joint,no,5,3,auto,age_compatible_role_and_counterbalanced_experimental_member_traits,SYNTHETIC_TYPICAL,SYNTHETIC_TYPICAL
cityrole-0007,m01,1,reference_adult,m02,38,20_59,adult,home_work,home_regular,temp_tolerant,flexible,usually_decides,no,2,4,manual,age_compatible_role_and_counterbalanced_experimental_member_traits,SYNTHETIC_TYPICAL,SYNTHETIC_TYPICAL
cityrole-0007,m02,2,spouse,m01,38,20_59,adult,caregiver,mixed,normal_comfort,flexible,usually_joint,no,4,5,manual,age_compatible_role_and_counterbalanced_experimental_member_traits,SYNTHETIC_TYPICAL,SYNTHETIC_TYPICAL
cityrole-0008,m01,1,reference_adult,m02,36,20_59,adult,shift,irregular,temp_sensitive,rigid,usually_decides,no,4,2,manual,age_compatible_role_and_counterbalanced_experimental_member_traits,UNKNOWN_IRREGULAR,UNKNOWN_IRREGULAR
cityrole-0008,m02,2,spouse,m01,40,20_59,adult,not_working,mixed,temp_tolerant,flexible,usually_joint,no,5,3,auto,age_compatible_role_and_counterbalanced_experimental_member_traits,SYNTHETIC_TYPICAL,SYNTHETIC_TYPICAL
cityrole-0009,m01,1,reference_adult,,63,60_64,older,retired,home_regular,normal_comfort,rigid,usually_decides,no,2,5,auto,age_compatible_role_and_counterbalanced_experimental_member_traits,SYNTHETIC_TYPICAL,SYNTHETIC_TYPICAL
cityrole-0009,m02,2,child,,32,20_59,adult,outside_work,out_regular,temp_sensitive,rigid,usually_joint,no,1,1,confirm,age_compatible_role_and_counterbalanced_experimental_member_traits,SYNTHETIC_TYPICAL,SYNTHETIC_TYPICAL
cityrole-0010,m01,1,reference_adult,,28,20_34,adult,not_working,mixed,temp_tolerant,semi_rigid,usually_decides,no,3,3,manual,age_compatible_role_and_counterbalanced_experimental_member_traits,SYNTHETIC_TYPICAL,SYNTHETIC_TYPICAL
cityrole-0011,m01,1,reference_adult,m02,74,65_79,older,outside_work,out_regular,temp_sensitive,semi_rigid,usually_decides,no,1,1,confirm,age_compatible_role_and_counterbalanced_experimental_member_traits,SYNTHETIC_TYPICAL,SYNTHETIC_TYPICAL
cityrole-0011,m02,2,spouse,m01,71,65_79,older,home_work,mixed,temp_tolerant,semi_rigid,usually_joint,no,3,2,auto,age_compatible_role_and_counterbalanced_experimental_member_traits,SYNTHETIC_TYPICAL,SYNTHETIC_TYPICAL
cityrole-0012,m01,1,reference_adult,,81,80_plus,older,caregiver,mixed,normal_comfort,flexible,usually_decides,no,5,4,confirm,age_compatible_role_and_counterbalanced_experimental_member_traits,SYNTHETIC_TYPICAL,SYNTHETIC_TYPICAL
cityrole-0013,m01,1,reference_adult,,50,35_59,adult,shift,irregular,temp_tolerant,flexible,usually_decides,no,5,2,manual,age_compatible_role_and_counterbalanced_experimental_member_traits,UNKNOWN_IRREGULAR,UNKNOWN_IRREGULAR
cityrole-0013,m02,2,child,,5,0_17,under18,preschool,home_regular,normal_comfort,flexible,usually_joint,yes,5,3,manual,age_compatible_role_and_counterbalanced_experimental_member_traits,SYNTHETIC_TYPICAL,SYNTHETIC_TYPICAL
cityrole-0014,m01,1,reference_adult,,58,50_59,adult,caregiver,mixed,temp_sensitive,rigid,usually_decides,no,5,5,auto,age_compatible_role_and_counterbalanced_experimental_member_traits,SYNTHETIC_TYPICAL,SYNTHETIC_TYPICAL
cityrole-0014,m02,2,child,,19,18_29,adult,outside_work,out_regular,temp_tolerant,flexible,usually_joint,no,1,1,auto,age_compatible_role_and_counterbalanced_experimental_member_traits,SYNTHETIC_TYPICAL,SYNTHETIC_TYPICAL
cityrole-0015,m01,1,parent_of_reference_adult,,55,50_59,adult,not_working,mixed,normal_comfort,rigid,usually_decides,no,5,3,manual,age_compatible_role_and_counterbalanced_experimental_member_traits,SYNTHETIC_TYPICAL,SYNTHETIC_TYPICAL
cityrole-0015,m02,2,reference_adult,,36,30_49,adult,home_work,home_regular,temp_sensitive,rigid,usually_joint,no,2,4,confirm,age_compatible_role_and_counterbalanced_experimental_member_traits,SYNTHETIC_TYPICAL,SYNTHETIC_TYPICAL
cityrole-0015,m03,3,child,,8,0_17,under18,student,out_regular,temp_tolerant,flexible,usually_joint,yes,4,5,auto,age_compatible_role_and_counterbalanced_experimental_member_traits,SYNTHETIC_TYPICAL,SYNTHETIC_TYPICAL
cityrole-0015,m04,4,child,,6,0_17,under18,student,out_regular,normal_comfort,flexible,usually_joint,yes,1,1,manual,age_compatible_role_and_counterbalanced_experimental_member_traits,SYNTHETIC_TYPICAL,SYNTHETIC_TYPICAL
cityrole-0016,m01,1,reference_adult,m02,33,20_59,adult,outside_work,out_regular,temp_tolerant,semi_rigid,usually_decides,no,2,1,manual,age_compatible_role_and_counterbalanced_experimental_member_traits,SYNTHETIC_TYPICAL,SYNTHETIC_TYPICAL
cityrole-0016,m02,2,spouse,m01,36,20_59,adult,shift,irregular,normal_comfort,rigid,usually_joint,no,3,2,manual,age_compatible_role_and_counterbalanced_experimental_member_traits,UNKNOWN_IRREGULAR,UNKNOWN_IRREGULAR
cityrole-0017,m01,1,reference_adult,,87,80_plus,older,home_work,mixed,temp_sensitive,semi_rigid,usually_decides,no,2,4,auto,age_compatible_role_and_counterbalanced_experimental_member_traits,SYNTHETIC_TYPICAL,SYNTHETIC_TYPICAL
cityrole-0018,m01,1,reference_adult,,29,20_34,adult,shift,irregular,normal_comfort,flexible,usually_decides,no,3,2,auto,age_compatible_role_and_counterbalanced_experimental_member_traits,UNKNOWN_IRREGULAR,UNKNOWN_IRREGULAR
cityrole-0019,m01,1,reference_adult,,35,35_59,adult,caregiver,mixed,temp_tolerant,flexible,usually_decides,no,2,5,manual,age_compatible_role_and_counterbalanced_experimental_member_traits,SYNTHETIC_TYPICAL,SYNTHETIC_TYPICAL
cityrole-0020,m01,1,parent_of_reference_adult,,56,50_59,adult,not_working,mixed,temp_sensitive,rigid,usually_decides,no,2,3,manual,age_compatible_role_and_counterbalanced_experimental_member_traits,SYNTHETIC_TYPICAL,SYNTHETIC_TYPICAL
cityrole-0020,m02,2,reference_adult,,37,30_49,adult,home_work,home_regular,temp_tolerant,flexible,usually_joint,no,2,4,auto,age_compatible_role_and_counterbalanced_experimental_member_traits,SYNTHETIC_TYPICAL,SYNTHETIC_TYPICAL
cityrole-0020,m03,3,child,,18,18_29,adult,caregiver,mixed,normal_comfort,flexible,usually_joint,no,4,5,manual,age_compatible_role_and_counterbalanced_experimental_member_traits,SYNTHETIC_TYPICAL,SYNTHETIC_TYPICAL
cityrole-0021,m01,1,reference_adult,m02,42,20_59,adult,outside_work,out_regular,normal_comfort,rigid,usually_decides,no,1,1,confirm,age_compatible_role_and_counterbalanced_experimental_member_traits,SYNTHETIC_TYPICAL,SYNTHETIC_TYPICAL
cityrole-0021,m02,2,spouse,m01,43,20_59,adult,shift,irregular,temp_sensitive,rigid,usually_joint,no,3,2,confirm,age_compatible_role_and_counterbalanced_experimental_member_traits,UNKNOWN_IRREGULAR,UNKNOWN_IRREGULAR
cityrole-0022,m01,1,reference_adult,m02,36,20_59,adult,home_work,home_regular,temp_tolerant,semi_rigid,usually_decides,no,5,4,auto,age_compatible_role_and_counterbalanced_experimental_member_traits,SYNTHETIC_TYPICAL,SYNTHETIC_TYPICAL
cityrole-0022,m02,2,spouse,m01,37,20_59,adult,caregiver,mixed,normal_comfort,rigid,usually_joint,no,4,5,manual,age_compatible_role_and_counterbalanced_experimental_member_traits,SYNTHETIC_TYPICAL,SYNTHETIC_TYPICAL
cityrole-0022,m03,3,sibling,,40,20_59,adult,outside_work,out_regular,temp_sensitive,rigid,usually_joint,no,1,1,confirm,age_compatible_role_and_counterbalanced_experimental_member_traits,SYNTHETIC_TYPICAL,SYNTHETIC_TYPICAL
cityrole-0023,m01,1,reference_adult,m02,29,20_59,adult,shift,irregular,temp_sensitive,semi_rigid,usually_decides,no,5,2,manual,age_compatible_role_and_counterbalanced_experimental_member_traits,UNKNOWN_IRREGULAR,UNKNOWN_IRREGULAR
cityrole-0023,m02,2,spouse,m01,28,20_59,adult,not_working,mixed,temp_tolerant,semi_rigid,usually_joint,no,5,3,auto,age_compatible_role_and_counterbalanced_experimental_member_traits,SYNTHETIC_TYPICAL,SYNTHETIC_TYPICAL
cityrole-0024,m01,1,reference_adult,,54,50_59,adult,caregiver,mixed,normal_comfort,flexible,usually_decides,no,1,5,auto,age_compatible_role_and_counterbalanced_experimental_member_traits,SYNTHETIC_TYPICAL,SYNTHETIC_TYPICAL
cityrole-0024,m02,2,child,m04,26,18_29,adult,outside_work,out_regular,temp_sensitive,semi_rigid,usually_joint,no,1,1,confirm,age_compatible_role_and_counterbalanced_experimental_member_traits,SYNTHETIC_TYPICAL,SYNTHETIC_TYPICAL
cityrole-0024,m03,3,child,,23,18_59,adult,shift,irregular,temp_tolerant,semi_rigid,usually_joint,no,3,2,auto,age_compatible_role_and_counterbalanced_experimental_member_traits,UNKNOWN_IRREGULAR,UNKNOWN_IRREGULAR
cityrole-0024,m04,4,spouse_of_child,m02,27,18_59,adult,not_working,mixed,normal_comfort,rigid,usually_joint,no,5,3,manual,age_compatible_role_and_counterbalanced_experimental_member_traits,SYNTHETIC_TYPICAL,SYNTHETIC_TYPICAL
cityrole-0024,m05,5,child,,26,18_59,adult,home_work,home_regular,temp_sensitive,rigid,usually_joint,no,2,4,confirm,age_compatible_role_and_counterbalanced_experimental_member_traits,SYNTHETIC_TYPICAL,SYNTHETIC_TYPICAL
cityrole-0025,m01,1,reference_adult,m02,45,20_59,adult,not_working,mixed,temp_tolerant,flexible,usually_decides,no,1,3,auto,age_compatible_role_and_counterbalanced_experimental_member_traits,SYNTHETIC_TYPICAL,SYNTHETIC_TYPICAL
cityrole-0025,m02,2,spouse,m01,47,20_59,adult,home_work,home_regular,normal_comfort,flexible,usually_joint,no,2,4,manual,age_compatible_role_and_counterbalanced_experimental_member_traits,SYNTHETIC_TYPICAL,SYNTHETIC_TYPICAL
cityrole-0026,m01,1,reference_adult,,62,60_64,older,caregiver,home_regular,temp_sensitive,rigid,usually_decides,no,4,1,confirm,age_compatible_role_and_counterbalanced_experimental_member_traits,SYNTHETIC_TYPICAL,SYNTHETIC_TYPICAL
cityrole-0026,m02,2,child,,33,20_59,adult,shift,irregular,temp_tolerant,flexible,usually_joint,no,3,2,auto,age_compatible_role_and_counterbalanced_experimental_member_traits,UNKNOWN_IRREGULAR,UNKNOWN_IRREGULAR
cityrole-0027,m01,1,reference_adult,m03,39,35_59,adult,home_work,home_regular,normal_comfort,rigid,usually_decides,no,2,4,manual,age_compatible_role_and_counterbalanced_experimental_member_traits,SYNTHETIC_TYPICAL,SYNTHETIC_TYPICAL
cityrole-0027,m02,2,child,,10,0_17,under18,student,out_regular,temp_sensitive,rigid,usually_joint,yes,4,5,confirm,age_compatible_role_and_counterbalanced_experimental_member_traits,SYNTHETIC_TYPICAL,SYNTHETIC_TYPICAL
cityrole-0027,m03,3,spouse,m01,43,0_59,adult,outside_work,out_regular,temp_tolerant,flexible,usually_joint,no,1,1,auto,age_compatible_role_and_counterbalanced_experimental_member_traits,SYNTHETIC_TYPICAL,SYNTHETIC_TYPICAL
cityrole-0027,m04,4,child,,13,0_59,under18,student,out_regular,normal_comfort,flexible,usually_joint,yes,3,2,manual,age_compatible_role_and_counterbalanced_experimental_member_traits,SYNTHETIC_TYPICAL,SYNTHETIC_TYPICAL
cityrole-0028,m01,1,reference_adult,,86,80_plus,older,retired,home_regular,temp_tolerant,semi_rigid,usually_decides,no,4,2,manual,age_compatible_role_and_counterbalanced_experimental_member_traits,SYNTHETIC_TYPICAL,SYNTHETIC_TYPICAL
cityrole-0028,m02,2,child,m04,59,20_59,adult,not_working,mixed,normal_comfort,rigid,usually_joint,no,5,3,manual,age_compatible_role_and_counterbalanced_experimental_member_traits,SYNTHETIC_TYPICAL,SYNTHETIC_TYPICAL
cityrole-0028,m03,3,child,,59,20_59,adult,home_work,home_regular,temp_sensitive,rigid,usually_joint,no,2,4,confirm,age_compatible_role_and_counterbalanced_experimental_member_traits,SYNTHETIC_TYPICAL,SYNTHETIC_TYPICAL
cityrole-0028,m04,4,spouse_of_child,m02,57,20_59,adult,caregiver,mixed,temp_tolerant,flexible,usually_joint,no,4,5,auto,age_compatible_role_and_counterbalanced_experimental_member_traits,SYNTHETIC_TYPICAL,SYNTHETIC_TYPICAL
cityrole-0029,m01,1,reference_adult,,65,65_79,older,retired,home_regular,temp_sensitive,semi_rigid,usually_decides,no,3,5,auto,age_compatible_role_and_counterbalanced_experimental_member_traits,SYNTHETIC_TYPICAL,SYNTHETIC_TYPICAL
cityrole-0029,m02,2,child,,35,20_59,adult,outside_work,out_regular,temp_tolerant,semi_rigid,usually_joint,no,1,1,auto,age_compatible_role_and_counterbalanced_experimental_member_traits,SYNTHETIC_TYPICAL,SYNTHETIC_TYPICAL
cityrole-0029,m03,3,child,,33,20_59,adult,shift,irregular,normal_comfort,rigid,usually_joint,no,3,2,manual,age_compatible_role_and_counterbalanced_experimental_member_traits,UNKNOWN_IRREGULAR,UNKNOWN_IRREGULAR
cityrole-0030,m01,1,reference_adult,,51,50_59,adult,not_working,mixed,normal_comfort,flexible,usually_decides,no,3,3,manual,age_compatible_role_and_counterbalanced_experimental_member_traits,SYNTHETIC_TYPICAL,SYNTHETIC_TYPICAL
cityrole-0030,m02,2,child,,19,18_29,adult,home_work,home_regular,temp_sensitive,semi_rigid,usually_joint,no,2,4,confirm,age_compatible_role_and_counterbalanced_experimental_member_traits,SYNTHETIC_TYPICAL,SYNTHETIC_TYPICAL
cityrole-0030,m03,3,child,,18,18_59,adult,caregiver,mixed,temp_tolerant,semi_rigid,usually_joint,no,4,5,auto,age_compatible_role_and_counterbalanced_experimental_member_traits,SYNTHETIC_TYPICAL,SYNTHETIC_TYPICAL
cityrole-0031,m01,1,reference_adult,,56,35_59,adult,outside_work,out_regular,temp_tolerant,flexible,usually_decides,no,5,1,manual,age_compatible_role_and_counterbalanced_experimental_member_traits,SYNTHETIC_TYPICAL,SYNTHETIC_TYPICAL
cityrole-0032,m01,1,reference_adult,m02,40,20_59,adult,home_work,home_regular,temp_sensitive,rigid,usually_decides,no,1,4,confirm,age_compatible_role_and_counterbalanced_experimental_member_traits,SYNTHETIC_TYPICAL,SYNTHETIC_TYPICAL
cityrole-0032,m02,2,spouse,m01,40,20_59,adult,caregiver,mixed,temp_tolerant,flexible,usually_joint,no,4,5,auto,age_compatible_role_and_counterbalanced_experimental_member_traits,SYNTHETIC_TYPICAL,SYNTHETIC_TYPICAL
cityrole-0033,m01,1,reference_adult,,39,35_59,adult,shift,irregular,normal_comfort,rigid,usually_decides,no,1,2,auto,age_compatible_role_and_counterbalanced_experimental_member_traits,UNKNOWN_IRREGULAR,UNKNOWN_IRREGULAR
cityrole-0034,m01,1,reference_adult,m02,60,60_64,older,caregiver,home_regular,temp_tolerant,semi_rigid,usually_decides,no,1,5,confirm,age_compatible_role_and_counterbalanced_experimental_member_traits,SYNTHETIC_TYPICAL,SYNTHETIC_TYPICAL
cityrole-0034,m02,2,spouse,m01,62,60_64,older,outside_work,out_regular,normal_comfort,rigid,usually_joint,no,1,1,manual,age_compatible_role_and_counterbalanced_experimental_member_traits,SYNTHETIC_TYPICAL,SYNTHETIC_TYPICAL
cityrole-0035,m01,1,reference_adult,,41,35_59,adult,not_working,mixed,temp_sensitive,semi_rigid,usually_decides,no,1,3,manual,age_compatible_role_and_counterbalanced_experimental_member_traits,SYNTHETIC_TYPICAL,SYNTHETIC_TYPICAL
cityrole-0036,m01,1,reference_adult,,64,60_64,older,home_work,mixed,normal_comfort,flexible,usually_decides,no,2,1,auto,age_compatible_role_and_counterbalanced_experimental_member_traits,SYNTHETIC_TYPICAL,SYNTHETIC_TYPICAL
cityrole-0036,m02,2,child,,37,20_59,adult,shift,irregular,temp_sensitive,semi_rigid,usually_joint,no,3,2,confirm,age_compatible_role_and_counterbalanced_experimental_member_traits,UNKNOWN_IRREGULAR,UNKNOWN_IRREGULAR
cityrole-0036,m03,3,child,,35,20_59,adult,not_working,mixed,temp_tolerant,semi_rigid,usually_joint,no,5,3,auto,age_compatible_role_and_counterbalanced_experimental_member_traits,SYNTHETIC_TYPICAL,SYNTHETIC_TYPICAL
cityrole-0037,m01,1,reference_adult,,43,35_59,adult,home_work,home_regular,temp_tolerant,flexible,usually_decides,no,2,4,manual,age_compatible_role_and_counterbalanced_experimental_member_traits,SYNTHETIC_TYPICAL,SYNTHETIC_TYPICAL
cityrole-0037,m02,2,child,,6,0_17,under18,student,out_regular,normal_comfort,flexible,usually_joint,yes,4,5,manual,age_compatible_role_and_counterbalanced_experimental_member_traits,SYNTHETIC_TYPICAL,SYNTHETIC_TYPICAL
cityrole-0038,m01,1,reference_adult,,51,50_59,adult,shift,irregular,temp_sensitive,rigid,usually_decides,no,2,2,auto,age_compatible_role_and_counterbalanced_experimental_member_traits,UNKNOWN_IRREGULAR,UNKNOWN_IRREGULAR
cityrole-0038,m02,2,child,,21,18_29,adult,not_working,mixed,temp_tolerant,flexible,usually_joint,no,5,3,auto,age_compatible_role_and_counterbalanced_experimental_member_traits,SYNTHETIC_TYPICAL,SYNTHETIC_TYPICAL
cityrole-0038,m03,3,child,,25,18_59,adult,home_work,home_regular,normal_comfort,flexible,usually_joint,no,2,4,manual,age_compatible_role_and_counterbalanced_experimental_member_traits,SYNTHETIC_TYPICAL,SYNTHETIC_TYPICAL
cityrole-0039,m01,1,reference_adult,m02,47,20_59,adult,caregiver,mixed,normal_comfort,rigid,usually_decides,no,2,5,confirm,age_compatible_role_and_counterbalanced_experimental_member_traits,SYNTHETIC_TYPICAL,SYNTHETIC_TYPICAL
cityrole-0039,m02,2,spouse,m01,52,20_59,adult,outside_work,out_regular,temp_sensitive,rigid,usually_joint,no,1,1,confirm,age_compatible_role_and_counterbalanced_experimental_member_traits,SYNTHETIC_TYPICAL,SYNTHETIC_TYPICAL
cityrole-0040,m01,1,reference_adult,,35,35_59,adult,not_working,mixed,temp_tolerant,semi_rigid,usually_decides,no,2,3,manual,age_compatible_role_and_counterbalanced_experimental_member_traits,SYNTHETIC_TYPICAL,SYNTHETIC_TYPICAL
cityrole-0041,m01,1,parent_of_reference_adult,,80,80_plus,older,home_work,mixed,temp_sensitive,semi_rigid,usually_decides,no,1,1,manual,age_compatible_role_and_counterbalanced_experimental_member_traits,SYNTHETIC_TYPICAL,SYNTHETIC_TYPICAL
cityrole-0041,m02,2,reference_adult,m05,35,30_49,adult,shift,irregular,temp_tolerant,semi_rigid,usually_joint,no,3,2,auto,age_compatible_role_and_counterbalanced_experimental_member_traits,UNKNOWN_IRREGULAR,UNKNOWN_IRREGULAR
cityrole-0041,m03,3,child,,10,0_17,under18,student,out_regular,normal_comfort,rigid,usually_joint,yes,5,3,manual,age_compatible_role_and_counterbalanced_experimental_member_traits,SYNTHETIC_TYPICAL,SYNTHETIC_TYPICAL
cityrole-0041,m04,4,child,,5,0_17,under18,preschool,home_regular,temp_sensitive,rigid,usually_joint,yes,2,4,confirm,age_compatible_role_and_counterbalanced_experimental_member_traits,SYNTHETIC_TYPICAL,SYNTHETIC_TYPICAL
cityrole-0041,m05,5,spouse,m02,36,30_49,adult,caregiver,mixed,temp_tolerant,flexible,usually_joint,no,4,5,auto,age_compatible_role_and_counterbalanced_experimental_member_traits,SYNTHETIC_TYPICAL,SYNTHETIC_TYPICAL
cityrole-0042,m01,1,reference_adult,,54,50_59,adult,home_work,home_regular,normal_comfort,flexible,usually_decides,no,3,4,confirm,age_compatible_role_and_counterbalanced_experimental_member_traits,SYNTHETIC_TYPICAL,SYNTHETIC_TYPICAL
cityrole-0042,m02,2,child,m04,22,18_29,adult,caregiver,mixed,temp_sensitive,semi_rigid,usually_joint,no,4,5,confirm,age_compatible_role_and_counterbalanced_experimental_member_traits,SYNTHETIC_TYPICAL,SYNTHETIC_TYPICAL
cityrole-0042,m03,3,child,,19,18_59,adult,outside_work,out_regular,temp_tolerant,semi_rigid,usually_joint,no,1,1,auto,age_compatible_role_and_counterbalanced_experimental_member_traits,SYNTHETIC_TYPICAL,SYNTHETIC_TYPICAL
cityrole-0042,m04,4,spouse_of_child,m02,25,18_59,adult,shift,irregular,normal_comfort,rigid,usually_joint,no,3,2,manual,age_compatible_role_and_counterbalanced_experimental_member_traits,UNKNOWN_IRREGULAR,UNKNOWN_IRREGULAR
cityrole-0043,m01,1,reference_adult,m02,61,60_64,older,outside_work,out_regular,temp_tolerant,flexible,usually_decides,no,5,2,manual,age_compatible_role_and_counterbalanced_experimental_member_traits,SYNTHETIC_TYPICAL,SYNTHETIC_TYPICAL
cityrole-0043,m02,2,spouse,m01,62,60_64,older,home_work,mixed,normal_comfort,flexible,usually_joint,no,5,3,manual,age_compatible_role_and_counterbalanced_experimental_member_traits,SYNTHETIC_TYPICAL,SYNTHETIC_TYPICAL
cityrole-0044,m01,1,reference_adult,,50,35_59,adult,caregiver,mixed,temp_sensitive,rigid,usually_decides,no,1,5,manual,age_compatible_role_and_counterbalanced_experimental_member_traits,SYNTHETIC_TYPICAL,SYNTHETIC_TYPICAL
cityrole-0045,m01,1,reference_adult,,44,35_59,adult,not_working,mixed,normal_comfort,rigid,usually_decides,no,5,3,auto,age_compatible_role_and_counterbalanced_experimental_member_traits,SYNTHETIC_TYPICAL,SYNTHETIC_TYPICAL
cityrole-0046,m01,1,reference_adult,,27,20_34,adult,outside_work,out_regular,temp_tolerant,semi_rigid,usually_decides,no,3,1,confirm,age_compatible_role_and_counterbalanced_experimental_member_traits,SYNTHETIC_TYPICAL,SYNTHETIC_TYPICAL
cityrole-0047,m01,1,reference_adult,,78,65_79,older,outside_work,out_regular,temp_sensitive,semi_rigid,usually_decides,no,3,4,manual,age_compatible_role_and_counterbalanced_experimental_member_traits,SYNTHETIC_TYPICAL,SYNTHETIC_TYPICAL
cityrole-0047,m02,2,child,,49,20_59,adult,caregiver,mixed,temp_tolerant,semi_rigid,usually_joint,no,4,5,auto,age_compatible_role_and_counterbalanced_experimental_member_traits,SYNTHETIC_TYPICAL,SYNTHETIC_TYPICAL
cityrole-0047,m03,3,child,,53,20_59,adult,outside_work,out_regular,normal_comfort,rigid,usually_joint,no,1,1,manual,age_compatible_role_and_counterbalanced_experimental_member_traits,SYNTHETIC_TYPICAL,SYNTHETIC_TYPICAL
cityrole-0048,m01,1,reference_adult,,80,80_plus,older,caregiver,mixed,normal_comfort,flexible,usually_decides,no,4,2,manual,age_compatible_role_and_counterbalanced_experimental_member_traits,SYNTHETIC_TYPICAL,SYNTHETIC_TYPICAL
cityrole-0048,m02,2,child,,54,20_59,adult,not_working,mixed,temp_sensitive,semi_rigid,usually_joint,no,5,3,confirm,age_compatible_role_and_counterbalanced_experimental_member_traits,SYNTHETIC_TYPICAL,SYNTHETIC_TYPICAL
cityrole-0048,m03,3,child,,58,20_59,adult,home_work,home_regular,temp_tolerant,semi_rigid,usually_joint,no,2,4,auto,age_compatible_role_and_counterbalanced_experimental_member_traits,SYNTHETIC_TYPICAL,SYNTHETIC_TYPICAL
cityrole-0049,m01,1,reference_adult,m02,68,65_79,older,retired,home_regular,temp_tolerant,flexible,usually_decides,no,2,5,confirm,age_compatible_role_and_counterbalanced_experimental_member_traits,SYNTHETIC_TYPICAL,SYNTHETIC_TYPICAL
cityrole-0049,m02,2,spouse,m01,69,65_79,older,caregiver,home_regular,normal_comfort,flexible,usually_joint,no,1,1,manual,age_compatible_role_and_counterbalanced_experimental_member_traits,SYNTHETIC_TYPICAL,SYNTHETIC_TYPICAL
cityrole-0050,m01,1,reference_adult,,73,65_79,older,caregiver,home_regular,temp_sensitive,rigid,usually_decides,no,2,3,auto,age_compatible_role_and_counterbalanced_experimental_member_traits,SYNTHETIC_TYPICAL,SYNTHETIC_TYPICAL
cityrole-0051,m01,1,reference_adult,m03,36,35_59,adult,outside_work,out_regular,normal_comfort,rigid,usually_decides,no,5,1,manual,age_compatible_role_and_counterbalanced_experimental_member_traits,SYNTHETIC_TYPICAL,SYNTHETIC_TYPICAL
cityrole-0051,m02,2,child,,11,0_17,under18,student,out_regular,temp_sensitive,rigid,usually_joint,yes,3,2,confirm,age_compatible_role_and_counterbalanced_experimental_member_traits,SYNTHETIC_TYPICAL,SYNTHETIC_TYPICAL
cityrole-0051,m03,3,spouse,m01,35,0_59,adult,not_working,mixed,temp_tolerant,flexible,usually_joint,no,5,3,auto,age_compatible_role_and_counterbalanced_experimental_member_traits,SYNTHETIC_TYPICAL,SYNTHETIC_TYPICAL
cityrole-0051,m04,4,child,,11,0_59,under18,student,out_regular,normal_comfort,flexible,usually_joint,yes,2,4,manual,age_compatible_role_and_counterbalanced_experimental_member_traits,SYNTHETIC_TYPICAL,SYNTHETIC_TYPICAL
cityrole-0052,m01,1,reference_adult,,29,20_34,adult,home_work,home_regular,temp_tolerant,semi_rigid,usually_decides,no,1,4,confirm,age_compatible_role_and_counterbalanced_experimental_member_traits,SYNTHETIC_TYPICAL,SYNTHETIC_TYPICAL
cityrole-0053,m01,1,reference_adult,,34,20_34,adult,shift,irregular,temp_sensitive,semi_rigid,usually_decides,no,5,2,confirm,age_compatible_role_and_counterbalanced_experimental_member_traits,UNKNOWN_IRREGULAR,UNKNOWN_IRREGULAR
cityrole-0054,m01,1,reference_adult,m02,47,20_59,adult,caregiver,mixed,normal_comfort,flexible,usually_decides,no,1,5,manual,age_compatible_role_and_counterbalanced_experimental_member_traits,SYNTHETIC_TYPICAL,SYNTHETIC_TYPICAL
cityrole-0054,m02,2,spouse,m01,46,20_59,adult,outside_work,out_regular,temp_sensitive,semi_rigid,usually_joint,no,1,1,confirm,age_compatible_role_and_counterbalanced_experimental_member_traits,SYNTHETIC_TYPICAL,SYNTHETIC_TYPICAL
cityrole-0055,m01,1,reference_adult,,72,65_79,older,outside_work,out_regular,temp_tolerant,flexible,usually_decides,no,5,3,manual,age_compatible_role_and_counterbalanced_experimental_member_traits,SYNTHETIC_TYPICAL,SYNTHETIC_TYPICAL
cityrole-0056,m01,1,reference_adult,,55,50_59,adult,outside_work,out_regular,temp_sensitive,rigid,usually_decides,no,3,1,auto,age_compatible_role_and_counterbalanced_experimental_member_traits,SYNTHETIC_TYPICAL,SYNTHETIC_TYPICAL
cityrole-0056,m02,2,child,,21,18_29,adult,shift,irregular,temp_tolerant,flexible,usually_joint,no,3,2,auto,age_compatible_role_and_counterbalanced_experimental_member_traits,UNKNOWN_IRREGULAR,UNKNOWN_IRREGULAR
cityrole-0056,m03,3,child,,22,18_59,adult,not_working,mixed,normal_comfort,flexible,usually_joint,no,5,3,manual,age_compatible_role_and_counterbalanced_experimental_member_traits,SYNTHETIC_TYPICAL,SYNTHETIC_TYPICAL
cityrole-0057,m01,1,reference_adult,m02,46,20_59,adult,home_work,home_regular,normal_comfort,rigid,usually_decides,no,4,4,manual,age_compatible_role_and_counterbalanced_experimental_member_traits,SYNTHETIC_TYPICAL,SYNTHETIC_TYPICAL
cityrole-0057,m02,2,spouse,m01,46,20_59,adult,caregiver,mixed,temp_sensitive,rigid,usually_joint,no,4,5,confirm,age_compatible_role_and_counterbalanced_experimental_member_traits,SYNTHETIC_TYPICAL,SYNTHETIC_TYPICAL
cityrole-0057,m03,3,sibling,,44,20_59,adult,outside_work,out_regular,temp_tolerant,flexible,usually_joint,no,1,1,auto,age_compatible_role_and_counterbalanced_experimental_member_traits,SYNTHETIC_TYPICAL,SYNTHETIC_TYPICAL
cityrole-0058,m01,1,reference_adult,m02,34,20_59,adult,shift,irregular,temp_tolerant,semi_rigid,usually_decides,no,4,2,manual,age_compatible_role_and_counterbalanced_experimental_member_traits,UNKNOWN_IRREGULAR,UNKNOWN_IRREGULAR
cityrole-0058,m02,2,spouse,m01,37,20_59,adult,not_working,mixed,normal_comfort,rigid,usually_joint,no,5,3,manual,age_compatible_role_and_counterbalanced_experimental_member_traits,SYNTHETIC_TYPICAL,SYNTHETIC_TYPICAL
cityrole-0059,m01,1,reference_adult,,52,35_59,adult,caregiver,mixed,temp_sensitive,semi_rigid,usually_decides,no,2,5,auto,age_compatible_role_and_counterbalanced_experimental_member_traits,SYNTHETIC_TYPICAL,SYNTHETIC_TYPICAL
cityrole-0060,m01,1,reference_adult,,58,50_59,adult,not_working,mixed,normal_comfort,flexible,usually_decides,no,3,3,confirm,age_compatible_role_and_counterbalanced_experimental_member_traits,SYNTHETIC_TYPICAL,SYNTHETIC_TYPICAL
cityrole-0060,m02,2,child,,21,18_29,adult,home_work,home_regular,temp_sensitive,semi_rigid,usually_joint,no,2,4,confirm,age_compatible_role_and_counterbalanced_experimental_member_traits,SYNTHETIC_TYPICAL,SYNTHETIC_TYPICAL
cityrole-0060,m03,3,child,,21,18_59,adult,caregiver,mixed,temp_tolerant,semi_rigid,usually_joint,no,4,5,auto,age_compatible_role_and_counterbalanced_experimental_member_traits,SYNTHETIC_TYPICAL,SYNTHETIC_TYPICAL
cityrole-0061,m01,1,reference_adult,m02,40,20_59,adult,outside_work,out_regular,temp_tolerant,flexible,usually_decides,no,5,1,auto,age_compatible_role_and_counterbalanced_experimental_member_traits,SYNTHETIC_TYPICAL,SYNTHETIC_TYPICAL
cityrole-0061,m02,2,spouse,m01,37,20_59,adult,shift,irregular,normal_comfort,flexible,usually_joint,no,3,2,manual,age_compatible_role_and_counterbalanced_experimental_member_traits,UNKNOWN_IRREGULAR,UNKNOWN_IRREGULAR
cityrole-0062,m01,1,reference_adult,,61,60_64,older,caregiver,home_regular,temp_sensitive,rigid,usually_decides,no,5,4,auto,age_compatible_role_and_counterbalanced_experimental_member_traits,SYNTHETIC_TYPICAL,SYNTHETIC_TYPICAL
cityrole-0062,m02,2,child,,34,20_59,adult,caregiver,mixed,temp_tolerant,flexible,usually_joint,no,4,5,auto,age_compatible_role_and_counterbalanced_experimental_member_traits,SYNTHETIC_TYPICAL,SYNTHETIC_TYPICAL
cityrole-0062,m03,3,child,,33,20_59,adult,outside_work,out_regular,normal_comfort,flexible,usually_joint,no,1,1,manual,age_compatible_role_and_counterbalanced_experimental_member_traits,SYNTHETIC_TYPICAL,SYNTHETIC_TYPICAL
cityrole-0063,m01,1,reference_adult,m02,29,20_59,adult,shift,irregular,normal_comfort,rigid,usually_decides,no,5,2,auto,age_compatible_role_and_counterbalanced_experimental_member_traits,UNKNOWN_IRREGULAR,UNKNOWN_IRREGULAR
cityrole-0063,m02,2,spouse,m01,27,20_59,adult,not_working,mixed,temp_sensitive,rigid,usually_joint,no,5,3,confirm,age_compatible_role_and_counterbalanced_experimental_member_traits,SYNTHETIC_TYPICAL,SYNTHETIC_TYPICAL
cityrole-0064,m01,1,reference_adult,,29,20_34,adult,caregiver,mixed,temp_tolerant,semi_rigid,usually_decides,no,1,5,manual,age_compatible_role_and_counterbalanced_experimental_member_traits,SYNTHETIC_TYPICAL,SYNTHETIC_TYPICAL
cityrole-0065,m01,1,reference_adult,m03,45,35_59,adult,not_working,mixed,temp_sensitive,semi_rigid,usually_decides,no,1,3,auto,age_compatible_role_and_counterbalanced_experimental_member_traits,SYNTHETIC_TYPICAL,SYNTHETIC_TYPICAL
cityrole-0065,m02,2,child,,6,0_17,under18,student,out_regular,temp_tolerant,semi_rigid,usually_joint,yes,2,4,auto,age_compatible_role_and_counterbalanced_experimental_member_traits,SYNTHETIC_TYPICAL,SYNTHETIC_TYPICAL
cityrole-0065,m03,3,spouse,m01,48,0_59,adult,caregiver,mixed,normal_comfort,rigid,usually_joint,no,4,5,manual,age_compatible_role_and_counterbalanced_experimental_member_traits,SYNTHETIC_TYPICAL,SYNTHETIC_TYPICAL
cityrole-0065,m04,4,child,,3,0_59,under18,preschool,home_regular,temp_sensitive,rigid,usually_joint,yes,1,1,confirm,age_compatible_role_and_counterbalanced_experimental_member_traits,SYNTHETIC_TYPICAL,SYNTHETIC_TYPICAL
cityrole-0066,m01,1,reference_adult,,54,50_59,adult,outside_work,out_regular,normal_comfort,flexible,usually_decides,no,4,1,confirm,age_compatible_role_and_counterbalanced_experimental_member_traits,SYNTHETIC_TYPICAL,SYNTHETIC_TYPICAL
cityrole-0066,m02,2,child,,26,18_29,adult,shift,irregular,temp_sensitive,semi_rigid,usually_joint,no,3,2,confirm,age_compatible_role_and_counterbalanced_experimental_member_traits,UNKNOWN_IRREGULAR,UNKNOWN_IRREGULAR
cityrole-0066,m03,3,child,,27,18_59,adult,not_working,mixed,temp_tolerant,semi_rigid,usually_joint,no,5,3,auto,age_compatible_role_and_counterbalanced_experimental_member_traits,SYNTHETIC_TYPICAL,SYNTHETIC_TYPICAL
cityrole-0067,m01,1,reference_adult,,73,65_79,older,outside_work,out_regular,temp_tolerant,flexible,usually_decides,no,4,4,manual,age_compatible_role_and_counterbalanced_experimental_member_traits,SYNTHETIC_TYPICAL,SYNTHETIC_TYPICAL
cityrole-0067,m02,2,child,,43,20_59,adult,caregiver,mixed,normal_comfort,flexible,usually_joint,no,4,5,manual,age_compatible_role_and_counterbalanced_experimental_member_traits,SYNTHETIC_TYPICAL,SYNTHETIC_TYPICAL
cityrole-0067,m03,3,child,,43,20_59,adult,outside_work,out_regular,temp_sensitive,semi_rigid,usually_joint,no,1,1,confirm,age_compatible_role_and_counterbalanced_experimental_member_traits,SYNTHETIC_TYPICAL,SYNTHETIC_TYPICAL
cityrole-0068,m01,1,reference_adult,,24,20_34,adult,shift,irregular,temp_sensitive,rigid,usually_decides,no,2,2,confirm,age_compatible_role_and_counterbalanced_experimental_member_traits,UNKNOWN_IRREGULAR,UNKNOWN_IRREGULAR
cityrole-0069,m01,1,reference_adult,m02,31,20_59,adult,caregiver,mixed,normal_comfort,rigid,usually_decides,no,2,5,auto,age_compatible_role_and_counterbalanced_experimental_member_traits,SYNTHETIC_TYPICAL,SYNTHETIC_TYPICAL
cityrole-0069,m02,2,spouse,m01,29,20_59,adult,outside_work,out_regular,temp_sensitive,rigid,usually_joint,no,1,1,confirm,age_compatible_role_and_counterbalanced_experimental_member_traits,SYNTHETIC_TYPICAL,SYNTHETIC_TYPICAL
cityrole-0070,m01,1,reference_adult,,72,65_79,older,caregiver,home_regular,temp_tolerant,semi_rigid,usually_decides,no,2,3,auto,age_compatible_role_and_counterbalanced_experimental_member_traits,SYNTHETIC_TYPICAL,SYNTHETIC_TYPICAL
cityrole-0071,m01,1,reference_adult,,85,80_plus,older,home_work,mixed,temp_sensitive,semi_rigid,usually_decides,no,3,1,manual,age_compatible_role_and_counterbalanced_experimental_member_traits,SYNTHETIC_TYPICAL,SYNTHETIC_TYPICAL
cityrole-0071,m02,2,child,,59,20_59,adult,shift,irregular,temp_tolerant,semi_rigid,usually_joint,no,3,2,auto,age_compatible_role_and_counterbalanced_experimental_member_traits,UNKNOWN_IRREGULAR,UNKNOWN_IRREGULAR
cityrole-0071,m03,3,child,,58,20_59,adult,not_working,mixed,normal_comfort,rigid,usually_joint,no,5,3,manual,age_compatible_role_and_counterbalanced_experimental_member_traits,SYNTHETIC_TYPICAL,SYNTHETIC_TYPICAL
cityrole-0072,m01,1,reference_adult,m02,69,65_79,older,home_work,mixed,normal_comfort,flexible,usually_decides,no,5,4,confirm,age_compatible_role_and_counterbalanced_experimental_member_traits,SYNTHETIC_TYPICAL,SYNTHETIC_TYPICAL
cityrole-0072,m02,2,spouse,m01,69,65_79,older,retired,home_regular,temp_sensitive,semi_rigid,usually_joint,no,4,5,confirm,age_compatible_role_and_counterbalanced_experimental_member_traits,SYNTHETIC_TYPICAL,SYNTHETIC_TYPICAL
cityrole-0073,m01,1,reference_adult,,78,65_79,older,retired,home_regular,temp_tolerant,flexible,usually_decides,no,1,2,auto,age_compatible_role_and_counterbalanced_experimental_member_traits,SYNTHETIC_TYPICAL,SYNTHETIC_TYPICAL
cityrole-0073,m02,2,child,,48,20_59,adult,not_working,mixed,normal_comfort,flexible,usually_joint,no,5,3,manual,age_compatible_role_and_counterbalanced_experimental_member_traits,SYNTHETIC_TYPICAL,SYNTHETIC_TYPICAL
cityrole-0073,m03,3,child,,47,20_59,adult,home_work,home_regular,temp_sensitive,semi_rigid,usually_joint,no,2,4,confirm,age_compatible_role_and_counterbalanced_experimental_member_traits,SYNTHETIC_TYPICAL,SYNTHETIC_TYPICAL
cityrole-0074,m01,1,reference_adult,,70,65_79,older,caregiver,home_regular,temp_sensitive,rigid,usually_decides,no,5,5,auto,age_compatible_role_and_counterbalanced_experimental_member_traits,SYNTHETIC_TYPICAL,SYNTHETIC_TYPICAL
cityrole-0074,m02,2,child,,38,20_59,adult,outside_work,out_regular,temp_tolerant,flexible,usually_joint,no,1,1,auto,age_compatible_role_and_counterbalanced_experimental_member_traits,SYNTHETIC_TYPICAL,SYNTHETIC_TYPICAL
cityrole-0074,m03,3,child,,41,20_59,adult,shift,irregular,normal_comfort,flexible,usually_joint,no,3,2,manual,age_compatible_role_and_counterbalanced_experimental_member_traits,UNKNOWN_IRREGULAR,UNKNOWN_IRREGULAR
cityrole-0075,m01,1,parent_of_reference_adult,,71,65_79,older,outside_work,out_regular,normal_comfort,rigid,usually_decides,no,3,3,confirm,age_compatible_role_and_counterbalanced_experimental_member_traits,SYNTHETIC_TYPICAL,SYNTHETIC_TYPICAL
cityrole-0075,m02,2,reference_adult,m05,35,30_49,adult,home_work,home_regular,temp_sensitive,rigid,usually_joint,no,2,4,confirm,age_compatible_role_and_counterbalanced_experimental_member_traits,SYNTHETIC_TYPICAL,SYNTHETIC_TYPICAL
cityrole-0075,m03,3,child,,9,0_17,under18,student,out_regular,temp_tolerant,flexible,usually_joint,yes,4,5,auto,age_compatible_role_and_counterbalanced_experimental_member_traits,SYNTHETIC_TYPICAL,SYNTHETIC_TYPICAL
cityrole-0075,m04,4,child,,6,0_17,under18,student,out_regular,normal_comfort,flexible,usually_joint,yes,1,1,manual,age_compatible_role_and_counterbalanced_experimental_member_traits,SYNTHETIC_TYPICAL,SYNTHETIC_TYPICAL
cityrole-0075,m05,5,spouse,m02,36,30_49,adult,shift,irregular,temp_sensitive,semi_rigid,usually_joint,no,3,2,confirm,age_compatible_role_and_counterbalanced_experimental_member_traits,UNKNOWN_IRREGULAR,UNKNOWN_IRREGULAR
cityrole-0076,m01,1,reference_adult,,41,35_59,adult,outside_work,out_regular,temp_tolerant,semi_rigid,usually_decides,no,3,1,auto,age_compatible_role_and_counterbalanced_experimental_member_traits,SYNTHETIC_TYPICAL,SYNTHETIC_TYPICAL
cityrole-0077,m01,1,reference_adult,m02,47,20_59,adult,home_work,home_regular,temp_sensitive,semi_rigid,usually_decides,no,3,4,confirm,age_compatible_role_and_counterbalanced_experimental_member_traits,SYNTHETIC_TYPICAL,SYNTHETIC_TYPICAL
cityrole-0077,m02,2,spouse,m01,51,20_59,adult,caregiver,mixed,temp_tolerant,semi_rigid,usually_joint,no,4,5,auto,age_compatible_role_and_counterbalanced_experimental_member_traits,SYNTHETIC_TYPICAL,SYNTHETIC_TYPICAL
cityrole-0077,m03,3,sibling,,52,20_59,adult,outside_work,out_regular,normal_comfort,rigid,usually_joint,no,1,1,manual,age_compatible_role_and_counterbalanced_experimental_member_traits,SYNTHETIC_TYPICAL,SYNTHETIC_TYPICAL
cityrole-0077,m04,4,sibling,,46,20_59,adult,shift,irregular,temp_sensitive,rigid,usually_joint,no,3,2,confirm,age_compatible_role_and_counterbalanced_experimental_member_traits,UNKNOWN_IRREGULAR,UNKNOWN_IRREGULAR
cityrole-0078,m01,1,reference_adult,,57,50_59,adult,shift,irregular,normal_comfort,flexible,usually_decides,no,4,2,confirm,age_compatible_role_and_counterbalanced_experimental_member_traits,UNKNOWN_IRREGULAR,UNKNOWN_IRREGULAR
cityrole-0078,m02,2,child,,22,18_29,adult,not_working,mixed,temp_sensitive,semi_rigid,usually_joint,no,5,3,confirm,age_compatible_role_and_counterbalanced_experimental_member_traits,SYNTHETIC_TYPICAL,SYNTHETIC_TYPICAL
cityrole-0079,m01,1,parent_of_reference_adult,,59,50_59,adult,caregiver,mixed,temp_tolerant,flexible,usually_decides,yes,4,5,auto,age_compatible_role_and_counterbalanced_experimental_member_traits,SYNTHETIC_TYPICAL,SYNTHETIC_TYPICAL
cityrole-0079,m02,2,reference_adult,,39,30_49,adult,outside_work,out_regular,normal_comfort,flexible,usually_joint,no,1,1,manual,age_compatible_role_and_counterbalanced_experimental_member_traits,SYNTHETIC_TYPICAL,SYNTHETIC_TYPICAL
cityrole-0079,m03,3,child,,9,0_17,under18,student,out_regular,temp_sensitive,semi_rigid,usually_joint,yes,3,2,confirm,age_compatible_role_and_counterbalanced_experimental_member_traits,SYNTHETIC_TYPICAL,SYNTHETIC_TYPICAL
cityrole-0079,m04,4,child,,4,0_17,under18,preschool,home_regular,temp_tolerant,semi_rigid,usually_joint,yes,5,3,auto,age_compatible_role_and_counterbalanced_experimental_member_traits,SYNTHETIC_TYPICAL,SYNTHETIC_TYPICAL
cityrole-0080,m01,1,reference_adult,,31,20_34,adult,not_working,mixed,temp_sensitive,rigid,usually_decides,no,3,3,auto,age_compatible_role_and_counterbalanced_experimental_member_traits,SYNTHETIC_TYPICAL,SYNTHETIC_TYPICAL
cityrole-0081,m01,1,reference_adult,,44,35_59,adult,outside_work,out_regular,normal_comfort,rigid,usually_decides,no,5,1,manual,age_compatible_role_and_counterbalanced_experimental_member_traits,SYNTHETIC_TYPICAL,SYNTHETIC_TYPICAL
cityrole-0082,m01,1,reference_adult,,52,50_59,adult,home_work,home_regular,temp_tolerant,semi_rigid,usually_decides,no,5,4,auto,age_compatible_role_and_counterbalanced_experimental_member_traits,SYNTHETIC_TYPICAL,SYNTHETIC_TYPICAL
cityrole-0082,m02,2,child,,23,18_29,adult,caregiver,mixed,normal_comfort,rigid,usually_joint,no,4,5,manual,age_compatible_role_and_counterbalanced_experimental_member_traits,SYNTHETIC_TYPICAL,SYNTHETIC_TYPICAL
cityrole-0082,m03,3,child,,26,18_59,adult,outside_work,out_regular,temp_sensitive,rigid,usually_joint,no,1,1,confirm,age_compatible_role_and_counterbalanced_experimental_member_traits,SYNTHETIC_TYPICAL,SYNTHETIC_TYPICAL
cityrole-0083,m01,1,reference_adult,m02,31,20_59,adult,shift,irregular,temp_sensitive,semi_rigid,usually_decides,no,1,2,confirm,age_compatible_role_and_counterbalanced_experimental_member_traits,UNKNOWN_IRREGULAR,UNKNOWN_IRREGULAR
cityrole-0083,m02,2,spouse,m01,35,20_59,adult,not_working,mixed,temp_tolerant,semi_rigid,usually_joint,no,5,3,auto,age_compatible_role_and_counterbalanced_experimental_member_traits,SYNTHETIC_TYPICAL,SYNTHETIC_TYPICAL
cityrole-0084,m01,1,reference_adult,,51,50_59,adult,caregiver,mixed,normal_comfort,flexible,usually_decides,no,5,5,manual,age_compatible_role_and_counterbalanced_experimental_member_traits,SYNTHETIC_TYPICAL,SYNTHETIC_TYPICAL
cityrole-0084,m02,2,child,,19,18_29,adult,outside_work,out_regular,temp_sensitive,semi_rigid,usually_joint,no,1,1,confirm,age_compatible_role_and_counterbalanced_experimental_member_traits,SYNTHETIC_TYPICAL,SYNTHETIC_TYPICAL
cityrole-0084,m03,3,child,,23,18_59,adult,shift,irregular,temp_tolerant,semi_rigid,usually_joint,no,3,2,auto,age_compatible_role_and_counterbalanced_experimental_member_traits,UNKNOWN_IRREGULAR,UNKNOWN_IRREGULAR
cityrole-0085,m01,1,reference_adult,,36,35_59,adult,not_working,mixed,temp_tolerant,flexible,usually_decides,no,3,3,auto,age_compatible_role_and_counterbalanced_experimental_member_traits,SYNTHETIC_TYPICAL,SYNTHETIC_TYPICAL
cityrole-0085,m02,2,child,,9,0_17,under18,student,out_regular,normal_comfort,flexible,usually_joint,yes,2,4,manual,age_compatible_role_and_counterbalanced_experimental_member_traits,SYNTHETIC_TYPICAL,SYNTHETIC_TYPICAL
cityrole-0086,m01,1,parent_of_reference_adult,,59,50_59,adult,outside_work,out_regular,temp_sensitive,rigid,usually_decides,no,3,1,manual,age_compatible_role_and_counterbalanced_experimental_member_traits,SYNTHETIC_TYPICAL,SYNTHETIC_TYPICAL
cityrole-0086,m02,2,reference_adult,m04,39,30_49,adult,shift,irregular,temp_tolerant,flexible,usually_joint,no,3,2,auto,age_compatible_role_and_counterbalanced_experimental_member_traits,UNKNOWN_IRREGULAR,UNKNOWN_IRREGULAR
cityrole-0086,m03,3,child,,18,18_29,adult,not_working,mixed,normal_comfort,flexible,usually_joint,no,5,3,manual,age_compatible_role_and_counterbalanced_experimental_member_traits,SYNTHETIC_TYPICAL,SYNTHETIC_TYPICAL
cityrole-0086,m04,4,spouse,m02,40,30_49,adult,home_work,home_regular,temp_sensitive,semi_rigid,usually_joint,no,2,4,confirm,age_compatible_role_and_counterbalanced_experimental_member_traits,SYNTHETIC_TYPICAL,SYNTHETIC_TYPICAL
cityrole-0087,m01,1,reference_adult,m02,67,65_79,older,outside_work,out_regular,normal_comfort,rigid,usually_decides,no,3,4,manual,age_compatible_role_and_counterbalanced_experimental_member_traits,SYNTHETIC_TYPICAL,SYNTHETIC_TYPICAL
cityrole-0087,m02,2,spouse,m01,65,65_79,older,home_work,mixed,temp_sensitive,rigid,usually_joint,no,4,5,confirm,age_compatible_role_and_counterbalanced_experimental_member_traits,SYNTHETIC_TYPICAL,SYNTHETIC_TYPICAL
cityrole-0088,m01,1,reference_adult,m02,39,20_59,adult,shift,irregular,temp_tolerant,semi_rigid,usually_decides,no,2,2,manual,age_compatible_role_and_counterbalanced_experimental_member_traits,UNKNOWN_IRREGULAR,UNKNOWN_IRREGULAR
cityrole-0088,m02,2,spouse,m01,40,20_59,adult,not_working,mixed,normal_comfort,rigid,usually_joint,no,5,3,manual,age_compatible_role_and_counterbalanced_experimental_member_traits,SYNTHETIC_TYPICAL,SYNTHETIC_TYPICAL
cityrole-0089,m01,1,reference_adult,,48,35_59,adult,caregiver,mixed,temp_sensitive,semi_rigid,usually_decides,yes,3,5,confirm,age_compatible_role_and_counterbalanced_experimental_member_traits,SYNTHETIC_TYPICAL,SYNTHETIC_TYPICAL
cityrole-0089,m02,2,child,,15,0_17,under18,student,out_regular,temp_tolerant,semi_rigid,usually_joint,yes,1,1,auto,age_compatible_role_and_counterbalanced_experimental_member_traits,SYNTHETIC_TYPICAL,SYNTHETIC_TYPICAL
cityrole-0090,m01,1,reference_adult,,29,20_34,adult,not_working,mixed,normal_comfort,flexible,usually_decides,no,2,3,auto,age_compatible_role_and_counterbalanced_experimental_member_traits,SYNTHETIC_TYPICAL,SYNTHETIC_TYPICAL
cityrole-0091,m01,1,reference_adult,m03,49,35_59,adult,outside_work,out_regular,temp_tolerant,flexible,usually_decides,no,1,1,manual,age_compatible_role_and_counterbalanced_experimental_member_traits,SYNTHETIC_TYPICAL,SYNTHETIC_TYPICAL
cityrole-0091,m02,2,child,,13,0_17,under18,student,out_regular,normal_comfort,flexible,usually_joint,yes,3,2,manual,age_compatible_role_and_counterbalanced_experimental_member_traits,SYNTHETIC_TYPICAL,SYNTHETIC_TYPICAL
cityrole-0091,m03,3,spouse,m01,52,0_59,adult,not_working,mixed,temp_sensitive,semi_rigid,usually_joint,no,5,3,confirm,age_compatible_role_and_counterbalanced_experimental_member_traits,SYNTHETIC_TYPICAL,SYNTHETIC_TYPICAL
cityrole-0091,m04,4,child,,15,0_59,under18,student,out_regular,temp_tolerant,semi_rigid,usually_joint,yes,2,4,auto,age_compatible_role_and_counterbalanced_experimental_member_traits,SYNTHETIC_TYPICAL,SYNTHETIC_TYPICAL
cityrole-0092,m01,1,reference_adult,,58,50_59,adult,home_work,home_regular,temp_sensitive,rigid,usually_decides,no,1,4,auto,age_compatible_role_and_counterbalanced_experimental_member_traits,SYNTHETIC_TYPICAL,SYNTHETIC_TYPICAL
cityrole-0092,m02,2,child,,25,18_29,adult,caregiver,mixed,temp_tolerant,flexible,usually_joint,no,4,5,auto,age_compatible_role_and_counterbalanced_experimental_member_traits,SYNTHETIC_TYPICAL,SYNTHETIC_TYPICAL
cityrole-0092,m03,3,child,,29,18_59,adult,outside_work,out_regular,normal_comfort,flexible,usually_joint,no,1,1,manual,age_compatible_role_and_counterbalanced_experimental_member_traits,SYNTHETIC_TYPICAL,SYNTHETIC_TYPICAL
cityrole-0093,m01,1,reference_adult,,48,35_59,adult,shift,irregular,normal_comfort,rigid,usually_decides,no,1,2,confirm,age_compatible_role_and_counterbalanced_experimental_member_traits,UNKNOWN_IRREGULAR,UNKNOWN_IRREGULAR
cityrole-0094,m01,1,reference_adult,,62,60_64,older,caregiver,home_regular,temp_tolerant,semi_rigid,usually_decides,no,3,5,confirm,age_compatible_role_and_counterbalanced_experimental_member_traits,SYNTHETIC_TYPICAL,SYNTHETIC_TYPICAL
cityrole-0094,m02,2,child,,35,20_59,adult,outside_work,out_regular,normal_comfort,rigid,usually_joint,no,1,1,manual,age_compatible_role_and_counterbalanced_experimental_member_traits,SYNTHETIC_TYPICAL,SYNTHETIC_TYPICAL
cityrole-0094,m03,3,child,,32,20_59,adult,shift,irregular,temp_sensitive,rigid,usually_joint,no,3,2,confirm,age_compatible_role_and_counterbalanced_experimental_member_traits,UNKNOWN_IRREGULAR,UNKNOWN_IRREGULAR
cityrole-0095,m01,1,reference_adult,m02,65,65_79,older,outside_work,out_regular,temp_sensitive,semi_rigid,usually_decides,no,5,3,confirm,age_compatible_role_and_counterbalanced_experimental_member_traits,SYNTHETIC_TYPICAL,SYNTHETIC_TYPICAL
cityrole-0095,m02,2,spouse,m01,68,65_79,older,home_work,mixed,temp_tolerant,semi_rigid,usually_joint,no,2,4,auto,age_compatible_role_and_counterbalanced_experimental_member_traits,SYNTHETIC_TYPICAL,SYNTHETIC_TYPICAL
cityrole-0096,m01,1,reference_adult,,68,65_79,older,home_work,mixed,normal_comfort,flexible,usually_decides,no,4,1,manual,age_compatible_role_and_counterbalanced_experimental_member_traits,SYNTHETIC_TYPICAL,SYNTHETIC_TYPICAL
cityrole-0097,m01,1,reference_adult,,64,60_64,older,retired,home_regular,temp_tolerant,flexible,usually_decides,no,3,4,manual,age_compatible_role_and_counterbalanced_experimental_member_traits,SYNTHETIC_TYPICAL,SYNTHETIC_TYPICAL
cityrole-0097,m02,2,child,,32,20_59,adult,caregiver,mixed,normal_comfort,flexible,usually_joint,no,4,5,manual,age_compatible_role_and_counterbalanced_experimental_member_traits,SYNTHETIC_TYPICAL,SYNTHETIC_TYPICAL
cityrole-0097,m03,3,child,,36,20_59,adult,outside_work,out_regular,temp_sensitive,semi_rigid,usually_joint,no,1,1,confirm,age_compatible_role_and_counterbalanced_experimental_member_traits,SYNTHETIC_TYPICAL,SYNTHETIC_TYPICAL
cityrole-0098,m01,1,reference_adult,m02,65,65_79,older,caregiver,home_regular,temp_sensitive,rigid,usually_decides,no,4,2,auto,age_compatible_role_and_counterbalanced_experimental_member_traits,SYNTHETIC_TYPICAL,SYNTHETIC_TYPICAL
cityrole-0098,m02,2,spouse,m01,68,65_79,older,outside_work,out_regular,temp_tolerant,flexible,usually_joint,no,5,3,auto,age_compatible_role_and_counterbalanced_experimental_member_traits,SYNTHETIC_TYPICAL,SYNTHETIC_TYPICAL
cityrole-0099,m01,1,parent_of_reference_adult,,58,50_59,adult,caregiver,mixed,normal_comfort,rigid,usually_decides,yes,2,5,confirm,age_compatible_role_and_counterbalanced_experimental_member_traits,SYNTHETIC_TYPICAL,SYNTHETIC_TYPICAL
cityrole-0099,m02,2,reference_adult,,40,30_49,adult,outside_work,out_regular,temp_sensitive,rigid,usually_joint,no,1,1,confirm,age_compatible_role_and_counterbalanced_experimental_member_traits,SYNTHETIC_TYPICAL,SYNTHETIC_TYPICAL
cityrole-0099,m03,3,child,,9,0_17,under18,student,out_regular,temp_tolerant,flexible,usually_joint,yes,3,2,auto,age_compatible_role_and_counterbalanced_experimental_member_traits,SYNTHETIC_TYPICAL,SYNTHETIC_TYPICAL
cityrole-0099,m04,4,child,,5,0_17,under18,preschool,home_regular,normal_comfort,flexible,usually_joint,yes,5,3,manual,age_compatible_role_and_counterbalanced_experimental_member_traits,SYNTHETIC_TYPICAL,SYNTHETIC_TYPICAL
cityrole-0100,m01,1,reference_adult,,52,35_59,adult,not_working,mixed,temp_tolerant,semi_rigid,usually_decides,no,2,3,manual,age_compatible_role_and_counterbalanced_experimental_member_traits,SYNTHETIC_TYPICAL,SYNTHETIC_TYPICAL
cityrole-0101,m01,1,parent_of_reference_adult,,57,50_59,adult,outside_work,out_regular,temp_sensitive,semi_rigid,usually_decides,no,1,1,auto,age_compatible_role_and_counterbalanced_experimental_member_traits,SYNTHETIC_TYPICAL,SYNTHETIC_TYPICAL
cityrole-0101,m02,2,reference_adult,m05,39,30_49,adult,shift,irregular,temp_tolerant,semi_rigid,usually_joint,no,3,2,auto,age_compatible_role_and_counterbalanced_experimental_member_traits,UNKNOWN_IRREGULAR,UNKNOWN_IRREGULAR
cityrole-0101,m03,3,child,,11,0_17,under18,student,out_regular,normal_comfort,rigid,usually_joint,yes,5,3,manual,age_compatible_role_and_counterbalanced_experimental_member_traits,SYNTHETIC_TYPICAL,SYNTHETIC_TYPICAL
cityrole-0101,m04,4,child,,10,0_17,under18,student,out_regular,temp_sensitive,rigid,usually_joint,yes,2,4,confirm,age_compatible_role_and_counterbalanced_experimental_member_traits,SYNTHETIC_TYPICAL,SYNTHETIC_TYPICAL
cityrole-0101,m05,5,spouse,m02,38,30_49,adult,caregiver,mixed,temp_tolerant,flexible,usually_joint,no,4,5,auto,age_compatible_role_and_counterbalanced_experimental_member_traits,SYNTHETIC_TYPICAL,SYNTHETIC_TYPICAL
cityrole-0102,m01,1,reference_adult,,26,20_34,adult,home_work,home_regular,normal_comfort,flexible,usually_decides,no,5,4,confirm,age_compatible_role_and_counterbalanced_experimental_member_traits,SYNTHETIC_TYPICAL,SYNTHETIC_TYPICAL
cityrole-0103,m01,1,reference_adult,m02,38,20_59,adult,shift,irregular,temp_tolerant,flexible,usually_decides,no,1,2,auto,age_compatible_role_and_counterbalanced_experimental_member_traits,UNKNOWN_IRREGULAR,UNKNOWN_IRREGULAR
cityrole-0103,m02,2,spouse,m01,43,20_59,adult,not_working,mixed,normal_comfort,flexible,usually_joint,no,5,3,manual,age_compatible_role_and_counterbalanced_experimental_member_traits,SYNTHETIC_TYPICAL,SYNTHETIC_TYPICAL
cityrole-0104,m01,1,parent_of_reference_adult,,57,50_59,adult,caregiver,mixed,temp_sensitive,rigid,usually_decides,yes,5,5,confirm,age_compatible_role_and_counterbalanced_experimental_member_traits,SYNTHETIC_TYPICAL,SYNTHETIC_TYPICAL
cityrole-0104,m02,2,reference_adult,m04,37,30_49,adult,outside_work,out_regular,temp_tolerant,flexible,usually_joint,no,1,1,auto,age_compatible_role_and_counterbalanced_experimental_member_traits,SYNTHETIC_TYPICAL,SYNTHETIC_TYPICAL
cityrole-0104,m03,3,child,,18,18_29,adult,shift,irregular,normal_comfort,flexible,usually_joint,no,3,2,manual,age_compatible_role_and_counterbalanced_experimental_member_traits,UNKNOWN_IRREGULAR,UNKNOWN_IRREGULAR
cityrole-0104,m04,4,spouse,m02,37,30_49,adult,not_working,mixed,temp_sensitive,semi_rigid,usually_joint,no,5,3,confirm,age_compatible_role_and_counterbalanced_experimental_member_traits,SYNTHETIC_TYPICAL,SYNTHETIC_TYPICAL
cityrole-0104,m05,5,child,,13,0_17,under18,student,out_regular,temp_tolerant,semi_rigid,usually_joint,yes,2,4,auto,age_compatible_role_and_counterbalanced_experimental_member_traits,SYNTHETIC_TYPICAL,SYNTHETIC_TYPICAL
cityrole-0104,m06,6,sibling,,39,30_49,adult,caregiver,mixed,normal_comfort,rigid,usually_joint,no,4,5,manual,age_compatible_role_and_counterbalanced_experimental_member_traits,SYNTHETIC_TYPICAL,SYNTHETIC_TYPICAL
cityrole-0104,m07,7,child,,13,0_17,under18,student,out_regular,temp_sensitive,rigid,usually_joint,yes,1,1,confirm,age_compatible_role_and_counterbalanced_experimental_member_traits,SYNTHETIC_TYPICAL,SYNTHETIC_TYPICAL
cityrole-0104,m08,8,sibling,,37,30_49,adult,shift,irregular,temp_tolerant,flexible,usually_joint,no,3,2,auto,age_compatible_role_and_counterbalanced_experimental_member_traits,UNKNOWN_IRREGULAR,UNKNOWN_IRREGULAR
cityrole-0105,m01,1,reference_adult,,46,35_59,adult,not_working,mixed,normal_comfort,rigid,usually_decides,no,5,3,auto,age_compatible_role_and_counterbalanced_experimental_member_traits,SYNTHETIC_TYPICAL,SYNTHETIC_TYPICAL
cityrole-0105,m02,2,child,,16,0_17,under18,student,out_regular,temp_sensitive,rigid,usually_joint,yes,2,4,confirm,age_compatible_role_and_counterbalanced_experimental_member_traits,SYNTHETIC_TYPICAL,SYNTHETIC_TYPICAL
cityrole-0106,m01,1,reference_adult,,51,50_59,adult,outside_work,out_regular,temp_tolerant,semi_rigid,usually_decides,no,2,1,confirm,age_compatible_role_and_counterbalanced_experimental_member_traits,SYNTHETIC_TYPICAL,SYNTHETIC_TYPICAL
cityrole-0106,m02,2,child,,28,18_29,adult,shift,irregular,normal_comfort,rigid,usually_joint,no,3,2,manual,age_compatible_role_and_counterbalanced_experimental_member_traits,UNKNOWN_IRREGULAR,UNKNOWN_IRREGULAR
cityrole-0106,m03,3,child,,26,18_59,adult,not_working,mixed,temp_sensitive,rigid,usually_joint,no,5,3,confirm,age_compatible_role_and_counterbalanced_experimental_member_traits,SYNTHETIC_TYPICAL,SYNTHETIC_TYPICAL
cityrole-0107,m01,1,reference_adult,m02,30,20_59,adult,home_work,home_regular,temp_sensitive,semi_rigid,usually_decides,no,4,4,confirm,age_compatible_role_and_counterbalanced_experimental_member_traits,SYNTHETIC_TYPICAL,SYNTHETIC_TYPICAL
cityrole-0107,m02,2,spouse,m01,32,20_59,adult,caregiver,mixed,temp_tolerant,semi_rigid,usually_joint,no,4,5,auto,age_compatible_role_and_counterbalanced_experimental_member_traits,SYNTHETIC_TYPICAL,SYNTHETIC_TYPICAL
cityrole-0108,m01,1,parent_of_reference_adult,,59,50_59,adult,shift,irregular,normal_comfort,flexible,usually_decides,no,3,2,auto,age_compatible_role_and_counterbalanced_experimental_member_traits,UNKNOWN_IRREGULAR,UNKNOWN_IRREGULAR
cityrole-0108,m02,2,reference_adult,m04,40,30_49,adult,not_working,mixed,temp_sensitive,semi_rigid,usually_joint,no,5,3,confirm,age_compatible_role_and_counterbalanced_experimental_member_traits,SYNTHETIC_TYPICAL,SYNTHETIC_TYPICAL
cityrole-0108,m03,3,child,,20,18_29,adult,home_work,home_regular,temp_tolerant,semi_rigid,usually_joint,no,2,4,auto,age_compatible_role_and_counterbalanced_experimental_member_traits,SYNTHETIC_TYPICAL,SYNTHETIC_TYPICAL
cityrole-0108,m04,4,spouse,m02,39,30_49,adult,caregiver,mixed,normal_comfort,rigid,usually_joint,no,4,5,manual,age_compatible_role_and_counterbalanced_experimental_member_traits,SYNTHETIC_TYPICAL,SYNTHETIC_TYPICAL
cityrole-0108,m05,5,child,,17,0_17,under18,student,out_regular,temp_sensitive,rigid,usually_joint,yes,1,1,confirm,age_compatible_role_and_counterbalanced_experimental_member_traits,SYNTHETIC_TYPICAL,SYNTHETIC_TYPICAL
cityrole-0109,m01,1,reference_adult,m03,43,35_59,adult,caregiver,mixed,temp_tolerant,flexible,usually_decides,yes,4,5,manual,age_compatible_role_and_counterbalanced_experimental_member_traits,SYNTHETIC_TYPICAL,SYNTHETIC_TYPICAL
cityrole-0109,m02,2,child,,11,0_17,under18,student,out_regular,normal_comfort,flexible,usually_joint,yes,1,1,manual,age_compatible_role_and_counterbalanced_experimental_member_traits,SYNTHETIC_TYPICAL,SYNTHETIC_TYPICAL
cityrole-0109,m03,3,spouse,m01,42,0_59,adult,shift,irregular,temp_sensitive,semi_rigid,usually_joint,no,3,2,confirm,age_compatible_role_and_counterbalanced_experimental_member_traits,UNKNOWN_IRREGULAR,UNKNOWN_IRREGULAR
cityrole-0110,m01,1,reference_adult,,78,65_79,older,caregiver,home_regular,temp_sensitive,rigid,usually_decides,no,4,3,auto,age_compatible_role_and_counterbalanced_experimental_member_traits,SYNTHETIC_TYPICAL,SYNTHETIC_TYPICAL
cityrole-0110,m02,2,child,,52,20_59,adult,home_work,home_regular,temp_tolerant,flexible,usually_joint,no,2,4,auto,age_compatible_role_and_counterbalanced_experimental_member_traits,SYNTHETIC_TYPICAL,SYNTHETIC_TYPICAL
cityrole-0111,m01,1,reference_adult,m03,36,35_59,adult,outside_work,out_regular,normal_comfort,rigid,usually_decides,no,1,1,confirm,age_compatible_role_and_counterbalanced_experimental_member_traits,SYNTHETIC_TYPICAL,SYNTHETIC_TYPICAL
cityrole-0111,m02,2,child,,11,0_17,under18,student,out_regular,temp_sensitive,rigid,usually_joint,yes,3,2,confirm,age_compatible_role_and_counterbalanced_experimental_member_traits,SYNTHETIC_TYPICAL,SYNTHETIC_TYPICAL
cityrole-0111,m03,3,spouse,m01,34,0_59,adult,not_working,mixed,temp_tolerant,flexible,usually_joint,no,5,3,auto,age_compatible_role_and_counterbalanced_experimental_member_traits,SYNTHETIC_TYPICAL,SYNTHETIC_TYPICAL
cityrole-0112,m01,1,reference_adult,,66,65_79,older,home_work,mixed,temp_tolerant,semi_rigid,usually_decides,no,3,4,confirm,age_compatible_role_and_counterbalanced_experimental_member_traits,SYNTHETIC_TYPICAL,SYNTHETIC_TYPICAL
cityrole-0112,m02,2,child,,37,20_59,adult,caregiver,mixed,normal_comfort,rigid,usually_joint,no,4,5,manual,age_compatible_role_and_counterbalanced_experimental_member_traits,SYNTHETIC_TYPICAL,SYNTHETIC_TYPICAL
cityrole-0112,m03,3,child,,40,20_59,adult,outside_work,out_regular,temp_sensitive,rigid,usually_joint,no,1,1,confirm,age_compatible_role_and_counterbalanced_experimental_member_traits,SYNTHETIC_TYPICAL,SYNTHETIC_TYPICAL
cityrole-0113,m01,1,reference_adult,,85,80_plus,older,home_work,mixed,temp_sensitive,semi_rigid,usually_decides,no,5,2,auto,age_compatible_role_and_counterbalanced_experimental_member_traits,SYNTHETIC_TYPICAL,SYNTHETIC_TYPICAL
cityrole-0114,m01,1,reference_adult,,81,80_plus,older,caregiver,mixed,normal_comfort,flexible,usually_decides,no,1,5,auto,age_compatible_role_and_counterbalanced_experimental_member_traits,SYNTHETIC_TYPICAL,SYNTHETIC_TYPICAL
cityrole-0114,m02,2,child,m04,52,20_59,adult,outside_work,out_regular,temp_sensitive,semi_rigid,usually_joint,no,1,1,confirm,age_compatible_role_and_counterbalanced_experimental_member_traits,SYNTHETIC_TYPICAL,SYNTHETIC_TYPICAL
cityrole-0114,m03,3,child,,55,20_59,adult,shift,irregular,temp_tolerant,semi_rigid,usually_joint,no,3,2,auto,age_compatible_role_and_counterbalanced_experimental_member_traits,UNKNOWN_IRREGULAR,UNKNOWN_IRREGULAR
cityrole-0114,m04,4,spouse_of_child,m02,50,20_59,adult,not_working,mixed,normal_comfort,rigid,usually_joint,no,5,3,manual,age_compatible_role_and_counterbalanced_experimental_member_traits,SYNTHETIC_TYPICAL,SYNTHETIC_TYPICAL
cityrole-0114,m05,5,child,,49,20_59,adult,home_work,home_regular,temp_sensitive,rigid,usually_joint,no,2,4,confirm,age_compatible_role_and_counterbalanced_experimental_member_traits,SYNTHETIC_TYPICAL,SYNTHETIC_TYPICAL
cityrole-0115,m01,1,reference_adult,m02,33,20_59,adult,not_working,mixed,temp_tolerant,flexible,usually_decides,no,5,3,auto,age_compatible_role_and_counterbalanced_experimental_member_traits,SYNTHETIC_TYPICAL,SYNTHETIC_TYPICAL
cityrole-0115,m02,2,spouse,m01,36,20_59,adult,home_work,home_regular,normal_comfort,flexible,usually_joint,no,2,4,manual,age_compatible_role_and_counterbalanced_experimental_member_traits,SYNTHETIC_TYPICAL,SYNTHETIC_TYPICAL
cityrole-0116,m01,1,reference_adult,,51,50_59,adult,outside_work,out_regular,temp_sensitive,rigid,usually_decides,no,3,1,confirm,age_compatible_role_and_counterbalanced_experimental_member_traits,SYNTHETIC_TYPICAL,SYNTHETIC_TYPICAL
cityrole-0116,m02,2,child,m04,20,18_29,adult,shift,irregular,temp_tolerant,flexible,usually_joint,no,3,2,auto,age_compatible_role_and_counterbalanced_experimental_member_traits,UNKNOWN_IRREGULAR,UNKNOWN_IRREGULAR
cityrole-0116,m03,3,child,,18,18_59,adult,not_working,mixed,normal_comfort,flexible,usually_joint,no,5,3,manual,age_compatible_role_and_counterbalanced_experimental_member_traits,SYNTHETIC_TYPICAL,SYNTHETIC_TYPICAL
cityrole-0116,m04,4,spouse_of_child,m02,23,18_59,adult,home_work,home_regular,temp_sensitive,semi_rigid,usually_joint,no,2,4,confirm,age_compatible_role_and_counterbalanced_experimental_member_traits,SYNTHETIC_TYPICAL,SYNTHETIC_TYPICAL
cityrole-0117,m01,1,reference_adult,m02,29,20_59,adult,home_work,home_regular,normal_comfort,rigid,usually_decides,no,2,4,manual,age_compatible_role_and_counterbalanced_experimental_member_traits,SYNTHETIC_TYPICAL,SYNTHETIC_TYPICAL
cityrole-0117,m02,2,spouse,m01,27,20_59,adult,caregiver,mixed,temp_sensitive,rigid,usually_joint,no,4,5,confirm,age_compatible_role_and_counterbalanced_experimental_member_traits,SYNTHETIC_TYPICAL,SYNTHETIC_TYPICAL
cityrole-0118,m01,1,reference_adult,,23,20_34,adult,shift,irregular,temp_tolerant,semi_rigid,usually_decides,no,3,2,auto,age_compatible_role_and_counterbalanced_experimental_member_traits,UNKNOWN_IRREGULAR,UNKNOWN_IRREGULAR
cityrole-0119,m01,1,reference_adult,m02,65,65_79,older,outside_work,out_regular,temp_sensitive,semi_rigid,usually_decides,no,3,5,confirm,age_compatible_role_and_counterbalanced_experimental_member_traits,SYNTHETIC_TYPICAL,SYNTHETIC_TYPICAL
cityrole-0119,m02,2,spouse,m01,65,65_79,older,home_work,mixed,temp_tolerant,semi_rigid,usually_joint,no,1,1,auto,age_compatible_role_and_counterbalanced_experimental_member_traits,SYNTHETIC_TYPICAL,SYNTHETIC_TYPICAL
cityrole-0120,m01,1,reference_adult,m02,83,80_plus,older,caregiver,mixed,normal_comfort,flexible,usually_decides,no,4,3,auto,age_compatible_role_and_counterbalanced_experimental_member_traits,SYNTHETIC_TYPICAL,SYNTHETIC_TYPICAL
cityrole-0120,m02,2,spouse,m01,80,80_plus,older,home_work,mixed,temp_sensitive,semi_rigid,usually_joint,no,2,4,confirm,age_compatible_role_and_counterbalanced_experimental_member_traits,SYNTHETIC_TYPICAL,SYNTHETIC_TYPICAL
cityrole-0121,m01,1,reference_adult,m02,36,20_59,adult,outside_work,out_regular,temp_tolerant,flexible,usually_decides,no,5,1,confirm,age_compatible_role_and_counterbalanced_experimental_member_traits,SYNTHETIC_TYPICAL,SYNTHETIC_TYPICAL
cityrole-0121,m02,2,spouse,m01,41,20_59,adult,shift,irregular,normal_comfort,flexible,usually_joint,no,3,2,manual,age_compatible_role_and_counterbalanced_experimental_member_traits,UNKNOWN_IRREGULAR,UNKNOWN_IRREGULAR
cityrole-0122,m01,1,reference_adult,,56,50_59,adult,home_work,home_regular,temp_sensitive,rigid,usually_decides,no,1,4,manual,age_compatible_role_and_counterbalanced_experimental_member_traits,SYNTHETIC_TYPICAL,SYNTHETIC_TYPICAL
cityrole-0122,m02,2,child,,23,18_29,adult,caregiver,mixed,temp_tolerant,flexible,usually_joint,no,4,5,auto,age_compatible_role_and_counterbalanced_experimental_member_traits,SYNTHETIC_TYPICAL,SYNTHETIC_TYPICAL
cityrole-0122,m03,3,child,,23,18_59,adult,outside_work,out_regular,normal_comfort,flexible,usually_joint,no,1,1,manual,age_compatible_role_and_counterbalanced_experimental_member_traits,SYNTHETIC_TYPICAL,SYNTHETIC_TYPICAL
cityrole-0123,m01,1,reference_adult,,34,20_34,adult,shift,irregular,normal_comfort,rigid,usually_decides,no,1,2,auto,age_compatible_role_and_counterbalanced_experimental_member_traits,UNKNOWN_IRREGULAR,UNKNOWN_IRREGULAR
cityrole-0124,m01,1,parent_of_reference_adult,,59,50_59,adult,caregiver,mixed,temp_tolerant,semi_rigid,usually_decides,no,1,5,auto,age_compatible_role_and_counterbalanced_experimental_member_traits,SYNTHETIC_TYPICAL,SYNTHETIC_TYPICAL
cityrole-0124,m02,2,reference_adult,m04,40,30_49,adult,outside_work,out_regular,normal_comfort,rigid,usually_joint,no,1,1,manual,age_compatible_role_and_counterbalanced_experimental_member_traits,SYNTHETIC_TYPICAL,SYNTHETIC_TYPICAL
cityrole-0124,m03,3,child,,19,18_29,adult,shift,irregular,temp_sensitive,rigid,usually_joint,no,3,2,confirm,age_compatible_role_and_counterbalanced_experimental_member_traits,UNKNOWN_IRREGULAR,UNKNOWN_IRREGULAR
cityrole-0124,m04,4,spouse,m02,43,30_49,adult,not_working,mixed,temp_tolerant,flexible,usually_joint,no,5,3,auto,age_compatible_role_and_counterbalanced_experimental_member_traits,SYNTHETIC_TYPICAL,SYNTHETIC_TYPICAL
cityrole-0125,m01,1,reference_adult,m03,50,35_59,adult,not_working,mixed,temp_sensitive,semi_rigid,usually_decides,no,3,3,manual,age_compatible_role_and_counterbalanced_experimental_member_traits,SYNTHETIC_TYPICAL,SYNTHETIC_TYPICAL
cityrole-0125,m02,2,child,,9,0_17,under18,student,out_regular,temp_tolerant,semi_rigid,usually_joint,yes,2,4,auto,age_compatible_role_and_counterbalanced_experimental_member_traits,SYNTHETIC_TYPICAL,SYNTHETIC_TYPICAL
cityrole-0125,m03,3,spouse,m01,48,0_59,adult,caregiver,mixed,normal_comfort,rigid,usually_joint,no,4,5,manual,age_compatible_role_and_counterbalanced_experimental_member_traits,SYNTHETIC_TYPICAL,SYNTHETIC_TYPICAL
cityrole-0125,m04,4,child,,5,0_59,under18,preschool,home_regular,temp_sensitive,rigid,usually_joint,yes,1,1,confirm,age_compatible_role_and_counterbalanced_experimental_member_traits,SYNTHETIC_TYPICAL,SYNTHETIC_TYPICAL
cityrole-0126,m01,1,reference_adult,,59,35_59,adult,outside_work,out_regular,normal_comfort,flexible,usually_decides,no,4,1,confirm,age_compatible_role_and_counterbalanced_experimental_member_traits,SYNTHETIC_TYPICAL,SYNTHETIC_TYPICAL
cityrole-0127,m01,1,reference_adult,,71,65_79,older,outside_work,out_regular,temp_tolerant,flexible,usually_decides,no,3,4,manual,age_compatible_role_and_counterbalanced_experimental_member_traits,SYNTHETIC_TYPICAL,SYNTHETIC_TYPICAL
cityrole-0127,m02,2,child,m04,46,20_59,adult,caregiver,mixed,normal_comfort,flexible,usually_joint,no,4,5,manual,age_compatible_role_and_counterbalanced_experimental_member_traits,SYNTHETIC_TYPICAL,SYNTHETIC_TYPICAL
cityrole-0127,m03,3,child,,48,20_59,adult,outside_work,out_regular,temp_sensitive,semi_rigid,usually_joint,no,1,1,confirm,age_compatible_role_and_counterbalanced_experimental_member_traits,SYNTHETIC_TYPICAL,SYNTHETIC_TYPICAL
cityrole-0127,m04,4,spouse_of_child,m02,50,20_59,adult,shift,irregular,temp_tolerant,semi_rigid,usually_joint,no,3,2,auto,age_compatible_role_and_counterbalanced_experimental_member_traits,UNKNOWN_IRREGULAR,UNKNOWN_IRREGULAR
cityrole-0128,m01,1,reference_adult,,22,20_34,adult,shift,irregular,temp_sensitive,rigid,usually_decides,no,3,2,auto,age_compatible_role_and_counterbalanced_experimental_member_traits,UNKNOWN_IRREGULAR,UNKNOWN_IRREGULAR
cityrole-0129,m01,1,reference_adult,m02,30,20_59,adult,caregiver,mixed,normal_comfort,rigid,usually_decides,no,3,5,auto,age_compatible_role_and_counterbalanced_experimental_member_traits,SYNTHETIC_TYPICAL,SYNTHETIC_TYPICAL
cityrole-0129,m02,2,spouse,m01,28,20_59,adult,outside_work,out_regular,temp_sensitive,rigid,usually_joint,no,1,1,confirm,age_compatible_role_and_counterbalanced_experimental_member_traits,SYNTHETIC_TYPICAL,SYNTHETIC_TYPICAL
cityrole-0130,m01,1,reference_adult,,44,35_59,adult,not_working,mixed,temp_tolerant,semi_rigid,usually_decides,no,2,3,confirm,age_compatible_role_and_counterbalanced_experimental_member_traits,SYNTHETIC_TYPICAL,SYNTHETIC_TYPICAL
cityrole-0131,m01,1,reference_adult,,21,20_34,adult,outside_work,out_regular,temp_sensitive,semi_rigid,usually_decides,no,3,1,auto,age_compatible_role_and_counterbalanced_experimental_member_traits,SYNTHETIC_TYPICAL,SYNTHETIC_TYPICAL
cityrole-0132,m01,1,reference_adult,,81,80_plus,older,caregiver,mixed,normal_comfort,flexible,usually_decides,no,5,4,confirm,age_compatible_role_and_counterbalanced_experimental_member_traits,SYNTHETIC_TYPICAL,SYNTHETIC_TYPICAL
cityrole-0132,m02,2,child,,51,20_59,adult,caregiver,mixed,temp_sensitive,semi_rigid,usually_joint,no,4,5,confirm,age_compatible_role_and_counterbalanced_experimental_member_traits,SYNTHETIC_TYPICAL,SYNTHETIC_TYPICAL
cityrole-0133,m01,1,reference_adult,,21,20_34,adult,shift,irregular,temp_tolerant,flexible,usually_decides,no,1,2,confirm,age_compatible_role_and_counterbalanced_experimental_member_traits,UNKNOWN_IRREGULAR,UNKNOWN_IRREGULAR
cityrole-0134,m01,1,reference_adult,,28,20_34,adult,caregiver,mixed,temp_sensitive,rigid,usually_decides,no,5,5,manual,age_compatible_role_and_counterbalanced_experimental_member_traits,SYNTHETIC_TYPICAL,SYNTHETIC_TYPICAL
cityrole-0135,m01,1,reference_adult,,64,60_64,older,outside_work,out_regular,normal_comfort,rigid,usually_decides,no,1,3,confirm,age_compatible_role_and_counterbalanced_experimental_member_traits,SYNTHETIC_TYPICAL,SYNTHETIC_TYPICAL
cityrole-0136,m01,1,reference_adult,m02,38,20_59,adult,outside_work,out_regular,temp_tolerant,semi_rigid,usually_decides,no,3,1,manual,age_compatible_role_and_counterbalanced_experimental_member_traits,SYNTHETIC_TYPICAL,SYNTHETIC_TYPICAL
cityrole-0136,m02,2,spouse,m01,34,20_59,adult,shift,irregular,normal_comfort,rigid,usually_joint,no,3,2,manual,age_compatible_role_and_counterbalanced_experimental_member_traits,UNKNOWN_IRREGULAR,UNKNOWN_IRREGULAR
cityrole-0137,m01,1,reference_adult,,23,20_34,adult,home_work,home_regular,temp_sensitive,semi_rigid,usually_decides,no,4,4,manual,age_compatible_role_and_counterbalanced_experimental_member_traits,SYNTHETIC_TYPICAL,SYNTHETIC_TYPICAL
cityrole-0138,m01,1,reference_adult,m02,60,60_64,older,caregiver,home_regular,normal_comfort,flexible,usually_decides,no,2,2,manual,age_compatible_role_and_counterbalanced_experimental_member_traits,SYNTHETIC_TYPICAL,SYNTHETIC_TYPICAL
cityrole-0138,m02,2,spouse,m01,60,60_64,older,outside_work,out_regular,temp_sensitive,semi_rigid,usually_joint,no,5,3,confirm,age_compatible_role_and_counterbalanced_experimental_member_traits,SYNTHETIC_TYPICAL,SYNTHETIC_TYPICAL
cityrole-0139,m01,1,reference_adult,,41,35_59,adult,caregiver,mixed,temp_tolerant,flexible,usually_decides,no,3,5,confirm,age_compatible_role_and_counterbalanced_experimental_member_traits,SYNTHETIC_TYPICAL,SYNTHETIC_TYPICAL
cityrole-0140,m01,1,reference_adult,,51,50_59,adult,not_working,mixed,temp_sensitive,rigid,usually_decides,no,2,3,auto,age_compatible_role_and_counterbalanced_experimental_member_traits,SYNTHETIC_TYPICAL,SYNTHETIC_TYPICAL
cityrole-0140,m02,2,child,m04,20,18_29,adult,home_work,home_regular,temp_tolerant,flexible,usually_joint,no,2,4,auto,age_compatible_role_and_counterbalanced_experimental_member_traits,SYNTHETIC_TYPICAL,SYNTHETIC_TYPICAL
cityrole-0140,m03,3,child,,23,18_59,adult,caregiver,mixed,normal_comfort,flexible,usually_joint,no,4,5,manual,age_compatible_role_and_counterbalanced_experimental_member_traits,SYNTHETIC_TYPICAL,SYNTHETIC_TYPICAL
cityrole-0140,m04,4,spouse_of_child,m02,23,18_59,adult,outside_work,out_regular,temp_sensitive,semi_rigid,usually_joint,no,1,1,confirm,age_compatible_role_and_counterbalanced_experimental_member_traits,SYNTHETIC_TYPICAL,SYNTHETIC_TYPICAL
cityrole-0141,m01,1,reference_adult,m02,30,20_59,adult,outside_work,out_regular,normal_comfort,rigid,usually_decides,no,5,1,confirm,age_compatible_role_and_counterbalanced_experimental_member_traits,SYNTHETIC_TYPICAL,SYNTHETIC_TYPICAL
cityrole-0141,m02,2,spouse,m01,29,20_59,adult,shift,irregular,temp_sensitive,rigid,usually_joint,no,3,2,confirm,age_compatible_role_and_counterbalanced_experimental_member_traits,UNKNOWN_IRREGULAR,UNKNOWN_IRREGULAR
cityrole-0142,m01,1,reference_adult,,52,50_59,adult,home_work,home_regular,temp_tolerant,semi_rigid,usually_decides,no,1,4,manual,age_compatible_role_and_counterbalanced_experimental_member_traits,SYNTHETIC_TYPICAL,SYNTHETIC_TYPICAL
cityrole-0142,m02,2,child,,24,18_29,adult,caregiver,mixed,normal_comfort,rigid,usually_joint,no,4,5,manual,age_compatible_role_and_counterbalanced_experimental_member_traits,SYNTHETIC_TYPICAL,SYNTHETIC_TYPICAL
cityrole-0142,m03,3,child,,22,18_59,adult,outside_work,out_regular,temp_sensitive,rigid,usually_joint,no,1,1,confirm,age_compatible_role_and_counterbalanced_experimental_member_traits,SYNTHETIC_TYPICAL,SYNTHETIC_TYPICAL
cityrole-0143,m01,1,reference_adult,,75,65_79,older,outside_work,out_regular,temp_sensitive,semi_rigid,usually_decides,no,1,2,auto,age_compatible_role_and_counterbalanced_experimental_member_traits,SYNTHETIC_TYPICAL,SYNTHETIC_TYPICAL
cityrole-0143,m02,2,child,,44,20_59,adult,not_working,mixed,temp_tolerant,semi_rigid,usually_joint,no,5,3,auto,age_compatible_role_and_counterbalanced_experimental_member_traits,SYNTHETIC_TYPICAL,SYNTHETIC_TYPICAL
cityrole-0144,m01,1,reference_adult,,56,50_59,adult,caregiver,mixed,normal_comfort,flexible,usually_decides,no,5,5,manual,age_compatible_role_and_counterbalanced_experimental_member_traits,SYNTHETIC_TYPICAL,SYNTHETIC_TYPICAL
cityrole-0144,m02,2,child,,21,18_29,adult,outside_work,out_regular,temp_sensitive,semi_rigid,usually_joint,no,1,1,confirm,age_compatible_role_and_counterbalanced_experimental_member_traits,SYNTHETIC_TYPICAL,SYNTHETIC_TYPICAL
cityrole-0145,m01,1,reference_adult,,20,20_34,adult,not_working,mixed,temp_tolerant,flexible,usually_decides,no,5,3,confirm,age_compatible_role_and_counterbalanced_experimental_member_traits,SYNTHETIC_TYPICAL,SYNTHETIC_TYPICAL
cityrole-0146,m01,1,reference_adult,m02,77,65_79,older,caregiver,home_regular,temp_sensitive,rigid,usually_decides,no,2,1,confirm,age_compatible_role_and_counterbalanced_experimental_member_traits,SYNTHETIC_TYPICAL,SYNTHETIC_TYPICAL
cityrole-0146,m02,2,spouse,m01,77,65_79,older,outside_work,out_regular,temp_tolerant,flexible,usually_joint,no,3,2,auto,age_compatible_role_and_counterbalanced_experimental_member_traits,SYNTHETIC_TYPICAL,SYNTHETIC_TYPICAL
cityrole-0147,m01,1,reference_adult,m02,39,20_59,adult,home_work,home_regular,normal_comfort,rigid,usually_decides,no,2,4,manual,age_compatible_role_and_counterbalanced_experimental_member_traits,SYNTHETIC_TYPICAL,SYNTHETIC_TYPICAL
cityrole-0147,m02,2,spouse,m01,36,20_59,adult,caregiver,mixed,temp_sensitive,rigid,usually_joint,no,4,5,confirm,age_compatible_role_and_counterbalanced_experimental_member_traits,SYNTHETIC_TYPICAL,SYNTHETIC_TYPICAL
cityrole-0148,m01,1,reference_adult,m02,32,20_59,adult,shift,irregular,temp_tolerant,semi_rigid,usually_decides,no,4,2,auto,age_compatible_role_and_counterbalanced_experimental_member_traits,UNKNOWN_IRREGULAR,UNKNOWN_IRREGULAR
cityrole-0148,m02,2,spouse,m01,27,20_59,adult,not_working,mixed,normal_comfort,rigid,usually_joint,no,5,3,manual,age_compatible_role_and_counterbalanced_experimental_member_traits,SYNTHETIC_TYPICAL,SYNTHETIC_TYPICAL
cityrole-0149,m01,1,reference_adult,m02,41,20_59,adult,caregiver,mixed,temp_sensitive,semi_rigid,usually_decides,no,2,5,auto,age_compatible_role_and_counterbalanced_experimental_member_traits,SYNTHETIC_TYPICAL,SYNTHETIC_TYPICAL
cityrole-0149,m02,2,spouse,m01,44,20_59,adult,outside_work,out_regular,temp_tolerant,semi_rigid,usually_joint,no,1,1,auto,age_compatible_role_and_counterbalanced_experimental_member_traits,SYNTHETIC_TYPICAL,SYNTHETIC_TYPICAL
cityrole-0150,m01,1,reference_adult,m02,37,20_59,adult,not_working,mixed,normal_comfort,flexible,usually_decides,no,2,3,confirm,age_compatible_role_and_counterbalanced_experimental_member_traits,SYNTHETIC_TYPICAL,SYNTHETIC_TYPICAL
cityrole-0150,m02,2,spouse,m01,40,20_59,adult,home_work,home_regular,temp_sensitive,semi_rigid,usually_joint,no,2,4,confirm,age_compatible_role_and_counterbalanced_experimental_member_traits,SYNTHETIC_TYPICAL,SYNTHETIC_TYPICAL
cityrole-0151,m01,1,reference_adult,m02,31,20_59,adult,outside_work,out_regular,temp_tolerant,flexible,usually_decides,no,3,1,auto,age_compatible_role_and_counterbalanced_experimental_member_traits,SYNTHETIC_TYPICAL,SYNTHETIC_TYPICAL
cityrole-0151,m02,2,spouse,m01,32,20_59,adult,shift,irregular,normal_comfort,flexible,usually_joint,no,3,2,manual,age_compatible_role_and_counterbalanced_experimental_member_traits,UNKNOWN_IRREGULAR,UNKNOWN_IRREGULAR
cityrole-0152,m01,1,reference_adult,,55,50_59,adult,home_work,home_regular,temp_sensitive,rigid,usually_decides,no,1,4,confirm,age_compatible_role_and_counterbalanced_experimental_member_traits,SYNTHETIC_TYPICAL,SYNTHETIC_TYPICAL
cityrole-0152,m02,2,child,,27,18_29,adult,caregiver,mixed,temp_tolerant,flexible,usually_joint,no,4,5,auto,age_compatible_role_and_counterbalanced_experimental_member_traits,SYNTHETIC_TYPICAL,SYNTHETIC_TYPICAL
cityrole-0152,m03,3,child,,31,18_59,adult,outside_work,out_regular,normal_comfort,flexible,usually_joint,no,1,1,manual,age_compatible_role_and_counterbalanced_experimental_member_traits,SYNTHETIC_TYPICAL,SYNTHETIC_TYPICAL
cityrole-0153,m01,1,reference_adult,m02,35,20_59,adult,shift,irregular,normal_comfort,rigid,usually_decides,no,3,2,auto,age_compatible_role_and_counterbalanced_experimental_member_traits,UNKNOWN_IRREGULAR,UNKNOWN_IRREGULAR
cityrole-0153,m02,2,spouse,m01,38,20_59,adult,not_working,mixed,temp_sensitive,rigid,usually_joint,no,5,3,confirm,age_compatible_role_and_counterbalanced_experimental_member_traits,SYNTHETIC_TYPICAL,SYNTHETIC_TYPICAL
cityrole-0154,m01,1,reference_adult,,52,50_59,adult,caregiver,mixed,temp_tolerant,semi_rigid,usually_decides,no,5,5,confirm,age_compatible_role_and_counterbalanced_experimental_member_traits,SYNTHETIC_TYPICAL,SYNTHETIC_TYPICAL
cityrole-0154,m02,2,child,,26,18_29,adult,outside_work,out_regular,normal_comfort,rigid,usually_joint,no,1,1,manual,age_compatible_role_and_counterbalanced_experimental_member_traits,SYNTHETIC_TYPICAL,SYNTHETIC_TYPICAL
cityrole-0154,m03,3,child,,23,18_59,adult,shift,irregular,temp_sensitive,rigid,usually_joint,no,3,2,confirm,age_compatible_role_and_counterbalanced_experimental_member_traits,UNKNOWN_IRREGULAR,UNKNOWN_IRREGULAR
cityrole-0155,m01,1,reference_adult,m03,42,35_59,adult,not_working,mixed,temp_sensitive,semi_rigid,usually_decides,no,1,3,confirm,age_compatible_role_and_counterbalanced_experimental_member_traits,SYNTHETIC_TYPICAL,SYNTHETIC_TYPICAL
cityrole-0155,m02,2,child,,16,0_17,under18,student,out_regular,temp_tolerant,semi_rigid,usually_joint,yes,2,4,auto,age_compatible_role_and_counterbalanced_experimental_member_traits,SYNTHETIC_TYPICAL,SYNTHETIC_TYPICAL
cityrole-0155,m03,3,spouse,m01,39,0_59,adult,caregiver,mixed,normal_comfort,rigid,usually_joint,no,4,5,manual,age_compatible_role_and_counterbalanced_experimental_member_traits,SYNTHETIC_TYPICAL,SYNTHETIC_TYPICAL
cityrole-0156,m01,1,reference_adult,,48,35_59,adult,outside_work,out_regular,normal_comfort,flexible,usually_decides,no,4,1,confirm,age_compatible_role_and_counterbalanced_experimental_member_traits,SYNTHETIC_TYPICAL,SYNTHETIC_TYPICAL
cityrole-0157,m01,1,reference_adult,m03,42,35_59,adult,home_work,home_regular,temp_tolerant,flexible,usually_decides,no,2,4,manual,age_compatible_role_and_counterbalanced_experimental_member_traits,SYNTHETIC_TYPICAL,SYNTHETIC_TYPICAL
cityrole-0157,m02,2,child,,5,0_17,under18,preschool,home_regular,normal_comfort,flexible,usually_joint,yes,4,5,manual,age_compatible_role_and_counterbalanced_experimental_member_traits,SYNTHETIC_TYPICAL,SYNTHETIC_TYPICAL
cityrole-0157,m03,3,spouse,m01,42,0_59,adult,outside_work,out_regular,temp_sensitive,semi_rigid,usually_joint,no,1,1,confirm,age_compatible_role_and_counterbalanced_experimental_member_traits,SYNTHETIC_TYPICAL,SYNTHETIC_TYPICAL
cityrole-0158,m01,1,reference_adult,,56,50_59,adult,shift,irregular,temp_sensitive,rigid,usually_decides,no,2,2,auto,age_compatible_role_and_counterbalanced_experimental_member_traits,UNKNOWN_IRREGULAR,UNKNOWN_IRREGULAR
cityrole-0158,m02,2,child,,22,18_29,adult,not_working,mixed,temp_tolerant,flexible,usually_joint,no,5,3,auto,age_compatible_role_and_counterbalanced_experimental_member_traits,SYNTHETIC_TYPICAL,SYNTHETIC_TYPICAL
cityrole-0158,m03,3,child,,23,18_59,adult,home_work,home_regular,normal_comfort,flexible,usually_joint,no,2,4,manual,age_compatible_role_and_counterbalanced_experimental_member_traits,SYNTHETIC_TYPICAL,SYNTHETIC_TYPICAL
cityrole-0159,m01,1,reference_adult,,47,35_59,adult,caregiver,mixed,normal_comfort,rigid,usually_decides,no,3,5,auto,age_compatible_role_and_counterbalanced_experimental_member_traits,SYNTHETIC_TYPICAL,SYNTHETIC_TYPICAL
cityrole-0160,m01,1,reference_adult,,52,50_59,adult,not_working,mixed,temp_tolerant,semi_rigid,usually_decides,no,2,3,auto,age_compatible_role_and_counterbalanced_experimental_member_traits,SYNTHETIC_TYPICAL,SYNTHETIC_TYPICAL
cityrole-0160,m02,2,child,,21,18_29,adult,home_work,home_regular,normal_comfort,rigid,usually_joint,no,2,4,manual,age_compatible_role_and_counterbalanced_experimental_member_traits,SYNTHETIC_TYPICAL,SYNTHETIC_TYPICAL
cityrole-0160,m03,3,child,,23,18_59,adult,caregiver,mixed,temp_sensitive,rigid,usually_joint,no,4,5,confirm,age_compatible_role_and_counterbalanced_experimental_member_traits,SYNTHETIC_TYPICAL,SYNTHETIC_TYPICAL
cityrole-0161,m01,1,reference_adult,m03,40,35_59,adult,outside_work,out_regular,temp_sensitive,semi_rigid,usually_decides,no,3,1,auto,age_compatible_role_and_counterbalanced_experimental_member_traits,SYNTHETIC_TYPICAL,SYNTHETIC_TYPICAL
cityrole-0161,m02,2,child,,11,0_17,under18,student,out_regular,temp_tolerant,semi_rigid,usually_joint,yes,3,2,auto,age_compatible_role_and_counterbalanced_experimental_member_traits,SYNTHETIC_TYPICAL,SYNTHETIC_TYPICAL
cityrole-0161,m03,3,spouse,m01,40,0_59,adult,not_working,mixed,normal_comfort,rigid,usually_joint,no,5,3,manual,age_compatible_role_and_counterbalanced_experimental_member_traits,SYNTHETIC_TYPICAL,SYNTHETIC_TYPICAL
cityrole-0162,m01,1,reference_adult,,51,35_59,adult,home_work,home_regular,normal_comfort,flexible,usually_decides,no,5,4,auto,age_compatible_role_and_counterbalanced_experimental_member_traits,SYNTHETIC_TYPICAL,SYNTHETIC_TYPICAL
cityrole-0163,m01,1,reference_adult,,30,20_34,adult,shift,irregular,temp_tolerant,flexible,usually_decides,no,3,2,manual,age_compatible_role_and_counterbalanced_experimental_member_traits,UNKNOWN_IRREGULAR,UNKNOWN_IRREGULAR
cityrole-0164,m01,1,reference_adult,,54,50_59,adult,caregiver,mixed,temp_sensitive,rigid,usually_decides,no,5,5,auto,age_compatible_role_and_counterbalanced_experimental_member_traits,SYNTHETIC_TYPICAL,SYNTHETIC_TYPICAL
cityrole-0164,m02,2,child,,26,18_29,adult,outside_work,out_regular,temp_tolerant,flexible,usually_joint,no,1,1,auto,age_compatible_role_and_counterbalanced_experimental_member_traits,SYNTHETIC_TYPICAL,SYNTHETIC_TYPICAL
cityrole-0164,m03,3,child,,27,18_59,adult,shift,irregular,normal_comfort,flexible,usually_joint,no,3,2,manual,age_compatible_role_and_counterbalanced_experimental_member_traits,UNKNOWN_IRREGULAR,UNKNOWN_IRREGULAR
cityrole-0165,m01,1,reference_adult,m02,62,60_64,older,retired,home_regular,normal_comfort,rigid,usually_decides,no,1,3,manual,age_compatible_role_and_counterbalanced_experimental_member_traits,SYNTHETIC_TYPICAL,SYNTHETIC_TYPICAL
cityrole-0165,m02,2,spouse,m01,60,60_64,older,caregiver,home_regular,temp_sensitive,rigid,usually_joint,no,2,4,confirm,age_compatible_role_and_counterbalanced_experimental_member_traits,SYNTHETIC_TYPICAL,SYNTHETIC_TYPICAL
cityrole-0166,m01,1,reference_adult,,20,20_34,adult,outside_work,out_regular,temp_tolerant,semi_rigid,usually_decides,no,2,1,manual,age_compatible_role_and_counterbalanced_experimental_member_traits,SYNTHETIC_TYPICAL,SYNTHETIC_TYPICAL
cityrole-0167,m01,1,reference_adult,m03,37,35_59,adult,home_work,home_regular,temp_sensitive,semi_rigid,usually_decides,no,2,4,confirm,age_compatible_role_and_counterbalanced_experimental_member_traits,SYNTHETIC_TYPICAL,SYNTHETIC_TYPICAL
cityrole-0167,m02,2,child,,5,0_17,under18,preschool,home_regular,temp_tolerant,semi_rigid,usually_joint,yes,4,5,auto,age_compatible_role_and_counterbalanced_experimental_member_traits,SYNTHETIC_TYPICAL,SYNTHETIC_TYPICAL
cityrole-0167,m03,3,spouse,m01,41,0_59,adult,outside_work,out_regular,normal_comfort,rigid,usually_joint,no,1,1,manual,age_compatible_role_and_counterbalanced_experimental_member_traits,SYNTHETIC_TYPICAL,SYNTHETIC_TYPICAL
cityrole-0167,m04,4,child,,8,0_59,under18,student,out_regular,temp_sensitive,rigid,usually_joint,yes,3,2,confirm,age_compatible_role_and_counterbalanced_experimental_member_traits,SYNTHETIC_TYPICAL,SYNTHETIC_TYPICAL
cityrole-0168,m01,1,parent_of_reference_adult,,59,50_59,adult,shift,irregular,normal_comfort,flexible,usually_decides,no,4,2,auto,age_compatible_role_and_counterbalanced_experimental_member_traits,UNKNOWN_IRREGULAR,UNKNOWN_IRREGULAR
cityrole-0168,m02,2,reference_adult,m04,37,30_49,adult,not_working,mixed,temp_sensitive,semi_rigid,usually_joint,no,5,3,confirm,age_compatible_role_and_counterbalanced_experimental_member_traits,SYNTHETIC_TYPICAL,SYNTHETIC_TYPICAL
cityrole-0168,m03,3,child,,18,18_29,adult,home_work,home_regular,temp_tolerant,semi_rigid,usually_joint,no,2,4,auto,age_compatible_role_and_counterbalanced_experimental_member_traits,SYNTHETIC_TYPICAL,SYNTHETIC_TYPICAL
cityrole-0168,m04,4,spouse,m02,38,30_49,adult,caregiver,mixed,normal_comfort,rigid,usually_joint,no,4,5,manual,age_compatible_role_and_counterbalanced_experimental_member_traits,SYNTHETIC_TYPICAL,SYNTHETIC_TYPICAL
cityrole-0169,m01,1,reference_adult,,47,35_59,adult,caregiver,mixed,temp_tolerant,flexible,usually_decides,no,4,5,confirm,age_compatible_role_and_counterbalanced_experimental_member_traits,SYNTHETIC_TYPICAL,SYNTHETIC_TYPICAL
cityrole-0170,m01,1,reference_adult,m02,42,20_59,adult,not_working,mixed,temp_sensitive,rigid,usually_decides,no,4,3,confirm,age_compatible_role_and_counterbalanced_experimental_member_traits,SYNTHETIC_TYPICAL,SYNTHETIC_TYPICAL
cityrole-0170,m02,2,spouse,m01,43,20_59,adult,home_work,home_regular,temp_tolerant,flexible,usually_joint,no,2,4,auto,age_compatible_role_and_counterbalanced_experimental_member_traits,SYNTHETIC_TYPICAL,SYNTHETIC_TYPICAL
cityrole-0171,m01,1,reference_adult,,52,35_59,adult,outside_work,out_regular,normal_comfort,rigid,usually_decides,no,1,1,auto,age_compatible_role_and_counterbalanced_experimental_member_traits,SYNTHETIC_TYPICAL,SYNTHETIC_TYPICAL
cityrole-0172,m01,1,parent_of_reference_adult,,58,50_59,adult,home_work,home_regular,temp_tolerant,semi_rigid,usually_decides,no,3,4,manual,age_compatible_role_and_counterbalanced_experimental_member_traits,SYNTHETIC_TYPICAL,SYNTHETIC_TYPICAL
cityrole-0172,m02,2,reference_adult,m04,39,30_49,adult,caregiver,mixed,normal_comfort,rigid,usually_joint,no,4,5,manual,age_compatible_role_and_counterbalanced_experimental_member_traits,SYNTHETIC_TYPICAL,SYNTHETIC_TYPICAL
cityrole-0172,m03,3,child,,19,18_29,adult,outside_work,out_regular,temp_sensitive,rigid,usually_joint,no,1,1,confirm,age_compatible_role_and_counterbalanced_experimental_member_traits,SYNTHETIC_TYPICAL,SYNTHETIC_TYPICAL
cityrole-0172,m04,4,spouse,m02,39,30_49,adult,shift,irregular,temp_tolerant,flexible,usually_joint,no,3,2,auto,age_compatible_role_and_counterbalanced_experimental_member_traits,UNKNOWN_IRREGULAR,UNKNOWN_IRREGULAR
cityrole-0172,m05,5,child,,15,0_17,under18,student,out_regular,normal_comfort,flexible,usually_joint,yes,5,3,manual,age_compatible_role_and_counterbalanced_experimental_member_traits,SYNTHETIC_TYPICAL,SYNTHETIC_TYPICAL
cityrole-0172,m06,6,sibling,,40,30_49,adult,home_work,home_regular,temp_sensitive,semi_rigid,usually_joint,no,2,4,confirm,age_compatible_role_and_counterbalanced_experimental_member_traits,SYNTHETIC_TYPICAL,SYNTHETIC_TYPICAL
cityrole-0172,m07,7,child,,17,0_17,under18,student,out_regular,temp_tolerant,semi_rigid,usually_joint,yes,4,5,auto,age_compatible_role_and_counterbalanced_experimental_member_traits,SYNTHETIC_TYPICAL,SYNTHETIC_TYPICAL
cityrole-0173,m01,1,reference_adult,,66,65_79,older,retired,home_regular,temp_sensitive,semi_rigid,usually_decides,no,1,2,auto,age_compatible_role_and_counterbalanced_experimental_member_traits,SYNTHETIC_TYPICAL,SYNTHETIC_TYPICAL
cityrole-0173,m02,2,child,m04,37,20_59,adult,not_working,mixed,temp_tolerant,semi_rigid,usually_joint,no,5,3,auto,age_compatible_role_and_counterbalanced_experimental_member_traits,SYNTHETIC_TYPICAL,SYNTHETIC_TYPICAL
cityrole-0173,m03,3,child,,40,20_59,adult,home_work,home_regular,normal_comfort,rigid,usually_joint,no,2,4,manual,age_compatible_role_and_counterbalanced_experimental_member_traits,SYNTHETIC_TYPICAL,SYNTHETIC_TYPICAL
cityrole-0173,m04,4,spouse_of_child,m02,34,20_59,adult,caregiver,mixed,temp_sensitive,rigid,usually_joint,no,4,5,confirm,age_compatible_role_and_counterbalanced_experimental_member_traits,SYNTHETIC_TYPICAL,SYNTHETIC_TYPICAL
cityrole-0174,m01,1,reference_adult,,54,50_59,adult,caregiver,mixed,normal_comfort,flexible,usually_decides,no,1,5,manual,age_compatible_role_and_counterbalanced_experimental_member_traits,SYNTHETIC_TYPICAL,SYNTHETIC_TYPICAL
cityrole-0174,m02,2,child,,22,18_29,adult,outside_work,out_regular,temp_sensitive,semi_rigid,usually_joint,no,1,1,confirm,age_compatible_role_and_counterbalanced_experimental_member_traits,SYNTHETIC_TYPICAL,SYNTHETIC_TYPICAL
cityrole-0175,m01,1,reference_adult,,70,65_79,older,outside_work,out_regular,temp_tolerant,flexible,usually_decides,no,5,3,manual,age_compatible_role_and_counterbalanced_experimental_member_traits,SYNTHETIC_TYPICAL,SYNTHETIC_TYPICAL
cityrole-0176,m01,1,reference_adult,,57,50_59,adult,outside_work,out_regular,temp_sensitive,rigid,usually_decides,no,4,1,auto,age_compatible_role_and_counterbalanced_experimental_member_traits,SYNTHETIC_TYPICAL,SYNTHETIC_TYPICAL
cityrole-0176,m02,2,child,m04,25,18_29,adult,shift,irregular,temp_tolerant,flexible,usually_joint,no,3,2,auto,age_compatible_role_and_counterbalanced_experimental_member_traits,UNKNOWN_IRREGULAR,UNKNOWN_IRREGULAR
cityrole-0176,m03,3,child,,22,18_59,adult,not_working,mixed,normal_comfort,flexible,usually_joint,no,5,3,manual,age_compatible_role_and_counterbalanced_experimental_member_traits,SYNTHETIC_TYPICAL,SYNTHETIC_TYPICAL
cityrole-0176,m04,4,spouse_of_child,m02,25,18_59,adult,home_work,home_regular,temp_sensitive,semi_rigid,usually_joint,no,2,4,confirm,age_compatible_role_and_counterbalanced_experimental_member_traits,SYNTHETIC_TYPICAL,SYNTHETIC_TYPICAL
cityrole-0177,m01,1,parent_of_reference_adult,,72,65_79,older,retired,home_regular,normal_comfort,rigid,usually_decides,no,4,4,auto,age_compatible_role_and_counterbalanced_experimental_member_traits,SYNTHETIC_TYPICAL,SYNTHETIC_TYPICAL
cityrole-0177,m02,2,reference_adult,m05,35,30_49,adult,caregiver,mixed,temp_sensitive,rigid,usually_joint,no,4,5,confirm,age_compatible_role_and_counterbalanced_experimental_member_traits,SYNTHETIC_TYPICAL,SYNTHETIC_TYPICAL
cityrole-0177,m03,3,child,,11,0_17,under18,student,out_regular,temp_tolerant,flexible,usually_joint,yes,1,1,auto,age_compatible_role_and_counterbalanced_experimental_member_traits,SYNTHETIC_TYPICAL,SYNTHETIC_TYPICAL
cityrole-0177,m04,4,child,,10,0_17,under18,student,out_regular,normal_comfort,flexible,usually_joint,yes,3,2,manual,age_compatible_role_and_counterbalanced_experimental_member_traits,SYNTHETIC_TYPICAL,SYNTHETIC_TYPICAL
cityrole-0177,m05,5,spouse,m02,39,30_49,adult,not_working,mixed,temp_sensitive,semi_rigid,usually_joint,no,5,3,confirm,age_compatible_role_and_counterbalanced_experimental_member_traits,SYNTHETIC_TYPICAL,SYNTHETIC_TYPICAL
cityrole-0177,m06,6,child,,8,0_17,under18,student,out_regular,temp_tolerant,semi_rigid,usually_joint,yes,2,4,auto,age_compatible_role_and_counterbalanced_experimental_member_traits,SYNTHETIC_TYPICAL,SYNTHETIC_TYPICAL
cityrole-0178,m01,1,reference_adult,,52,50_59,adult,shift,irregular,temp_tolerant,semi_rigid,usually_decides,no,2,2,manual,age_compatible_role_and_counterbalanced_experimental_member_traits,UNKNOWN_IRREGULAR,UNKNOWN_IRREGULAR
cityrole-0178,m02,2,child,m04,26,18_29,adult,not_working,mixed,normal_comfort,rigid,usually_joint,no,5,3,manual,age_compatible_role_and_counterbalanced_experimental_member_traits,SYNTHETIC_TYPICAL,SYNTHETIC_TYPICAL
cityrole-0178,m03,3,child,,30,18_59,adult,home_work,home_regular,temp_sensitive,rigid,usually_joint,no,2,4,confirm,age_compatible_role_and_counterbalanced_experimental_member_traits,SYNTHETIC_TYPICAL,SYNTHETIC_TYPICAL
cityrole-0178,m04,4,spouse_of_child,m02,28,18_59,adult,caregiver,mixed,temp_tolerant,flexible,usually_joint,no,4,5,auto,age_compatible_role_and_counterbalanced_experimental_member_traits,SYNTHETIC_TYPICAL,SYNTHETIC_TYPICAL
cityrole-0179,m01,1,reference_adult,m03,49,35_59,adult,caregiver,mixed,temp_sensitive,semi_rigid,usually_decides,yes,2,5,auto,age_compatible_role_and_counterbalanced_experimental_member_traits,SYNTHETIC_TYPICAL,SYNTHETIC_TYPICAL
cityrole-0179,m02,2,child,,7,0_17,under18,student,out_regular,temp_tolerant,semi_rigid,usually_joint,yes,1,1,auto,age_compatible_role_and_counterbalanced_experimental_member_traits,SYNTHETIC_TYPICAL,SYNTHETIC_TYPICAL
cityrole-0179,m03,3,spouse,m01,49,0_59,adult,shift,irregular,normal_comfort,rigid,usually_joint,no,3,2,manual,age_compatible_role_and_counterbalanced_experimental_member_traits,UNKNOWN_IRREGULAR,UNKNOWN_IRREGULAR
cityrole-0180,m01,1,reference_adult,,57,50_59,adult,not_working,mixed,normal_comfort,flexible,usually_decides,no,4,3,manual,age_compatible_role_and_counterbalanced_experimental_member_traits,SYNTHETIC_TYPICAL,SYNTHETIC_TYPICAL
cityrole-0180,m02,2,child,,20,18_29,adult,home_work,home_regular,temp_sensitive,semi_rigid,usually_joint,no,2,4,confirm,age_compatible_role_and_counterbalanced_experimental_member_traits,SYNTHETIC_TYPICAL,SYNTHETIC_TYPICAL
cityrole-0180,m03,3,child,,20,18_59,adult,caregiver,mixed,temp_tolerant,semi_rigid,usually_joint,no,4,5,auto,age_compatible_role_and_counterbalanced_experimental_member_traits,SYNTHETIC_TYPICAL,SYNTHETIC_TYPICAL
cityrole-0181,m01,1,reference_adult,,49,35_59,adult,outside_work,out_regular,temp_tolerant,flexible,usually_decides,no,5,1,manual,age_compatible_role_and_counterbalanced_experimental_member_traits,SYNTHETIC_TYPICAL,SYNTHETIC_TYPICAL
cityrole-0182,m01,1,reference_adult,m02,63,60_64,older,caregiver,home_regular,temp_sensitive,rigid,usually_decides,no,3,4,auto,age_compatible_role_and_counterbalanced_experimental_member_traits,SYNTHETIC_TYPICAL,SYNTHETIC_TYPICAL
cityrole-0182,m02,2,spouse,m01,64,60_64,older,outside_work,out_regular,temp_tolerant,flexible,usually_joint,no,4,5,auto,age_compatible_role_and_counterbalanced_experimental_member_traits,SYNTHETIC_TYPICAL,SYNTHETIC_TYPICAL
cityrole-0183,m01,1,reference_adult,,27,20_34,adult,shift,irregular,normal_comfort,rigid,usually_decides,no,5,2,manual,age_compatible_role_and_counterbalanced_experimental_member_traits,UNKNOWN_IRREGULAR,UNKNOWN_IRREGULAR
cityrole-0184,m01,1,reference_adult,,81,80_plus,older,retired,home_regular,temp_tolerant,semi_rigid,usually_decides,no,1,5,confirm,age_compatible_role_and_counterbalanced_experimental_member_traits,SYNTHETIC_TYPICAL,SYNTHETIC_TYPICAL
cityrole-0184,m02,2,child,m04,56,20_59,adult,outside_work,out_regular,normal_comfort,rigid,usually_joint,no,1,1,manual,age_compatible_role_and_counterbalanced_experimental_member_traits,SYNTHETIC_TYPICAL,SYNTHETIC_TYPICAL
cityrole-0184,m03,3,child,,59,20_59,adult,shift,irregular,temp_sensitive,rigid,usually_joint,no,3,2,confirm,age_compatible_role_and_counterbalanced_experimental_member_traits,UNKNOWN_IRREGULAR,UNKNOWN_IRREGULAR
cityrole-0184,m04,4,spouse_of_child,m02,56,20_59,adult,not_working,mixed,temp_tolerant,flexible,usually_joint,no,5,3,auto,age_compatible_role_and_counterbalanced_experimental_member_traits,SYNTHETIC_TYPICAL,SYNTHETIC_TYPICAL
cityrole-0185,m01,1,parent_of_reference_adult,,53,50_59,adult,not_working,mixed,temp_sensitive,semi_rigid,usually_decides,no,5,3,confirm,age_compatible_role_and_counterbalanced_experimental_member_traits,SYNTHETIC_TYPICAL,SYNTHETIC_TYPICAL
cityrole-0185,m02,2,reference_adult,m05,35,30_49,adult,home_work,home_regular,temp_tolerant,semi_rigid,usually_joint,no,2,4,auto,age_compatible_role_and_counterbalanced_experimental_member_traits,SYNTHETIC_TYPICAL,SYNTHETIC_TYPICAL
cityrole-0185,m03,3,child,,8,0_17,under18,student,out_regular,normal_comfort,rigid,usually_joint,yes,4,5,manual,age_compatible_role_and_counterbalanced_experimental_member_traits,SYNTHETIC_TYPICAL,SYNTHETIC_TYPICAL
cityrole-0185,m04,4,child,,8,0_17,under18,student,out_regular,temp_sensitive,rigid,usually_joint,yes,1,1,confirm,age_compatible_role_and_counterbalanced_experimental_member_traits,SYNTHETIC_TYPICAL,SYNTHETIC_TYPICAL
cityrole-0185,m05,5,spouse,m02,39,30_49,adult,shift,irregular,temp_tolerant,flexible,usually_joint,no,3,2,auto,age_compatible_role_and_counterbalanced_experimental_member_traits,UNKNOWN_IRREGULAR,UNKNOWN_IRREGULAR
cityrole-0186,m01,1,reference_adult,,24,20_34,adult,outside_work,out_regular,normal_comfort,flexible,usually_decides,no,2,1,confirm,age_compatible_role_and_counterbalanced_experimental_member_traits,SYNTHETIC_TYPICAL,SYNTHETIC_TYPICAL
cityrole-0187,m01,1,parent_of_reference_adult,,74,65_79,older,outside_work,out_regular,temp_tolerant,flexible,usually_decides,no,2,4,manual,age_compatible_role_and_counterbalanced_experimental_member_traits,SYNTHETIC_TYPICAL,SYNTHETIC_TYPICAL
cityrole-0187,m02,2,reference_adult,m05,35,30_49,adult,caregiver,mixed,normal_comfort,flexible,usually_joint,no,4,5,manual,age_compatible_role_and_counterbalanced_experimental_member_traits,SYNTHETIC_TYPICAL,SYNTHETIC_TYPICAL
cityrole-0187,m03,3,child,,9,0_17,under18,student,out_regular,temp_sensitive,semi_rigid,usually_joint,yes,1,1,confirm,age_compatible_role_and_counterbalanced_experimental_member_traits,SYNTHETIC_TYPICAL,SYNTHETIC_TYPICAL
cityrole-0187,m04,4,child,,5,0_17,under18,preschool,home_regular,temp_tolerant,semi_rigid,usually_joint,yes,3,2,auto,age_compatible_role_and_counterbalanced_experimental_member_traits,SYNTHETIC_TYPICAL,SYNTHETIC_TYPICAL
cityrole-0187,m05,5,spouse,m02,38,30_49,adult,not_working,mixed,normal_comfort,rigid,usually_joint,no,5,3,manual,age_compatible_role_and_counterbalanced_experimental_member_traits,SYNTHETIC_TYPICAL,SYNTHETIC_TYPICAL
cityrole-0187,m06,6,child,,7,0_17,under18,student,out_regular,temp_sensitive,rigid,usually_joint,yes,2,4,confirm,age_compatible_role_and_counterbalanced_experimental_member_traits,SYNTHETIC_TYPICAL,SYNTHETIC_TYPICAL
cityrole-0188,m01,1,reference_adult,,75,65_79,older,home_work,mixed,temp_sensitive,rigid,usually_decides,no,2,2,confirm,age_compatible_role_and_counterbalanced_experimental_member_traits,SYNTHETIC_TYPICAL,SYNTHETIC_TYPICAL
cityrole-0188,m02,2,child,m04,50,20_59,adult,not_working,mixed,temp_tolerant,flexible,usually_joint,no,5,3,auto,age_compatible_role_and_counterbalanced_experimental_member_traits,SYNTHETIC_TYPICAL,SYNTHETIC_TYPICAL
cityrole-0188,m03,3,child,,50,20_59,adult,home_work,home_regular,normal_comfort,flexible,usually_joint,no,2,4,manual,age_compatible_role_and_counterbalanced_experimental_member_traits,SYNTHETIC_TYPICAL,SYNTHETIC_TYPICAL
cityrole-0188,m04,4,spouse_of_child,m02,48,20_59,adult,caregiver,mixed,temp_sensitive,semi_rigid,usually_joint,no,4,5,confirm,age_compatible_role_and_counterbalanced_experimental_member_traits,SYNTHETIC_TYPICAL,SYNTHETIC_TYPICAL
cityrole-0189,m01,1,reference_adult,m03,44,35_59,adult,caregiver,mixed,normal_comfort,rigid,usually_decides,yes,4,5,confirm,age_compatible_role_and_counterbalanced_experimental_member_traits,SYNTHETIC_TYPICAL,SYNTHETIC_TYPICAL
cityrole-0189,m02,2,child,,9,0_17,under18,student,out_regular,temp_sensitive,rigid,usually_joint,yes,1,1,confirm,age_compatible_role_and_counterbalanced_experimental_member_traits,SYNTHETIC_TYPICAL,SYNTHETIC_TYPICAL
cityrole-0189,m03,3,spouse,m01,40,0_59,adult,shift,irregular,temp_tolerant,flexible,usually_joint,no,3,2,auto,age_compatible_role_and_counterbalanced_experimental_member_traits,UNKNOWN_IRREGULAR,UNKNOWN_IRREGULAR
cityrole-0190,m01,1,reference_adult,,33,20_34,adult,not_working,mixed,temp_tolerant,semi_rigid,usually_decides,no,2,3,confirm,age_compatible_role_and_counterbalanced_experimental_member_traits,SYNTHETIC_TYPICAL,SYNTHETIC_TYPICAL
cityrole-0191,m01,1,reference_adult,m03,43,35_59,adult,outside_work,out_regular,temp_sensitive,semi_rigid,usually_decides,no,5,1,auto,age_compatible_role_and_counterbalanced_experimental_member_traits,SYNTHETIC_TYPICAL,SYNTHETIC_TYPICAL
cityrole-0191,m02,2,child,,16,0_17,under18,student,out_regular,temp_tolerant,semi_rigid,usually_joint,yes,3,2,auto,age_compatible_role_and_counterbalanced_experimental_member_traits,SYNTHETIC_TYPICAL,SYNTHETIC_TYPICAL
cityrole-0191,m03,3,spouse,m01,44,0_59,adult,not_working,mixed,normal_comfort,rigid,usually_joint,no,5,3,manual,age_compatible_role_and_counterbalanced_experimental_member_traits,SYNTHETIC_TYPICAL,SYNTHETIC_TYPICAL
cityrole-0192,m01,1,reference_adult,,44,35_59,adult,home_work,home_regular,normal_comfort,flexible,usually_decides,no,5,4,manual,age_compatible_role_and_counterbalanced_experimental_member_traits,SYNTHETIC_TYPICAL,SYNTHETIC_TYPICAL
cityrole-0193,m01,1,parent_of_reference_adult,,54,50_59,adult,shift,irregular,temp_tolerant,flexible,usually_decides,no,3,2,confirm,age_compatible_role_and_counterbalanced_experimental_member_traits,UNKNOWN_IRREGULAR,UNKNOWN_IRREGULAR
cityrole-0193,m02,2,reference_adult,,34,30_49,adult,not_working,mixed,normal_comfort,flexible,usually_joint,no,5,3,manual,age_compatible_role_and_counterbalanced_experimental_member_traits,SYNTHETIC_TYPICAL,SYNTHETIC_TYPICAL
cityrole-0193,m03,3,child,,9,0_17,under18,student,out_regular,temp_sensitive,semi_rigid,usually_joint,yes,2,4,confirm,age_compatible_role_and_counterbalanced_experimental_member_traits,SYNTHETIC_TYPICAL,SYNTHETIC_TYPICAL
cityrole-0193,m04,4,child,,8,0_17,under18,student,out_regular,temp_tolerant,semi_rigid,usually_joint,yes,4,5,auto,age_compatible_role_and_counterbalanced_experimental_member_traits,SYNTHETIC_TYPICAL,SYNTHETIC_TYPICAL
cityrole-0194,m01,1,reference_adult,,66,65_79,older,caregiver,home_regular,temp_sensitive,rigid,usually_decides,no,3,5,confirm,age_compatible_role_and_counterbalanced_experimental_member_traits,SYNTHETIC_TYPICAL,SYNTHETIC_TYPICAL
cityrole-0195,m01,1,reference_adult,,62,60_64,older,outside_work,out_regular,normal_comfort,rigid,usually_decides,no,1,3,confirm,age_compatible_role_and_counterbalanced_experimental_member_traits,SYNTHETIC_TYPICAL,SYNTHETIC_TYPICAL
cityrole-0195,m02,2,child,m04,36,20_59,adult,home_work,home_regular,temp_sensitive,rigid,usually_joint,no,2,4,confirm,age_compatible_role_and_counterbalanced_experimental_member_traits,SYNTHETIC_TYPICAL,SYNTHETIC_TYPICAL
cityrole-0195,m03,3,child,,34,20_59,adult,caregiver,mixed,temp_tolerant,flexible,usually_joint,no,4,5,auto,age_compatible_role_and_counterbalanced_experimental_member_traits,SYNTHETIC_TYPICAL,SYNTHETIC_TYPICAL
cityrole-0195,m04,4,spouse_of_child,m02,37,20_59,adult,outside_work,out_regular,normal_comfort,flexible,usually_joint,no,1,1,manual,age_compatible_role_and_counterbalanced_experimental_member_traits,SYNTHETIC_TYPICAL,SYNTHETIC_TYPICAL
cityrole-0196,m01,1,reference_adult,,57,50_59,adult,outside_work,out_regular,temp_tolerant,semi_rigid,usually_decides,no,4,1,auto,age_compatible_role_and_counterbalanced_experimental_member_traits,SYNTHETIC_TYPICAL,SYNTHETIC_TYPICAL
cityrole-0196,m02,2,child,m04,22,18_29,adult,shift,irregular,normal_comfort,rigid,usually_joint,no,3,2,manual,age_compatible_role_and_counterbalanced_experimental_member_traits,UNKNOWN_IRREGULAR,UNKNOWN_IRREGULAR
cityrole-0196,m03,3,child,,24,18_59,adult,not_working,mixed,temp_sensitive,rigid,usually_joint,no,5,3,confirm,age_compatible_role_and_counterbalanced_experimental_member_traits,SYNTHETIC_TYPICAL,SYNTHETIC_TYPICAL
cityrole-0196,m04,4,spouse_of_child,m02,20,18_59,adult,home_work,home_regular,temp_tolerant,flexible,usually_joint,no,2,4,auto,age_compatible_role_and_counterbalanced_experimental_member_traits,SYNTHETIC_TYPICAL,SYNTHETIC_TYPICAL
cityrole-0197,m01,1,reference_adult,m02,30,20_59,adult,home_work,home_regular,temp_sensitive,semi_rigid,usually_decides,no,2,4,confirm,age_compatible_role_and_counterbalanced_experimental_member_traits,SYNTHETIC_TYPICAL,SYNTHETIC_TYPICAL
cityrole-0197,m02,2,spouse,m01,29,20_59,adult,caregiver,mixed,temp_tolerant,semi_rigid,usually_joint,no,4,5,auto,age_compatible_role_and_counterbalanced_experimental_member_traits,SYNTHETIC_TYPICAL,SYNTHETIC_TYPICAL
cityrole-0198,m01,1,parent_of_reference_adult,,59,50_59,adult,shift,irregular,normal_comfort,flexible,usually_decides,no,4,2,manual,age_compatible_role_and_counterbalanced_experimental_member_traits,UNKNOWN_IRREGULAR,UNKNOWN_IRREGULAR
cityrole-0198,m02,2,reference_adult,m04,40,30_49,adult,not_working,mixed,temp_sensitive,semi_rigid,usually_joint,no,5,3,confirm,age_compatible_role_and_counterbalanced_experimental_member_traits,SYNTHETIC_TYPICAL,SYNTHETIC_TYPICAL
cityrole-0198,m03,3,child,,19,18_29,adult,home_work,home_regular,temp_tolerant,semi_rigid,usually_joint,no,2,4,auto,age_compatible_role_and_counterbalanced_experimental_member_traits,SYNTHETIC_TYPICAL,SYNTHETIC_TYPICAL
cityrole-0198,m04,4,spouse,m02,43,30_49,adult,caregiver,mixed,normal_comfort,rigid,usually_joint,no,4,5,manual,age_compatible_role_and_counterbalanced_experimental_member_traits,SYNTHETIC_TYPICAL,SYNTHETIC_TYPICAL
cityrole-0198,m05,5,child,,16,0_17,under18,student,out_regular,temp_sensitive,rigid,usually_joint,yes,1,1,confirm,age_compatible_role_and_counterbalanced_experimental_member_traits,SYNTHETIC_TYPICAL,SYNTHETIC_TYPICAL
cityrole-0199,m01,1,reference_adult,m03,40,35_59,adult,caregiver,mixed,temp_tolerant,flexible,usually_decides,yes,2,5,auto,age_compatible_role_and_counterbalanced_experimental_member_traits,SYNTHETIC_TYPICAL,SYNTHETIC_TYPICAL
cityrole-0199,m02,2,child,,14,0_17,under18,student,out_regular,normal_comfort,flexible,usually_joint,yes,1,1,manual,age_compatible_role_and_counterbalanced_experimental_member_traits,SYNTHETIC_TYPICAL,SYNTHETIC_TYPICAL
cityrole-0199,m03,3,spouse,m01,40,0_59,adult,shift,irregular,temp_sensitive,semi_rigid,usually_joint,no,3,2,confirm,age_compatible_role_and_counterbalanced_experimental_member_traits,UNKNOWN_IRREGULAR,UNKNOWN_IRREGULAR
cityrole-0200,m01,1,reference_adult,,70,65_79,older,home_work,mixed,temp_sensitive,rigid,usually_decides,no,3,3,confirm,age_compatible_role_and_counterbalanced_experimental_member_traits,SYNTHETIC_TYPICAL,SYNTHETIC_TYPICAL
cityrole-0200,m02,2,child,,40,20_59,adult,home_work,home_regular,temp_tolerant,flexible,usually_joint,no,2,4,auto,age_compatible_role_and_counterbalanced_experimental_member_traits,SYNTHETIC_TYPICAL,SYNTHETIC_TYPICAL
cityrole-0200,m03,3,child,,41,20_59,adult,caregiver,mixed,normal_comfort,flexible,usually_joint,no,4,5,manual,age_compatible_role_and_counterbalanced_experimental_member_traits,SYNTHETIC_TYPICAL,SYNTHETIC_TYPICAL
cityrole-0201,m01,1,reference_adult,m03,48,35_59,adult,outside_work,out_regular,normal_comfort,rigid,usually_decides,no,5,1,confirm,age_compatible_role_and_counterbalanced_experimental_member_traits,SYNTHETIC_TYPICAL,SYNTHETIC_TYPICAL
cityrole-0201,m02,2,child,,17,0_17,under18,student,out_regular,temp_sensitive,rigid,usually_joint,yes,3,2,confirm,age_compatible_role_and_counterbalanced_experimental_member_traits,SYNTHETIC_TYPICAL,SYNTHETIC_TYPICAL
cityrole-0201,m03,3,spouse,m01,52,0_59,adult,not_working,mixed,temp_tolerant,flexible,usually_joint,no,5,3,auto,age_compatible_role_and_counterbalanced_experimental_member_traits,SYNTHETIC_TYPICAL,SYNTHETIC_TYPICAL
cityrole-0202,m01,1,reference_adult,m02,29,20_59,adult,home_work,home_regular,temp_tolerant,semi_rigid,usually_decides,no,1,4,confirm,age_compatible_role_and_counterbalanced_experimental_member_traits,SYNTHETIC_TYPICAL,SYNTHETIC_TYPICAL
cityrole-0202,m02,2,spouse,m01,29,20_59,adult,caregiver,mixed,normal_comfort,rigid,usually_joint,no,4,5,manual,age_compatible_role_and_counterbalanced_experimental_member_traits,SYNTHETIC_TYPICAL,SYNTHETIC_TYPICAL
cityrole-0203,m01,1,reference_adult,m03,42,35_59,adult,shift,irregular,temp_sensitive,semi_rigid,usually_decides,no,1,2,manual,age_compatible_role_and_counterbalanced_experimental_member_traits,UNKNOWN_IRREGULAR,UNKNOWN_IRREGULAR
cityrole-0203,m02,2,child,,10,0_17,under18,student,out_regular,temp_tolerant,semi_rigid,usually_joint,yes,5,3,auto,age_compatible_role_and_counterbalanced_experimental_member_traits,SYNTHETIC_TYPICAL,SYNTHETIC_TYPICAL
cityrole-0203,m03,3,spouse,m01,38,0_59,adult,home_work,home_regular,normal_comfort,rigid,usually_joint,no,2,4,manual,age_compatible_role_and_counterbalanced_experimental_member_traits,SYNTHETIC_TYPICAL,SYNTHETIC_TYPICAL
cityrole-0204,m01,1,reference_adult,,41,35_59,adult,caregiver,mixed,normal_comfort,flexible,usually_decides,no,3,5,manual,age_compatible_role_and_counterbalanced_experimental_member_traits,SYNTHETIC_TYPICAL,SYNTHETIC_TYPICAL
cityrole-0205,m01,1,reference_adult,m03,42,35_59,adult,not_working,mixed,temp_tolerant,flexible,usually_decides,no,1,3,confirm,age_compatible_role_and_counterbalanced_experimental_member_traits,SYNTHETIC_TYPICAL,SYNTHETIC_TYPICAL
cityrole-0205,m02,2,child,,12,0_17,under18,student,out_regular,normal_comfort,flexible,usually_joint,yes,2,4,manual,age_compatible_role_and_counterbalanced_experimental_member_traits,SYNTHETIC_TYPICAL,SYNTHETIC_TYPICAL
cityrole-0205,m03,3,spouse,m01,39,0_59,adult,caregiver,mixed,temp_sensitive,semi_rigid,usually_joint,no,4,5,confirm,age_compatible_role_and_counterbalanced_experimental_member_traits,SYNTHETIC_TYPICAL,SYNTHETIC_TYPICAL
cityrole-0206,m01,1,reference_adult,,51,50_59,adult,outside_work,out_regular,temp_sensitive,rigid,usually_decides,no,4,1,auto,age_compatible_role_and_counterbalanced_experimental_member_traits,SYNTHETIC_TYPICAL,SYNTHETIC_TYPICAL
cityrole-0206,m02,2,child,,23,18_29,adult,shift,irregular,temp_tolerant,flexible,usually_joint,no,3,2,auto,age_compatible_role_and_counterbalanced_experimental_member_traits,UNKNOWN_IRREGULAR,UNKNOWN_IRREGULAR
cityrole-0207,m01,1,reference_adult,m03,40,35_59,adult,home_work,home_regular,normal_comfort,rigid,usually_decides,no,4,4,auto,age_compatible_role_and_counterbalanced_experimental_member_traits,SYNTHETIC_TYPICAL,SYNTHETIC_TYPICAL
cityrole-0207,m02,2,child,,5,0_17,under18,preschool,home_regular,temp_sensitive,rigid,usually_joint,yes,4,5,confirm,age_compatible_role_and_counterbalanced_experimental_member_traits,SYNTHETIC_TYPICAL,SYNTHETIC_TYPICAL
cityrole-0207,m03,3,spouse,m01,44,0_59,adult,outside_work,out_regular,temp_tolerant,flexible,usually_joint,no,1,1,auto,age_compatible_role_and_counterbalanced_experimental_member_traits,SYNTHETIC_TYPICAL,SYNTHETIC_TYPICAL
cityrole-0208,m01,1,parent_of_reference_adult,,59,50_59,adult,shift,irregular,temp_tolerant,semi_rigid,usually_decides,no,2,2,auto,age_compatible_role_and_counterbalanced_experimental_member_traits,UNKNOWN_IRREGULAR,UNKNOWN_IRREGULAR
cityrole-0208,m02,2,reference_adult,m04,39,30_49,adult,not_working,mixed,normal_comfort,rigid,usually_joint,no,5,3,manual,age_compatible_role_and_counterbalanced_experimental_member_traits,SYNTHETIC_TYPICAL,SYNTHETIC_TYPICAL
cityrole-0208,m03,3,child,,18,18_29,adult,home_work,home_regular,temp_sensitive,rigid,usually_joint,no,2,4,confirm,age_compatible_role_and_counterbalanced_experimental_member_traits,SYNTHETIC_TYPICAL,SYNTHETIC_TYPICAL
cityrole-0208,m04,4,spouse,m02,40,30_49,adult,caregiver,mixed,temp_tolerant,flexible,usually_joint,no,4,5,auto,age_compatible_role_and_counterbalanced_experimental_member_traits,SYNTHETIC_TYPICAL,SYNTHETIC_TYPICAL
cityrole-0209,m01,1,reference_adult,m03,44,35_59,adult,caregiver,mixed,temp_sensitive,semi_rigid,usually_decides,yes,4,5,manual,age_compatible_role_and_counterbalanced_experimental_member_traits,SYNTHETIC_TYPICAL,SYNTHETIC_TYPICAL
cityrole-0209,m02,2,child,,17,0_17,under18,student,out_regular,temp_tolerant,semi_rigid,usually_joint,yes,1,1,auto,age_compatible_role_and_counterbalanced_experimental_member_traits,SYNTHETIC_TYPICAL,SYNTHETIC_TYPICAL
cityrole-0209,m03,3,spouse,m01,46,0_59,adult,shift,irregular,normal_comfort,rigid,usually_joint,no,3,2,manual,age_compatible_role_and_counterbalanced_experimental_member_traits,UNKNOWN_IRREGULAR,UNKNOWN_IRREGULAR
cityrole-0209,m04,4,child,,17,0_59,under18,student,out_regular,temp_sensitive,rigid,usually_joint,yes,5,3,confirm,age_compatible_role_and_counterbalanced_experimental_member_traits,SYNTHETIC_TYPICAL,SYNTHETIC_TYPICAL
cityrole-0210,m01,1,reference_adult,,57,50_59,adult,not_working,mixed,normal_comfort,flexible,usually_decides,no,4,3,manual,age_compatible_role_and_counterbalanced_experimental_member_traits,SYNTHETIC_TYPICAL,SYNTHETIC_TYPICAL
cityrole-0210,m02,2,child,,21,18_29,adult,home_work,home_regular,temp_sensitive,semi_rigid,usually_joint,no,2,4,confirm,age_compatible_role_and_counterbalanced_experimental_member_traits,SYNTHETIC_TYPICAL,SYNTHETIC_TYPICAL
cityrole-0210,m03,3,child,,23,18_59,adult,caregiver,mixed,temp_tolerant,semi_rigid,usually_joint,no,4,5,auto,age_compatible_role_and_counterbalanced_experimental_member_traits,SYNTHETIC_TYPICAL,SYNTHETIC_TYPICAL
cityrole-0211,m01,1,parent_of_reference_adult,,70,65_79,older,outside_work,out_regular,temp_tolerant,flexible,usually_decides,no,5,1,confirm,age_compatible_role_and_counterbalanced_experimental_member_traits,SYNTHETIC_TYPICAL,SYNTHETIC_TYPICAL
cityrole-0211,m02,2,reference_adult,,40,30_49,adult,shift,irregular,normal_comfort,flexible,usually_joint,no,3,2,manual,age_compatible_role_and_counterbalanced_experimental_member_traits,UNKNOWN_IRREGULAR,UNKNOWN_IRREGULAR
cityrole-0211,m03,3,child,,9,0_17,under18,student,out_regular,temp_sensitive,semi_rigid,usually_joint,yes,5,3,confirm,age_compatible_role_and_counterbalanced_experimental_member_traits,SYNTHETIC_TYPICAL,SYNTHETIC_TYPICAL
cityrole-0211,m04,4,child,,4,0_17,under18,preschool,home_regular,temp_tolerant,semi_rigid,usually_joint,yes,2,4,auto,age_compatible_role_and_counterbalanced_experimental_member_traits,SYNTHETIC_TYPICAL,SYNTHETIC_TYPICAL
cityrole-0212,m01,1,reference_adult,,20,20_34,adult,home_work,home_regular,temp_sensitive,rigid,usually_decides,no,1,4,confirm,age_compatible_role_and_counterbalanced_experimental_member_traits,SYNTHETIC_TYPICAL,SYNTHETIC_TYPICAL
cityrole-0213,m01,1,parent_of_reference_adult,,77,65_79,older,retired,home_regular,normal_comfort,rigid,usually_decides,no,5,2,auto,age_compatible_role_and_counterbalanced_experimental_member_traits,SYNTHETIC_TYPICAL,SYNTHETIC_TYPICAL
cityrole-0213,m02,2,reference_adult,m05,35,30_49,adult,not_working,mixed,temp_sensitive,rigid,usually_joint,no,5,3,confirm,age_compatible_role_and_counterbalanced_experimental_member_traits,SYNTHETIC_TYPICAL,SYNTHETIC_TYPICAL
cityrole-0213,m03,3,child,,10,0_17,under18,student,out_regular,temp_tolerant,flexible,usually_joint,yes,2,4,auto,age_compatible_role_and_counterbalanced_experimental_member_traits,SYNTHETIC_TYPICAL,SYNTHETIC_TYPICAL
cityrole-0213,m04,4,child,,5,0_17,under18,preschool,home_regular,normal_comfort,flexible,usually_joint,yes,4,5,manual,age_compatible_role_and_counterbalanced_experimental_member_traits,SYNTHETIC_TYPICAL,SYNTHETIC_TYPICAL
cityrole-0213,m05,5,spouse,m02,33,30_49,adult,outside_work,out_regular,temp_sensitive,semi_rigid,usually_joint,no,1,1,confirm,age_compatible_role_and_counterbalanced_experimental_member_traits,SYNTHETIC_TYPICAL,SYNTHETIC_TYPICAL
cityrole-0214,m01,1,reference_adult,,62,60_64,older,caregiver,home_regular,temp_tolerant,semi_rigid,usually_decides,no,5,5,manual,age_compatible_role_and_counterbalanced_experimental_member_traits,SYNTHETIC_TYPICAL,SYNTHETIC_TYPICAL
cityrole-0214,m02,2,child,,34,20_59,adult,outside_work,out_regular,normal_comfort,rigid,usually_joint,no,1,1,manual,age_compatible_role_and_counterbalanced_experimental_member_traits,SYNTHETIC_TYPICAL,SYNTHETIC_TYPICAL
cityrole-0214,m03,3,child,,34,20_59,adult,shift,irregular,temp_sensitive,rigid,usually_joint,no,3,2,confirm,age_compatible_role_and_counterbalanced_experimental_member_traits,UNKNOWN_IRREGULAR,UNKNOWN_IRREGULAR
cityrole-0215,m01,1,reference_adult,,37,35_59,adult,not_working,mixed,temp_sensitive,semi_rigid,usually_decides,no,5,3,manual,age_compatible_role_and_counterbalanced_experimental_member_traits,SYNTHETIC_TYPICAL,SYNTHETIC_TYPICAL
cityrole-0215,m02,2,child,,8,0_17,under18,student,out_regular,temp_tolerant,semi_rigid,usually_joint,yes,2,4,auto,age_compatible_role_and_counterbalanced_experimental_member_traits,SYNTHETIC_TYPICAL,SYNTHETIC_TYPICAL
cityrole-0216,m01,1,reference_adult,,50,35_59,adult,outside_work,out_regular,normal_comfort,flexible,usually_decides,no,4,1,manual,age_compatible_role_and_counterbalanced_experimental_member_traits,SYNTHETIC_TYPICAL,SYNTHETIC_TYPICAL
cityrole-0217,m01,1,reference_adult,m02,77,65_79,older,retired,home_regular,temp_tolerant,flexible,usually_decides,no,2,4,auto,age_compatible_role_and_counterbalanced_experimental_member_traits,SYNTHETIC_TYPICAL,SYNTHETIC_TYPICAL
cityrole-0217,m02,2,spouse,m01,79,65_79,older,caregiver,home_regular,normal_comfort,flexible,usually_joint,no,4,5,manual,age_compatible_role_and_counterbalanced_experimental_member_traits,SYNTHETIC_TYPICAL,SYNTHETIC_TYPICAL
cityrole-0218,m01,1,reference_adult,,63,60_64,older,caregiver,home_regular,temp_sensitive,rigid,usually_decides,no,4,2,auto,age_compatible_role_and_counterbalanced_experimental_member_traits,SYNTHETIC_TYPICAL,SYNTHETIC_TYPICAL
cityrole-0219,m01,1,reference_adult,,67,65_79,older,outside_work,out_regular,normal_comfort,rigid,usually_decides,no,4,5,confirm,age_compatible_role_and_counterbalanced_experimental_member_traits,SYNTHETIC_TYPICAL,SYNTHETIC_TYPICAL
cityrole-0219,m02,2,child,,34,20_59,adult,outside_work,out_regular,temp_sensitive,rigid,usually_joint,no,1,1,confirm,age_compatible_role_and_counterbalanced_experimental_member_traits,SYNTHETIC_TYPICAL,SYNTHETIC_TYPICAL
cityrole-0219,m03,3,child,,37,20_59,adult,shift,irregular,temp_tolerant,flexible,usually_joint,no,3,2,auto,age_compatible_role_and_counterbalanced_experimental_member_traits,UNKNOWN_IRREGULAR,UNKNOWN_IRREGULAR
cityrole-0220,m01,1,parent_of_reference_adult,,57,50_59,adult,not_working,mixed,temp_tolerant,semi_rigid,usually_decides,no,2,3,manual,age_compatible_role_and_counterbalanced_experimental_member_traits,SYNTHETIC_TYPICAL,SYNTHETIC_TYPICAL
cityrole-0220,m02,2,reference_adult,m04,39,30_49,adult,home_work,home_regular,normal_comfort,rigid,usually_joint,no,2,4,manual,age_compatible_role_and_counterbalanced_experimental_member_traits,SYNTHETIC_TYPICAL,SYNTHETIC_TYPICAL
cityrole-0220,m03,3,child,,19,18_29,adult,caregiver,mixed,temp_sensitive,rigid,usually_joint,no,4,5,confirm,age_compatible_role_and_counterbalanced_experimental_member_traits,SYNTHETIC_TYPICAL,SYNTHETIC_TYPICAL
cityrole-0220,m04,4,spouse,m02,40,30_49,adult,outside_work,out_regular,temp_tolerant,flexible,usually_joint,no,1,1,auto,age_compatible_role_and_counterbalanced_experimental_member_traits,SYNTHETIC_TYPICAL,SYNTHETIC_TYPICAL
cityrole-0220,m05,5,child,,17,0_17,under18,student,out_regular,normal_comfort,flexible,usually_joint,yes,3,2,manual,age_compatible_role_and_counterbalanced_experimental_member_traits,SYNTHETIC_TYPICAL,SYNTHETIC_TYPICAL
cityrole-0221,m01,1,reference_adult,m03,42,35_59,adult,outside_work,out_regular,temp_sensitive,semi_rigid,usually_decides,no,1,1,confirm,age_compatible_role_and_counterbalanced_experimental_member_traits,SYNTHETIC_TYPICAL,SYNTHETIC_TYPICAL
cityrole-0221,m02,2,child,,6,0_17,under18,student,out_regular,temp_tolerant,semi_rigid,usually_joint,yes,3,2,auto,age_compatible_role_and_counterbalanced_experimental_member_traits,SYNTHETIC_TYPICAL,SYNTHETIC_TYPICAL
cityrole-0221,m03,3,spouse,m01,45,0_59,adult,not_working,mixed,normal_comfort,rigid,usually_joint,no,5,3,manual,age_compatible_role_and_counterbalanced_experimental_member_traits,SYNTHETIC_TYPICAL,SYNTHETIC_TYPICAL
cityrole-0222,m01,1,reference_adult,,40,35_59,adult,home_work,home_regular,normal_comfort,flexible,usually_decides,no,1,4,manual,age_compatible_role_and_counterbalanced_experimental_member_traits,SYNTHETIC_TYPICAL,SYNTHETIC_TYPICAL
cityrole-0223,m01,1,reference_adult,,75,65_79,older,outside_work,out_regular,temp_tolerant,flexible,usually_decides,no,1,2,manual,age_compatible_role_and_counterbalanced_experimental_member_traits,SYNTHETIC_TYPICAL,SYNTHETIC_TYPICAL
cityrole-0223,m02,2,child,m04,49,20_59,adult,not_working,mixed,normal_comfort,flexible,usually_joint,no,5,3,manual,age_compatible_role_and_counterbalanced_experimental_member_traits,SYNTHETIC_TYPICAL,SYNTHETIC_TYPICAL
cityrole-0223,m03,3,child,,50,20_59,adult,home_work,home_regular,temp_sensitive,semi_rigid,usually_joint,no,2,4,confirm,age_compatible_role_and_counterbalanced_experimental_member_traits,SYNTHETIC_TYPICAL,SYNTHETIC_TYPICAL
cityrole-0223,m04,4,spouse_of_child,m02,47,20_59,adult,caregiver,mixed,temp_tolerant,semi_rigid,usually_joint,no,4,5,auto,age_compatible_role_and_counterbalanced_experimental_member_traits,SYNTHETIC_TYPICAL,SYNTHETIC_TYPICAL
cityrole-0224,m01,1,parent_of_reference_adult,,78,65_79,older,home_work,mixed,temp_sensitive,rigid,usually_decides,no,5,5,auto,age_compatible_role_and_counterbalanced_experimental_member_traits,SYNTHETIC_TYPICAL,SYNTHETIC_TYPICAL
cityrole-0224,m02,2,reference_adult,m04,38,30_49,adult,outside_work,out_regular,temp_tolerant,flexible,usually_joint,no,1,1,auto,age_compatible_role_and_counterbalanced_experimental_member_traits,SYNTHETIC_TYPICAL,SYNTHETIC_TYPICAL
cityrole-0224,m03,3,child,,18,18_29,adult,shift,irregular,normal_comfort,flexible,usually_joint,no,3,2,manual,age_compatible_role_and_counterbalanced_experimental_member_traits,UNKNOWN_IRREGULAR,UNKNOWN_IRREGULAR
cityrole-0224,m04,4,spouse,m02,36,30_49,adult,not_working,mixed,temp_sensitive,semi_rigid,usually_joint,no,5,3,confirm,age_compatible_role_and_counterbalanced_experimental_member_traits,SYNTHETIC_TYPICAL,SYNTHETIC_TYPICAL
cityrole-0225,m01,1,reference_adult,m02,61,60_64,older,retired,home_regular,normal_comfort,rigid,usually_decides,no,3,3,confirm,age_compatible_role_and_counterbalanced_experimental_member_traits,SYNTHETIC_TYPICAL,SYNTHETIC_TYPICAL
cityrole-0225,m02,2,spouse,m01,60,60_64,older,caregiver,home_regular,temp_sensitive,rigid,usually_joint,no,2,4,confirm,age_compatible_role_and_counterbalanced_experimental_member_traits,SYNTHETIC_TYPICAL,SYNTHETIC_TYPICAL
cityrole-0226,m01,1,reference_adult,,52,50_59,adult,outside_work,out_regular,temp_tolerant,semi_rigid,usually_decides,no,4,1,confirm,age_compatible_role_and_counterbalanced_experimental_member_traits,SYNTHETIC_TYPICAL,SYNTHETIC_TYPICAL
cityrole-0226,m02,2,child,,21,18_29,adult,shift,irregular,normal_comfort,rigid,usually_joint,no,3,2,manual,age_compatible_role_and_counterbalanced_experimental_member_traits,UNKNOWN_IRREGULAR,UNKNOWN_IRREGULAR
cityrole-0227,m01,1,reference_adult,,37,35_59,adult,home_work,home_regular,temp_sensitive,semi_rigid,usually_decides,no,3,4,confirm,age_compatible_role_and_counterbalanced_experimental_member_traits,SYNTHETIC_TYPICAL,SYNTHETIC_TYPICAL
cityrole-0227,m02,2,child,,5,0_17,under18,preschool,home_regular,temp_tolerant,semi_rigid,usually_joint,yes,4,5,auto,age_compatible_role_and_counterbalanced_experimental_member_traits,SYNTHETIC_TYPICAL,SYNTHETIC_TYPICAL
cityrole-0228,m01,1,parent_of_reference_adult,,58,50_59,adult,shift,irregular,normal_comfort,flexible,usually_decides,no,2,2,confirm,age_compatible_role_and_counterbalanced_experimental_member_traits,UNKNOWN_IRREGULAR,UNKNOWN_IRREGULAR
cityrole-0228,m02,2,reference_adult,m04,40,30_49,adult,not_working,mixed,temp_sensitive,semi_rigid,usually_joint,no,5,3,confirm,age_compatible_role_and_counterbalanced_experimental_member_traits,SYNTHETIC_TYPICAL,SYNTHETIC_TYPICAL
cityrole-0228,m03,3,child,,18,18_29,adult,home_work,home_regular,temp_tolerant,semi_rigid,usually_joint,no,2,4,auto,age_compatible_role_and_counterbalanced_experimental_member_traits,SYNTHETIC_TYPICAL,SYNTHETIC_TYPICAL
cityrole-0228,m04,4,spouse,m02,44,30_49,adult,caregiver,mixed,normal_comfort,rigid,usually_joint,no,4,5,manual,age_compatible_role_and_counterbalanced_experimental_member_traits,SYNTHETIC_TYPICAL,SYNTHETIC_TYPICAL
cityrole-0228,m05,5,child,,13,0_17,under18,student,out_regular,temp_sensitive,rigid,usually_joint,yes,1,1,confirm,age_compatible_role_and_counterbalanced_experimental_member_traits,SYNTHETIC_TYPICAL,SYNTHETIC_TYPICAL
cityrole-0228,m06,6,sibling,,40,30_49,adult,shift,irregular,temp_tolerant,flexible,usually_joint,no,3,2,auto,age_compatible_role_and_counterbalanced_experimental_member_traits,UNKNOWN_IRREGULAR,UNKNOWN_IRREGULAR
cityrole-0229,m01,1,reference_adult,m02,29,20_59,adult,caregiver,mixed,temp_tolerant,flexible,usually_decides,no,4,5,auto,age_compatible_role_and_counterbalanced_experimental_member_traits,SYNTHETIC_TYPICAL,SYNTHETIC_TYPICAL
cityrole-0229,m02,2,spouse,m01,30,20_59,adult,outside_work,out_regular,normal_comfort,flexible,usually_joint,no,1,1,manual,age_compatible_role_and_counterbalanced_experimental_member_traits,SYNTHETIC_TYPICAL,SYNTHETIC_TYPICAL
cityrole-0230,m01,1,reference_adult,,43,35_59,adult,not_working,mixed,temp_sensitive,rigid,usually_decides,no,3,3,auto,age_compatible_role_and_counterbalanced_experimental_member_traits,SYNTHETIC_TYPICAL,SYNTHETIC_TYPICAL
cityrole-0231,m01,1,reference_adult,m02,46,20_59,adult,outside_work,out_regular,normal_comfort,rigid,usually_decides,no,3,1,manual,age_compatible_role_and_counterbalanced_experimental_member_traits,SYNTHETIC_TYPICAL,SYNTHETIC_TYPICAL
cityrole-0231,m02,2,spouse,m01,50,20_59,adult,shift,irregular,temp_sensitive,rigid,usually_joint,no,3,2,confirm,age_compatible_role_and_counterbalanced_experimental_member_traits,UNKNOWN_IRREGULAR,UNKNOWN_IRREGULAR
cityrole-0232,m01,1,reference_adult,,88,80_plus,older,retired,home_regular,temp_tolerant,semi_rigid,usually_decides,no,3,4,confirm,age_compatible_role_and_counterbalanced_experimental_member_traits,SYNTHETIC_TYPICAL,SYNTHETIC_TYPICAL
cityrole-0233,m01,1,reference_adult,,52,35_59,adult,shift,irregular,temp_sensitive,semi_rigid,usually_decides,no,1,2,confirm,age_compatible_role_and_counterbalanced_experimental_member_traits,UNKNOWN_IRREGULAR,UNKNOWN_IRREGULAR
cityrole-0234,m01,1,reference_adult,,74,65_79,older,caregiver,home_regular,normal_comfort,flexible,usually_decides,no,5,5,manual,age_compatible_role_and_counterbalanced_experimental_member_traits,SYNTHETIC_TYPICAL,SYNTHETIC_TYPICAL
cityrole-0235,m01,1,reference_adult,,55,35_59,adult,not_working,mixed,temp_tolerant,flexible,usually_decides,no,1,3,confirm,age_compatible_role_and_counterbalanced_experimental_member_traits,SYNTHETIC_TYPICAL,SYNTHETIC_TYPICAL
cityrole-0236,m01,1,reference_adult,m02,47,20_59,adult,outside_work,out_regular,temp_sensitive,rigid,usually_decides,no,2,1,auto,age_compatible_role_and_counterbalanced_experimental_member_traits,SYNTHETIC_TYPICAL,SYNTHETIC_TYPICAL
cityrole-0236,m02,2,spouse,m01,50,20_59,adult,shift,irregular,temp_tolerant,flexible,usually_joint,no,3,2,auto,age_compatible_role_and_counterbalanced_experimental_member_traits,UNKNOWN_IRREGULAR,UNKNOWN_IRREGULAR
cityrole-0237,m01,1,reference_adult,,26,20_34,adult,home_work,home_regular,normal_comfort,rigid,usually_decides,no,4,4,auto,age_compatible_role_and_counterbalanced_experimental_member_traits,SYNTHETIC_TYPICAL,SYNTHETIC_TYPICAL
cityrole-0238,m01,1,reference_adult,,57,35_59,adult,shift,irregular,temp_tolerant,semi_rigid,usually_decides,no,2,2,manual,age_compatible_role_and_counterbalanced_experimental_member_traits,UNKNOWN_IRREGULAR,UNKNOWN_IRREGULAR
cityrole-0239,m01,1,reference_adult,m02,61,60_64,older,outside_work,out_regular,temp_sensitive,semi_rigid,usually_decides,no,4,5,manual,age_compatible_role_and_counterbalanced_experimental_member_traits,SYNTHETIC_TYPICAL,SYNTHETIC_TYPICAL
cityrole-0239,m02,2,spouse,m01,64,60_64,older,home_work,mixed,temp_tolerant,semi_rigid,usually_joint,no,1,1,auto,age_compatible_role_and_counterbalanced_experimental_member_traits,SYNTHETIC_TYPICAL,SYNTHETIC_TYPICAL
cityrole-0240,m01,1,parent_of_reference_adult,,57,50_59,adult,not_working,mixed,normal_comfort,flexible,usually_decides,no,4,3,auto,age_compatible_role_and_counterbalanced_experimental_member_traits,SYNTHETIC_TYPICAL,SYNTHETIC_TYPICAL
cityrole-0240,m02,2,reference_adult,m04,39,30_49,adult,home_work,home_regular,temp_sensitive,semi_rigid,usually_joint,no,2,4,confirm,age_compatible_role_and_counterbalanced_experimental_member_traits,SYNTHETIC_TYPICAL,SYNTHETIC_TYPICAL
cityrole-0240,m03,3,child,,19,18_29,adult,caregiver,mixed,temp_tolerant,semi_rigid,usually_joint,no,4,5,auto,age_compatible_role_and_counterbalanced_experimental_member_traits,SYNTHETIC_TYPICAL,SYNTHETIC_TYPICAL
cityrole-0240,m04,4,spouse,m02,38,30_49,adult,outside_work,out_regular,normal_comfort,rigid,usually_joint,no,1,1,manual,age_compatible_role_and_counterbalanced_experimental_member_traits,SYNTHETIC_TYPICAL,SYNTHETIC_TYPICAL
cityrole-0240,m05,5,child,,17,0_17,under18,student,out_regular,temp_sensitive,rigid,usually_joint,yes,3,2,confirm,age_compatible_role_and_counterbalanced_experimental_member_traits,SYNTHETIC_TYPICAL,SYNTHETIC_TYPICAL
cityrole-0240,m06,6,sibling,,38,30_49,adult,not_working,mixed,temp_tolerant,flexible,usually_joint,no,5,3,auto,age_compatible_role_and_counterbalanced_experimental_member_traits,SYNTHETIC_TYPICAL,SYNTHETIC_TYPICAL
cityrole-0241,m01,1,parent_of_reference_adult,,69,65_79,older,retired,home_regular,temp_tolerant,flexible,usually_decides,no,1,1,manual,age_compatible_role_and_counterbalanced_experimental_member_traits,SYNTHETIC_TYPICAL,SYNTHETIC_TYPICAL
cityrole-0241,m02,2,reference_adult,m05,40,30_49,adult,shift,irregular,normal_comfort,flexible,usually_joint,no,3,2,manual,age_compatible_role_and_counterbalanced_experimental_member_traits,UNKNOWN_IRREGULAR,UNKNOWN_IRREGULAR
cityrole-0241,m03,3,child,,11,0_17,under18,student,out_regular,temp_sensitive,semi_rigid,usually_joint,yes,5,3,confirm,age_compatible_role_and_counterbalanced_experimental_member_traits,SYNTHETIC_TYPICAL,SYNTHETIC_TYPICAL
cityrole-0241,m04,4,child,,7,0_17,under18,student,out_regular,temp_tolerant,semi_rigid,usually_joint,yes,2,4,auto,age_compatible_role_and_counterbalanced_experimental_member_traits,SYNTHETIC_TYPICAL,SYNTHETIC_TYPICAL
cityrole-0241,m05,5,spouse,m02,43,30_49,adult,caregiver,mixed,normal_comfort,rigid,usually_joint,no,4,5,manual,age_compatible_role_and_counterbalanced_experimental_member_traits,SYNTHETIC_TYPICAL,SYNTHETIC_TYPICAL
cityrole-0242,m01,1,reference_adult,,55,50_59,adult,home_work,home_regular,temp_sensitive,rigid,usually_decides,no,1,4,auto,age_compatible_role_and_counterbalanced_experimental_member_traits,SYNTHETIC_TYPICAL,SYNTHETIC_TYPICAL
cityrole-0242,m02,2,child,,24,18_29,adult,caregiver,mixed,temp_tolerant,flexible,usually_joint,no,4,5,auto,age_compatible_role_and_counterbalanced_experimental_member_traits,SYNTHETIC_TYPICAL,SYNTHETIC_TYPICAL
cityrole-0243,m01,1,reference_adult,m03,43,35_59,adult,shift,irregular,normal_comfort,rigid,usually_decides,no,1,2,confirm,age_compatible_role_and_counterbalanced_experimental_member_traits,UNKNOWN_IRREGULAR,UNKNOWN_IRREGULAR
cityrole-0243,m02,2,child,,7,0_17,under18,student,out_regular,temp_sensitive,rigid,usually_joint,yes,5,3,confirm,age_compatible_role_and_counterbalanced_experimental_member_traits,SYNTHETIC_TYPICAL,SYNTHETIC_TYPICAL
cityrole-0243,m03,3,spouse,m01,40,0_59,adult,home_work,home_regular,temp_tolerant,flexible,usually_joint,no,2,4,auto,age_compatible_role_and_counterbalanced_experimental_member_traits,SYNTHETIC_TYPICAL,SYNTHETIC_TYPICAL
cityrole-0244,m01,1,reference_adult,,61,60_64,older,home_work,mixed,temp_tolerant,semi_rigid,usually_decides,no,5,5,auto,age_compatible_role_and_counterbalanced_experimental_member_traits,SYNTHETIC_TYPICAL,SYNTHETIC_TYPICAL
cityrole-0245,m01,1,reference_adult,m02,30,20_59,adult,not_working,mixed,temp_sensitive,semi_rigid,usually_decides,no,5,3,confirm,age_compatible_role_and_counterbalanced_experimental_member_traits,SYNTHETIC_TYPICAL,SYNTHETIC_TYPICAL
cityrole-0245,m02,2,spouse,m01,30,20_59,adult,home_work,home_regular,temp_tolerant,semi_rigid,usually_joint,no,2,4,auto,age_compatible_role_and_counterbalanced_experimental_member_traits,SYNTHETIC_TYPICAL,SYNTHETIC_TYPICAL
cityrole-0246,m01,1,reference_adult,,33,20_34,adult,outside_work,out_regular,normal_comfort,flexible,usually_decides,no,4,1,manual,age_compatible_role_and_counterbalanced_experimental_member_traits,SYNTHETIC_TYPICAL,SYNTHETIC_TYPICAL
cityrole-0247,m01,1,parent_of_reference_adult,,56,50_59,adult,home_work,home_regular,temp_tolerant,flexible,usually_decides,no,2,4,manual,age_compatible_role_and_counterbalanced_experimental_member_traits,SYNTHETIC_TYPICAL,SYNTHETIC_TYPICAL
cityrole-0247,m02,2,reference_adult,m05,35,30_49,adult,caregiver,mixed,normal_comfort,flexible,usually_joint,no,4,5,manual,age_compatible_role_and_counterbalanced_experimental_member_traits,SYNTHETIC_TYPICAL,SYNTHETIC_TYPICAL
cityrole-0247,m03,3,child,,9,0_17,under18,student,out_regular,temp_sensitive,semi_rigid,usually_joint,yes,1,1,confirm,age_compatible_role_and_counterbalanced_experimental_member_traits,SYNTHETIC_TYPICAL,SYNTHETIC_TYPICAL
cityrole-0247,m04,4,child,,4,0_17,under18,preschool,home_regular,temp_tolerant,semi_rigid,usually_joint,yes,3,2,auto,age_compatible_role_and_counterbalanced_experimental_member_traits,SYNTHETIC_TYPICAL,SYNTHETIC_TYPICAL
cityrole-0247,m05,5,spouse,m02,31,30_49,adult,not_working,mixed,normal_comfort,rigid,usually_joint,no,5,3,manual,age_compatible_role_and_counterbalanced_experimental_member_traits,SYNTHETIC_TYPICAL,SYNTHETIC_TYPICAL
cityrole-0247,m06,6,child,,4,0_17,under18,preschool,home_regular,temp_sensitive,rigid,usually_joint,yes,2,4,confirm,age_compatible_role_and_counterbalanced_experimental_member_traits,SYNTHETIC_TYPICAL,SYNTHETIC_TYPICAL
cityrole-0248,m01,1,reference_adult,,53,35_59,adult,shift,irregular,temp_sensitive,rigid,usually_decides,no,4,2,manual,age_compatible_role_and_counterbalanced_experimental_member_traits,UNKNOWN_IRREGULAR,UNKNOWN_IRREGULAR
cityrole-0249,m01,1,reference_adult,,77,65_79,older,retired,home_regular,normal_comfort,rigid,usually_decides,no,2,5,manual,age_compatible_role_and_counterbalanced_experimental_member_traits,SYNTHETIC_TYPICAL,SYNTHETIC_TYPICAL
cityrole-0249,m02,2,child,,49,20_59,adult,outside_work,out_regular,temp_sensitive,rigid,usually_joint,no,1,1,confirm,age_compatible_role_and_counterbalanced_experimental_member_traits,SYNTHETIC_TYPICAL,SYNTHETIC_TYPICAL
cityrole-0249,m03,3,child,,50,20_59,adult,shift,irregular,temp_tolerant,flexible,usually_joint,no,3,2,auto,age_compatible_role_and_counterbalanced_experimental_member_traits,UNKNOWN_IRREGULAR,UNKNOWN_IRREGULAR
cityrole-0250,m01,1,reference_adult,,42,35_59,adult,not_working,mixed,temp_tolerant,semi_rigid,usually_decides,no,3,3,confirm,age_compatible_role_and_counterbalanced_experimental_member_traits,SYNTHETIC_TYPICAL,SYNTHETIC_TYPICAL
cityrole-0251,m01,1,reference_adult,m02,36,20_59,adult,outside_work,out_regular,temp_sensitive,semi_rigid,usually_decides,no,5,1,auto,age_compatible_role_and_counterbalanced_experimental_member_traits,SYNTHETIC_TYPICAL,SYNTHETIC_TYPICAL
cityrole-0251,m02,2,spouse,m01,41,20_59,adult,shift,irregular,temp_tolerant,semi_rigid,usually_joint,no,3,2,auto,age_compatible_role_and_counterbalanced_experimental_member_traits,UNKNOWN_IRREGULAR,UNKNOWN_IRREGULAR
cityrole-0252,m01,1,reference_adult,m02,41,20_59,adult,home_work,home_regular,normal_comfort,flexible,usually_decides,no,1,4,confirm,age_compatible_role_and_counterbalanced_experimental_member_traits,SYNTHETIC_TYPICAL,SYNTHETIC_TYPICAL
cityrole-0252,m02,2,spouse,m01,42,20_59,adult,caregiver,mixed,temp_sensitive,semi_rigid,usually_joint,no,4,5,confirm,age_compatible_role_and_counterbalanced_experimental_member_traits,SYNTHETIC_TYPICAL,SYNTHETIC_TYPICAL
cityrole-0253,m01,1,reference_adult,m02,79,65_79,older,retired,home_regular,temp_tolerant,flexible,usually_decides,no,1,2,auto,age_compatible_role_and_counterbalanced_experimental_member_traits,SYNTHETIC_TYPICAL,SYNTHETIC_TYPICAL
cityrole-0253,m02,2,spouse,m01,79,65_79,older,caregiver,home_regular,normal_comfort,flexible,usually_joint,no,5,3,manual,age_compatible_role_and_counterbalanced_experimental_member_traits,SYNTHETIC_TYPICAL,SYNTHETIC_TYPICAL
cityrole-0254,m01,1,reference_adult,m02,33,20_59,adult,caregiver,mixed,temp_sensitive,rigid,usually_decides,no,5,5,manual,age_compatible_role_and_counterbalanced_experimental_member_traits,SYNTHETIC_TYPICAL,SYNTHETIC_TYPICAL
cityrole-0254,m02,2,spouse,m01,33,20_59,adult,outside_work,out_regular,temp_tolerant,flexible,usually_joint,no,1,1,auto,age_compatible_role_and_counterbalanced_experimental_member_traits,SYNTHETIC_TYPICAL,SYNTHETIC_TYPICAL
cityrole-0255,m01,1,reference_adult,,82,80_plus,older,caregiver,mixed,normal_comfort,rigid,usually_decides,no,1,3,confirm,age_compatible_role_and_counterbalanced_experimental_member_traits,SYNTHETIC_TYPICAL,SYNTHETIC_TYPICAL
cityrole-0255,m02,2,child,,51,20_59,adult,home_work,home_regular,temp_sensitive,rigid,usually_joint,no,2,4,confirm,age_compatible_role_and_counterbalanced_experimental_member_traits,SYNTHETIC_TYPICAL,SYNTHETIC_TYPICAL
cityrole-0255,m03,3,child,,49,20_59,adult,caregiver,mixed,temp_tolerant,flexible,usually_joint,no,4,5,auto,age_compatible_role_and_counterbalanced_experimental_member_traits,SYNTHETIC_TYPICAL,SYNTHETIC_TYPICAL
cityrole-0256,m01,1,reference_adult,,53,50_59,adult,outside_work,out_regular,temp_tolerant,semi_rigid,usually_decides,no,4,1,manual,age_compatible_role_and_counterbalanced_experimental_member_traits,SYNTHETIC_TYPICAL,SYNTHETIC_TYPICAL
cityrole-0256,m02,2,child,,21,18_29,adult,shift,irregular,normal_comfort,rigid,usually_joint,no,3,2,manual,age_compatible_role_and_counterbalanced_experimental_member_traits,UNKNOWN_IRREGULAR,UNKNOWN_IRREGULAR
cityrole-0256,m03,3,child,,25,18_59,adult,not_working,mixed,temp_sensitive,rigid,usually_joint,no,5,3,confirm,age_compatible_role_and_counterbalanced_experimental_member_traits,SYNTHETIC_TYPICAL,SYNTHETIC_TYPICAL
cityrole-0257,m01,1,reference_adult,m02,42,20_59,adult,home_work,home_regular,temp_sensitive,semi_rigid,usually_decides,no,4,4,confirm,age_compatible_role_and_counterbalanced_experimental_member_traits,SYNTHETIC_TYPICAL,SYNTHETIC_TYPICAL
cityrole-0257,m02,2,spouse,m01,37,20_59,adult,caregiver,mixed,temp_tolerant,semi_rigid,usually_joint,no,4,5,auto,age_compatible_role_and_counterbalanced_experimental_member_traits,SYNTHETIC_TYPICAL,SYNTHETIC_TYPICAL
cityrole-0258,m01,1,reference_adult,m02,45,20_59,adult,shift,irregular,normal_comfort,flexible,usually_decides,no,4,2,manual,age_compatible_role_and_counterbalanced_experimental_member_traits,UNKNOWN_IRREGULAR,UNKNOWN_IRREGULAR
cityrole-0258,m02,2,spouse,m01,41,20_59,adult,not_working,mixed,temp_sensitive,semi_rigid,usually_joint,no,5,3,confirm,age_compatible_role_and_counterbalanced_experimental_member_traits,SYNTHETIC_TYPICAL,SYNTHETIC_TYPICAL
cityrole-0259,m01,1,parent_of_reference_adult,,59,50_59,adult,caregiver,mixed,temp_tolerant,flexible,usually_decides,yes,2,5,auto,age_compatible_role_and_counterbalanced_experimental_member_traits,SYNTHETIC_TYPICAL,SYNTHETIC_TYPICAL
cityrole-0259,m02,2,reference_adult,,35,30_49,adult,outside_work,out_regular,normal_comfort,flexible,usually_joint,no,1,1,manual,age_compatible_role_and_counterbalanced_experimental_member_traits,SYNTHETIC_TYPICAL,SYNTHETIC_TYPICAL
cityrole-0259,m03,3,child,,9,0_17,under18,student,out_regular,temp_sensitive,semi_rigid,usually_joint,yes,3,2,confirm,age_compatible_role_and_counterbalanced_experimental_member_traits,SYNTHETIC_TYPICAL,SYNTHETIC_TYPICAL
cityrole-0259,m04,4,child,,6,0_17,under18,student,out_regular,temp_tolerant,semi_rigid,usually_joint,yes,5,3,auto,age_compatible_role_and_counterbalanced_experimental_member_traits,SYNTHETIC_TYPICAL,SYNTHETIC_TYPICAL
cityrole-0260,m01,1,reference_adult,,76,65_79,older,home_work,mixed,temp_sensitive,rigid,usually_decides,no,2,3,manual,age_compatible_role_and_counterbalanced_experimental_member_traits,SYNTHETIC_TYPICAL,SYNTHETIC_TYPICAL
cityrole-0261,m01,1,reference_adult,,81,80_plus,older,caregiver,mixed,normal_comfort,rigid,usually_decides,no,1,1,auto,age_compatible_role_and_counterbalanced_experimental_member_traits,SYNTHETIC_TYPICAL,SYNTHETIC_TYPICAL
cityrole-0261,m02,2,child,,54,20_59,adult,shift,irregular,temp_sensitive,rigid,usually_joint,no,3,2,confirm,age_compatible_role_and_counterbalanced_experimental_member_traits,UNKNOWN_IRREGULAR,UNKNOWN_IRREGULAR
cityrole-0261,m03,3,child,,52,20_59,adult,not_working,mixed,temp_tolerant,flexible,usually_joint,no,5,3,auto,age_compatible_role_and_counterbalanced_experimental_member_traits,SYNTHETIC_TYPICAL,SYNTHETIC_TYPICAL
cityrole-0262,m01,1,reference_adult,,52,50_59,adult,home_work,home_regular,temp_tolerant,semi_rigid,usually_decides,no,3,4,confirm,age_compatible_role_and_counterbalanced_experimental_member_traits,SYNTHETIC_TYPICAL,SYNTHETIC_TYPICAL
cityrole-0262,m02,2,child,,23,18_29,adult,caregiver,mixed,normal_comfort,rigid,usually_joint,no,4,5,manual,age_compatible_role_and_counterbalanced_experimental_member_traits,SYNTHETIC_TYPICAL,SYNTHETIC_TYPICAL
cityrole-0262,m03,3,child,,25,18_59,adult,outside_work,out_regular,temp_sensitive,rigid,usually_joint,no,1,1,confirm,age_compatible_role_and_counterbalanced_experimental_member_traits,SYNTHETIC_TYPICAL,SYNTHETIC_TYPICAL
cityrole-0263,m01,1,reference_adult,m02,75,65_79,older,outside_work,out_regular,temp_sensitive,semi_rigid,usually_decides,no,5,2,confirm,age_compatible_role_and_counterbalanced_experimental_member_traits,SYNTHETIC_TYPICAL,SYNTHETIC_TYPICAL
cityrole-0263,m02,2,spouse,m01,76,65_79,older,home_work,mixed,temp_tolerant,semi_rigid,usually_joint,no,5,3,auto,age_compatible_role_and_counterbalanced_experimental_member_traits,SYNTHETIC_TYPICAL,SYNTHETIC_TYPICAL
cityrole-0264,m01,1,reference_adult,,58,35_59,adult,caregiver,mixed,normal_comfort,flexible,usually_decides,no,1,5,auto,age_compatible_role_and_counterbalanced_experimental_member_traits,SYNTHETIC_TYPICAL,SYNTHETIC_TYPICAL
cityrole-0265,m01,1,reference_adult,m02,32,20_59,adult,not_working,mixed,temp_tolerant,flexible,usually_decides,no,3,3,auto,age_compatible_role_and_counterbalanced_experimental_member_traits,SYNTHETIC_TYPICAL,SYNTHETIC_TYPICAL
cityrole-0265,m02,2,spouse,m01,37,20_59,adult,home_work,home_regular,normal_comfort,flexible,usually_joint,no,2,4,manual,age_compatible_role_and_counterbalanced_experimental_member_traits,SYNTHETIC_TYPICAL,SYNTHETIC_TYPICAL
cityrole-0266,m01,1,reference_adult,,56,50_59,adult,outside_work,out_regular,temp_sensitive,rigid,usually_decides,no,3,1,manual,age_compatible_role_and_counterbalanced_experimental_member_traits,SYNTHETIC_TYPICAL,SYNTHETIC_TYPICAL
cityrole-0266,m02,2,child,,23,18_29,adult,shift,irregular,temp_tolerant,flexible,usually_joint,no,3,2,auto,age_compatible_role_and_counterbalanced_experimental_member_traits,UNKNOWN_IRREGULAR,UNKNOWN_IRREGULAR
cityrole-0266,m03,3,child,,25,18_59,adult,not_working,mixed,normal_comfort,flexible,usually_joint,no,5,3,manual,age_compatible_role_and_counterbalanced_experimental_member_traits,SYNTHETIC_TYPICAL,SYNTHETIC_TYPICAL
cityrole-0267,m01,1,reference_adult,,61,60_64,older,outside_work,out_regular,normal_comfort,rigid,usually_decides,no,2,4,manual,age_compatible_role_and_counterbalanced_experimental_member_traits,SYNTHETIC_TYPICAL,SYNTHETIC_TYPICAL
cityrole-0267,m02,2,child,,35,20_59,adult,caregiver,mixed,temp_sensitive,rigid,usually_joint,no,4,5,confirm,age_compatible_role_and_counterbalanced_experimental_member_traits,SYNTHETIC_TYPICAL,SYNTHETIC_TYPICAL
cityrole-0267,m03,3,child,,36,20_59,adult,outside_work,out_regular,temp_tolerant,flexible,usually_joint,no,1,1,auto,age_compatible_role_and_counterbalanced_experimental_member_traits,SYNTHETIC_TYPICAL,SYNTHETIC_TYPICAL
cityrole-0268,m01,1,reference_adult,,56,50_59,adult,shift,irregular,temp_tolerant,semi_rigid,usually_decides,no,4,2,confirm,age_compatible_role_and_counterbalanced_experimental_member_traits,UNKNOWN_IRREGULAR,UNKNOWN_IRREGULAR
cityrole-0268,m02,2,child,,28,18_29,adult,not_working,mixed,normal_comfort,rigid,usually_joint,no,5,3,manual,age_compatible_role_and_counterbalanced_experimental_member_traits,SYNTHETIC_TYPICAL,SYNTHETIC_TYPICAL
cityrole-0268,m03,3,child,,29,18_59,adult,home_work,home_regular,temp_sensitive,rigid,usually_joint,no,2,4,confirm,age_compatible_role_and_counterbalanced_experimental_member_traits,SYNTHETIC_TYPICAL,SYNTHETIC_TYPICAL
cityrole-0269,m01,1,parent_of_reference_adult,,68,65_79,older,retired,home_regular,temp_sensitive,semi_rigid,usually_decides,no,4,5,auto,age_compatible_role_and_counterbalanced_experimental_member_traits,SYNTHETIC_TYPICAL,SYNTHETIC_TYPICAL
cityrole-0269,m02,2,reference_adult,,38,30_49,adult,outside_work,out_regular,temp_tolerant,semi_rigid,usually_joint,no,1,1,auto,age_compatible_role_and_counterbalanced_experimental_member_traits,SYNTHETIC_TYPICAL,SYNTHETIC_TYPICAL
cityrole-0269,m03,3,child,,7,0_17,under18,student,out_regular,normal_comfort,rigid,usually_joint,yes,3,2,manual,age_compatible_role_and_counterbalanced_experimental_member_traits,SYNTHETIC_TYPICAL,SYNTHETIC_TYPICAL
cityrole-0270,m01,1,reference_adult,,53,50_59,adult,not_working,mixed,normal_comfort,flexible,usually_decides,no,4,3,auto,age_compatible_role_and_counterbalanced_experimental_member_traits,SYNTHETIC_TYPICAL,SYNTHETIC_TYPICAL
cityrole-0270,m02,2,child,m04,22,18_29,adult,home_work,home_regular,temp_sensitive,semi_rigid,usually_joint,no,2,4,confirm,age_compatible_role_and_counterbalanced_experimental_member_traits,SYNTHETIC_TYPICAL,SYNTHETIC_TYPICAL
cityrole-0270,m03,3,child,,19,18_59,adult,caregiver,mixed,temp_tolerant,semi_rigid,usually_joint,no,4,5,auto,age_compatible_role_and_counterbalanced_experimental_member_traits,SYNTHETIC_TYPICAL,SYNTHETIC_TYPICAL
cityrole-0270,m04,4,spouse_of_child,m02,26,18_59,adult,outside_work,out_regular,normal_comfort,rigid,usually_joint,no,1,1,manual,age_compatible_role_and_counterbalanced_experimental_member_traits,SYNTHETIC_TYPICAL,SYNTHETIC_TYPICAL
cityrole-0271,m01,1,reference_adult,,64,60_64,older,outside_work,out_regular,temp_tolerant,flexible,usually_decides,no,1,1,manual,age_compatible_role_and_counterbalanced_experimental_member_traits,SYNTHETIC_TYPICAL,SYNTHETIC_TYPICAL
cityrole-0271,m02,2,child,m04,35,20_59,adult,shift,irregular,normal_comfort,flexible,usually_joint,no,3,2,manual,age_compatible_role_and_counterbalanced_experimental_member_traits,UNKNOWN_IRREGULAR,UNKNOWN_IRREGULAR
cityrole-0271,m03,3,child,,32,20_59,adult,not_working,mixed,temp_sensitive,semi_rigid,usually_joint,no,5,3,confirm,age_compatible_role_and_counterbalanced_experimental_member_traits,SYNTHETIC_TYPICAL,SYNTHETIC_TYPICAL
cityrole-0271,m04,4,spouse_of_child,m02,32,20_59,adult,home_work,home_regular,temp_tolerant,semi_rigid,usually_joint,no,2,4,auto,age_compatible_role_and_counterbalanced_experimental_member_traits,SYNTHETIC_TYPICAL,SYNTHETIC_TYPICAL
cityrole-0272,m01,1,reference_adult,m02,72,65_79,older,home_work,mixed,temp_sensitive,rigid,usually_decides,no,3,4,manual,age_compatible_role_and_counterbalanced_experimental_member_traits,SYNTHETIC_TYPICAL,SYNTHETIC_TYPICAL
cityrole-0272,m02,2,spouse,m01,69,65_79,older,retired,home_regular,temp_tolerant,flexible,usually_joint,no,4,5,auto,age_compatible_role_and_counterbalanced_experimental_member_traits,SYNTHETIC_TYPICAL,SYNTHETIC_TYPICAL
cityrole-0273,m01,1,parent_of_reference_adult,,57,50_59,adult,shift,irregular,normal_comfort,rigid,usually_decides,no,1,2,confirm,age_compatible_role_and_counterbalanced_experimental_member_traits,UNKNOWN_IRREGULAR,UNKNOWN_IRREGULAR
cityrole-0273,m02,2,reference_adult,,37,30_49,adult,not_working,mixed,temp_sensitive,rigid,usually_joint,no,5,3,confirm,age_compatible_role_and_counterbalanced_experimental_member_traits,SYNTHETIC_TYPICAL,SYNTHETIC_TYPICAL
cityrole-0273,m03,3,child,,13,0_17,under18,student,out_regular,temp_tolerant,flexible,usually_joint,yes,2,4,auto,age_compatible_role_and_counterbalanced_experimental_member_traits,SYNTHETIC_TYPICAL,SYNTHETIC_TYPICAL
cityrole-0274,m01,1,reference_adult,m02,37,20_59,adult,caregiver,mixed,temp_tolerant,semi_rigid,usually_decides,no,1,5,confirm,age_compatible_role_and_counterbalanced_experimental_member_traits,SYNTHETIC_TYPICAL,SYNTHETIC_TYPICAL
cityrole-0274,m02,2,spouse,m01,33,20_59,adult,outside_work,out_regular,normal_comfort,rigid,usually_joint,no,1,1,manual,age_compatible_role_and_counterbalanced_experimental_member_traits,SYNTHETIC_TYPICAL,SYNTHETIC_TYPICAL
cityrole-0275,m01,1,reference_adult,,78,65_79,older,outside_work,out_regular,temp_sensitive,semi_rigid,usually_decides,no,1,3,auto,age_compatible_role_and_counterbalanced_experimental_member_traits,SYNTHETIC_TYPICAL,SYNTHETIC_TYPICAL
cityrole-0276,m01,1,reference_adult,,71,65_79,older,home_work,mixed,normal_comfort,flexible,usually_decides,no,2,1,manual,age_compatible_role_and_counterbalanced_experimental_member_traits,SYNTHETIC_TYPICAL,SYNTHETIC_TYPICAL
cityrole-0276,m02,2,child,,42,20_59,adult,shift,irregular,temp_sensitive,semi_rigid,usually_joint,no,3,2,confirm,age_compatible_role_and_counterbalanced_experimental_member_traits,UNKNOWN_IRREGULAR,UNKNOWN_IRREGULAR
cityrole-0277,m01,1,reference_adult,,71,65_79,older,retired,home_regular,temp_tolerant,flexible,usually_decides,no,4,4,confirm,age_compatible_role_and_counterbalanced_experimental_member_traits,SYNTHETIC_TYPICAL,SYNTHETIC_TYPICAL
cityrole-0277,m02,2,child,m04,43,20_59,adult,caregiver,mixed,normal_comfort,flexible,usually_joint,no,4,5,manual,age_compatible_role_and_counterbalanced_experimental_member_traits,SYNTHETIC_TYPICAL,SYNTHETIC_TYPICAL
cityrole-0277,m03,3,child,,40,20_59,adult,outside_work,out_regular,temp_sensitive,semi_rigid,usually_joint,no,1,1,confirm,age_compatible_role_and_counterbalanced_experimental_member_traits,SYNTHETIC_TYPICAL,SYNTHETIC_TYPICAL
cityrole-0277,m04,4,spouse_of_child,m02,46,20_59,adult,shift,irregular,temp_tolerant,semi_rigid,usually_joint,no,3,2,auto,age_compatible_role_and_counterbalanced_experimental_member_traits,UNKNOWN_IRREGULAR,UNKNOWN_IRREGULAR
cityrole-0278,m01,1,reference_adult,,57,50_59,adult,shift,irregular,temp_sensitive,rigid,usually_decides,no,2,2,auto,age_compatible_role_and_counterbalanced_experimental_member_traits,UNKNOWN_IRREGULAR,UNKNOWN_IRREGULAR
cityrole-0278,m02,2,child,,24,18_29,adult,not_working,mixed,temp_tolerant,flexible,usually_joint,no,5,3,auto,age_compatible_role_and_counterbalanced_experimental_member_traits,SYNTHETIC_TYPICAL,SYNTHETIC_TYPICAL
cityrole-0278,m03,3,child,,21,18_59,adult,home_work,home_regular,normal_comfort,flexible,usually_joint,no,2,4,manual,age_compatible_role_and_counterbalanced_experimental_member_traits,SYNTHETIC_TYPICAL,SYNTHETIC_TYPICAL
cityrole-0279,m01,1,reference_adult,,47,35_59,adult,caregiver,mixed,normal_comfort,rigid,usually_decides,no,4,5,confirm,age_compatible_role_and_counterbalanced_experimental_member_traits,SYNTHETIC_TYPICAL,SYNTHETIC_TYPICAL
cityrole-0280,m01,1,reference_adult,,31,20_34,adult,not_working,mixed,temp_tolerant,semi_rigid,usually_decides,no,4,3,auto,age_compatible_role_and_counterbalanced_experimental_member_traits,SYNTHETIC_TYPICAL,SYNTHETIC_TYPICAL
cityrole-0281,m01,1,reference_adult,m02,31,20_59,adult,outside_work,out_regular,temp_sensitive,semi_rigid,usually_decides,no,3,1,manual,age_compatible_role_and_counterbalanced_experimental_member_traits,SYNTHETIC_TYPICAL,SYNTHETIC_TYPICAL
cityrole-0281,m02,2,spouse,m01,30,20_59,adult,shift,irregular,temp_tolerant,semi_rigid,usually_joint,no,3,2,auto,age_compatible_role_and_counterbalanced_experimental_member_traits,UNKNOWN_IRREGULAR,UNKNOWN_IRREGULAR
cityrole-0282,m01,1,reference_adult,m02,67,65_79,older,caregiver,home_regular,normal_comfort,flexible,usually_decides,no,1,4,manual,age_compatible_role_and_counterbalanced_experimental_member_traits,SYNTHETIC_TYPICAL,SYNTHETIC_TYPICAL
cityrole-0282,m02,2,spouse,m01,70,65_79,older,outside_work,out_regular,temp_sensitive,semi_rigid,usually_joint,no,4,5,confirm,age_compatible_role_and_counterbalanced_experimental_member_traits,SYNTHETIC_TYPICAL,SYNTHETIC_TYPICAL
cityrole-0283,m01,1,reference_adult,m02,37,20_59,adult,shift,irregular,temp_tolerant,flexible,usually_decides,no,1,2,manual,age_compatible_role_and_counterbalanced_experimental_member_traits,UNKNOWN_IRREGULAR,UNKNOWN_IRREGULAR
cityrole-0283,m02,2,spouse,m01,36,20_59,adult,not_working,mixed,normal_comfort,flexible,usually_joint,no,5,3,manual,age_compatible_role_and_counterbalanced_experimental_member_traits,SYNTHETIC_TYPICAL,SYNTHETIC_TYPICAL
cityrole-0284,m01,1,parent_of_reference_adult,,57,50_59,adult,caregiver,mixed,temp_sensitive,rigid,usually_decides,yes,3,5,manual,age_compatible_role_and_counterbalanced_experimental_member_traits,SYNTHETIC_TYPICAL,SYNTHETIC_TYPICAL
cityrole-0284,m02,2,reference_adult,m04,39,30_49,adult,outside_work,out_regular,temp_tolerant,flexible,usually_joint,no,1,1,auto,age_compatible_role_and_counterbalanced_experimental_member_traits,SYNTHETIC_TYPICAL,SYNTHETIC_TYPICAL
cityrole-0284,m03,3,child,,19,18_29,adult,shift,irregular,normal_comfort,flexible,usually_joint,no,3,2,manual,age_compatible_role_and_counterbalanced_experimental_member_traits,UNKNOWN_IRREGULAR,UNKNOWN_IRREGULAR
cityrole-0284,m04,4,spouse,m02,38,30_49,adult,not_working,mixed,temp_sensitive,semi_rigid,usually_joint,no,5,3,confirm,age_compatible_role_and_counterbalanced_experimental_member_traits,SYNTHETIC_TYPICAL,SYNTHETIC_TYPICAL
cityrole-0284,m05,5,child,,14,0_17,under18,student,out_regular,temp_tolerant,semi_rigid,usually_joint,yes,2,4,auto,age_compatible_role_and_counterbalanced_experimental_member_traits,SYNTHETIC_TYPICAL,SYNTHETIC_TYPICAL
cityrole-0284,m06,6,sibling,,37,30_49,adult,caregiver,mixed,normal_comfort,rigid,usually_joint,no,4,5,manual,age_compatible_role_and_counterbalanced_experimental_member_traits,SYNTHETIC_TYPICAL,SYNTHETIC_TYPICAL
cityrole-0285,m01,1,reference_adult,m02,30,20_59,adult,not_working,mixed,normal_comfort,rigid,usually_decides,no,5,3,manual,age_compatible_role_and_counterbalanced_experimental_member_traits,SYNTHETIC_TYPICAL,SYNTHETIC_TYPICAL
cityrole-0285,m02,2,spouse,m01,29,20_59,adult,home_work,home_regular,temp_sensitive,rigid,usually_joint,no,2,4,confirm,age_compatible_role_and_counterbalanced_experimental_member_traits,SYNTHETIC_TYPICAL,SYNTHETIC_TYPICAL
cityrole-0286,m01,1,reference_adult,,56,50_59,adult,outside_work,out_regular,temp_tolerant,semi_rigid,usually_decides,no,4,1,manual,age_compatible_role_and_counterbalanced_experimental_member_traits,SYNTHETIC_TYPICAL,SYNTHETIC_TYPICAL
cityrole-0286,m02,2,child,m04,22,18_29,adult,shift,irregular,normal_comfort,rigid,usually_joint,no,3,2,manual,age_compatible_role_and_counterbalanced_experimental_member_traits,UNKNOWN_IRREGULAR,UNKNOWN_IRREGULAR
cityrole-0286,m03,3,child,,26,18_59,adult,not_working,mixed,temp_sensitive,rigid,usually_joint,no,5,3,confirm,age_compatible_role_and_counterbalanced_experimental_member_traits,SYNTHETIC_TYPICAL,SYNTHETIC_TYPICAL
cityrole-0286,m04,4,spouse_of_child,m02,26,18_59,adult,home_work,home_regular,temp_tolerant,flexible,usually_joint,no,2,4,auto,age_compatible_role_and_counterbalanced_experimental_member_traits,SYNTHETIC_TYPICAL,SYNTHETIC_TYPICAL
cityrole-0286,m05,5,child,,25,18_59,adult,caregiver,mixed,normal_comfort,flexible,usually_joint,no,4,5,manual,age_compatible_role_and_counterbalanced_experimental_member_traits,SYNTHETIC_TYPICAL,SYNTHETIC_TYPICAL
cityrole-0287,m01,1,parent_of_reference_adult,,61,60_64,older,outside_work,out_regular,temp_sensitive,semi_rigid,usually_decides,no,3,4,confirm,age_compatible_role_and_counterbalanced_experimental_member_traits,SYNTHETIC_TYPICAL,SYNTHETIC_TYPICAL
cityrole-0287,m02,2,reference_adult,m05,36,30_49,adult,caregiver,mixed,temp_tolerant,semi_rigid,usually_joint,no,4,5,auto,age_compatible_role_and_counterbalanced_experimental_member_traits,SYNTHETIC_TYPICAL,SYNTHETIC_TYPICAL
cityrole-0287,m03,3,child,,12,0_17,under18,student,out_regular,normal_comfort,rigid,usually_joint,yes,1,1,manual,age_compatible_role_and_counterbalanced_experimental_member_traits,SYNTHETIC_TYPICAL,SYNTHETIC_TYPICAL
cityrole-0287,m04,4,child,,12,0_17,under18,student,out_regular,temp_sensitive,rigid,usually_joint,yes,3,2,confirm,age_compatible_role_and_counterbalanced_experimental_member_traits,SYNTHETIC_TYPICAL,SYNTHETIC_TYPICAL
cityrole-0287,m05,5,spouse,m02,40,30_49,adult,not_working,mixed,temp_tolerant,flexible,usually_joint,no,5,3,auto,age_compatible_role_and_counterbalanced_experimental_member_traits,SYNTHETIC_TYPICAL,SYNTHETIC_TYPICAL
cityrole-0288,m01,1,reference_adult,,68,65_79,older,home_work,mixed,normal_comfort,flexible,usually_decides,no,4,2,confirm,age_compatible_role_and_counterbalanced_experimental_member_traits,SYNTHETIC_TYPICAL,SYNTHETIC_TYPICAL
cityrole-0288,m02,2,child,,41,20_59,adult,not_working,mixed,temp_sensitive,semi_rigid,usually_joint,no,5,3,confirm,age_compatible_role_and_counterbalanced_experimental_member_traits,SYNTHETIC_TYPICAL,SYNTHETIC_TYPICAL
cityrole-0288,m03,3,child,,45,20_59,adult,home_work,home_regular,temp_tolerant,semi_rigid,usually_joint,no,2,4,auto,age_compatible_role_and_counterbalanced_experimental_member_traits,SYNTHETIC_TYPICAL,SYNTHETIC_TYPICAL
cityrole-0289,m01,1,reference_adult,m02,37,20_59,adult,caregiver,mixed,temp_tolerant,flexible,usually_decides,no,4,5,auto,age_compatible_role_and_counterbalanced_experimental_member_traits,SYNTHETIC_TYPICAL,SYNTHETIC_TYPICAL
cityrole-0289,m02,2,spouse,m01,40,20_59,adult,outside_work,out_regular,normal_comfort,flexible,usually_joint,no,1,1,manual,age_compatible_role_and_counterbalanced_experimental_member_traits,SYNTHETIC_TYPICAL,SYNTHETIC_TYPICAL
cityrole-0289,m03,3,sibling,,32,20_59,adult,shift,irregular,temp_sensitive,semi_rigid,usually_joint,no,3,2,confirm,age_compatible_role_and_counterbalanced_experimental_member_traits,UNKNOWN_IRREGULAR,UNKNOWN_IRREGULAR
cityrole-0290,m01,1,reference_adult,m02,29,20_59,adult,not_working,mixed,temp_sensitive,rigid,usually_decides,no,4,3,auto,age_compatible_role_and_counterbalanced_experimental_member_traits,SYNTHETIC_TYPICAL,SYNTHETIC_TYPICAL
cityrole-0290,m02,2,spouse,m01,24,20_59,adult,home_work,home_regular,temp_tolerant,flexible,usually_joint,no,2,4,auto,age_compatible_role_and_counterbalanced_experimental_member_traits,SYNTHETIC_TYPICAL,SYNTHETIC_TYPICAL
cityrole-0290,m03,3,sibling,,33,20_59,adult,caregiver,mixed,normal_comfort,flexible,usually_joint,no,4,5,manual,age_compatible_role_and_counterbalanced_experimental_member_traits,SYNTHETIC_TYPICAL,SYNTHETIC_TYPICAL
cityrole-0290,m04,4,sibling,,29,20_59,adult,outside_work,out_regular,temp_sensitive,semi_rigid,usually_joint,no,1,1,confirm,age_compatible_role_and_counterbalanced_experimental_member_traits,SYNTHETIC_TYPICAL,SYNTHETIC_TYPICAL
cityrole-0290,m05,5,sibling,,27,20_59,adult,shift,irregular,temp_tolerant,semi_rigid,usually_joint,no,3,2,auto,age_compatible_role_and_counterbalanced_experimental_member_traits,UNKNOWN_IRREGULAR,UNKNOWN_IRREGULAR
cityrole-0291,m01,1,reference_adult,m03,38,35_59,adult,outside_work,out_regular,normal_comfort,rigid,usually_decides,no,3,1,manual,age_compatible_role_and_counterbalanced_experimental_member_traits,SYNTHETIC_TYPICAL,SYNTHETIC_TYPICAL
cityrole-0291,m02,2,child,,14,0_17,under18,student,out_regular,temp_sensitive,rigid,usually_joint,yes,3,2,confirm,age_compatible_role_and_counterbalanced_experimental_member_traits,SYNTHETIC_TYPICAL,SYNTHETIC_TYPICAL
cityrole-0291,m03,3,spouse,m01,40,0_59,adult,not_working,mixed,temp_tolerant,flexible,usually_joint,no,5,3,auto,age_compatible_role_and_counterbalanced_experimental_member_traits,SYNTHETIC_TYPICAL,SYNTHETIC_TYPICAL
cityrole-0292,m01,1,reference_adult,,51,50_59,adult,home_work,home_regular,temp_tolerant,semi_rigid,usually_decides,no,5,4,confirm,age_compatible_role_and_counterbalanced_experimental_member_traits,SYNTHETIC_TYPICAL,SYNTHETIC_TYPICAL
cityrole-0292,m02,2,child,,24,18_29,adult,caregiver,mixed,normal_comfort,rigid,usually_joint,no,4,5,manual,age_compatible_role_and_counterbalanced_experimental_member_traits,SYNTHETIC_TYPICAL,SYNTHETIC_TYPICAL
cityrole-0292,m03,3,child,,21,18_59,adult,outside_work,out_regular,temp_sensitive,rigid,usually_joint,no,1,1,confirm,age_compatible_role_and_counterbalanced_experimental_member_traits,SYNTHETIC_TYPICAL,SYNTHETIC_TYPICAL
cityrole-0293,m01,1,reference_adult,m02,43,20_59,adult,shift,irregular,temp_sensitive,semi_rigid,usually_decides,no,3,2,auto,age_compatible_role_and_counterbalanced_experimental_member_traits,UNKNOWN_IRREGULAR,UNKNOWN_IRREGULAR
cityrole-0293,m02,2,spouse,m01,38,20_59,adult,not_working,mixed,temp_tolerant,semi_rigid,usually_joint,no,5,3,auto,age_compatible_role_and_counterbalanced_experimental_member_traits,SYNTHETIC_TYPICAL,SYNTHETIC_TYPICAL
cityrole-0294,m01,1,reference_adult,,54,50_59,adult,caregiver,mixed,normal_comfort,flexible,usually_decides,no,5,5,confirm,age_compatible_role_and_counterbalanced_experimental_member_traits,SYNTHETIC_TYPICAL,SYNTHETIC_TYPICAL
cityrole-0294,m02,2,child,,26,18_29,adult,outside_work,out_regular,temp_sensitive,semi_rigid,usually_joint,no,1,1,confirm,age_compatible_role_and_counterbalanced_experimental_member_traits,SYNTHETIC_TYPICAL,SYNTHETIC_TYPICAL
cityrole-0294,m03,3,child,,24,18_59,adult,shift,irregular,temp_tolerant,semi_rigid,usually_joint,no,3,2,auto,age_compatible_role_and_counterbalanced_experimental_member_traits,UNKNOWN_IRREGULAR,UNKNOWN_IRREGULAR
cityrole-0295,m01,1,reference_adult,,61,60_64,older,outside_work,out_regular,temp_tolerant,flexible,usually_decides,no,5,3,confirm,age_compatible_role_and_counterbalanced_experimental_member_traits,SYNTHETIC_TYPICAL,SYNTHETIC_TYPICAL
cityrole-0296,m01,1,reference_adult,,56,50_59,adult,outside_work,out_regular,temp_sensitive,rigid,usually_decides,no,4,1,confirm,age_compatible_role_and_counterbalanced_experimental_member_traits,SYNTHETIC_TYPICAL,SYNTHETIC_TYPICAL
cityrole-0296,m02,2,child,m04,25,18_29,adult,shift,irregular,temp_tolerant,flexible,usually_joint,no,3,2,auto,age_compatible_role_and_counterbalanced_experimental_member_traits,UNKNOWN_IRREGULAR,UNKNOWN_IRREGULAR
cityrole-0296,m03,3,child,,28,18_59,adult,not_working,mixed,normal_comfort,flexible,usually_joint,no,5,3,manual,age_compatible_role_and_counterbalanced_experimental_member_traits,SYNTHETIC_TYPICAL,SYNTHETIC_TYPICAL
cityrole-0296,m04,4,spouse_of_child,m02,26,18_59,adult,home_work,home_regular,temp_sensitive,semi_rigid,usually_joint,no,2,4,confirm,age_compatible_role_and_counterbalanced_experimental_member_traits,SYNTHETIC_TYPICAL,SYNTHETIC_TYPICAL
cityrole-0296,m05,5,child,,29,18_59,adult,caregiver,mixed,temp_tolerant,semi_rigid,usually_joint,no,4,5,auto,age_compatible_role_and_counterbalanced_experimental_member_traits,SYNTHETIC_TYPICAL,SYNTHETIC_TYPICAL
cityrole-0296,m06,6,child,,26,18_59,adult,outside_work,out_regular,normal_comfort,rigid,usually_joint,no,1,1,manual,age_compatible_role_and_counterbalanced_experimental_member_traits,SYNTHETIC_TYPICAL,SYNTHETIC_TYPICAL
cityrole-0297,m01,1,parent_of_reference_adult,,57,50_59,adult,home_work,home_regular,normal_comfort,rigid,usually_decides,no,2,4,confirm,age_compatible_role_and_counterbalanced_experimental_member_traits,SYNTHETIC_TYPICAL,SYNTHETIC_TYPICAL
cityrole-0297,m02,2,reference_adult,m05,38,30_49,adult,caregiver,mixed,temp_sensitive,rigid,usually_joint,no,4,5,confirm,age_compatible_role_and_counterbalanced_experimental_member_traits,SYNTHETIC_TYPICAL,SYNTHETIC_TYPICAL
cityrole-0297,m03,3,child,,10,0_17,under18,student,out_regular,temp_tolerant,flexible,usually_joint,yes,1,1,auto,age_compatible_role_and_counterbalanced_experimental_member_traits,SYNTHETIC_TYPICAL,SYNTHETIC_TYPICAL
cityrole-0297,m04,4,child,,6,0_17,under18,student,out_regular,normal_comfort,flexible,usually_joint,yes,3,2,manual,age_compatible_role_and_counterbalanced_experimental_member_traits,SYNTHETIC_TYPICAL,SYNTHETIC_TYPICAL
cityrole-0297,m05,5,spouse,m02,34,30_49,adult,not_working,mixed,temp_sensitive,semi_rigid,usually_joint,no,5,3,confirm,age_compatible_role_and_counterbalanced_experimental_member_traits,SYNTHETIC_TYPICAL,SYNTHETIC_TYPICAL
cityrole-0298,m01,1,reference_adult,,30,20_34,adult,shift,irregular,temp_tolerant,semi_rigid,usually_decides,no,4,2,confirm,age_compatible_role_and_counterbalanced_experimental_member_traits,UNKNOWN_IRREGULAR,UNKNOWN_IRREGULAR
cityrole-0299,m01,1,parent_of_reference_adult,,59,50_59,adult,caregiver,mixed,temp_sensitive,semi_rigid,usually_decides,yes,4,5,confirm,age_compatible_role_and_counterbalanced_experimental_member_traits,SYNTHETIC_TYPICAL,SYNTHETIC_TYPICAL
cityrole-0299,m02,2,reference_adult,m05,39,30_49,adult,outside_work,out_regular,temp_tolerant,semi_rigid,usually_joint,no,1,1,auto,age_compatible_role_and_counterbalanced_experimental_member_traits,SYNTHETIC_TYPICAL,SYNTHETIC_TYPICAL
cityrole-0299,m03,3,child,,12,0_17,under18,student,out_regular,normal_comfort,rigid,usually_joint,yes,3,2,manual,age_compatible_role_and_counterbalanced_experimental_member_traits,SYNTHETIC_TYPICAL,SYNTHETIC_TYPICAL
cityrole-0299,m04,4,child,,11,0_17,under18,student,out_regular,temp_sensitive,rigid,usually_joint,yes,5,3,confirm,age_compatible_role_and_counterbalanced_experimental_member_traits,SYNTHETIC_TYPICAL,SYNTHETIC_TYPICAL
cityrole-0299,m05,5,spouse,m02,39,30_49,adult,home_work,home_regular,temp_tolerant,flexible,usually_joint,no,2,4,auto,age_compatible_role_and_counterbalanced_experimental_member_traits,SYNTHETIC_TYPICAL,SYNTHETIC_TYPICAL
cityrole-0300,m01,1,reference_adult,,50,35_59,adult,not_working,mixed,normal_comfort,flexible,usually_decides,no,2,3,auto,age_compatible_role_and_counterbalanced_experimental_member_traits,SYNTHETIC_TYPICAL,SYNTHETIC_TYPICAL
