role_id,member_id,day_type,window_order,start_local_time,end_local_time,time_status,basis
cityrole-0001,m01,weekday,1,00:00,07:30,SYNTHETIC_TYPICAL,B_member_routine_template
cityrole-0001,m01,weekday,2,18:30,24:00,SYNTHETIC_TYPICAL,B_member_routine_template
cityrole-0001,m01,weekend,1,00:00,10:00,SYNTHETIC_TYPICAL,B_member_routine_template
cityrole-0001,m01,weekend,2,13:00,24:00,SYNTHETIC_TYPICAL,B_member_routine_template
cityrole-0001,m02,weekday,1,00:00,07:30,SYNTHETIC_TYPICAL,B_member_routine_template
cityrole-0001,m02,weekday,2,18:30,24:00,SYNTHETIC_TYPICAL,B_member_routine_template
cityrole-0001,m02,weekend,1,00:00,10:00,SYNTHETIC_TYPICAL,B_member_routine_template
cityrole-0001,m02,weekend,2,13:00,24:00,SYNTHETIC_TYPICAL,B_member_routine_template
cityrole-0002,m01,weekday,1,00:00,24:00,SYNTHETIC_TYPICAL,B_member_routine_template
cityrole-0002,m01,weekend,1,00:00,10:00,SYNTHETIC_TYPICAL,B_member_routine_template
cityrole-0002,m01,weekend,2,13:00,24:00,SYNTHETIC_TYPICAL,B_member_routine_template
cityrole-0002,m02,weekday,1,00:00,09:00,SYNTHETIC_TYPICAL,B_member_routine_template
cityrole-0002,m02,weekday,2,12:00,15:00,SYNTHETIC_TYPICAL,B_member_routine_template
cityrole-0002,m02,weekday,3,19:00,24:00,SYNTHETIC_TYPICAL,B_member_routine_template
cityrole-0002,m02,weekend,1,00:00,10:00,SYNTHETIC_TYPICAL,B_member_routine_template
cityrole-0002,m02,weekend,2,13:00,24:00,SYNTHETIC_TYPICAL,B_member_routine_template
cityrole-0002,m03,weekday,1,00:00,07:30,SYNTHETIC_TYPICAL,B_member_routine_template
cityrole-0002,m03,weekday,2,18:30,24:00,SYNTHETIC_TYPICAL,B_member_routine_template
cityrole-0002,m03,weekend,1,00:00,10:00,SYNTHETIC_TYPICAL,B_member_routine_template
cityrole-0002,m03,weekend,2,13:00,24:00,SYNTHETIC_TYPICAL,B_member_routine_template
cityrole-0002,m04,weekday,0,,,UNKNOWN,irregular_routine_not_fixed_clock
cityrole-0002,m04,weekend,0,,,UNKNOWN,irregular_routine_not_fixed_clock
cityrole-0003,m01,weekday,0,,,UNKNOWN,irregular_routine_not_fixed_clock
cityrole-0003,m01,weekend,0,,,UNKNOWN,irregular_routine_not_fixed_clock
cityrole-0003,m02,weekday,1,00:00,09:00,SYNTHETIC_TYPICAL,B_member_routine_template
cityrole-0003,m02,weekday,2,12:00,15:00,SYNTHETIC_TYPICAL,B_member_routine_template
cityrole-0003,m02,weekday,3,19:00,24:00,SYNTHETIC_TYPICAL,B_member_routine_template
cityrole-0003,m02,weekend,1,00:00,10:00,SYNTHETIC_TYPICAL,B_member_routine_template
cityrole-0003,m02,weekend,2,13:00,24:00,SYNTHETIC_TYPICAL,B_member_routine_template
cityrole-0004,m01,weekday,1,00:00,09:00,SYNTHETIC_TYPICAL,B_member_routine_template
cityrole-0004,m01,weekday,2,12:00,15:00,SYNTHETIC_TYPICAL,B_member_routine_template
cityrole-0004,m01,weekday,3,19:00,24:00,SYNTHETIC_TYPICAL,B_member_routine_template
cityrole-0004,m01,weekend,1,00:00,10:00,SYNTHETIC_TYPICAL,B_member_routine_template
cityrole-0004,m01,weekend,2,13:00,24:00,SYNTHETIC_TYPICAL,B_member_routine_template
cityrole-0005,m01,weekday,1,00:00,09:00,SYNTHETIC_TYPICAL,B_member_routine_template
cityrole-0005,m01,weekday,2,12:00,15:00,SYNTHETIC_TYPICAL,B_member_routine_template
cityrole-0005,m01,weekday,3,19:00,24:00,SYNTHETIC_TYPICAL,B_member_routine_template
cityrole-0005,m01,weekend,1,00:00,10:00,SYNTHETIC_TYPICAL,B_member_routine_template
cityrole-0005,m01,weekend,2,13:00,24:00,SYNTHETIC_TYPICAL,B_member_routine_template
cityrole-0005,m02,weekday,1,00:00,07:30,SYNTHETIC_TYPICAL,B_member_routine_template
cityrole-0005,m02,weekday,2,18:30,24:00,SYNTHETIC_TYPICAL,B_member_routine_template
cityrole-0005,m02,weekend,1,00:00,10:00,SYNTHETIC_TYPICAL,B_member_routine_template
cityrole-0005,m02,weekend,2,13:00,24:00,SYNTHETIC_TYPICAL,B_member_routine_template
cityrole-0005,m03,weekday,1,00:00,09:00,SYNTHETIC_TYPICAL,B_member_routine_template
cityrole-0005,m03,weekday,2,12:00,15:00,SYNTHETIC_TYPICAL,B_member_routine_template
cityrole-0005,m03,weekday,3,19:00,24:00,SYNTHETIC_TYPICAL,B_member_routine_template
cityrole-0005,m03,weekend,1,00:00,10:00,SYNTHETIC_TYPICAL,B_member_routine_template
cityrole-0005,m03,weekend,2,13:00,24:00,SYNTHETIC_TYPICAL,B_member_routine_template
cityrole-0005,m04,weekday,1,00:00,07:30,SYNTHETIC_TYPICAL,B_member_routine_template
cityrole-0005,m04,weekday,2,18:30,24:00,SYNTHETIC_TYPICAL,B_member_routine_template
cityrole-0005,m04,weekend,1,00:00,10:00,SYNTHETIC_TYPICAL,B_member_routine_template
cityrole-0005,m04,weekend,2,13:00,24:00,SYNTHETIC_TYPICAL,B_member_routine_template
cityrole-0006,m01,weekday,1,00:00,24:00,SYNTHETIC_TYPICAL,B_member_routine_template
cityrole-0006,m01,weekend,1,00:00,10:00,SYNTHETIC_TYPICAL,B_member_routine_template
cityrole-0006,m01,weekend,2,13:00,24:00,SYNTHETIC_TYPICAL,B_member_routine_template
cityrole-0006,m02,weekday,0,,,UNKNOWN,irregular_routine_not_fixed_clock
cityrole-0006,m02,weekend,0,,,UNKNOWN,irregular_routine_not_fixed_clock
cityrole-0006,m03,weekday,1,00:00,09:00,SYNTHETIC_TYPICAL,B_member_routine_template
cityrole-0006,m03,weekday,2,12:00,15:00,SYNTHETIC_TYPICAL,B_member_routine_template
cityrole-0006,m03,weekday,3,19:00,24:00,SYNTHETIC_TYPICAL,B_member_routine_template
cityrole-0006,m03,weekend,1,00:00,10:00,SYNTHETIC_TYPICAL,B_member_routine_template
cityrole-0006,m03,weekend,2,13:00,24:00,SYNTHETIC_TYPICAL,B_member_routine_template
cityrole-0007,m01,weekday,1,00:00,24:00,SYNTHETIC_TYPICAL,B_member_routine_template
cityrole-0007,m01,weekend,1,00:00,10:00,SYNTHETIC_TYPICAL,B_member_routine_template
cityrole-0007,m01,weekend,2,13:00,24:00,SYNTHETIC_TYPICAL,B_member_routine_template
cityrole-0007,m02,weekday,1,00:00,09:00,SYNTHETIC_TYPICAL,B_member_routine_template
cityrole-0007,m02,weekday,2,12:00,15:00,SYNTHETIC_TYPICAL,B_member_routine_template
cityrole-0007,m02,weekday,3,19:00,24:00,SYNTHETIC_TYPICAL,B_member_routine_template
cityrole-0007,m02,weekend,1,00:00,10:00,SYNTHETIC_TYPICAL,B_member_routine_template
cityrole-0007,m02,weekend,2,13:00,24:00,SYNTHETIC_TYPICAL,B_member_routine_template
cityrole-0008,m01,weekday,0,,,UNKNOWN,irregular_routine_not_fixed_clock
cityrole-0008,m01,weekend,0,,,UNKNOWN,irregular_routine_not_fixed_clock
cityrole-0008,m02,weekday,1,00:00,09:00,SYNTHETIC_TYPICAL,B_member_routine_template
cityrole-0008,m02,weekday,2,12:00,15:00,SYNTHETIC_TYPICAL,B_member_routine_template
cityrole-0008,m02,weekday,3,19:00,24:00,SYNTHETIC_TYPICAL,B_member_routine_template
cityrole-0008,m02,weekend,1,00:00,10:00,SYNTHETIC_TYPICAL,B_member_routine_template
cityrole-0008,m02,weekend,2,13:00,24:00,SYNTHETIC_TYPICAL,B_member_routine_template
cityrole-0009,m01,weekday,1,00:00,24:00,SYNTHETIC_TYPICAL,B_member_routine_template
cityrole-0009,m01,weekend,1,00:00,10:00,SYNTHETIC_TYPICAL,B_member_routine_template
cityrole-0009,m01,weekend,2,13:00,24:00,SYNTHETIC_TYPICAL,B_member_routine_template
cityrole-0009,m02,weekday,1,00:00,07:30,SYNTHETIC_TYPICAL,B_member_routine_template
cityrole-0009,m02,weekday,2,18:30,24:00,SYNTHETIC_TYPICAL,B_member_routine_template
cityrole-0009,m02,weekend,1,00:00,10:00,SYNTHETIC_TYPICAL,B_member_routine_template
cityrole-0009,m02,weekend,2,13:00,24:00,SYNTHETIC_TYPICAL,B_member_routine_template
cityrole-0010,m01,weekday,1,00:00,09:00,SYNTHETIC_TYPICAL,B_member_routine_template
cityrole-0010,m01,weekday,2,12:00,15:00,SYNTHETIC_TYPICAL,B_member_routine_template
cityrole-0010,m01,weekday,3,19:00,24:00,SYNTHETIC_TYPICAL,B_member_routine_template
cityrole-0010,m01,weekend,1,00:00,10:00,SYNTHETIC_TYPICAL,B_member_routine_template
cityrole-0010,m01,weekend,2,13:00,24:00,SYNTHETIC_TYPICAL,B_member_routine_template
cityrole-0011,m01,weekday,1,00:00,07:30,SYNTHETIC_TYPICAL,B_member_routine_template
cityrole-0011,m01,weekday,2,18:30,24:00,SYNTHETIC_TYPICAL,B_member_routine_template
cityrole-0011,m01,weekend,1,00:00,10:00,SYNTHETIC_TYPICAL,B_member_routine_template
cityrole-0011,m01,weekend,2,13:00,24:00,SYNTHETIC_TYPICAL,B_member_routine_template
cityrole-0011,m02,weekday,1,00:00,09:00,SYNTHETIC_TYPICAL,B_member_routine_template
cityrole-0011,m02,weekday,2,12:00,15:00,SYNTHETIC_TYPICAL,B_member_routine_template
cityrole-0011,m02,weekday,3,19:00,24:00,SYNTHETIC_TYPICAL,B_member_routine_template
cityrole-0011,m02,weekend,1,00:00,10:00,SYNTHETIC_TYPICAL,B_member_routine_template
cityrole-0011,m02,weekend,2,13:00,24:00,SYNTHETIC_TYPICAL,B_member_routine_template
cityrole-0012,m01,weekday,1,00:00,09:00,SYNTHETIC_TYPICAL,B_member_routine_template
cityrole-0012,m01,weekday,2,12:00,15:00,SYNTHETIC_TYPICAL,B_member_routine_template
cityrole-0012,m01,weekday,3,19:00,24:00,SYNTHETIC_TYPICAL,B_member_routine_template
cityrole-0012,m01,weekend,1,00:00,10:00,SYNTHETIC_TYPICAL,B_member_routine_template
cityrole-0012,m01,weekend,2,13:00,24:00,SYNTHETIC_TYPICAL,B_member_routine_template
cityrole-0013,m01,weekday,0,,,UNKNOWN,irregular_routine_not_fixed_clock
cityrole-0013,m01,weekend,0,,,UNKNOWN,irregular_routine_not_fixed_clock
cityrole-0013,m02,weekday,1,00:00,24:00,SYNTHETIC_TYPICAL,B_member_routine_template
cityrole-0013,m02,weekend,1,00:00,10:00,SYNTHETIC_TYPICAL,B_member_routine_template
cityrole-0013,m02,weekend,2,13:00,24:00,SYNTHETIC_TYPICAL,B_member_routine_template
cityrole-0014,m01,weekday,1,00:00,09:00,SYNTHETIC_TYPICAL,B_member_routine_template
cityrole-0014,m01,weekday,2,12:00,15:00,SYNTHETIC_TYPICAL,B_member_routine_template
cityrole-0014,m01,weekday,3,19:00,24:00,SYNTHETIC_TYPICAL,B_member_routine_template
cityrole-0014,m01,weekend,1,00:00,10:00,SYNTHETIC_TYPICAL,B_member_routine_template
cityrole-0014,m01,weekend,2,13:00,24:00,SYNTHETIC_TYPICAL,B_member_routine_template
cityrole-0014,m02,weekday,1,00:00,07:30,SYNTHETIC_TYPICAL,B_member_routine_template
cityrole-0014,m02,weekday,2,18:30,24:00,SYNTHETIC_TYPICAL,B_member_routine_template
cityrole-0014,m02,weekend,1,00:00,10:00,SYNTHETIC_TYPICAL,B_member_routine_template
cityrole-0014,m02,weekend,2,13:00,24:00,SYNTHETIC_TYPICAL,B_member_routine_template
cityrole-0015,m01,weekday,1,00:00,09:00,SYNTHETIC_TYPICAL,B_member_routine_template
cityrole-0015,m01,weekday,2,12:00,15:00,SYNTHETIC_TYPICAL,B_member_routine_template
cityrole-0015,m01,weekday,3,19:00,24:00,SYNTHETIC_TYPICAL,B_member_routine_template
cityrole-0015,m01,weekend,1,00:00,10:00,SYNTHETIC_TYPICAL,B_member_routine_template
cityrole-0015,m01,weekend,2,13:00,24:00,SYNTHETIC_TYPICAL,B_member_routine_template
cityrole-0015,m02,weekday,1,00:00,24:00,SYNTHETIC_TYPICAL,B_member_routine_template
cityrole-0015,m02,weekend,1,00:00,10:00,SYNTHETIC_TYPICAL,B_member_routine_template
cityrole-0015,m02,weekend,2,13:00,24:00,SYNTHETIC_TYPICAL,B_member_routine_template
cityrole-0015,m03,weekday,1,00:00,07:30,SYNTHETIC_TYPICAL,B_member_routine_template
cityrole-0015,m03,weekday,2,18:30,24:00,SYNTHETIC_TYPICAL,B_member_routine_template
cityrole-0015,m03,weekend,1,00:00,10:00,SYNTHETIC_TYPICAL,B_member_routine_template
cityrole-0015,m03,weekend,2,13:00,24:00,SYNTHETIC_TYPICAL,B_member_routine_template
cityrole-0015,m04,weekday,1,00:00,07:30,SYNTHETIC_TYPICAL,B_member_routine_template
cityrole-0015,m04,weekday,2,18:30,24:00,SYNTHETIC_TYPICAL,B_member_routine_template
cityrole-0015,m04,weekend,1,00:00,10:00,SYNTHETIC_TYPICAL,B_member_routine_template
cityrole-0015,m04,weekend,2,13:00,24:00,SYNTHETIC_TYPICAL,B_member_routine_template
cityrole-0016,m01,weekday,1,00:00,07:30,SYNTHETIC_TYPICAL,B_member_routine_template
cityrole-0016,m01,weekday,2,18:30,24:00,SYNTHETIC_TYPICAL,B_member_routine_template
cityrole-0016,m01,weekend,1,00:00,10:00,SYNTHETIC_TYPICAL,B_member_routine_template
cityrole-0016,m01,weekend,2,13:00,24:00,SYNTHETIC_TYPICAL,B_member_routine_template
cityrole-0016,m02,weekday,0,,,UNKNOWN,irregular_routine_not_fixed_clock
cityrole-0016,m02,weekend,0,,,UNKNOWN,irregular_routine_not_fixed_clock
cityrole-0017,m01,weekday,1,00:00,09:00,SYNTHETIC_TYPICAL,B_member_routine_template
cityrole-0017,m01,weekday,2,12:00,15:00,SYNTHETIC_TYPICAL,B_member_routine_template
cityrole-0017,m01,weekday,3,19:00,24:00,SYNTHETIC_TYPICAL,B_member_routine_template
cityrole-0017,m01,weekend,1,00:00,10:00,SYNTHETIC_TYPICAL,B_member_routine_template
cityrole-0017,m01,weekend,2,13:00,24:00,SYNTHETIC_TYPICAL,B_member_routine_template
cityrole-0018,m01,weekday,0,,,UNKNOWN,irregular_routine_not_fixed_clock
cityrole-0018,m01,weekend,0,,,UNKNOWN,irregular_routine_not_fixed_clock
cityrole-0019,m01,weekday,1,00:00,09:00,SYNTHETIC_TYPICAL,B_member_routine_template
cityrole-0019,m01,weekday,2,12:00,15:00,SYNTHETIC_TYPICAL,B_member_routine_template
cityrole-0019,m01,weekday,3,19:00,24:00,SYNTHETIC_TYPICAL,B_member_routine_template
cityrole-0019,m01,weekend,1,00:00,10:00,SYNTHETIC_TYPICAL,B_member_routine_template
cityrole-0019,m01,weekend,2,13:00,24:00,SYNTHETIC_TYPICAL,B_member_routine_template
cityrole-0020,m01,weekday,1,00:00,09:00,SYNTHETIC_TYPICAL,B_member_routine_template
cityrole-0020,m01,weekday,2,12:00,15:00,SYNTHETIC_TYPICAL,B_member_routine_template
cityrole-0020,m01,weekday,3,19:00,24:00,SYNTHETIC_TYPICAL,B_member_routine_template
cityrole-0020,m01,weekend,1,00:00,10:00,SYNTHETIC_TYPICAL,B_member_routine_template
cityrole-0020,m01,weekend,2,13:00,24:00,SYNTHETIC_TYPICAL,B_member_routine_template
cityrole-0020,m02,weekday,1,00:00,24:00,SYNTHETIC_TYPICAL,B_member_routine_template
cityrole-0020,m02,weekend,1,00:00,10:00,SYNTHETIC_TYPICAL,B_member_routine_template
cityrole-0020,m02,weekend,2,13:00,24:00,SYNTHETIC_TYPICAL,B_member_routine_template
cityrole-0020,m03,weekday,1,00:00,09:00,SYNTHETIC_TYPICAL,B_member_routine_template
cityrole-0020,m03,weekday,2,12:00,15:00,SYNTHETIC_TYPICAL,B_member_routine_template
cityrole-0020,m03,weekday,3,19:00,24:00,SYNTHETIC_TYPICAL,B_member_routine_template
cityrole-0020,m03,weekend,1,00:00,10:00,SYNTHETIC_TYPICAL,B_member_routine_template
cityrole-0020,m03,weekend,2,13:00,24:00,SYNTHETIC_TYPICAL,B_member_routine_template
cityrole-0021,m01,weekday,1,00:00,07:30,SYNTHETIC_TYPICAL,B_member_routine_template
cityrole-0021,m01,weekday,2,18:30,24:00,SYNTHETIC_TYPICAL,B_member_routine_template
cityrole-0021,m01,weekend,1,00:00,10:00,SYNTHETIC_TYPICAL,B_member_routine_template
cityrole-0021,m01,weekend,2,13:00,24:00,SYNTHETIC_TYPICAL,B_member_routine_template
cityrole-0021,m02,weekday,0,,,UNKNOWN,irregular_routine_not_fixed_clock
cityrole-0021,m02,weekend,0,,,UNKNOWN,irregular_routine_not_fixed_clock
cityrole-0022,m01,weekday,1,00:00,24:00,SYNTHETIC_TYPICAL,B_member_routine_template
cityrole-0022,m01,weekend,1,00:00,10:00,SYNTHETIC_TYPICAL,B_member_routine_template
cityrole-0022,m01,weekend,2,13:00,24:00,SYNTHETIC_TYPICAL,B_member_routine_template
cityrole-0022,m02,weekday,1,00:00,09:00,SYNTHETIC_TYPICAL,B_member_routine_template
cityrole-0022,m02,weekday,2,12:00,15:00,SYNTHETIC_TYPICAL,B_member_routine_template
cityrole-0022,m02,weekday,3,19:00,24:00,SYNTHETIC_TYPICAL,B_member_routine_template
cityrole-0022,m02,weekend,1,00:00,10:00,SYNTHETIC_TYPICAL,B_member_routine_template
cityrole-0022,m02,weekend,2,13:00,24:00,SYNTHETIC_TYPICAL,B_member_routine_template
cityrole-0022,m03,weekday,1,00:00,07:30,SYNTHETIC_TYPICAL,B_member_routine_template
cityrole-0022,m03,weekday,2,18:30,24:00,SYNTHETIC_TYPICAL,B_member_routine_template
cityrole-0022,m03,weekend,1,00:00,10:00,SYNTHETIC_TYPICAL,B_member_routine_template
cityrole-0022,m03,weekend,2,13:00,24:00,SYNTHETIC_TYPICAL,B_member_routine_template
cityrole-0023,m01,weekday,0,,,UNKNOWN,irregular_routine_not_fixed_clock
cityrole-0023,m01,weekend,0,,,UNKNOWN,irregular_routine_not_fixed_clock
cityrole-0023,m02,weekday,1,00:00,09:00,SYNTHETIC_TYPICAL,B_member_routine_template
cityrole-0023,m02,weekday,2,12:00,15:00,SYNTHETIC_TYPICAL,B_member_routine_template
cityrole-0023,m02,weekday,3,19:00,24:00,SYNTHETIC_TYPICAL,B_member_routine_template
cityrole-0023,m02,weekend,1,00:00,10:00,SYNTHETIC_TYPICAL,B_member_routine_template
cityrole-0023,m02,weekend,2,13:00,24:00,SYNTHETIC_TYPICAL,B_member_routine_template
cityrole-0024,m01,weekday,1,00:00,09:00,SYNTHETIC_TYPICAL,B_member_routine_template
cityrole-0024,m01,weekday,2,12:00,15:00,SYNTHETIC_TYPICAL,B_member_routine_template
cityrole-0024,m01,weekday,3,19:00,24:00,SYNTHETIC_TYPICAL,B_member_routine_template
cityrole-0024,m01,weekend,1,00:00,10:00,SYNTHETIC_TYPICAL,B_member_routine_template
cityrole-0024,m01,weekend,2,13:00,24:00,SYNTHETIC_TYPICAL,B_member_routine_template
cityrole-0024,m02,weekday,1,00:00,07:30,SYNTHETIC_TYPICAL,B_member_routine_template
cityrole-0024,m02,weekday,2,18:30,24:00,SYNTHETIC_TYPICAL,B_member_routine_template
cityrole-0024,m02,weekend,1,00:00,10:00,SYNTHETIC_TYPICAL,B_member_routine_template
cityrole-0024,m02,weekend,2,13:00,24:00,SYNTHETIC_TYPICAL,B_member_routine_template
cityrole-0024,m03,weekday,0,,,UNKNOWN,irregular_routine_not_fixed_clock
cityrole-0024,m03,weekend,0,,,UNKNOWN,irregular_routine_not_fixed_clock
cityrole-0024,m04,weekday,1,00:00,09:00,SYNTHETIC_TYPICAL,B_member_routine_template
cityrole-0024,m04,weekday,2,12:00,15:00,SYNTHETIC_TYPICAL,B_member_routine_template
cityrole-0024,m04,weekday,3,19:00,24:00,SYNTHETIC_TYPICAL,B_member_routine_template
cityrole-0024,m04,weekend,1,00:00,10:00,SYNTHETIC_TYPICAL,B_member_routine_template
cityrole-0024,m04,weekend,2,13:00,24:00,SYNTHETIC_TYPICAL,B_member_routine_template
cityrole-0024,m05,weekday,1,00:00,24:00,SYNTHETIC_TYPICAL,B_member_routine_template
cityrole-0024,m05,weekend,1,00:00,10:00,SYNTHETIC_TYPICAL,B_member_routine_template
cityrole-0024,m05,weekend,2,13:00,24:00,SYNTHETIC_TYPICAL,B_member_routine_template
cityrole-0025,m01,weekday,1,00:00,09:00,SYNTHETIC_TYPICAL,B_member_routine_template
cityrole-0025,m01,weekday,2,12:00,15:00,SYNTHETIC_TYPICAL,B_member_routine_template
cityrole-0025,m01,weekday,3,19:00,24:00,SYNTHETIC_TYPICAL,B_member_routine_template
cityrole-0025,m01,weekend,1,00:00,10:00,SYNTHETIC_TYPICAL,B_member_routine_template
cityrole-0025,m01,weekend,2,13:00,24:00,SYNTHETIC_TYPICAL,B_member_routine_template
cityrole-0025,m02,weekday,1,00:00,24:00,SYNTHETIC_TYPICAL,B_member_routine_template
cityrole-0025,m02,weekend,1,00:00,10:00,SYNTHETIC_TYPICAL,B_member_routine_template
cityrole-0025,m02,weekend,2,13:00,24:00,SYNTHETIC_TYPICAL,B_member_routine_template
cityrole-0026,m01,weekday,1,00:00,24:00,SYNTHETIC_TYPICAL,B_member_routine_template
cityrole-0026,m01,weekend,1,00:00,10:00,SYNTHETIC_TYPICAL,B_member_routine_template
cityrole-0026,m01,weekend,2,13:00,24:00,SYNTHETIC_TYPICAL,B_member_routine_template
cityrole-0026,m02,weekday,0,,,UNKNOWN,irregular_routine_not_fixed_clock
cityrole-0026,m02,weekend,0,,,UNKNOWN,irregular_routine_not_fixed_clock
cityrole-0027,m01,weekday,1,00:00,24:00,SYNTHETIC_TYPICAL,B_member_routine_template
cityrole-0027,m01,weekend,1,00:00,10:00,SYNTHETIC_TYPICAL,B_member_routine_template
cityrole-0027,m01,weekend,2,13:00,24:00,SYNTHETIC_TYPICAL,B_member_routine_template
cityrole-0027,m02,weekday,1,00:00,07:30,SYNTHETIC_TYPICAL,B_member_routine_template
cityrole-0027,m02,weekday,2,18:30,24:00,SYNTHETIC_TYPICAL,B_member_routine_template
cityrole-0027,m02,weekend,1,00:00,10:00,SYNTHETIC_TYPICAL,B_member_routine_template
cityrole-0027,m02,weekend,2,13:00,24:00,SYNTHETIC_TYPICAL,B_member_routine_template
cityrole-0027,m03,weekday,1,00:00,07:30,SYNTHETIC_TYPICAL,B_member_routine_template
cityrole-0027,m03,weekday,2,18:30,24:00,SYNTHETIC_TYPICAL,B_member_routine_template
cityrole-0027,m03,weekend,1,00:00,10:00,SYNTHETIC_TYPICAL,B_member_routine_template
cityrole-0027,m03,weekend,2,13:00,24:00,SYNTHETIC_TYPICAL,B_member_routine_template
cityrole-0027,m04,weekday,1,00:00,07:30,SYNTHETIC_TYPICAL,B_member_routine_template
cityrole-0027,m04,weekday,2,18:30,24:00,SYNTHETIC_TYPICAL,B_member_routine_template
cityrole-0027,m04,weekend,1,00:00,10:00,SYNTHETIC_TYPICAL,B_member_routine_template
cityrole-0027,m04,weekend,2,13:00,24:00,SYNTHETIC_TYPICAL,B_member_routine_template
cityrole-0028,m01,weekday,1,00:00,24:00,SYNTHETIC_TYPICAL,B_member_routine_template
cityrole-0028,m01,weekend,1,00:00,10:00,SYNTHETIC_TYPICAL,B_member_routine_template
cityrole-0028,m01,weekend,2,13:00,24:00,SYNTHETIC_TYPICAL,B_member_routine_template
cityrole-0028,m02,weekday,1,00:00,09:00,SYNTHETIC_TYPICAL,B_member_routine_template
cityrole-0028,m02,weekday,2,12:00,15:00,SYNTHETIC_TYPICAL,B_member_routine_template
cityrole-0028,m02,weekday,3,19:00,24:00,SYNTHETIC_TYPICAL,B_member_routine_template
cityrole-0028,m02,weekend,1,00:00,10:00,SYNTHETIC_TYPICAL,B_member_routine_template
cityrole-0028,m02,weekend,2,13:00,24:00,SYNTHETIC_TYPICAL,B_member_routine_template
cityrole-0028,m03,weekday,1,00:00,24:00,SYNTHETIC_TYPICAL,B_member_routine_template
cityrole-0028,m03,weekend,1,00:00,10:00,SYNTHETIC_TYPICAL,B_member_routine_template
cityrole-0028,m03,weekend,2,13:00,24:00,SYNTHETIC_TYPICAL,B_member_routine_template
cityrole-0028,m04,weekday,1,00:00,09:00,SYNTHETIC_TYPICAL,B_member_routine_template
cityrole-0028,m04,weekday,2,12:00,15:00,SYNTHETIC_TYPICAL,B_member_routine_template
cityrole-0028,m04,weekday,3,19:00,24:00,SYNTHETIC_TYPICAL,B_member_routine_template
cityrole-0028,m04,weekend,1,00:00,10:00,SYNTHETIC_TYPICAL,B_member_routine_template
cityrole-0028,m04,weekend,2,13:00,24:00,SYNTHETIC_TYPICAL,B_member_routine_template
cityrole-0029,m01,weekday,1,00:00,24:00,SYNTHETIC_TYPICAL,B_member_routine_template
cityrole-0029,m01,weekend,1,00:00,10:00,SYNTHETIC_TYPICAL,B_member_routine_template
cityrole-0029,m01,weekend,2,13:00,24:00,SYNTHETIC_TYPICAL,B_member_routine_template
cityrole-0029,m02,weekday,1,00:00,07:30,SYNTHETIC_TYPICAL,B_member_routine_template
cityrole-0029,m02,weekday,2,18:30,24:00,SYNTHETIC_TYPICAL,B_member_routine_template
cityrole-0029,m02,weekend,1,00:00,10:00,SYNTHETIC_TYPICAL,B_member_routine_template
cityrole-0029,m02,weekend,2,13:00,24:00,SYNTHETIC_TYPICAL,B_member_routine_template
cityrole-0029,m03,weekday,0,,,UNKNOWN,irregular_routine_not_fixed_clock
cityrole-0029,m03,weekend,0,,,UNKNOWN,irregular_routine_not_fixed_clock
cityrole-0030,m01,weekday,1,00:00,09:00,SYNTHETIC_TYPICAL,B_member_routine_template
cityrole-0030,m01,weekday,2,12:00,15:00,SYNTHETIC_TYPICAL,B_member_routine_template
cityrole-0030,m01,weekday,3,19:00,24:00,SYNTHETIC_TYPICAL,B_member_routine_template
cityrole-0030,m01,weekend,1,00:00,10:00,SYNTHETIC_TYPICAL,B_member_routine_template
cityrole-0030,m01,weekend,2,13:00,24:00,SYNTHETIC_TYPICAL,B_member_routine_template
cityrole-0030,m02,weekday,1,00:00,24:00,SYNTHETIC_TYPICAL,B_member_routine_template
cityrole-0030,m02,weekend,1,00:00,10:00,SYNTHETIC_TYPICAL,B_member_routine_template
cityrole-0030,m02,weekend,2,13:00,24:00,SYNTHETIC_TYPICAL,B_member_routine_template
cityrole-0030,m03,weekday,1,00:00,09:00,SYNTHETIC_TYPICAL,B_member_routine_template
cityrole-0030,m03,weekday,2,12:00,15:00,SYNTHETIC_TYPICAL,B_member_routine_template
cityrole-0030,m03,weekday,3,19:00,24:00,SYNTHETIC_TYPICAL,B_member_routine_template
cityrole-0030,m03,weekend,1,00:00,10:00,SYNTHETIC_TYPICAL,B_member_routine_template
cityrole-0030,m03,weekend,2,13:00,24:00,SYNTHETIC_TYPICAL,B_member_routine_template
cityrole-0031,m01,weekday,1,00:00,07:30,SYNTHETIC_TYPICAL,B_member_routine_template
cityrole-0031,m01,weekday,2,18:30,24:00,SYNTHETIC_TYPICAL,B_member_routine_template
cityrole-0031,m01,weekend,1,00:00,10:00,SYNTHETIC_TYPICAL,B_member_routine_template
cityrole-0031,m01,weekend,2,13:00,24:00,SYNTHETIC_TYPICAL,B_member_routine_template
cityrole-0032,m01,weekday,1,00:00,24:00,SYNTHETIC_TYPICAL,B_member_routine_template
cityrole-0032,m01,weekend,1,00:00,10:00,SYNTHETIC_TYPICAL,B_member_routine_template
cityrole-0032,m01,weekend,2,13:00,24:00,SYNTHETIC_TYPICAL,B_member_routine_template
cityrole-0032,m02,weekday,1,00:00,09:00,SYNTHETIC_TYPICAL,B_member_routine_template
cityrole-0032,m02,weekday,2,12:00,15:00,SYNTHETIC_TYPICAL,B_member_routine_template
cityrole-0032,m02,weekday,3,19:00,24:00,SYNTHETIC_TYPICAL,B_member_routine_template
cityrole-0032,m02,weekend,1,00:00,10:00,SYNTHETIC_TYPICAL,B_member_routine_template
cityrole-0032,m02,weekend,2,13:00,24:00,SYNTHETIC_TYPICAL,B_member_routine_template
cityrole-0033,m01,weekday,0,,,UNKNOWN,irregular_routine_not_fixed_clock
cityrole-0033,m01,weekend,0,,,UNKNOWN,irregular_routine_not_fixed_clock
cityrole-0034,m01,weekday,1,00:00,24:00,SYNTHETIC_TYPICAL,B_member_routine_template
cityrole-0034,m01,weekend,1,00:00,10:00,SYNTHETIC_TYPICAL,B_member_routine_template
cityrole-0034,m01,weekend,2,13:00,24:00,SYNTHETIC_TYPICAL,B_member_routine_template
cityrole-0034,m02,weekday,1,00:00,07:30,SYNTHETIC_TYPICAL,B_member_routine_template
cityrole-0034,m02,weekday,2,18:30,24:00,SYNTHETIC_TYPICAL,B_member_routine_template
cityrole-0034,m02,weekend,1,00:00,10:00,SYNTHETIC_TYPICAL,B_member_routine_template
cityrole-0034,m02,weekend,2,13:00,24:00,SYNTHETIC_TYPICAL,B_member_routine_template
cityrole-0035,m01,weekday,1,00:00,09:00,SYNTHETIC_TYPICAL,B_member_routine_template
cityrole-0035,m01,weekday,2,12:00,15:00,SYNTHETIC_TYPICAL,B_member_routine_template
cityrole-0035,m01,weekday,3,19:00,24:00,SYNTHETIC_TYPICAL,B_member_routine_template
cityrole-0035,m01,weekend,1,00:00,10:00,SYNTHETIC_TYPICAL,B_member_routine_template
cityrole-0035,m01,weekend,2,13:00,24:00,SYNTHETIC_TYPICAL,B_member_routine_template
cityrole-0036,m01,weekday,1,00:00,09:00,SYNTHETIC_TYPICAL,B_member_routine_template
cityrole-0036,m01,weekday,2,12:00,15:00,SYNTHETIC_TYPICAL,B_member_routine_template
cityrole-0036,m01,weekday,3,19:00,24:00,SYNTHETIC_TYPICAL,B_member_routine_template
cityrole-0036,m01,weekend,1,00:00,10:00,SYNTHETIC_TYPICAL,B_member_routine_template
cityrole-0036,m01,weekend,2,13:00,24:00,SYNTHETIC_TYPICAL,B_member_routine_template
cityrole-0036,m02,weekday,0,,,UNKNOWN,irregular_routine_not_fixed_clock
cityrole-0036,m02,weekend,0,,,UNKNOWN,irregular_routine_not_fixed_clock
cityrole-0036,m03,weekday,1,00:00,09:00,SYNTHETIC_TYPICAL,B_member_routine_template
cityrole-0036,m03,weekday,2,12:00,15:00,SYNTHETIC_TYPICAL,B_member_routine_template
cityrole-0036,m03,weekday,3,19:00,24:00,SYNTHETIC_TYPICAL,B_member_routine_template
cityrole-0036,m03,weekend,1,00:00,10:00,SYNTHETIC_TYPICAL,B_member_routine_template
cityrole-0036,m03,weekend,2,13:00,24:00,SYNTHETIC_TYPICAL,B_member_routine_template
cityrole-0037,m01,weekday,1,00:00,24:00,SYNTHETIC_TYPICAL,B_member_routine_template
cityrole-0037,m01,weekend,1,00:00,10:00,SYNTHETIC_TYPICAL,B_member_routine_template
cityrole-0037,m01,weekend,2,13:00,24:00,SYNTHETIC_TYPICAL,B_member_routine_template
cityrole-0037,m02,weekday,1,00:00,07:30,SYNTHETIC_TYPICAL,B_member_routine_template
cityrole-0037,m02,weekday,2,18:30,24:00,SYNTHETIC_TYPICAL,B_member_routine_template
cityrole-0037,m02,weekend,1,00:00,10:00,SYNTHETIC_TYPICAL,B_member_routine_template
cityrole-0037,m02,weekend,2,13:00,24:00,SYNTHETIC_TYPICAL,B_member_routine_template
cityrole-0038,m01,weekday,0,,,UNKNOWN,irregular_routine_not_fixed_clock
cityrole-0038,m01,weekend,0,,,UNKNOWN,irregular_routine_not_fixed_clock
cityrole-0038,m02,weekday,1,00:00,09:00,SYNTHETIC_TYPICAL,B_member_routine_template
cityrole-0038,m02,weekday,2,12:00,15:00,SYNTHETIC_TYPICAL,B_member_routine_template
cityrole-0038,m02,weekday,3,19:00,24:00,SYNTHETIC_TYPICAL,B_member_routine_template
cityrole-0038,m02,weekend,1,00:00,10:00,SYNTHETIC_TYPICAL,B_member_routine_template
cityrole-0038,m02,weekend,2,13:00,24:00,SYNTHETIC_TYPICAL,B_member_routine_template
cityrole-0038,m03,weekday,1,00:00,24:00,SYNTHETIC_TYPICAL,B_member_routine_template
cityrole-0038,m03,weekend,1,00:00,10:00,SYNTHETIC_TYPICAL,B_member_routine_template
cityrole-0038,m03,weekend,2,13:00,24:00,SYNTHETIC_TYPICAL,B_member_routine_template
cityrole-0039,m01,weekday,1,00:00,09:00,SYNTHETIC_TYPICAL,B_member_routine_template
cityrole-0039,m01,weekday,2,12:00,15:00,SYNTHETIC_TYPICAL,B_member_routine_template
cityrole-0039,m01,weekday,3,19:00,24:00,SYNTHETIC_TYPICAL,B_member_routine_template
cityrole-0039,m01,weekend,1,00:00,10:00,SYNTHETIC_TYPICAL,B_member_routine_template
cityrole-0039,m01,weekend,2,13:00,24:00,SYNTHETIC_TYPICAL,B_member_routine_template
cityrole-0039,m02,weekday,1,00:00,07:30,SYNTHETIC_TYPICAL,B_member_routine_template
cityrole-0039,m02,weekday,2,18:30,24:00,SYNTHETIC_TYPICAL,B_member_routine_template
cityrole-0039,m02,weekend,1,00:00,10:00,SYNTHETIC_TYPICAL,B_member_routine_template
cityrole-0039,m02,weekend,2,13:00,24:00,SYNTHETIC_TYPICAL,B_member_routine_template
cityrole-0040,m01,weekday,1,00:00,09:00,SYNTHETIC_TYPICAL,B_member_routine_template
cityrole-0040,m01,weekday,2,12:00,15:00,SYNTHETIC_TYPICAL,B_member_routine_template
cityrole-0040,m01,weekday,3,19:00,24:00,SYNTHETIC_TYPICAL,B_member_routine_template
cityrole-0040,m01,weekend,1,00:00,10:00,SYNTHETIC_TYPICAL,B_member_routine_template
cityrole-0040,m01,weekend,2,13:00,24:00,SYNTHETIC_TYPICAL,B_member_routine_template
cityrole-0041,m01,weekday,1,00:00,09:00,SYNTHETIC_TYPICAL,B_member_routine_template
cityrole-0041,m01,weekday,2,12:00,15:00,SYNTHETIC_TYPICAL,B_member_routine_template
cityrole-0041,m01,weekday,3,19:00,24:00,SYNTHETIC_TYPICAL,B_member_routine_template
cityrole-0041,m01,weekend,1,00:00,10:00,SYNTHETIC_TYPICAL,B_member_routine_template
cityrole-0041,m01,weekend,2,13:00,24:00,SYNTHETIC_TYPICAL,B_member_routine_template
cityrole-0041,m02,weekday,0,,,UNKNOWN,irregular_routine_not_fixed_clock
cityrole-0041,m02,weekend,0,,,UNKNOWN,irregular_routine_not_fixed_clock
cityrole-0041,m03,weekday,1,00:00,07:30,SYNTHETIC_TYPICAL,B_member_routine_template
cityrole-0041,m03,weekday,2,18:30,24:00,SYNTHETIC_TYPICAL,B_member_routine_template
cityrole-0041,m03,weekend,1,00:00,10:00,SYNTHETIC_TYPICAL,B_member_routine_template
cityrole-0041,m03,weekend,2,13:00,24:00,SYNTHETIC_TYPICAL,B_member_routine_template
cityrole-0041,m04,weekday,1,00:00,24:00,SYNTHETIC_TYPICAL,B_member_routine_template
cityrole-0041,m04,weekend,1,00:00,10:00,SYNTHETIC_TYPICAL,B_member_routine_template
cityrole-0041,m04,weekend,2,13:00,24:00,SYNTHETIC_TYPICAL,B_member_routine_template
cityrole-0041,m05,weekday,1,00:00,09:00,SYNTHETIC_TYPICAL,B_member_routine_template
cityrole-0041,m05,weekday,2,12:00,15:00,SYNTHETIC_TYPICAL,B_member_routine_template
cityrole-0041,m05,weekday,3,19:00,24:00,SYNTHETIC_TYPICAL,B_member_routine_template
cityrole-0041,m05,weekend,1,00:00,10:00,SYNTHETIC_TYPICAL,B_member_routine_template
cityrole-0041,m05,weekend,2,13:00,24:00,SYNTHETIC_TYPICAL,B_member_routine_template
cityrole-0042,m01,weekday,1,00:00,24:00,SYNTHETIC_TYPICAL,B_member_routine_template
cityrole-0042,m01,weekend,1,00:00,10:00,SYNTHETIC_TYPICAL,B_member_routine_template
cityrole-0042,m01,weekend,2,13:00,24:00,SYNTHETIC_TYPICAL,B_member_routine_template
cityrole-0042,m02,weekday,1,00:00,09:00,SYNTHETIC_TYPICAL,B_member_routine_template
cityrole-0042,m02,weekday,2,12:00,15:00,SYNTHETIC_TYPICAL,B_member_routine_template
cityrole-0042,m02,weekday,3,19:00,24:00,SYNTHETIC_TYPICAL,B_member_routine_template
cityrole-0042,m02,weekend,1,00:00,10:00,SYNTHETIC_TYPICAL,B_member_routine_template
cityrole-0042,m02,weekend,2,13:00,24:00,SYNTHETIC_TYPICAL,B_member_routine_template
cityrole-0042,m03,weekday,1,00:00,07:30,SYNTHETIC_TYPICAL,B_member_routine_template
cityrole-0042,m03,weekday,2,18:30,24:00,SYNTHETIC_TYPICAL,B_member_routine_template
cityrole-0042,m03,weekend,1,00:00,10:00,SYNTHETIC_TYPICAL,B_member_routine_template
cityrole-0042,m03,weekend,2,13:00,24:00,SYNTHETIC_TYPICAL,B_member_routine_template
cityrole-0042,m04,weekday,0,,,UNKNOWN,irregular_routine_not_fixed_clock
cityrole-0042,m04,weekend,0,,,UNKNOWN,irregular_routine_not_fixed_clock
cityrole-0043,m01,weekday,1,00:00,07:30,SYNTHETIC_TYPICAL,B_member_routine_template
cityrole-0043,m01,weekday,2,18:30,24:00,SYNTHETIC_TYPICAL,B_member_routine_template
cityrole-0043,m01,weekend,1,00:00,10:00,SYNTHETIC_TYPICAL,B_member_routine_template
cityrole-0043,m01,weekend,2,13:00,24:00,SYNTHETIC_TYPICAL,B_member_routine_template
cityrole-0043,m02,weekday,1,00:00,09:00,SYNTHETIC_TYPICAL,B_member_routine_template
cityrole-0043,m02,weekday,2,12:00,15:00,SYNTHETIC_TYPICAL,B_member_routine_template
cityrole-0043,m02,weekday,3,19:00,24:00,SYNTHETIC_TYPICAL,B_member_routine_template
cityrole-0043,m02,weekend,1,00:00,10:00,SYNTHETIC_TYPICAL,B_member_routine_template
cityrole-0043,m02,weekend,2,13:00,24:00,SYNTHETIC_TYPICAL,B_member_routine_template
cityrole-0044,m01,weekday,1,00:00,09:00,SYNTHETIC_TYPICAL,B_member_routine_template
cityrole-0044,m01,weekday,2,12:00,15:00,SYNTHETIC_TYPICAL,B_member_routine_template
cityrole-0044,m01,weekday,3,19:00,24:00,SYNTHETIC_TYPICAL,B_member_routine_template
cityrole-0044,m01,weekend,1,00:00,10:00,SYNTHETIC_TYPICAL,B_member_routine_template
cityrole-0044,m01,weekend,2,13:00,24:00,SYNTHETIC_TYPICAL,B_member_routine_template
cityrole-0045,m01,weekday,1,00:00,09:00,SYNTHETIC_TYPICAL,B_member_routine_template
cityrole-0045,m01,weekday,2,12:00,15:00,SYNTHETIC_TYPICAL,B_member_routine_template
cityrole-0045,m01,weekday,3,19:00,24:00,SYNTHETIC_TYPICAL,B_member_routine_template
cityrole-0045,m01,weekend,1,00:00,10:00,SYNTHETIC_TYPICAL,B_member_routine_template
cityrole-0045,m01,weekend,2,13:00,24:00,SYNTHETIC_TYPICAL,B_member_routine_template
cityrole-0046,m01,weekday,1,00:00,07:30,SYNTHETIC_TYPICAL,B_member_routine_template
cityrole-0046,m01,weekday,2,18:30,24:00,SYNTHETIC_TYPICAL,B_member_routine_template
cityrole-0046,m01,weekend,1,00:00,10:00,SYNTHETIC_TYPICAL,B_member_routine_template
cityrole-0046,m01,weekend,2,13:00,24:00,SYNTHETIC_TYPICAL,B_member_routine_template
cityrole-0047,m01,weekday,1,00:00,07:30,SYNTHETIC_TYPICAL,B_member_routine_template
cityrole-0047,m01,weekday,2,18:30,24:00,SYNTHETIC_TYPICAL,B_member_routine_template
cityrole-0047,m01,weekend,1,00:00,10:00,SYNTHETIC_TYPICAL,B_member_routine_template
cityrole-0047,m01,weekend,2,13:00,24:00,SYNTHETIC_TYPICAL,B_member_routine_template
cityrole-0047,m02,weekday,1,00:00,09:00,SYNTHETIC_TYPICAL,B_member_routine_template
cityrole-0047,m02,weekday,2,12:00,15:00,SYNTHETIC_TYPICAL,B_member_routine_template
cityrole-0047,m02,weekday,3,19:00,24:00,SYNTHETIC_TYPICAL,B_member_routine_template
cityrole-0047,m02,weekend,1,00:00,10:00,SYNTHETIC_TYPICAL,B_member_routine_template
cityrole-0047,m02,weekend,2,13:00,24:00,SYNTHETIC_TYPICAL,B_member_routine_template
cityrole-0047,m03,weekday,1,00:00,07:30,SYNTHETIC_TYPICAL,B_member_routine_template
cityrole-0047,m03,weekday,2,18:30,24:00,SYNTHETIC_TYPICAL,B_member_routine_template
cityrole-0047,m03,weekend,1,00:00,10:00,SYNTHETIC_TYPICAL,B_member_routine_template
cityrole-0047,m03,weekend,2,13:00,24:00,SYNTHETIC_TYPICAL,B_member_routine_template
cityrole-0048,m01,weekday,1,00:00,09:00,SYNTHETIC_TYPICAL,B_member_routine_template
cityrole-0048,m01,weekday,2,12:00,15:00,SYNTHETIC_TYPICAL,B_member_routine_template
cityrole-0048,m01,weekday,3,19:00,24:00,SYNTHETIC_TYPICAL,B_member_routine_template
cityrole-0048,m01,weekend,1,00:00,10:00,SYNTHETIC_TYPICAL,B_member_routine_template
cityrole-0048,m01,weekend,2,13:00,24:00,SYNTHETIC_TYPICAL,B_member_routine_template
cityrole-0048,m02,weekday,1,00:00,09:00,SYNTHETIC_TYPICAL,B_member_routine_template
cityrole-0048,m02,weekday,2,12:00,15:00,SYNTHETIC_TYPICAL,B_member_routine_template
cityrole-0048,m02,weekday,3,19:00,24:00,SYNTHETIC_TYPICAL,B_member_routine_template
cityrole-0048,m02,weekend,1,00:00,10:00,SYNTHETIC_TYPICAL,B_member_routine_template
cityrole-0048,m02,weekend,2,13:00,24:00,SYNTHETIC_TYPICAL,B_member_routine_template
cityrole-0048,m03,weekday,1,00:00,24:00,SYNTHETIC_TYPICAL,B_member_routine_template
cityrole-0048,m03,weekend,1,00:00,10:00,SYNTHETIC_TYPICAL,B_member_routine_template
cityrole-0048,m03,weekend,2,13:00,24:00,SYNTHETIC_TYPICAL,B_member_routine_template
cityrole-0049,m01,weekday,1,00:00,24:00,SYNTHETIC_TYPICAL,B_member_routine_template
cityrole-0049,m01,weekend,1,00:00,10:00,SYNTHETIC_TYPICAL,B_member_routine_template
cityrole-0049,m01,weekend,2,13:00,24:00,SYNTHETIC_TYPICAL,B_member_routine_template
cityrole-0049,m02,weekday,1,00:00,24:00,SYNTHETIC_TYPICAL,B_member_routine_template
cityrole-0049,m02,weekend,1,00:00,10:00,SYNTHETIC_TYPICAL,B_member_routine_template
cityrole-0049,m02,weekend,2,13:00,24:00,SYNTHETIC_TYPICAL,B_member_routine_template
cityrole-0050,m01,weekday,1,00:00,24:00,SYNTHETIC_TYPICAL,B_member_routine_template
cityrole-0050,m01,weekend,1,00:00,10:00,SYNTHETIC_TYPICAL,B_member_routine_template
cityrole-0050,m01,weekend,2,13:00,24:00,SYNTHETIC_TYPICAL,B_member_routine_template
cityrole-0051,m01,weekday,1,00:00,07:30,SYNTHETIC_TYPICAL,B_member_routine_template
cityrole-0051,m01,weekday,2,18:30,24:00,SYNTHETIC_TYPICAL,B_member_routine_template
cityrole-0051,m01,weekend,1,00:00,10:00,SYNTHETIC_TYPICAL,B_member_routine_template
cityrole-0051,m01,weekend,2,13:00,24:00,SYNTHETIC_TYPICAL,B_member_routine_template
cityrole-0051,m02,weekday,1,00:00,07:30,SYNTHETIC_TYPICAL,B_member_routine_template
cityrole-0051,m02,weekday,2,18:30,24:00,SYNTHETIC_TYPICAL,B_member_routine_template
cityrole-0051,m02,weekend,1,00:00,10:00,SYNTHETIC_TYPICAL,B_member_routine_template
cityrole-0051,m02,weekend,2,13:00,24:00,SYNTHETIC_TYPICAL,B_member_routine_template
cityrole-0051,m03,weekday,1,00:00,09:00,SYNTHETIC_TYPICAL,B_member_routine_template
cityrole-0051,m03,weekday,2,12:00,15:00,SYNTHETIC_TYPICAL,B_member_routine_template
cityrole-0051,m03,weekday,3,19:00,24:00,SYNTHETIC_TYPICAL,B_member_routine_template
cityrole-0051,m03,weekend,1,00:00,10:00,SYNTHETIC_TYPICAL,B_member_routine_template
cityrole-0051,m03,weekend,2,13:00,24:00,SYNTHETIC_TYPICAL,B_member_routine_template
cityrole-0051,m04,weekday,1,00:00,07:30,SYNTHETIC_TYPICAL,B_member_routine_template
cityrole-0051,m04,weekday,2,18:30,24:00,SYNTHETIC_TYPICAL,B_member_routine_template
cityrole-0051,m04,weekend,1,00:00,10:00,SYNTHETIC_TYPICAL,B_member_routine_template
cityrole-0051,m04,weekend,2,13:00,24:00,SYNTHETIC_TYPICAL,B_member_routine_template
cityrole-0052,m01,weekday,1,00:00,24:00,SYNTHETIC_TYPICAL,B_member_routine_template
cityrole-0052,m01,weekend,1,00:00,10:00,SYNTHETIC_TYPICAL,B_member_routine_template
cityrole-0052,m01,weekend,2,13:00,24:00,SYNTHETIC_TYPICAL,B_member_routine_template
cityrole-0053,m01,weekday,0,,,UNKNOWN,irregular_routine_not_fixed_clock
cityrole-0053,m01,weekend,0,,,UNKNOWN,irregular_routine_not_fixed_clock
cityrole-0054,m01,weekday,1,00:00,09:00,SYNTHETIC_TYPICAL,B_member_routine_template
cityrole-0054,m01,weekday,2,12:00,15:00,SYNTHETIC_TYPICAL,B_member_routine_template
cityrole-0054,m01,weekday,3,19:00,24:00,SYNTHETIC_TYPICAL,B_member_routine_template
cityrole-0054,m01,weekend,1,00:00,10:00,SYNTHETIC_TYPICAL,B_member_routine_template
cityrole-0054,m01,weekend,2,13:00,24:00,SYNTHETIC_TYPICAL,B_member_routine_template
cityrole-0054,m02,weekday,1,00:00,07:30,SYNTHETIC_TYPICAL,B_member_routine_template
cityrole-0054,m02,weekday,2,18:30,24:00,SYNTHETIC_TYPICAL,B_member_routine_template
cityrole-0054,m02,weekend,1,00:00,10:00,SYNTHETIC_TYPICAL,B_member_routine_template
cityrole-0054,m02,weekend,2,13:00,24:00,SYNTHETIC_TYPICAL,B_member_routine_template
cityrole-0055,m01,weekday,1,00:00,07:30,SYNTHETIC_TYPICAL,B_member_routine_template
cityrole-0055,m01,weekday,2,18:30,24:00,SYNTHETIC_TYPICAL,B_member_routine_template
cityrole-0055,m01,weekend,1,00:00,10:00,SYNTHETIC_TYPICAL,B_member_routine_template
cityrole-0055,m01,weekend,2,13:00,24:00,SYNTHETIC_TYPICAL,B_member_routine_template
cityrole-0056,m01,weekday,1,00:00,07:30,SYNTHETIC_TYPICAL,B_member_routine_template
cityrole-0056,m01,weekday,2,18:30,24:00,SYNTHETIC_TYPICAL,B_member_routine_template
cityrole-0056,m01,weekend,1,00:00,10:00,SYNTHETIC_TYPICAL,B_member_routine_template
cityrole-0056,m01,weekend,2,13:00,24:00,SYNTHETIC_TYPICAL,B_member_routine_template
cityrole-0056,m02,weekday,0,,,UNKNOWN,irregular_routine_not_fixed_clock
cityrole-0056,m02,weekend,0,,,UNKNOWN,irregular_routine_not_fixed_clock
cityrole-0056,m03,weekday,1,00:00,09:00,SYNTHETIC_TYPICAL,B_member_routine_template
cityrole-0056,m03,weekday,2,12:00,15:00,SYNTHETIC_TYPICAL,B_member_routine_template
cityrole-0056,m03,weekday,3,19:00,24:00,SYNTHETIC_TYPICAL,B_member_routine_template
cityrole-0056,m03,weekend,1,00:00,10:00,SYNTHETIC_TYPICAL,B_member_routine_template
cityrole-0056,m03,weekend,2,13:00,24:00,SYNTHETIC_TYPICAL,B_member_routine_template
cityrole-0057,m01,weekday,1,00:00,24:00,SYNTHETIC_TYPICAL,B_member_routine_template
cityrole-0057,m01,weekend,1,00:00,10:00,SYNTHETIC_TYPICAL,B_member_routine_template
cityrole-0057,m01,weekend,2,13:00,24:00,SYNTHETIC_TYPICAL,B_member_routine_template
cityrole-0057,m02,weekday,1,00:00,09:00,SYNTHETIC_TYPICAL,B_member_routine_template
cityrole-0057,m02,weekday,2,12:00,15:00,SYNTHETIC_TYPICAL,B_member_routine_template
cityrole-0057,m02,weekday,3,19:00,24:00,SYNTHETIC_TYPICAL,B_member_routine_template
cityrole-0057,m02,weekend,1,00:00,10:00,SYNTHETIC_TYPICAL,B_member_routine_template
cityrole-0057,m02,weekend,2,13:00,24:00,SYNTHETIC_TYPICAL,B_member_routine_template
cityrole-0057,m03,weekday,1,00:00,07:30,SYNTHETIC_TYPICAL,B_member_routine_template
cityrole-0057,m03,weekday,2,18:30,24:00,SYNTHETIC_TYPICAL,B_member_routine_template
cityrole-0057,m03,weekend,1,00:00,10:00,SYNTHETIC_TYPICAL,B_member_routine_template
cityrole-0057,m03,weekend,2,13:00,24:00,SYNTHETIC_TYPICAL,B_member_routine_template
cityrole-0058,m01,weekday,0,,,UNKNOWN,irregular_routine_not_fixed_clock
cityrole-0058,m01,weekend,0,,,UNKNOWN,irregular_routine_not_fixed_clock
cityrole-0058,m02,weekday,1,00:00,09:00,SYNTHETIC_TYPICAL,B_member_routine_template
cityrole-0058,m02,weekday,2,12:00,15:00,SYNTHETIC_TYPICAL,B_member_routine_template
cityrole-0058,m02,weekday,3,19:00,24:00,SYNTHETIC_TYPICAL,B_member_routine_template
cityrole-0058,m02,weekend,1,00:00,10:00,SYNTHETIC_TYPICAL,B_member_routine_template
cityrole-0058,m02,weekend,2,13:00,24:00,SYNTHETIC_TYPICAL,B_member_routine_template
cityrole-0059,m01,weekday,1,00:00,09:00,SYNTHETIC_TYPICAL,B_member_routine_template
cityrole-0059,m01,weekday,2,12:00,15:00,SYNTHETIC_TYPICAL,B_member_routine_template
cityrole-0059,m01,weekday,3,19:00,24:00,SYNTHETIC_TYPICAL,B_member_routine_template
cityrole-0059,m01,weekend,1,00:00,10:00,SYNTHETIC_TYPICAL,B_member_routine_template
cityrole-0059,m01,weekend,2,13:00,24:00,SYNTHETIC_TYPICAL,B_member_routine_template
cityrole-0060,m01,weekday,1,00:00,09:00,SYNTHETIC_TYPICAL,B_member_routine_template
cityrole-0060,m01,weekday,2,12:00,15:00,SYNTHETIC_TYPICAL,B_member_routine_template
cityrole-0060,m01,weekday,3,19:00,24:00,SYNTHETIC_TYPICAL,B_member_routine_template
cityrole-0060,m01,weekend,1,00:00,10:00,SYNTHETIC_TYPICAL,B_member_routine_template
cityrole-0060,m01,weekend,2,13:00,24:00,SYNTHETIC_TYPICAL,B_member_routine_template
cityrole-0060,m02,weekday,1,00:00,24:00,SYNTHETIC_TYPICAL,B_member_routine_template
cityrole-0060,m02,weekend,1,00:00,10:00,SYNTHETIC_TYPICAL,B_member_routine_template
cityrole-0060,m02,weekend,2,13:00,24:00,SYNTHETIC_TYPICAL,B_member_routine_template
cityrole-0060,m03,weekday,1,00:00,09:00,SYNTHETIC_TYPICAL,B_member_routine_template
cityrole-0060,m03,weekday,2,12:00,15:00,SYNTHETIC_TYPICAL,B_member_routine_template
cityrole-0060,m03,weekday,3,19:00,24:00,SYNTHETIC_TYPICAL,B_member_routine_template
cityrole-0060,m03,weekend,1,00:00,10:00,SYNTHETIC_TYPICAL,B_member_routine_template
cityrole-0060,m03,weekend,2,13:00,24:00,SYNTHETIC_TYPICAL,B_member_routine_template
cityrole-0061,m01,weekday,1,00:00,07:30,SYNTHETIC_TYPICAL,B_member_routine_template
cityrole-0061,m01,weekday,2,18:30,24:00,SYNTHETIC_TYPICAL,B_member_routine_template
cityrole-0061,m01,weekend,1,00:00,10:00,SYNTHETIC_TYPICAL,B_member_routine_template
cityrole-0061,m01,weekend,2,13:00,24:00,SYNTHETIC_TYPICAL,B_member_routine_template
cityrole-0061,m02,weekday,0,,,UNKNOWN,irregular_routine_not_fixed_clock
cityrole-0061,m02,weekend,0,,,UNKNOWN,irregular_routine_not_fixed_clock
cityrole-0062,m01,weekday,1,00:00,24:00,SYNTHETIC_TYPICAL,B_member_routine_template
cityrole-0062,m01,weekend,1,00:00,10:00,SYNTHETIC_TYPICAL,B_member_routine_template
cityrole-0062,m01,weekend,2,13:00,24:00,SYNTHETIC_TYPICAL,B_member_routine_template
cityrole-0062,m02,weekday,1,00:00,09:00,SYNTHETIC_TYPICAL,B_member_routine_template
cityrole-0062,m02,weekday,2,12:00,15:00,SYNTHETIC_TYPICAL,B_member_routine_template
cityrole-0062,m02,weekday,3,19:00,24:00,SYNTHETIC_TYPICAL,B_member_routine_template
cityrole-0062,m02,weekend,1,00:00,10:00,SYNTHETIC_TYPICAL,B_member_routine_template
cityrole-0062,m02,weekend,2,13:00,24:00,SYNTHETIC_TYPICAL,B_member_routine_template
cityrole-0062,m03,weekday,1,00:00,07:30,SYNTHETIC_TYPICAL,B_member_routine_template
cityrole-0062,m03,weekday,2,18:30,24:00,SYNTHETIC_TYPICAL,B_member_routine_template
cityrole-0062,m03,weekend,1,00:00,10:00,SYNTHETIC_TYPICAL,B_member_routine_template
cityrole-0062,m03,weekend,2,13:00,24:00,SYNTHETIC_TYPICAL,B_member_routine_template
cityrole-0063,m01,weekday,0,,,UNKNOWN,irregular_routine_not_fixed_clock
cityrole-0063,m01,weekend,0,,,UNKNOWN,irregular_routine_not_fixed_clock
cityrole-0063,m02,weekday,1,00:00,09:00,SYNTHETIC_TYPICAL,B_member_routine_template
cityrole-0063,m02,weekday,2,12:00,15:00,SYNTHETIC_TYPICAL,B_member_routine_template
cityrole-0063,m02,weekday,3,19:00,24:00,SYNTHETIC_TYPICAL,B_member_routine_template
cityrole-0063,m02,weekend,1,00:00,10:00,SYNTHETIC_TYPICAL,B_member_routine_template
cityrole-0063,m02,weekend,2,13:00,24:00,SYNTHETIC_TYPICAL,B_member_routine_template
cityrole-0064,m01,weekday,1,00:00,09:00,SYNTHETIC_TYPICAL,B_member_routine_template
cityrole-0064,m01,weekday,2,12:00,15:00,SYNTHETIC_TYPICAL,B_member_routine_template
cityrole-0064,m01,weekday,3,19:00,24:00,SYNTHETIC_TYPICAL,B_member_routine_template
cityrole-0064,m01,weekend,1,00:00,10:00,SYNTHETIC_TYPICAL,B_member_routine_template
cityrole-0064,m01,weekend,2,13:00,24:00,SYNTHETIC_TYPICAL,B_member_routine_template
cityrole-0065,m01,weekday,1,00:00,09:00,SYNTHETIC_TYPICAL,B_member_routine_template
cityrole-0065,m01,weekday,2,12:00,15:00,SYNTHETIC_TYPICAL,B_member_routine_template
cityrole-0065,m01,weekday,3,19:00,24:00,SYNTHETIC_TYPICAL,B_member_routine_template
cityrole-0065,m01,weekend,1,00:00,10:00,SYNTHETIC_TYPICAL,B_member_routine_template
cityrole-0065,m01,weekend,2,13:00,24:00,SYNTHETIC_TYPICAL,B_member_routine_template
cityrole-0065,m02,weekday,1,00:00,07:30,SYNTHETIC_TYPICAL,B_member_routine_template
cityrole-0065,m02,weekday,2,18:30,24:00,SYNTHETIC_TYPICAL,B_member_routine_template
cityrole-0065,m02,weekend,1,00:00,10:00,SYNTHETIC_TYPICAL,B_member_routine_template
cityrole-0065,m02,weekend,2,13:00,24:00,SYNTHETIC_TYPICAL,B_member_routine_template
cityrole-0065,m03,weekday,1,00:00,09:00,SYNTHETIC_TYPICAL,B_member_routine_template
cityrole-0065,m03,weekday,2,12:00,15:00,SYNTHETIC_TYPICAL,B_member_routine_template
cityrole-0065,m03,weekday,3,19:00,24:00,SYNTHETIC_TYPICAL,B_member_routine_template
cityrole-0065,m03,weekend,1,00:00,10:00,SYNTHETIC_TYPICAL,B_member_routine_template
cityrole-0065,m03,weekend,2,13:00,24:00,SYNTHETIC_TYPICAL,B_member_routine_template
cityrole-0065,m04,weekday,1,00:00,24:00,SYNTHETIC_TYPICAL,B_member_routine_template
cityrole-0065,m04,weekend,1,00:00,10:00,SYNTHETIC_TYPICAL,B_member_routine_template
cityrole-0065,m04,weekend,2,13:00,24:00,SYNTHETIC_TYPICAL,B_member_routine_template
cityrole-0066,m01,weekday,1,00:00,07:30,SYNTHETIC_TYPICAL,B_member_routine_template
cityrole-0066,m01,weekday,2,18:30,24:00,SYNTHETIC_TYPICAL,B_member_routine_template
cityrole-0066,m01,weekend,1,00:00,10:00,SYNTHETIC_TYPICAL,B_member_routine_template
cityrole-0066,m01,weekend,2,13:00,24:00,SYNTHETIC_TYPICAL,B_member_routine_template
cityrole-0066,m02,weekday,0,,,UNKNOWN,irregular_routine_not_fixed_clock
cityrole-0066,m02,weekend,0,,,UNKNOWN,irregular_routine_not_fixed_clock
cityrole-0066,m03,weekday,1,00:00,09:00,SYNTHETIC_TYPICAL,B_member_routine_template
cityrole-0066,m03,weekday,2,12:00,15:00,SYNTHETIC_TYPICAL,B_member_routine_template
cityrole-0066,m03,weekday,3,19:00,24:00,SYNTHETIC_TYPICAL,B_member_routine_template
cityrole-0066,m03,weekend,1,00:00,10:00,SYNTHETIC_TYPICAL,B_member_routine_template
cityrole-0066,m03,weekend,2,13:00,24:00,SYNTHETIC_TYPICAL,B_member_routine_template
cityrole-0067,m01,weekday,1,00:00,07:30,SYNTHETIC_TYPICAL,B_member_routine_template
cityrole-0067,m01,weekday,2,18:30,24:00,SYNTHETIC_TYPICAL,B_member_routine_template
cityrole-0067,m01,weekend,1,00:00,10:00,SYNTHETIC_TYPICAL,B_member_routine_template
cityrole-0067,m01,weekend,2,13:00,24:00,SYNTHETIC_TYPICAL,B_member_routine_template
cityrole-0067,m02,weekday,1,00:00,09:00,SYNTHETIC_TYPICAL,B_member_routine_template
cityrole-0067,m02,weekday,2,12:00,15:00,SYNTHETIC_TYPICAL,B_member_routine_template
cityrole-0067,m02,weekday,3,19:00,24:00,SYNTHETIC_TYPICAL,B_member_routine_template
cityrole-0067,m02,weekend,1,00:00,10:00,SYNTHETIC_TYPICAL,B_member_routine_template
cityrole-0067,m02,weekend,2,13:00,24:00,SYNTHETIC_TYPICAL,B_member_routine_template
cityrole-0067,m03,weekday,1,00:00,07:30,SYNTHETIC_TYPICAL,B_member_routine_template
cityrole-0067,m03,weekday,2,18:30,24:00,SYNTHETIC_TYPICAL,B_member_routine_template
cityrole-0067,m03,weekend,1,00:00,10:00,SYNTHETIC_TYPICAL,B_member_routine_template
cityrole-0067,m03,weekend,2,13:00,24:00,SYNTHETIC_TYPICAL,B_member_routine_template
cityrole-0068,m01,weekday,0,,,UNKNOWN,irregular_routine_not_fixed_clock
cityrole-0068,m01,weekend,0,,,UNKNOWN,irregular_routine_not_fixed_clock
cityrole-0069,m01,weekday,1,00:00,09:00,SYNTHETIC_TYPICAL,B_member_routine_template
cityrole-0069,m01,weekday,2,12:00,15:00,SYNTHETIC_TYPICAL,B_member_routine_template
cityrole-0069,m01,weekday,3,19:00,24:00,SYNTHETIC_TYPICAL,B_member_routine_template
cityrole-0069,m01,weekend,1,00:00,10:00,SYNTHETIC_TYPICAL,B_member_routine_template
cityrole-0069,m01,weekend,2,13:00,24:00,SYNTHETIC_TYPICAL,B_member_routine_template
cityrole-0069,m02,weekday,1,00:00,07:30,SYNTHETIC_TYPICAL,B_member_routine_template
cityrole-0069,m02,weekday,2,18:30,24:00,SYNTHETIC_TYPICAL,B_member_routine_template
cityrole-0069,m02,weekend,1,00:00,10:00,SYNTHETIC_TYPICAL,B_member_routine_template
cityrole-0069,m02,weekend,2,13:00,24:00,SYNTHETIC_TYPICAL,B_member_routine_template
cityrole-0070,m01,weekday,1,00:00,24:00,SYNTHETIC_TYPICAL,B_member_routine_template
cityrole-0070,m01,weekend,1,00:00,10:00,SYNTHETIC_TYPICAL,B_member_routine_template
cityrole-0070,m01,weekend,2,13:00,24:00,SYNTHETIC_TYPICAL,B_member_routine_template
cityrole-0071,m01,weekday,1,00:00,09:00,SYNTHETIC_TYPICAL,B_member_routine_template
cityrole-0071,m01,weekday,2,12:00,15:00,SYNTHETIC_TYPICAL,B_member_routine_template
cityrole-0071,m01,weekday,3,19:00,24:00,SYNTHETIC_TYPICAL,B_member_routine_template
cityrole-0071,m01,weekend,1,00:00,10:00,SYNTHETIC_TYPICAL,B_member_routine_template
cityrole-0071,m01,weekend,2,13:00,24:00,SYNTHETIC_TYPICAL,B_member_routine_template
cityrole-0071,m02,weekday,0,,,UNKNOWN,irregular_routine_not_fixed_clock
cityrole-0071,m02,weekend,0,,,UNKNOWN,irregular_routine_not_fixed_clock
cityrole-0071,m03,weekday,1,00:00,09:00,SYNTHETIC_TYPICAL,B_member_routine_template
cityrole-0071,m03,weekday,2,12:00,15:00,SYNTHETIC_TYPICAL,B_member_routine_template
cityrole-0071,m03,weekday,3,19:00,24:00,SYNTHETIC_TYPICAL,B_member_routine_template
cityrole-0071,m03,weekend,1,00:00,10:00,SYNTHETIC_TYPICAL,B_member_routine_template
cityrole-0071,m03,weekend,2,13:00,24:00,SYNTHETIC_TYPICAL,B_member_routine_template
cityrole-0072,m01,weekday,1,00:00,09:00,SYNTHETIC_TYPICAL,B_member_routine_template
cityrole-0072,m01,weekday,2,12:00,15:00,SYNTHETIC_TYPICAL,B_member_routine_template
cityrole-0072,m01,weekday,3,19:00,24:00,SYNTHETIC_TYPICAL,B_member_routine_template
cityrole-0072,m01,weekend,1,00:00,10:00,SYNTHETIC_TYPICAL,B_member_routine_template
cityrole-0072,m01,weekend,2,13:00,24:00,SYNTHETIC_TYPICAL,B_member_routine_template
cityrole-0072,m02,weekday,1,00:00,24:00,SYNTHETIC_TYPICAL,B_member_routine_template
cityrole-0072,m02,weekend,1,00:00,10:00,SYNTHETIC_TYPICAL,B_member_routine_template
cityrole-0072,m02,weekend,2,13:00,24:00,SYNTHETIC_TYPICAL,B_member_routine_template
cityrole-0073,m01,weekday,1,00:00,24:00,SYNTHETIC_TYPICAL,B_member_routine_template
cityrole-0073,m01,weekend,1,00:00,10:00,SYNTHETIC_TYPICAL,B_member_routine_template
cityrole-0073,m01,weekend,2,13:00,24:00,SYNTHETIC_TYPICAL,B_member_routine_template
cityrole-0073,m02,weekday,1,00:00,09:00,SYNTHETIC_TYPICAL,B_member_routine_template
cityrole-0073,m02,weekday,2,12:00,15:00,SYNTHETIC_TYPICAL,B_member_routine_template
cityrole-0073,m02,weekday,3,19:00,24:00,SYNTHETIC_TYPICAL,B_member_routine_template
cityrole-0073,m02,weekend,1,00:00,10:00,SYNTHETIC_TYPICAL,B_member_routine_template
cityrole-0073,m02,weekend,2,13:00,24:00,SYNTHETIC_TYPICAL,B_member_routine_template
cityrole-0073,m03,weekday,1,00:00,24:00,SYNTHETIC_TYPICAL,B_member_routine_template
cityrole-0073,m03,weekend,1,00:00,10:00,SYNTHETIC_TYPICAL,B_member_routine_template
cityrole-0073,m03,weekend,2,13:00,24:00,SYNTHETIC_TYPICAL,B_member_routine_template
cityrole-0074,m01,weekday,1,00:00,24:00,SYNTHETIC_TYPICAL,B_member_routine_template
cityrole-0074,m01,weekend,1,00:00,10:00,SYNTHETIC_TYPICAL,B_member_routine_template
cityrole-0074,m01,weekend,2,13:00,24:00,SYNTHETIC_TYPICAL,B_member_routine_template
cityrole-0074,m02,weekday,1,00:00,07:30,SYNTHETIC_TYPICAL,B_member_routine_template
cityrole-0074,m02,weekday,2,18:30,24:00,SYNTHETIC_TYPICAL,B_member_routine_template
cityrole-0074,m02,weekend,1,00:00,10:00,SYNTHETIC_TYPICAL,B_member_routine_template
cityrole-0074,m02,weekend,2,13:00,24:00,SYNTHETIC_TYPICAL,B_member_routine_template
cityrole-0074,m03,weekday,0,,,UNKNOWN,irregular_routine_not_fixed_clock
cityrole-0074,m03,weekend,0,,,UNKNOWN,irregular_routine_not_fixed_clock
cityrole-0075,m01,weekday,1,00:00,07:30,SYNTHETIC_TYPICAL,B_member_routine_template
cityrole-0075,m01,weekday,2,18:30,24:00,SYNTHETIC_TYPICAL,B_member_routine_template
cityrole-0075,m01,weekend,1,00:00,10:00,SYNTHETIC_TYPICAL,B_member_routine_template
cityrole-0075,m01,weekend,2,13:00,24:00,SYNTHETIC_TYPICAL,B_member_routine_template
cityrole-0075,m02,weekday,1,00:00,24:00,SYNTHETIC_TYPICAL,B_member_routine_template
cityrole-0075,m02,weekend,1,00:00,10:00,SYNTHETIC_TYPICAL,B_member_routine_template
cityrole-0075,m02,weekend,2,13:00,24:00,SYNTHETIC_TYPICAL,B_member_routine_template
cityrole-0075,m03,weekday,1,00:00,07:30,SYNTHETIC_TYPICAL,B_member_routine_template
cityrole-0075,m03,weekday,2,18:30,24:00,SYNTHETIC_TYPICAL,B_member_routine_template
cityrole-0075,m03,weekend,1,00:00,10:00,SYNTHETIC_TYPICAL,B_member_routine_template
cityrole-0075,m03,weekend,2,13:00,24:00,SYNTHETIC_TYPICAL,B_member_routine_template
cityrole-0075,m04,weekday,1,00:00,07:30,SYNTHETIC_TYPICAL,B_member_routine_template
cityrole-0075,m04,weekday,2,18:30,24:00,SYNTHETIC_TYPICAL,B_member_routine_template
cityrole-0075,m04,weekend,1,00:00,10:00,SYNTHETIC_TYPICAL,B_member_routine_template
cityrole-0075,m04,weekend,2,13:00,24:00,SYNTHETIC_TYPICAL,B_member_routine_template
cityrole-0075,m05,weekday,0,,,UNKNOWN,irregular_routine_not_fixed_clock
cityrole-0075,m05,weekend,0,,,UNKNOWN,irregular_routine_not_fixed_clock
cityrole-0076,m01,weekday,1,00:00,07:30,SYNTHETIC_TYPICAL,B_member_routine_template
cityrole-0076,m01,weekday,2,18:30,24:00,SYNTHETIC_TYPICAL,B_member_routine_template
cityrole-0076,m01,weekend,1,00:00,10:00,SYNTHETIC_TYPICAL,B_member_routine_template
cityrole-0076,m01,weekend,2,13:00,24:00,SYNTHETIC_TYPICAL,B_member_routine_template
cityrole-0077,m01,weekday,1,00:00,24:00,SYNTHETIC_TYPICAL,B_member_routine_template
cityrole-0077,m01,weekend,1,00:00,10:00,SYNTHETIC_TYPICAL,B_member_routine_template
cityrole-0077,m01,weekend,2,13:00,24:00,SYNTHETIC_TYPICAL,B_member_routine_template
cityrole-0077,m02,weekday,1,00:00,09:00,SYNTHETIC_TYPICAL,B_member_routine_template
cityrole-0077,m02,weekday,2,12:00,15:00,SYNTHETIC_TYPICAL,B_member_routine_template
cityrole-0077,m02,weekday,3,19:00,24:00,SYNTHETIC_TYPICAL,B_member_routine_template
cityrole-0077,m02,weekend,1,00:00,10:00,SYNTHETIC_TYPICAL,B_member_routine_template
cityrole-0077,m02,weekend,2,13:00,24:00,SYNTHETIC_TYPICAL,B_member_routine_template
cityrole-0077,m03,weekday,1,00:00,07:30,SYNTHETIC_TYPICAL,B_member_routine_template
cityrole-0077,m03,weekday,2,18:30,24:00,SYNTHETIC_TYPICAL,B_member_routine_template
cityrole-0077,m03,weekend,1,00:00,10:00,SYNTHETIC_TYPICAL,B_member_routine_template
cityrole-0077,m03,weekend,2,13:00,24:00,SYNTHETIC_TYPICAL,B_member_routine_template
cityrole-0077,m04,weekday,0,,,UNKNOWN,irregular_routine_not_fixed_clock
cityrole-0077,m04,weekend,0,,,UNKNOWN,irregular_routine_not_fixed_clock
cityrole-0078,m01,weekday,0,,,UNKNOWN,irregular_routine_not_fixed_clock
cityrole-0078,m01,weekend,0,,,UNKNOWN,irregular_routine_not_fixed_clock
cityrole-0078,m02,weekday,1,00:00,09:00,SYNTHETIC_TYPICAL,B_member_routine_template
cityrole-0078,m02,weekday,2,12:00,15:00,SYNTHETIC_TYPICAL,B_member_routine_template
cityrole-0078,m02,weekday,3,19:00,24:00,SYNTHETIC_TYPICAL,B_member_routine_template
cityrole-0078,m02,weekend,1,00:00,10:00,SYNTHETIC_TYPICAL,B_member_routine_template
cityrole-0078,m02,weekend,2,13:00,24:00,SYNTHETIC_TYPICAL,B_member_routine_template
cityrole-0079,m01,weekday,1,00:00,09:00,SYNTHETIC_TYPICAL,B_member_routine_template
cityrole-0079,m01,weekday,2,12:00,15:00,SYNTHETIC_TYPICAL,B_member_routine_template
cityrole-0079,m01,weekday,3,19:00,24:00,SYNTHETIC_TYPICAL,B_member_routine_template
cityrole-0079,m01,weekend,1,00:00,10:00,SYNTHETIC_TYPICAL,B_member_routine_template
cityrole-0079,m01,weekend,2,13:00,24:00,SYNTHETIC_TYPICAL,B_member_routine_template
cityrole-0079,m02,weekday,1,00:00,07:30,SYNTHETIC_TYPICAL,B_member_routine_template
cityrole-0079,m02,weekday,2,18:30,24:00,SYNTHETIC_TYPICAL,B_member_routine_template
cityrole-0079,m02,weekend,1,00:00,10:00,SYNTHETIC_TYPICAL,B_member_routine_template
cityrole-0079,m02,weekend,2,13:00,24:00,SYNTHETIC_TYPICAL,B_member_routine_template
cityrole-0079,m03,weekday,1,00:00,07:30,SYNTHETIC_TYPICAL,B_member_routine_template
cityrole-0079,m03,weekday,2,18:30,24:00,SYNTHETIC_TYPICAL,B_member_routine_template
cityrole-0079,m03,weekend,1,00:00,10:00,SYNTHETIC_TYPICAL,B_member_routine_template
cityrole-0079,m03,weekend,2,13:00,24:00,SYNTHETIC_TYPICAL,B_member_routine_template
cityrole-0079,m04,weekday,1,00:00,24:00,SYNTHETIC_TYPICAL,B_member_routine_template
cityrole-0079,m04,weekend,1,00:00,10:00,SYNTHETIC_TYPICAL,B_member_routine_template
cityrole-0079,m04,weekend,2,13:00,24:00,SYNTHETIC_TYPICAL,B_member_routine_template
cityrole-0080,m01,weekday,1,00:00,09:00,SYNTHETIC_TYPICAL,B_member_routine_template
cityrole-0080,m01,weekday,2,12:00,15:00,SYNTHETIC_TYPICAL,B_member_routine_template
cityrole-0080,m01,weekday,3,19:00,24:00,SYNTHETIC_TYPICAL,B_member_routine_template
cityrole-0080,m01,weekend,1,00:00,10:00,SYNTHETIC_TYPICAL,B_member_routine_template
cityrole-0080,m01,weekend,2,13:00,24:00,SYNTHETIC_TYPICAL,B_member_routine_template
cityrole-0081,m01,weekday,1,00:00,07:30,SYNTHETIC_TYPICAL,B_member_routine_template
cityrole-0081,m01,weekday,2,18:30,24:00,SYNTHETIC_TYPICAL,B_member_routine_template
cityrole-0081,m01,weekend,1,00:00,10:00,SYNTHETIC_TYPICAL,B_member_routine_template
cityrole-0081,m01,weekend,2,13:00,24:00,SYNTHETIC_TYPICAL,B_member_routine_template
cityrole-0082,m01,weekday,1,00:00,24:00,SYNTHETIC_TYPICAL,B_member_routine_template
cityrole-0082,m01,weekend,1,00:00,10:00,SYNTHETIC_TYPICAL,B_member_routine_template
cityrole-0082,m01,weekend,2,13:00,24:00,SYNTHETIC_TYPICAL,B_member_routine_template
cityrole-0082,m02,weekday,1,00:00,09:00,SYNTHETIC_TYPICAL,B_member_routine_template
cityrole-0082,m02,weekday,2,12:00,15:00,SYNTHETIC_TYPICAL,B_member_routine_template
cityrole-0082,m02,weekday,3,19:00,24:00,SYNTHETIC_TYPICAL,B_member_routine_template
cityrole-0082,m02,weekend,1,00:00,10:00,SYNTHETIC_TYPICAL,B_member_routine_template
cityrole-0082,m02,weekend,2,13:00,24:00,SYNTHETIC_TYPICAL,B_member_routine_template
cityrole-0082,m03,weekday,1,00:00,07:30,SYNTHETIC_TYPICAL,B_member_routine_template
cityrole-0082,m03,weekday,2,18:30,24:00,SYNTHETIC_TYPICAL,B_member_routine_template
cityrole-0082,m03,weekend,1,00:00,10:00,SYNTHETIC_TYPICAL,B_member_routine_template
cityrole-0082,m03,weekend,2,13:00,24:00,SYNTHETIC_TYPICAL,B_member_routine_template
cityrole-0083,m01,weekday,0,,,UNKNOWN,irregular_routine_not_fixed_clock
cityrole-0083,m01,weekend,0,,,UNKNOWN,irregular_routine_not_fixed_clock
cityrole-0083,m02,weekday,1,00:00,09:00,SYNTHETIC_TYPICAL,B_member_routine_template
cityrole-0083,m02,weekday,2,12:00,15:00,SYNTHETIC_TYPICAL,B_member_routine_template
cityrole-0083,m02,weekday,3,19:00,24:00,SYNTHETIC_TYPICAL,B_member_routine_template
cityrole-0083,m02,weekend,1,00:00,10:00,SYNTHETIC_TYPICAL,B_member_routine_template
cityrole-0083,m02,weekend,2,13:00,24:00,SYNTHETIC_TYPICAL,B_member_routine_template
cityrole-0084,m01,weekday,1,00:00,09:00,SYNTHETIC_TYPICAL,B_member_routine_template
cityrole-0084,m01,weekday,2,12:00,15:00,SYNTHETIC_TYPICAL,B_member_routine_template
cityrole-0084,m01,weekday,3,19:00,24:00,SYNTHETIC_TYPICAL,B_member_routine_template
cityrole-0084,m01,weekend,1,00:00,10:00,SYNTHETIC_TYPICAL,B_member_routine_template
cityrole-0084,m01,weekend,2,13:00,24:00,SYNTHETIC_TYPICAL,B_member_routine_template
cityrole-0084,m02,weekday,1,00:00,07:30,SYNTHETIC_TYPICAL,B_member_routine_template
cityrole-0084,m02,weekday,2,18:30,24:00,SYNTHETIC_TYPICAL,B_member_routine_template
cityrole-0084,m02,weekend,1,00:00,10:00,SYNTHETIC_TYPICAL,B_member_routine_template
cityrole-0084,m02,weekend,2,13:00,24:00,SYNTHETIC_TYPICAL,B_member_routine_template
cityrole-0084,m03,weekday,0,,,UNKNOWN,irregular_routine_not_fixed_clock
cityrole-0084,m03,weekend,0,,,UNKNOWN,irregular_routine_not_fixed_clock
cityrole-0085,m01,weekday,1,00:00,09:00,SYNTHETIC_TYPICAL,B_member_routine_template
cityrole-0085,m01,weekday,2,12:00,15:00,SYNTHETIC_TYPICAL,B_member_routine_template
cityrole-0085,m01,weekday,3,19:00,24:00,SYNTHETIC_TYPICAL,B_member_routine_template
cityrole-0085,m01,weekend,1,00:00,10:00,SYNTHETIC_TYPICAL,B_member_routine_template
cityrole-0085,m01,weekend,2,13:00,24:00,SYNTHETIC_TYPICAL,B_member_routine_template
cityrole-0085,m02,weekday,1,00:00,07:30,SYNTHETIC_TYPICAL,B_member_routine_template
cityrole-0085,m02,weekday,2,18:30,24:00,SYNTHETIC_TYPICAL,B_member_routine_template
cityrole-0085,m02,weekend,1,00:00,10:00,SYNTHETIC_TYPICAL,B_member_routine_template
cityrole-0085,m02,weekend,2,13:00,24:00,SYNTHETIC_TYPICAL,B_member_routine_template
cityrole-0086,m01,weekday,1,00:00,07:30,SYNTHETIC_TYPICAL,B_member_routine_template
cityrole-0086,m01,weekday,2,18:30,24:00,SYNTHETIC_TYPICAL,B_member_routine_template
cityrole-0086,m01,weekend,1,00:00,10:00,SYNTHETIC_TYPICAL,B_member_routine_template
cityrole-0086,m01,weekend,2,13:00,24:00,SYNTHETIC_TYPICAL,B_member_routine_template
cityrole-0086,m02,weekday,0,,,UNKNOWN,irregular_routine_not_fixed_clock
cityrole-0086,m02,weekend,0,,,UNKNOWN,irregular_routine_not_fixed_clock
cityrole-0086,m03,weekday,1,00:00,09:00,SYNTHETIC_TYPICAL,B_member_routine_template
cityrole-0086,m03,weekday,2,12:00,15:00,SYNTHETIC_TYPICAL,B_member_routine_template
cityrole-0086,m03,weekday,3,19:00,24:00,SYNTHETIC_TYPICAL,B_member_routine_template
cityrole-0086,m03,weekend,1,00:00,10:00,SYNTHETIC_TYPICAL,B_member_routine_template
cityrole-0086,m03,weekend,2,13:00,24:00,SYNTHETIC_TYPICAL,B_member_routine_template
cityrole-0086,m04,weekday,1,00:00,24:00,SYNTHETIC_TYPICAL,B_member_routine_template
cityrole-0086,m04,weekend,1,00:00,10:00,SYNTHETIC_TYPICAL,B_member_routine_template
cityrole-0086,m04,weekend,2,13:00,24:00,SYNTHETIC_TYPICAL,B_member_routine_template
cityrole-0087,m01,weekday,1,00:00,07:30,SYNTHETIC_TYPICAL,B_member_routine_template
cityrole-0087,m01,weekday,2,18:30,24:00,SYNTHETIC_TYPICAL,B_member_routine_template
cityrole-0087,m01,weekend,1,00:00,10:00,SYNTHETIC_TYPICAL,B_member_routine_template
cityrole-0087,m01,weekend,2,13:00,24:00,SYNTHETIC_TYPICAL,B_member_routine_template
cityrole-0087,m02,weekday,1,00:00,09:00,SYNTHETIC_TYPICAL,B_member_routine_template
cityrole-0087,m02,weekday,2,12:00,15:00,SYNTHETIC_TYPICAL,B_member_routine_template
cityrole-0087,m02,weekday,3,19:00,24:00,SYNTHETIC_TYPICAL,B_member_routine_template
cityrole-0087,m02,weekend,1,00:00,10:00,SYNTHETIC_TYPICAL,B_member_routine_template
cityrole-0087,m02,weekend,2,13:00,24:00,SYNTHETIC_TYPICAL,B_member_routine_template
cityrole-0088,m01,weekday,0,,,UNKNOWN,irregular_routine_not_fixed_clock
cityrole-0088,m01,weekend,0,,,UNKNOWN,irregular_routine_not_fixed_clock
cityrole-0088,m02,weekday,1,00:00,09:00,SYNTHETIC_TYPICAL,B_member_routine_template
cityrole-0088,m02,weekday,2,12:00,15:00,SYNTHETIC_TYPICAL,B_member_routine_template
cityrole-0088,m02,weekday,3,19:00,24:00,SYNTHETIC_TYPICAL,B_member_routine_template
cityrole-0088,m02,weekend,1,00:00,10:00,SYNTHETIC_TYPICAL,B_member_routine_template
cityrole-0088,m02,weekend,2,13:00,24:00,SYNTHETIC_TYPICAL,B_member_routine_template
cityrole-0089,m01,weekday,1,00:00,09:00,SYNTHETIC_TYPICAL,B_member_routine_template
cityrole-0089,m01,weekday,2,12:00,15:00,SYNTHETIC_TYPICAL,B_member_routine_template
cityrole-0089,m01,weekday,3,19:00,24:00,SYNTHETIC_TYPICAL,B_member_routine_template
cityrole-0089,m01,weekend,1,00:00,10:00,SYNTHETIC_TYPICAL,B_member_routine_template
cityrole-0089,m01,weekend,2,13:00,24:00,SYNTHETIC_TYPICAL,B_member_routine_template
cityrole-0089,m02,weekday,1,00:00,07:30,SYNTHETIC_TYPICAL,B_member_routine_template
cityrole-0089,m02,weekday,2,18:30,24:00,SYNTHETIC_TYPICAL,B_member_routine_template
cityrole-0089,m02,weekend,1,00:00,10:00,SYNTHETIC_TYPICAL,B_member_routine_template
cityrole-0089,m02,weekend,2,13:00,24:00,SYNTHETIC_TYPICAL,B_member_routine_template
cityrole-0090,m01,weekday,1,00:00,09:00,SYNTHETIC_TYPICAL,B_member_routine_template
cityrole-0090,m01,weekday,2,12:00,15:00,SYNTHETIC_TYPICAL,B_member_routine_template
cityrole-0090,m01,weekday,3,19:00,24:00,SYNTHETIC_TYPICAL,B_member_routine_template
cityrole-0090,m01,weekend,1,00:00,10:00,SYNTHETIC_TYPICAL,B_member_routine_template
cityrole-0090,m01,weekend,2,13:00,24:00,SYNTHETIC_TYPICAL,B_member_routine_template
cityrole-0091,m01,weekday,1,00:00,07:30,SYNTHETIC_TYPICAL,B_member_routine_template
cityrole-0091,m01,weekday,2,18:30,24:00,SYNTHETIC_TYPICAL,B_member_routine_template
cityrole-0091,m01,weekend,1,00:00,10:00,SYNTHETIC_TYPICAL,B_member_routine_template
cityrole-0091,m01,weekend,2,13:00,24:00,SYNTHETIC_TYPICAL,B_member_routine_template
cityrole-0091,m02,weekday,1,00:00,07:30,SYNTHETIC_TYPICAL,B_member_routine_template
cityrole-0091,m02,weekday,2,18:30,24:00,SYNTHETIC_TYPICAL,B_member_routine_template
cityrole-0091,m02,weekend,1,00:00,10:00,SYNTHETIC_TYPICAL,B_member_routine_template
cityrole-0091,m02,weekend,2,13:00,24:00,SYNTHETIC_TYPICAL,B_member_routine_template
cityrole-0091,m03,weekday,1,00:00,09:00,SYNTHETIC_TYPICAL,B_member_routine_template
cityrole-0091,m03,weekday,2,12:00,15:00,SYNTHETIC_TYPICAL,B_member_routine_template
cityrole-0091,m03,weekday,3,19:00,24:00,SYNTHETIC_TYPICAL,B_member_routine_template
cityrole-0091,m03,weekend,1,00:00,10:00,SYNTHETIC_TYPICAL,B_member_routine_template
cityrole-0091,m03,weekend,2,13:00,24:00,SYNTHETIC_TYPICAL,B_member_routine_template
cityrole-0091,m04,weekday,1,00:00,07:30,SYNTHETIC_TYPICAL,B_member_routine_template
cityrole-0091,m04,weekday,2,18:30,24:00,SYNTHETIC_TYPICAL,B_member_routine_template
cityrole-0091,m04,weekend,1,00:00,10:00,SYNTHETIC_TYPICAL,B_member_routine_template
cityrole-0091,m04,weekend,2,13:00,24:00,SYNTHETIC_TYPICAL,B_member_routine_template
cityrole-0092,m01,weekday,1,00:00,24:00,SYNTHETIC_TYPICAL,B_member_routine_template
cityrole-0092,m01,weekend,1,00:00,10:00,SYNTHETIC_TYPICAL,B_member_routine_template
cityrole-0092,m01,weekend,2,13:00,24:00,SYNTHETIC_TYPICAL,B_member_routine_template
cityrole-0092,m02,weekday,1,00:00,09:00,SYNTHETIC_TYPICAL,B_member_routine_template
cityrole-0092,m02,weekday,2,12:00,15:00,SYNTHETIC_TYPICAL,B_member_routine_template
cityrole-0092,m02,weekday,3,19:00,24:00,SYNTHETIC_TYPICAL,B_member_routine_template
cityrole-0092,m02,weekend,1,00:00,10:00,SYNTHETIC_TYPICAL,B_member_routine_template
cityrole-0092,m02,weekend,2,13:00,24:00,SYNTHETIC_TYPICAL,B_member_routine_template
cityrole-0092,m03,weekday,1,00:00,07:30,SYNTHETIC_TYPICAL,B_member_routine_template
cityrole-0092,m03,weekday,2,18:30,24:00,SYNTHETIC_TYPICAL,B_member_routine_template
cityrole-0092,m03,weekend,1,00:00,10:00,SYNTHETIC_TYPICAL,B_member_routine_template
cityrole-0092,m03,weekend,2,13:00,24:00,SYNTHETIC_TYPICAL,B_member_routine_template
cityrole-0093,m01,weekday,0,,,UNKNOWN,irregular_routine_not_fixed_clock
cityrole-0093,m01,weekend,0,,,UNKNOWN,irregular_routine_not_fixed_clock
cityrole-0094,m01,weekday,1,00:00,24:00,SYNTHETIC_TYPICAL,B_member_routine_template
cityrole-0094,m01,weekend,1,00:00,10:00,SYNTHETIC_TYPICAL,B_member_routine_template
cityrole-0094,m01,weekend,2,13:00,24:00,SYNTHETIC_TYPICAL,B_member_routine_template
cityrole-0094,m02,weekday,1,00:00,07:30,SYNTHETIC_TYPICAL,B_member_routine_template
cityrole-0094,m02,weekday,2,18:30,24:00,SYNTHETIC_TYPICAL,B_member_routine_template
cityrole-0094,m02,weekend,1,00:00,10:00,SYNTHETIC_TYPICAL,B_member_routine_template
cityrole-0094,m02,weekend,2,13:00,24:00,SYNTHETIC_TYPICAL,B_member_routine_template
cityrole-0094,m03,weekday,0,,,UNKNOWN,irregular_routine_not_fixed_clock
cityrole-0094,m03,weekend,0,,,UNKNOWN,irregular_routine_not_fixed_clock
cityrole-0095,m01,weekday,1,00:00,07:30,SYNTHETIC_TYPICAL,B_member_routine_template
cityrole-0095,m01,weekday,2,18:30,24:00,SYNTHETIC_TYPICAL,B_member_routine_template
cityrole-0095,m01,weekend,1,00:00,10:00,SYNTHETIC_TYPICAL,B_member_routine_template
cityrole-0095,m01,weekend,2,13:00,24:00,SYNTHETIC_TYPICAL,B_member_routine_template
cityrole-0095,m02,weekday,1,00:00,09:00,SYNTHETIC_TYPICAL,B_member_routine_template
cityrole-0095,m02,weekday,2,12:00,15:00,SYNTHETIC_TYPICAL,B_member_routine_template
cityrole-0095,m02,weekday,3,19:00,24:00,SYNTHETIC_TYPICAL,B_member_routine_template
cityrole-0095,m02,weekend,1,00:00,10:00,SYNTHETIC_TYPICAL,B_member_routine_template
cityrole-0095,m02,weekend,2,13:00,24:00,SYNTHETIC_TYPICAL,B_member_routine_template
cityrole-0096,m01,weekday,1,00:00,09:00,SYNTHETIC_TYPICAL,B_member_routine_template
cityrole-0096,m01,weekday,2,12:00,15:00,SYNTHETIC_TYPICAL,B_member_routine_template
cityrole-0096,m01,weekday,3,19:00,24:00,SYNTHETIC_TYPICAL,B_member_routine_template
cityrole-0096,m01,weekend,1,00:00,10:00,SYNTHETIC_TYPICAL,B_member_routine_template
cityrole-0096,m01,weekend,2,13:00,24:00,SYNTHETIC_TYPICAL,B_member_routine_template
cityrole-0097,m01,weekday,1,00:00,24:00,SYNTHETIC_TYPICAL,B_member_routine_template
cityrole-0097,m01,weekend,1,00:00,10:00,SYNTHETIC_TYPICAL,B_member_routine_template
cityrole-0097,m01,weekend,2,13:00,24:00,SYNTHETIC_TYPICAL,B_member_routine_template
cityrole-0097,m02,weekday,1,00:00,09:00,SYNTHETIC_TYPICAL,B_member_routine_template
cityrole-0097,m02,weekday,2,12:00,15:00,SYNTHETIC_TYPICAL,B_member_routine_template
cityrole-0097,m02,weekday,3,19:00,24:00,SYNTHETIC_TYPICAL,B_member_routine_template
cityrole-0097,m02,weekend,1,00:00,10:00,SYNTHETIC_TYPICAL,B_member_routine_template
cityrole-0097,m02,weekend,2,13:00,24:00,SYNTHETIC_TYPICAL,B_member_routine_template
cityrole-0097,m03,weekday,1,00:00,07:30,SYNTHETIC_TYPICAL,B_member_routine_template
cityrole-0097,m03,weekday,2,18:30,24:00,SYNTHETIC_TYPICAL,B_member_routine_template
cityrole-0097,m03,weekend,1,00:00,10:00,SYNTHETIC_TYPICAL,B_member_routine_template
cityrole-0097,m03,weekend,2,13:00,24:00,SYNTHETIC_TYPICAL,B_member_routine_template
cityrole-0098,m01,weekday,1,00:00,24:00,SYNTHETIC_TYPICAL,B_member_routine_template
cityrole-0098,m01,weekend,1,00:00,10:00,SYNTHETIC_TYPICAL,B_member_routine_template
cityrole-0098,m01,weekend,2,13:00,24:00,SYNTHETIC_TYPICAL,B_member_routine_template
cityrole-0098,m02,weekday,1,00:00,07:30,SYNTHETIC_TYPICAL,B_member_routine_template
cityrole-0098,m02,weekday,2,18:30,24:00,SYNTHETIC_TYPICAL,B_member_routine_template
cityrole-0098,m02,weekend,1,00:00,10:00,SYNTHETIC_TYPICAL,B_member_routine_template
cityrole-0098,m02,weekend,2,13:00,24:00,SYNTHETIC_TYPICAL,B_member_routine_template
cityrole-0099,m01,weekday,1,00:00,09:00,SYNTHETIC_TYPICAL,B_member_routine_template
cityrole-0099,m01,weekday,2,12:00,15:00,SYNTHETIC_TYPICAL,B_member_routine_template
cityrole-0099,m01,weekday,3,19:00,24:00,SYNTHETIC_TYPICAL,B_member_routine_template
cityrole-0099,m01,weekend,1,00:00,10:00,SYNTHETIC_TYPICAL,B_member_routine_template
cityrole-0099,m01,weekend,2,13:00,24:00,SYNTHETIC_TYPICAL,B_member_routine_template
cityrole-0099,m02,weekday,1,00:00,07:30,SYNTHETIC_TYPICAL,B_member_routine_template
cityrole-0099,m02,weekday,2,18:30,24:00,SYNTHETIC_TYPICAL,B_member_routine_template
cityrole-0099,m02,weekend,1,00:00,10:00,SYNTHETIC_TYPICAL,B_member_routine_template
cityrole-0099,m02,weekend,2,13:00,24:00,SYNTHETIC_TYPICAL,B_member_routine_template
cityrole-0099,m03,weekday,1,00:00,07:30,SYNTHETIC_TYPICAL,B_member_routine_template
cityrole-0099,m03,weekday,2,18:30,24:00,SYNTHETIC_TYPICAL,B_member_routine_template
cityrole-0099,m03,weekend,1,00:00,10:00,SYNTHETIC_TYPICAL,B_member_routine_template
cityrole-0099,m03,weekend,2,13:00,24:00,SYNTHETIC_TYPICAL,B_member_routine_template
cityrole-0099,m04,weekday,1,00:00,24:00,SYNTHETIC_TYPICAL,B_member_routine_template
cityrole-0099,m04,weekend,1,00:00,10:00,SYNTHETIC_TYPICAL,B_member_routine_template
cityrole-0099,m04,weekend,2,13:00,24:00,SYNTHETIC_TYPICAL,B_member_routine_template
cityrole-0100,m01,weekday,1,00:00,09:00,SYNTHETIC_TYPICAL,B_member_routine_template
cityrole-0100,m01,weekday,2,12:00,15:00,SYNTHETIC_TYPICAL,B_member_routine_template
cityrole-0100,m01,weekday,3,19:00,24:00,SYNTHETIC_TYPICAL,B_member_routine_template
cityrole-0100,m01,weekend,1,00:00,10:00,SYNTHETIC_TYPICAL,B_member_routine_template
cityrole-0100,m01,weekend,2,13:00,24:00,SYNTHETIC_TYPICAL,B_member_routine_template
cityrole-0101,m01,weekday,1,00:00,07:30,SYNTHETIC_TYPICAL,B_member_routine_template
cityrole-0101,m01,weekday,2,18:30,24:00,SYNTHETIC_TYPICAL,B_member_routine_template
cityrole-0101,m01,weekend,1,00:00,10:00,SYNTHETIC_TYPICAL,B_member_routine_template
cityrole-0101,m01,weekend,2,13:00,24:00,SYNTHETIC_TYPICAL,B_member_routine_template
cityrole-0101,m02,weekday,0,,,UNKNOWN,irregular_routine_not_fixed_clock
cityrole-0101,m02,weekend,0,,,UNKNOWN,irregular_routine_not_fixed_clock
cityrole-0101,m03,weekday,1,00:00,07:30,SYNTHETIC_TYPICAL,B_member_routine_template
cityrole-0101,m03,weekday,2,18:30,24:00,SYNTHETIC_TYPICAL,B_member_routine_template
cityrole-0101,m03,weekend,1,00:00,10:00,SYNTHETIC_TYPICAL,B_member_routine_template
cityrole-0101,m03,weekend,2,13:00,24:00,SYNTHETIC_TYPICAL,B_member_routine_template
cityrole-0101,m04,weekday,1,00:00,07:30,SYNTHETIC_TYPICAL,B_member_routine_template
cityrole-0101,m04,weekday,2,18:30,24:00,SYNTHETIC_TYPICAL,B_member_routine_template
cityrole-0101,m04,weekend,1,00:00,10:00,SYNTHETIC_TYPICAL,B_member_routine_template
cityrole-0101,m04,weekend,2,13:00,24:00,SYNTHETIC_TYPICAL,B_member_routine_template
cityrole-0101,m05,weekday,1,00:00,09:00,SYNTHETIC_TYPICAL,B_member_routine_template
cityrole-0101,m05,weekday,2,12:00,15:00,SYNTHETIC_TYPICAL,B_member_routine_template
cityrole-0101,m05,weekday,3,19:00,24:00,SYNTHETIC_TYPICAL,B_member_routine_template
cityrole-0101,m05,weekend,1,00:00,10:00,SYNTHETIC_TYPICAL,B_member_routine_template
cityrole-0101,m05,weekend,2,13:00,24:00,SYNTHETIC_TYPICAL,B_member_routine_template
cityrole-0102,m01,weekday,1,00:00,24:00,SYNTHETIC_TYPICAL,B_member_routine_template
cityrole-0102,m01,weekend,1,00:00,10:00,SYNTHETIC_TYPICAL,B_member_routine_template
cityrole-0102,m01,weekend,2,13:00,24:00,SYNTHETIC_TYPICAL,B_member_routine_template
cityrole-0103,m01,weekday,0,,,UNKNOWN,irregular_routine_not_fixed_clock
cityrole-0103,m01,weekend,0,,,UNKNOWN,irregular_routine_not_fixed_clock
cityrole-0103,m02,weekday,1,00:00,09:00,SYNTHETIC_TYPICAL,B_member_routine_template
cityrole-0103,m02,weekday,2,12:00,15:00,SYNTHETIC_TYPICAL,B_member_routine_template
cityrole-0103,m02,weekday,3,19:00,24:00,SYNTHETIC_TYPICAL,B_member_routine_template
cityrole-0103,m02,weekend,1,00:00,10:00,SYNTHETIC_TYPICAL,B_member_routine_template
cityrole-0103,m02,weekend,2,13:00,24:00,SYNTHETIC_TYPICAL,B_member_routine_template
cityrole-0104,m01,weekday,1,00:00,09:00,SYNTHETIC_TYPICAL,B_member_routine_template
cityrole-0104,m01,weekday,2,12:00,15:00,SYNTHETIC_TYPICAL,B_member_routine_template
cityrole-0104,m01,weekday,3,19:00,24:00,SYNTHETIC_TYPICAL,B_member_routine_template
cityrole-0104,m01,weekend,1,00:00,10:00,SYNTHETIC_TYPICAL,B_member_routine_template
cityrole-0104,m01,weekend,2,13:00,24:00,SYNTHETIC_TYPICAL,B_member_routine_template
cityrole-0104,m02,weekday,1,00:00,07:30,SYNTHETIC_TYPICAL,B_member_routine_template
cityrole-0104,m02,weekday,2,18:30,24:00,SYNTHETIC_TYPICAL,B_member_routine_template
cityrole-0104,m02,weekend,1,00:00,10:00,SYNTHETIC_TYPICAL,B_member_routine_template
cityrole-0104,m02,weekend,2,13:00,24:00,SYNTHETIC_TYPICAL,B_member_routine_template
cityrole-0104,m03,weekday,0,,,UNKNOWN,irregular_routine_not_fixed_clock
cityrole-0104,m03,weekend,0,,,UNKNOWN,irregular_routine_not_fixed_clock
cityrole-0104,m04,weekday,1,00:00,09:00,SYNTHETIC_TYPICAL,B_member_routine_template
cityrole-0104,m04,weekday,2,12:00,15:00,SYNTHETIC_TYPICAL,B_member_routine_template
cityrole-0104,m04,weekday,3,19:00,24:00,SYNTHETIC_TYPICAL,B_member_routine_template
cityrole-0104,m04,weekend,1,00:00,10:00,SYNTHETIC_TYPICAL,B_member_routine_template
cityrole-0104,m04,weekend,2,13:00,24:00,SYNTHETIC_TYPICAL,B_member_routine_template
cityrole-0104,m05,weekday,1,00:00,07:30,SYNTHETIC_TYPICAL,B_member_routine_template
cityrole-0104,m05,weekday,2,18:30,24:00,SYNTHETIC_TYPICAL,B_member_routine_template
cityrole-0104,m05,weekend,1,00:00,10:00,SYNTHETIC_TYPICAL,B_member_routine_template
cityrole-0104,m05,weekend,2,13:00,24:00,SYNTHETIC_TYPICAL,B_member_routine_template
cityrole-0104,m06,weekday,1,00:00,09:00,SYNTHETIC_TYPICAL,B_member_routine_template
cityrole-0104,m06,weekday,2,12:00,15:00,SYNTHETIC_TYPICAL,B_member_routine_template
cityrole-0104,m06,weekday,3,19:00,24:00,SYNTHETIC_TYPICAL,B_member_routine_template
cityrole-0104,m06,weekend,1,00:00,10:00,SYNTHETIC_TYPICAL,B_member_routine_template
cityrole-0104,m06,weekend,2,13:00,24:00,SYNTHETIC_TYPICAL,B_member_routine_template
cityrole-0104,m07,weekday,1,00:00,07:30,SYNTHETIC_TYPICAL,B_member_routine_template
cityrole-0104,m07,weekday,2,18:30,24:00,SYNTHETIC_TYPICAL,B_member_routine_template
cityrole-0104,m07,weekend,1,00:00,10:00,SYNTHETIC_TYPICAL,B_member_routine_template
cityrole-0104,m07,weekend,2,13:00,24:00,SYNTHETIC_TYPICAL,B_member_routine_template
cityrole-0104,m08,weekday,0,,,UNKNOWN,irregular_routine_not_fixed_clock
cityrole-0104,m08,weekend,0,,,UNKNOWN,irregular_routine_not_fixed_clock
cityrole-0105,m01,weekday,1,00:00,09:00,SYNTHETIC_TYPICAL,B_member_routine_template
cityrole-0105,m01,weekday,2,12:00,15:00,SYNTHETIC_TYPICAL,B_member_routine_template
cityrole-0105,m01,weekday,3,19:00,24:00,SYNTHETIC_TYPICAL,B_member_routine_template
cityrole-0105,m01,weekend,1,00:00,10:00,SYNTHETIC_TYPICAL,B_member_routine_template
cityrole-0105,m01,weekend,2,13:00,24:00,SYNTHETIC_TYPICAL,B_member_routine_template
cityrole-0105,m02,weekday,1,00:00,07:30,SYNTHETIC_TYPICAL,B_member_routine_template
cityrole-0105,m02,weekday,2,18:30,24:00,SYNTHETIC_TYPICAL,B_member_routine_template
cityrole-0105,m02,weekend,1,00:00,10:00,SYNTHETIC_TYPICAL,B_member_routine_template
cityrole-0105,m02,weekend,2,13:00,24:00,SYNTHETIC_TYPICAL,B_member_routine_template
cityrole-0106,m01,weekday,1,00:00,07:30,SYNTHETIC_TYPICAL,B_member_routine_template
cityrole-0106,m01,weekday,2,18:30,24:00,SYNTHETIC_TYPICAL,B_member_routine_template
cityrole-0106,m01,weekend,1,00:00,10:00,SYNTHETIC_TYPICAL,B_member_routine_template
cityrole-0106,m01,weekend,2,13:00,24:00,SYNTHETIC_TYPICAL,B_member_routine_template
cityrole-0106,m02,weekday,0,,,UNKNOWN,irregular_routine_not_fixed_clock
cityrole-0106,m02,weekend,0,,,UNKNOWN,irregular_routine_not_fixed_clock
cityrole-0106,m03,weekday,1,00:00,09:00,SYNTHETIC_TYPICAL,B_member_routine_template
cityrole-0106,m03,weekday,2,12:00,15:00,SYNTHETIC_TYPICAL,B_member_routine_template
cityrole-0106,m03,weekday,3,19:00,24:00,SYNTHETIC_TYPICAL,B_member_routine_template
cityrole-0106,m03,weekend,1,00:00,10:00,SYNTHETIC_TYPICAL,B_member_routine_template
cityrole-0106,m03,weekend,2,13:00,24:00,SYNTHETIC_TYPICAL,B_member_routine_template
cityrole-0107,m01,weekday,1,00:00,24:00,SYNTHETIC_TYPICAL,B_member_routine_template
cityrole-0107,m01,weekend,1,00:00,10:00,SYNTHETIC_TYPICAL,B_member_routine_template
cityrole-0107,m01,weekend,2,13:00,24:00,SYNTHETIC_TYPICAL,B_member_routine_template
cityrole-0107,m02,weekday,1,00:00,09:00,SYNTHETIC_TYPICAL,B_member_routine_template
cityrole-0107,m02,weekday,2,12:00,15:00,SYNTHETIC_TYPICAL,B_member_routine_template
cityrole-0107,m02,weekday,3,19:00,24:00,SYNTHETIC_TYPICAL,B_member_routine_template
cityrole-0107,m02,weekend,1,00:00,10:00,SYNTHETIC_TYPICAL,B_member_routine_template
cityrole-0107,m02,weekend,2,13:00,24:00,SYNTHETIC_TYPICAL,B_member_routine_template
cityrole-0108,m01,weekday,0,,,UNKNOWN,irregular_routine_not_fixed_clock
cityrole-0108,m01,weekend,0,,,UNKNOWN,irregular_routine_not_fixed_clock
cityrole-0108,m02,weekday,1,00:00,09:00,SYNTHETIC_TYPICAL,B_member_routine_template
cityrole-0108,m02,weekday,2,12:00,15:00,SYNTHETIC_TYPICAL,B_member_routine_template
cityrole-0108,m02,weekday,3,19:00,24:00,SYNTHETIC_TYPICAL,B_member_routine_template
cityrole-0108,m02,weekend,1,00:00,10:00,SYNTHETIC_TYPICAL,B_member_routine_template
cityrole-0108,m02,weekend,2,13:00,24:00,SYNTHETIC_TYPICAL,B_member_routine_template
cityrole-0108,m03,weekday,1,00:00,24:00,SYNTHETIC_TYPICAL,B_member_routine_template
cityrole-0108,m03,weekend,1,00:00,10:00,SYNTHETIC_TYPICAL,B_member_routine_template
cityrole-0108,m03,weekend,2,13:00,24:00,SYNTHETIC_TYPICAL,B_member_routine_template
cityrole-0108,m04,weekday,1,00:00,09:00,SYNTHETIC_TYPICAL,B_member_routine_template
cityrole-0108,m04,weekday,2,12:00,15:00,SYNTHETIC_TYPICAL,B_member_routine_template
cityrole-0108,m04,weekday,3,19:00,24:00,SYNTHETIC_TYPICAL,B_member_routine_template
cityrole-0108,m04,weekend,1,00:00,10:00,SYNTHETIC_TYPICAL,B_member_routine_template
cityrole-0108,m04,weekend,2,13:00,24:00,SYNTHETIC_TYPICAL,B_member_routine_template
cityrole-0108,m05,weekday,1,00:00,07:30,SYNTHETIC_TYPICAL,B_member_routine_template
cityrole-0108,m05,weekday,2,18:30,24:00,SYNTHETIC_TYPICAL,B_member_routine_template
cityrole-0108,m05,weekend,1,00:00,10:00,SYNTHETIC_TYPICAL,B_member_routine_template
cityrole-0108,m05,weekend,2,13:00,24:00,SYNTHETIC_TYPICAL,B_member_routine_template
cityrole-0109,m01,weekday,1,00:00,09:00,SYNTHETIC_TYPICAL,B_member_routine_template
cityrole-0109,m01,weekday,2,12:00,15:00,SYNTHETIC_TYPICAL,B_member_routine_template
cityrole-0109,m01,weekday,3,19:00,24:00,SYNTHETIC_TYPICAL,B_member_routine_template
cityrole-0109,m01,weekend,1,00:00,10:00,SYNTHETIC_TYPICAL,B_member_routine_template
cityrole-0109,m01,weekend,2,13:00,24:00,SYNTHETIC_TYPICAL,B_member_routine_template
cityrole-0109,m02,weekday,1,00:00,07:30,SYNTHETIC_TYPICAL,B_member_routine_template
cityrole-0109,m02,weekday,2,18:30,24:00,SYNTHETIC_TYPICAL,B_member_routine_template
cityrole-0109,m02,weekend,1,00:00,10:00,SYNTHETIC_TYPICAL,B_member_routine_template
cityrole-0109,m02,weekend,2,13:00,24:00,SYNTHETIC_TYPICAL,B_member_routine_template
cityrole-0109,m03,weekday,0,,,UNKNOWN,irregular_routine_not_fixed_clock
cityrole-0109,m03,weekend,0,,,UNKNOWN,irregular_routine_not_fixed_clock
cityrole-0110,m01,weekday,1,00:00,24:00,SYNTHETIC_TYPICAL,B_member_routine_template
cityrole-0110,m01,weekend,1,00:00,10:00,SYNTHETIC_TYPICAL,B_member_routine_template
cityrole-0110,m01,weekend,2,13:00,24:00,SYNTHETIC_TYPICAL,B_member_routine_template
cityrole-0110,m02,weekday,1,00:00,24:00,SYNTHETIC_TYPICAL,B_member_routine_template
cityrole-0110,m02,weekend,1,00:00,10:00,SYNTHETIC_TYPICAL,B_member_routine_template
cityrole-0110,m02,weekend,2,13:00,24:00,SYNTHETIC_TYPICAL,B_member_routine_template
cityrole-0111,m01,weekday,1,00:00,07:30,SYNTHETIC_TYPICAL,B_member_routine_template
cityrole-0111,m01,weekday,2,18:30,24:00,SYNTHETIC_TYPICAL,B_member_routine_template
cityrole-0111,m01,weekend,1,00:00,10:00,SYNTHETIC_TYPICAL,B_member_routine_template
cityrole-0111,m01,weekend,2,13:00,24:00,SYNTHETIC_TYPICAL,B_member_routine_template
cityrole-0111,m02,weekday,1,00:00,07:30,SYNTHETIC_TYPICAL,B_member_routine_template
cityrole-0111,m02,weekday,2,18:30,24:00,SYNTHETIC_TYPICAL,B_member_routine_template
cityrole-0111,m02,weekend,1,00:00,10:00,SYNTHETIC_TYPICAL,B_member_routine_template
cityrole-0111,m02,weekend,2,13:00,24:00,SYNTHETIC_TYPICAL,B_member_routine_template
cityrole-0111,m03,weekday,1,00:00,09:00,SYNTHETIC_TYPICAL,B_member_routine_template
cityrole-0111,m03,weekday,2,12:00,15:00,SYNTHETIC_TYPICAL,B_member_routine_template
cityrole-0111,m03,weekday,3,19:00,24:00,SYNTHETIC_TYPICAL,B_member_routine_template
cityrole-0111,m03,weekend,1,00:00,10:00,SYNTHETIC_TYPICAL,B_member_routine_template
cityrole-0111,m03,weekend,2,13:00,24:00,SYNTHETIC_TYPICAL,B_member_routine_template
cityrole-0112,m01,weekday,1,00:00,09:00,SYNTHETIC_TYPICAL,B_member_routine_template
cityrole-0112,m01,weekday,2,12:00,15:00,SYNTHETIC_TYPICAL,B_member_routine_template
cityrole-0112,m01,weekday,3,19:00,24:00,SYNTHETIC_TYPICAL,B_member_routine_template
cityrole-0112,m01,weekend,1,00:00,10:00,SYNTHETIC_TYPICAL,B_member_routine_template
cityrole-0112,m01,weekend,2,13:00,24:00,SYNTHETIC_TYPICAL,B_member_routine_template
cityrole-0112,m02,weekday,1,00:00,09:00,SYNTHETIC_TYPICAL,B_member_routine_template
cityrole-0112,m02,weekday,2,12:00,15:00,SYNTHETIC_TYPICAL,B_member_routine_template
cityrole-0112,m02,weekday,3,19:00,24:00,SYNTHETIC_TYPICAL,B_member_routine_template
cityrole-0112,m02,weekend,1,00:00,10:00,SYNTHETIC_TYPICAL,B_member_routine_template
cityrole-0112,m02,weekend,2,13:00,24:00,SYNTHETIC_TYPICAL,B_member_routine_template
cityrole-0112,m03,weekday,1,00:00,07:30,SYNTHETIC_TYPICAL,B_member_routine_template
cityrole-0112,m03,weekday,2,18:30,24:00,SYNTHETIC_TYPICAL,B_member_routine_template
cityrole-0112,m03,weekend,1,00:00,10:00,SYNTHETIC_TYPICAL,B_member_routine_template
cityrole-0112,m03,weekend,2,13:00,24:00,SYNTHETIC_TYPICAL,B_member_routine_template
cityrole-0113,m01,weekday,1,00:00,09:00,SYNTHETIC_TYPICAL,B_member_routine_template
cityrole-0113,m01,weekday,2,12:00,15:00,SYNTHETIC_TYPICAL,B_member_routine_template
cityrole-0113,m01,weekday,3,19:00,24:00,SYNTHETIC_TYPICAL,B_member_routine_template
cityrole-0113,m01,weekend,1,00:00,10:00,SYNTHETIC_TYPICAL,B_member_routine_template
cityrole-0113,m01,weekend,2,13:00,24:00,SYNTHETIC_TYPICAL,B_member_routine_template
cityrole-0114,m01,weekday,1,00:00,09:00,SYNTHETIC_TYPICAL,B_member_routine_template
cityrole-0114,m01,weekday,2,12:00,15:00,SYNTHETIC_TYPICAL,B_member_routine_template
cityrole-0114,m01,weekday,3,19:00,24:00,SYNTHETIC_TYPICAL,B_member_routine_template
cityrole-0114,m01,weekend,1,00:00,10:00,SYNTHETIC_TYPICAL,B_member_routine_template
cityrole-0114,m01,weekend,2,13:00,24:00,SYNTHETIC_TYPICAL,B_member_routine_template
cityrole-0114,m02,weekday,1,00:00,07:30,SYNTHETIC_TYPICAL,B_member_routine_template
cityrole-0114,m02,weekday,2,18:30,24:00,SYNTHETIC_TYPICAL,B_member_routine_template
cityrole-0114,m02,weekend,1,00:00,10:00,SYNTHETIC_TYPICAL,B_member_routine_template
cityrole-0114,m02,weekend,2,13:00,24:00,SYNTHETIC_TYPICAL,B_member_routine_template
cityrole-0114,m03,weekday,0,,,UNKNOWN,irregular_routine_not_fixed_clock
cityrole-0114,m03,weekend,0,,,UNKNOWN,irregular_routine_not_fixed_clock
cityrole-0114,m04,weekday,1,00:00,09:00,SYNTHETIC_TYPICAL,B_member_routine_template
cityrole-0114,m04,weekday,2,12:00,15:00,SYNTHETIC_TYPICAL,B_member_routine_template
cityrole-0114,m04,weekday,3,19:00,24:00,SYNTHETIC_TYPICAL,B_member_routine_template
cityrole-0114,m04,weekend,1,00:00,10:00,SYNTHETIC_TYPICAL,B_member_routine_template
cityrole-0114,m04,weekend,2,13:00,24:00,SYNTHETIC_TYPICAL,B_member_routine_template
cityrole-0114,m05,weekday,1,00:00,24:00,SYNTHETIC_TYPICAL,B_member_routine_template
cityrole-0114,m05,weekend,1,00:00,10:00,SYNTHETIC_TYPICAL,B_member_routine_template
cityrole-0114,m05,weekend,2,13:00,24:00,SYNTHETIC_TYPICAL,B_member_routine_template
cityrole-0115,m01,weekday,1,00:00,09:00,SYNTHETIC_TYPICAL,B_member_routine_template
cityrole-0115,m01,weekday,2,12:00,15:00,SYNTHETIC_TYPICAL,B_member_routine_template
cityrole-0115,m01,weekday,3,19:00,24:00,SYNTHETIC_TYPICAL,B_member_routine_template
cityrole-0115,m01,weekend,1,00:00,10:00,SYNTHETIC_TYPICAL,B_member_routine_template
cityrole-0115,m01,weekend,2,13:00,24:00,SYNTHETIC_TYPICAL,B_member_routine_template
cityrole-0115,m02,weekday,1,00:00,24:00,SYNTHETIC_TYPICAL,B_member_routine_template
cityrole-0115,m02,weekend,1,00:00,10:00,SYNTHETIC_TYPICAL,B_member_routine_template
cityrole-0115,m02,weekend,2,13:00,24:00,SYNTHETIC_TYPICAL,B_member_routine_template
cityrole-0116,m01,weekday,1,00:00,07:30,SYNTHETIC_TYPICAL,B_member_routine_template
cityrole-0116,m01,weekday,2,18:30,24:00,SYNTHETIC_TYPICAL,B_member_routine_template
cityrole-0116,m01,weekend,1,00:00,10:00,SYNTHETIC_TYPICAL,B_member_routine_template
cityrole-0116,m01,weekend,2,13:00,24:00,SYNTHETIC_TYPICAL,B_member_routine_template
cityrole-0116,m02,weekday,0,,,UNKNOWN,irregular_routine_not_fixed_clock
cityrole-0116,m02,weekend,0,,,UNKNOWN,irregular_routine_not_fixed_clock
cityrole-0116,m03,weekday,1,00:00,09:00,SYNTHETIC_TYPICAL,B_member_routine_template
cityrole-0116,m03,weekday,2,12:00,15:00,SYNTHETIC_TYPICAL,B_member_routine_template
cityrole-0116,m03,weekday,3,19:00,24:00,SYNTHETIC_TYPICAL,B_member_routine_template
cityrole-0116,m03,weekend,1,00:00,10:00,SYNTHETIC_TYPICAL,B_member_routine_template
cityrole-0116,m03,weekend,2,13:00,24:00,SYNTHETIC_TYPICAL,B_member_routine_template
cityrole-0116,m04,weekday,1,00:00,24:00,SYNTHETIC_TYPICAL,B_member_routine_template
cityrole-0116,m04,weekend,1,00:00,10:00,SYNTHETIC_TYPICAL,B_member_routine_template
cityrole-0116,m04,weekend,2,13:00,24:00,SYNTHETIC_TYPICAL,B_member_routine_template
cityrole-0117,m01,weekday,1,00:00,24:00,SYNTHETIC_TYPICAL,B_member_routine_template
cityrole-0117,m01,weekend,1,00:00,10:00,SYNTHETIC_TYPICAL,B_member_routine_template
cityrole-0117,m01,weekend,2,13:00,24:00,SYNTHETIC_TYPICAL,B_member_routine_template
cityrole-0117,m02,weekday,1,00:00,09:00,SYNTHETIC_TYPICAL,B_member_routine_template
cityrole-0117,m02,weekday,2,12:00,15:00,SYNTHETIC_TYPICAL,B_member_routine_template
cityrole-0117,m02,weekday,3,19:00,24:00,SYNTHETIC_TYPICAL,B_member_routine_template
cityrole-0117,m02,weekend,1,00:00,10:00,SYNTHETIC_TYPICAL,B_member_routine_template
cityrole-0117,m02,weekend,2,13:00,24:00,SYNTHETIC_TYPICAL,B_member_routine_template
cityrole-0118,m01,weekday,0,,,UNKNOWN,irregular_routine_not_fixed_clock
cityrole-0118,m01,weekend,0,,,UNKNOWN,irregular_routine_not_fixed_clock
cityrole-0119,m01,weekday,1,00:00,07:30,SYNTHETIC_TYPICAL,B_member_routine_template
cityrole-0119,m01,weekday,2,18:30,24:00,SYNTHETIC_TYPICAL,B_member_routine_template
cityrole-0119,m01,weekend,1,00:00,10:00,SYNTHETIC_TYPICAL,B_member_routine_template
cityrole-0119,m01,weekend,2,13:00,24:00,SYNTHETIC_TYPICAL,B_member_routine_template
cityrole-0119,m02,weekday,1,00:00,09:00,SYNTHETIC_TYPICAL,B_member_routine_template
cityrole-0119,m02,weekday,2,12:00,15:00,SYNTHETIC_TYPICAL,B_member_routine_template
cityrole-0119,m02,weekday,3,19:00,24:00,SYNTHETIC_TYPICAL,B_member_routine_template
cityrole-0119,m02,weekend,1,00:00,10:00,SYNTHETIC_TYPICAL,B_member_routine_template
cityrole-0119,m02,weekend,2,13:00,24:00,SYNTHETIC_TYPICAL,B_member_routine_template
cityrole-0120,m01,weekday,1,00:00,09:00,SYNTHETIC_TYPICAL,B_member_routine_template
cityrole-0120,m01,weekday,2,12:00,15:00,SYNTHETIC_TYPICAL,B_member_routine_template
cityrole-0120,m01,weekday,3,19:00,24:00,SYNTHETIC_TYPICAL,B_member_routine_template
cityrole-0120,m01,weekend,1,00:00,10:00,SYNTHETIC_TYPICAL,B_member_routine_template
cityrole-0120,m01,weekend,2,13:00,24:00,SYNTHETIC_TYPICAL,B_member_routine_template
cityrole-0120,m02,weekday,1,00:00,09:00,SYNTHETIC_TYPICAL,B_member_routine_template
cityrole-0120,m02,weekday,2,12:00,15:00,SYNTHETIC_TYPICAL,B_member_routine_template
cityrole-0120,m02,weekday,3,19:00,24:00,SYNTHETIC_TYPICAL,B_member_routine_template
cityrole-0120,m02,weekend,1,00:00,10:00,SYNTHETIC_TYPICAL,B_member_routine_template
cityrole-0120,m02,weekend,2,13:00,24:00,SYNTHETIC_TYPICAL,B_member_routine_template
cityrole-0121,m01,weekday,1,00:00,07:30,SYNTHETIC_TYPICAL,B_member_routine_template
cityrole-0121,m01,weekday,2,18:30,24:00,SYNTHETIC_TYPICAL,B_member_routine_template
cityrole-0121,m01,weekend,1,00:00,10:00,SYNTHETIC_TYPICAL,B_member_routine_template
cityrole-0121,m01,weekend,2,13:00,24:00,SYNTHETIC_TYPICAL,B_member_routine_template
cityrole-0121,m02,weekday,0,,,UNKNOWN,irregular_routine_not_fixed_clock
cityrole-0121,m02,weekend,0,,,UNKNOWN,irregular_routine_not_fixed_clock
cityrole-0122,m01,weekday,1,00:00,24:00,SYNTHETIC_TYPICAL,B_member_routine_template
cityrole-0122,m01,weekend,1,00:00,10:00,SYNTHETIC_TYPICAL,B_member_routine_template
cityrole-0122,m01,weekend,2,13:00,24:00,SYNTHETIC_TYPICAL,B_member_routine_template
cityrole-0122,m02,weekday,1,00:00,09:00,SYNTHETIC_TYPICAL,B_member_routine_template
cityrole-0122,m02,weekday,2,12:00,15:00,SYNTHETIC_TYPICAL,B_member_routine_template
cityrole-0122,m02,weekday,3,19:00,24:00,SYNTHETIC_TYPICAL,B_member_routine_template
cityrole-0122,m02,weekend,1,00:00,10:00,SYNTHETIC_TYPICAL,B_member_routine_template
cityrole-0122,m02,weekend,2,13:00,24:00,SYNTHETIC_TYPICAL,B_member_routine_template
cityrole-0122,m03,weekday,1,00:00,07:30,SYNTHETIC_TYPICAL,B_member_routine_template
cityrole-0122,m03,weekday,2,18:30,24:00,SYNTHETIC_TYPICAL,B_member_routine_template
cityrole-0122,m03,weekend,1,00:00,10:00,SYNTHETIC_TYPICAL,B_member_routine_template
cityrole-0122,m03,weekend,2,13:00,24:00,SYNTHETIC_TYPICAL,B_member_routine_template
cityrole-0123,m01,weekday,0,,,UNKNOWN,irregular_routine_not_fixed_clock
cityrole-0123,m01,weekend,0,,,UNKNOWN,irregular_routine_not_fixed_clock
cityrole-0124,m01,weekday,1,00:00,09:00,SYNTHETIC_TYPICAL,B_member_routine_template
cityrole-0124,m01,weekday,2,12:00,15:00,SYNTHETIC_TYPICAL,B_member_routine_template
cityrole-0124,m01,weekday,3,19:00,24:00,SYNTHETIC_TYPICAL,B_member_routine_template
cityrole-0124,m01,weekend,1,00:00,10:00,SYNTHETIC_TYPICAL,B_member_routine_template
cityrole-0124,m01,weekend,2,13:00,24:00,SYNTHETIC_TYPICAL,B_member_routine_template
cityrole-0124,m02,weekday,1,00:00,07:30,SYNTHETIC_TYPICAL,B_member_routine_template
cityrole-0124,m02,weekday,2,18:30,24:00,SYNTHETIC_TYPICAL,B_member_routine_template
cityrole-0124,m02,weekend,1,00:00,10:00,SYNTHETIC_TYPICAL,B_member_routine_template
cityrole-0124,m02,weekend,2,13:00,24:00,SYNTHETIC_TYPICAL,B_member_routine_template
cityrole-0124,m03,weekday,0,,,UNKNOWN,irregular_routine_not_fixed_clock
cityrole-0124,m03,weekend,0,,,UNKNOWN,irregular_routine_not_fixed_clock
cityrole-0124,m04,weekday,1,00:00,09:00,SYNTHETIC_TYPICAL,B_member_routine_template
cityrole-0124,m04,weekday,2,12:00,15:00,SYNTHETIC_TYPICAL,B_member_routine_template
cityrole-0124,m04,weekday,3,19:00,24:00,SYNTHETIC_TYPICAL,B_member_routine_template
cityrole-0124,m04,weekend,1,00:00,10:00,SYNTHETIC_TYPICAL,B_member_routine_template
cityrole-0124,m04,weekend,2,13:00,24:00,SYNTHETIC_TYPICAL,B_member_routine_template
cityrole-0125,m01,weekday,1,00:00,09:00,SYNTHETIC_TYPICAL,B_member_routine_template
cityrole-0125,m01,weekday,2,12:00,15:00,SYNTHETIC_TYPICAL,B_member_routine_template
cityrole-0125,m01,weekday,3,19:00,24:00,SYNTHETIC_TYPICAL,B_member_routine_template
cityrole-0125,m01,weekend,1,00:00,10:00,SYNTHETIC_TYPICAL,B_member_routine_template
cityrole-0125,m01,weekend,2,13:00,24:00,SYNTHETIC_TYPICAL,B_member_routine_template
cityrole-0125,m02,weekday,1,00:00,07:30,SYNTHETIC_TYPICAL,B_member_routine_template
cityrole-0125,m02,weekday,2,18:30,24:00,SYNTHETIC_TYPICAL,B_member_routine_template
cityrole-0125,m02,weekend,1,00:00,10:00,SYNTHETIC_TYPICAL,B_member_routine_template
cityrole-0125,m02,weekend,2,13:00,24:00,SYNTHETIC_TYPICAL,B_member_routine_template
cityrole-0125,m03,weekday,1,00:00,09:00,SYNTHETIC_TYPICAL,B_member_routine_template
cityrole-0125,m03,weekday,2,12:00,15:00,SYNTHETIC_TYPICAL,B_member_routine_template
cityrole-0125,m03,weekday,3,19:00,24:00,SYNTHETIC_TYPICAL,B_member_routine_template
cityrole-0125,m03,weekend,1,00:00,10:00,SYNTHETIC_TYPICAL,B_member_routine_template
cityrole-0125,m03,weekend,2,13:00,24:00,SYNTHETIC_TYPICAL,B_member_routine_template
cityrole-0125,m04,weekday,1,00:00,24:00,SYNTHETIC_TYPICAL,B_member_routine_template
cityrole-0125,m04,weekend,1,00:00,10:00,SYNTHETIC_TYPICAL,B_member_routine_template
cityrole-0125,m04,weekend,2,13:00,24:00,SYNTHETIC_TYPICAL,B_member_routine_template
cityrole-0126,m01,weekday,1,00:00,07:30,SYNTHETIC_TYPICAL,B_member_routine_template
cityrole-0126,m01,weekday,2,18:30,24:00,SYNTHETIC_TYPICAL,B_member_routine_template
cityrole-0126,m01,weekend,1,00:00,10:00,SYNTHETIC_TYPICAL,B_member_routine_template
cityrole-0126,m01,weekend,2,13:00,24:00,SYNTHETIC_TYPICAL,B_member_routine_template
cityrole-0127,m01,weekday,1,00:00,07:30,SYNTHETIC_TYPICAL,B_member_routine_template
cityrole-0127,m01,weekday,2,18:30,24:00,SYNTHETIC_TYPICAL,B_member_routine_template
cityrole-0127,m01,weekend,1,00:00,10:00,SYNTHETIC_TYPICAL,B_member_routine_template
cityrole-0127,m01,weekend,2,13:00,24:00,SYNTHETIC_TYPICAL,B_member_routine_template
cityrole-0127,m02,weekday,1,00:00,09:00,SYNTHETIC_TYPICAL,B_member_routine_template
cityrole-0127,m02,weekday,2,12:00,15:00,SYNTHETIC_TYPICAL,B_member_routine_template
cityrole-0127,m02,weekday,3,19:00,24:00,SYNTHETIC_TYPICAL,B_member_routine_template
cityrole-0127,m02,weekend,1,00:00,10:00,SYNTHETIC_TYPICAL,B_member_routine_template
cityrole-0127,m02,weekend,2,13:00,24:00,SYNTHETIC_TYPICAL,B_member_routine_template
cityrole-0127,m03,weekday,1,00:00,07:30,SYNTHETIC_TYPICAL,B_member_routine_template
cityrole-0127,m03,weekday,2,18:30,24:00,SYNTHETIC_TYPICAL,B_member_routine_template
cityrole-0127,m03,weekend,1,00:00,10:00,SYNTHETIC_TYPICAL,B_member_routine_template
cityrole-0127,m03,weekend,2,13:00,24:00,SYNTHETIC_TYPICAL,B_member_routine_template
cityrole-0127,m04,weekday,0,,,UNKNOWN,irregular_routine_not_fixed_clock
cityrole-0127,m04,weekend,0,,,UNKNOWN,irregular_routine_not_fixed_clock
cityrole-0128,m01,weekday,0,,,UNKNOWN,irregular_routine_not_fixed_clock
cityrole-0128,m01,weekend,0,,,UNKNOWN,irregular_routine_not_fixed_clock
cityrole-0129,m01,weekday,1,00:00,09:00,SYNTHETIC_TYPICAL,B_member_routine_template
cityrole-0129,m01,weekday,2,12:00,15:00,SYNTHETIC_TYPICAL,B_member_routine_template
cityrole-0129,m01,weekday,3,19:00,24:00,SYNTHETIC_TYPICAL,B_member_routine_template
cityrole-0129,m01,weekend,1,00:00,10:00,SYNTHETIC_TYPICAL,B_member_routine_template
cityrole-0129,m01,weekend,2,13:00,24:00,SYNTHETIC_TYPICAL,B_member_routine_template
cityrole-0129,m02,weekday,1,00:00,07:30,SYNTHETIC_TYPICAL,B_member_routine_template
cityrole-0129,m02,weekday,2,18:30,24:00,SYNTHETIC_TYPICAL,B_member_routine_template
cityrole-0129,m02,weekend,1,00:00,10:00,SYNTHETIC_TYPICAL,B_member_routine_template
cityrole-0129,m02,weekend,2,13:00,24:00,SYNTHETIC_TYPICAL,B_member_routine_template
cityrole-0130,m01,weekday,1,00:00,09:00,SYNTHETIC_TYPICAL,B_member_routine_template
cityrole-0130,m01,weekday,2,12:00,15:00,SYNTHETIC_TYPICAL,B_member_routine_template
cityrole-0130,m01,weekday,3,19:00,24:00,SYNTHETIC_TYPICAL,B_member_routine_template
cityrole-0130,m01,weekend,1,00:00,10:00,SYNTHETIC_TYPICAL,B_member_routine_template
cityrole-0130,m01,weekend,2,13:00,24:00,SYNTHETIC_TYPICAL,B_member_routine_template
cityrole-0131,m01,weekday,1,00:00,07:30,SYNTHETIC_TYPICAL,B_member_routine_template
cityrole-0131,m01,weekday,2,18:30,24:00,SYNTHETIC_TYPICAL,B_member_routine_template
cityrole-0131,m01,weekend,1,00:00,10:00,SYNTHETIC_TYPICAL,B_member_routine_template
cityrole-0131,m01,weekend,2,13:00,24:00,SYNTHETIC_TYPICAL,B_member_routine_template
cityrole-0132,m01,weekday,1,00:00,09:00,SYNTHETIC_TYPICAL,B_member_routine_template
cityrole-0132,m01,weekday,2,12:00,15:00,SYNTHETIC_TYPICAL,B_member_routine_template
cityrole-0132,m01,weekday,3,19:00,24:00,SYNTHETIC_TYPICAL,B_member_routine_template
cityrole-0132,m01,weekend,1,00:00,10:00,SYNTHETIC_TYPICAL,B_member_routine_template
cityrole-0132,m01,weekend,2,13:00,24:00,SYNTHETIC_TYPICAL,B_member_routine_template
cityrole-0132,m02,weekday,1,00:00,09:00,SYNTHETIC_TYPICAL,B_member_routine_template
cityrole-0132,m02,weekday,2,12:00,15:00,SYNTHETIC_TYPICAL,B_member_routine_template
cityrole-0132,m02,weekday,3,19:00,24:00,SYNTHETIC_TYPICAL,B_member_routine_template
cityrole-0132,m02,weekend,1,00:00,10:00,SYNTHETIC_TYPICAL,B_member_routine_template
cityrole-0132,m02,weekend,2,13:00,24:00,SYNTHETIC_TYPICAL,B_member_routine_template
cityrole-0133,m01,weekday,0,,,UNKNOWN,irregular_routine_not_fixed_clock
cityrole-0133,m01,weekend,0,,,UNKNOWN,irregular_routine_not_fixed_clock
cityrole-0134,m01,weekday,1,00:00,09:00,SYNTHETIC_TYPICAL,B_member_routine_template
cityrole-0134,m01,weekday,2,12:00,15:00,SYNTHETIC_TYPICAL,B_member_routine_template
cityrole-0134,m01,weekday,3,19:00,24:00,SYNTHETIC_TYPICAL,B_member_routine_template
cityrole-0134,m01,weekend,1,00:00,10:00,SYNTHETIC_TYPICAL,B_member_routine_template
cityrole-0134,m01,weekend,2,13:00,24:00,SYNTHETIC_TYPICAL,B_member_routine_template
cityrole-0135,m01,weekday,1,00:00,07:30,SYNTHETIC_TYPICAL,B_member_routine_template
cityrole-0135,m01,weekday,2,18:30,24:00,SYNTHETIC_TYPICAL,B_member_routine_template
cityrole-0135,m01,weekend,1,00:00,10:00,SYNTHETIC_TYPICAL,B_member_routine_template
cityrole-0135,m01,weekend,2,13:00,24:00,SYNTHETIC_TYPICAL,B_member_routine_template
cityrole-0136,m01,weekday,1,00:00,07:30,SYNTHETIC_TYPICAL,B_member_routine_template
cityrole-0136,m01,weekday,2,18:30,24:00,SYNTHETIC_TYPICAL,B_member_routine_template
cityrole-0136,m01,weekend,1,00:00,10:00,SYNTHETIC_TYPICAL,B_member_routine_template
cityrole-0136,m01,weekend,2,13:00,24:00,SYNTHETIC_TYPICAL,B_member_routine_template
cityrole-0136,m02,weekday,0,,,UNKNOWN,irregular_routine_not_fixed_clock
cityrole-0136,m02,weekend,0,,,UNKNOWN,irregular_routine_not_fixed_clock
cityrole-0137,m01,weekday,1,00:00,24:00,SYNTHETIC_TYPICAL,B_member_routine_template
cityrole-0137,m01,weekend,1,00:00,10:00,SYNTHETIC_TYPICAL,B_member_routine_template
cityrole-0137,m01,weekend,2,13:00,24:00,SYNTHETIC_TYPICAL,B_member_routine_template
cityrole-0138,m01,weekday,1,00:00,24:00,SYNTHETIC_TYPICAL,B_member_routine_template
cityrole-0138,m01,weekend,1,00:00,10:00,SYNTHETIC_TYPICAL,B_member_routine_template
cityrole-0138,m01,weekend,2,13:00,24:00,SYNTHETIC_TYPICAL,B_member_routine_template
cityrole-0138,m02,weekday,1,00:00,07:30,SYNTHETIC_TYPICAL,B_member_routine_template
cityrole-0138,m02,weekday,2,18:30,24:00,SYNTHETIC_TYPICAL,B_member_routine_template
cityrole-0138,m02,weekend,1,00:00,10:00,SYNTHETIC_TYPICAL,B_member_routine_template
cityrole-0138,m02,weekend,2,13:00,24:00,SYNTHETIC_TYPICAL,B_member_routine_template
cityrole-0139,m01,weekday,1,00:00,09:00,SYNTHETIC_TYPICAL,B_member_routine_template
cityrole-0139,m01,weekday,2,12:00,15:00,SYNTHETIC_TYPICAL,B_member_routine_template
cityrole-0139,m01,weekday,3,19:00,24:00,SYNTHETIC_TYPICAL,B_member_routine_template
cityrole-0139,m01,weekend,1,00:00,10:00,SYNTHETIC_TYPICAL,B_member_routine_template
cityrole-0139,m01,weekend,2,13:00,24:00,SYNTHETIC_TYPICAL,B_member_routine_template
cityrole-0140,m01,weekday,1,00:00,09:00,SYNTHETIC_TYPICAL,B_member_routine_template
cityrole-0140,m01,weekday,2,12:00,15:00,SYNTHETIC_TYPICAL,B_member_routine_template
cityrole-0140,m01,weekday,3,19:00,24:00,SYNTHETIC_TYPICAL,B_member_routine_template
cityrole-0140,m01,weekend,1,00:00,10:00,SYNTHETIC_TYPICAL,B_member_routine_template
cityrole-0140,m01,weekend,2,13:00,24:00,SYNTHETIC_TYPICAL,B_member_routine_template
cityrole-0140,m02,weekday,1,00:00,24:00,SYNTHETIC_TYPICAL,B_member_routine_template
cityrole-0140,m02,weekend,1,00:00,10:00,SYNTHETIC_TYPICAL,B_member_routine_template
cityrole-0140,m02,weekend,2,13:00,24:00,SYNTHETIC_TYPICAL,B_member_routine_template
cityrole-0140,m03,weekday,1,00:00,09:00,SYNTHETIC_TYPICAL,B_member_routine_template
cityrole-0140,m03,weekday,2,12:00,15:00,SYNTHETIC_TYPICAL,B_member_routine_template
cityrole-0140,m03,weekday,3,19:00,24:00,SYNTHETIC_TYPICAL,B_member_routine_template
cityrole-0140,m03,weekend,1,00:00,10:00,SYNTHETIC_TYPICAL,B_member_routine_template
cityrole-0140,m03,weekend,2,13:00,24:00,SYNTHETIC_TYPICAL,B_member_routine_template
cityrole-0140,m04,weekday,1,00:00,07:30,SYNTHETIC_TYPICAL,B_member_routine_template
cityrole-0140,m04,weekday,2,18:30,24:00,SYNTHETIC_TYPICAL,B_member_routine_template
cityrole-0140,m04,weekend,1,00:00,10:00,SYNTHETIC_TYPICAL,B_member_routine_template
cityrole-0140,m04,weekend,2,13:00,24:00,SYNTHETIC_TYPICAL,B_member_routine_template
cityrole-0141,m01,weekday,1,00:00,07:30,SYNTHETIC_TYPICAL,B_member_routine_template
cityrole-0141,m01,weekday,2,18:30,24:00,SYNTHETIC_TYPICAL,B_member_routine_template
cityrole-0141,m01,weekend,1,00:00,10:00,SYNTHETIC_TYPICAL,B_member_routine_template
cityrole-0141,m01,weekend,2,13:00,24:00,SYNTHETIC_TYPICAL,B_member_routine_template
cityrole-0141,m02,weekday,0,,,UNKNOWN,irregular_routine_not_fixed_clock
cityrole-0141,m02,weekend,0,,,UNKNOWN,irregular_routine_not_fixed_clock
cityrole-0142,m01,weekday,1,00:00,24:00,SYNTHETIC_TYPICAL,B_member_routine_template
cityrole-0142,m01,weekend,1,00:00,10:00,SYNTHETIC_TYPICAL,B_member_routine_template
cityrole-0142,m01,weekend,2,13:00,24:00,SYNTHETIC_TYPICAL,B_member_routine_template
cityrole-0142,m02,weekday,1,00:00,09:00,SYNTHETIC_TYPICAL,B_member_routine_template
cityrole-0142,m02,weekday,2,12:00,15:00,SYNTHETIC_TYPICAL,B_member_routine_template
cityrole-0142,m02,weekday,3,19:00,24:00,SYNTHETIC_TYPICAL,B_member_routine_template
cityrole-0142,m02,weekend,1,00:00,10:00,SYNTHETIC_TYPICAL,B_member_routine_template
cityrole-0142,m02,weekend,2,13:00,24:00,SYNTHETIC_TYPICAL,B_member_routine_template
cityrole-0142,m03,weekday,1,00:00,07:30,SYNTHETIC_TYPICAL,B_member_routine_template
cityrole-0142,m03,weekday,2,18:30,24:00,SYNTHETIC_TYPICAL,B_member_routine_template
cityrole-0142,m03,weekend,1,00:00,10:00,SYNTHETIC_TYPICAL,B_member_routine_template
cityrole-0142,m03,weekend,2,13:00,24:00,SYNTHETIC_TYPICAL,B_member_routine_template
cityrole-0143,m01,weekday,1,00:00,07:30,SYNTHETIC_TYPICAL,B_member_routine_template
cityrole-0143,m01,weekday,2,18:30,24:00,SYNTHETIC_TYPICAL,B_member_routine_template
cityrole-0143,m01,weekend,1,00:00,10:00,SYNTHETIC_TYPICAL,B_member_routine_template
cityrole-0143,m01,weekend,2,13:00,24:00,SYNTHETIC_TYPICAL,B_member_routine_template
cityrole-0143,m02,weekday,1,00:00,09:00,SYNTHETIC_TYPICAL,B_member_routine_template
cityrole-0143,m02,weekday,2,12:00,15:00,SYNTHETIC_TYPICAL,B_member_routine_template
cityrole-0143,m02,weekday,3,19:00,24:00,SYNTHETIC_TYPICAL,B_member_routine_template
cityrole-0143,m02,weekend,1,00:00,10:00,SYNTHETIC_TYPICAL,B_member_routine_template
cityrole-0143,m02,weekend,2,13:00,24:00,SYNTHETIC_TYPICAL,B_member_routine_template
cityrole-0144,m01,weekday,1,00:00,09:00,SYNTHETIC_TYPICAL,B_member_routine_template
cityrole-0144,m01,weekday,2,12:00,15:00,SYNTHETIC_TYPICAL,B_member_routine_template
cityrole-0144,m01,weekday,3,19:00,24:00,SYNTHETIC_TYPICAL,B_member_routine_template
cityrole-0144,m01,weekend,1,00:00,10:00,SYNTHETIC_TYPICAL,B_member_routine_template
cityrole-0144,m01,weekend,2,13:00,24:00,SYNTHETIC_TYPICAL,B_member_routine_template
cityrole-0144,m02,weekday,1,00:00,07:30,SYNTHETIC_TYPICAL,B_member_routine_template
cityrole-0144,m02,weekday,2,18:30,24:00,SYNTHETIC_TYPICAL,B_member_routine_template
cityrole-0144,m02,weekend,1,00:00,10:00,SYNTHETIC_TYPICAL,B_member_routine_template
cityrole-0144,m02,weekend,2,13:00,24:00,SYNTHETIC_TYPICAL,B_member_routine_template
cityrole-0145,m01,weekday,1,00:00,09:00,SYNTHETIC_TYPICAL,B_member_routine_template
cityrole-0145,m01,weekday,2,12:00,15:00,SYNTHETIC_TYPICAL,B_member_routine_template
cityrole-0145,m01,weekday,3,19:00,24:00,SYNTHETIC_TYPICAL,B_member_routine_template
cityrole-0145,m01,weekend,1,00:00,10:00,SYNTHETIC_TYPICAL,B_member_routine_template
cityrole-0145,m01,weekend,2,13:00,24:00,SYNTHETIC_TYPICAL,B_member_routine_template
cityrole-0146,m01,weekday,1,00:00,24:00,SYNTHETIC_TYPICAL,B_member_routine_template
cityrole-0146,m01,weekend,1,00:00,10:00,SYNTHETIC_TYPICAL,B_member_routine_template
cityrole-0146,m01,weekend,2,13:00,24:00,SYNTHETIC_TYPICAL,B_member_routine_template
cityrole-0146,m02,weekday,1,00:00,07:30,SYNTHETIC_TYPICAL,B_member_routine_template
cityrole-0146,m02,weekday,2,18:30,24:00,SYNTHETIC_TYPICAL,B_member_routine_template
cityrole-0146,m02,weekend,1,00:00,10:00,SYNTHETIC_TYPICAL,B_member_routine_template
cityrole-0146,m02,weekend,2,13:00,24:00,SYNTHETIC_TYPICAL,B_member_routine_template
cityrole-0147,m01,weekday,1,00:00,24:00,SYNTHETIC_TYPICAL,B_member_routine_template
cityrole-0147,m01,weekend,1,00:00,10:00,SYNTHETIC_TYPICAL,B_member_routine_template
cityrole-0147,m01,weekend,2,13:00,24:00,SYNTHETIC_TYPICAL,B_member_routine_template
cityrole-0147,m02,weekday,1,00:00,09:00,SYNTHETIC_TYPICAL,B_member_routine_template
cityrole-0147,m02,weekday,2,12:00,15:00,SYNTHETIC_TYPICAL,B_member_routine_template
cityrole-0147,m02,weekday,3,19:00,24:00,SYNTHETIC_TYPICAL,B_member_routine_template
cityrole-0147,m02,weekend,1,00:00,10:00,SYNTHETIC_TYPICAL,B_member_routine_template
cityrole-0147,m02,weekend,2,13:00,24:00,SYNTHETIC_TYPICAL,B_member_routine_template
cityrole-0148,m01,weekday,0,,,UNKNOWN,irregular_routine_not_fixed_clock
cityrole-0148,m01,weekend,0,,,UNKNOWN,irregular_routine_not_fixed_clock
cityrole-0148,m02,weekday,1,00:00,09:00,SYNTHETIC_TYPICAL,B_member_routine_template
cityrole-0148,m02,weekday,2,12:00,15:00,SYNTHETIC_TYPICAL,B_member_routine_template
cityrole-0148,m02,weekday,3,19:00,24:00,SYNTHETIC_TYPICAL,B_member_routine_template
cityrole-0148,m02,weekend,1,00:00,10:00,SYNTHETIC_TYPICAL,B_member_routine_template
cityrole-0148,m02,weekend,2,13:00,24:00,SYNTHETIC_TYPICAL,B_member_routine_template
cityrole-0149,m01,weekday,1,00:00,09:00,SYNTHETIC_TYPICAL,B_member_routine_template
cityrole-0149,m01,weekday,2,12:00,15:00,SYNTHETIC_TYPICAL,B_member_routine_template
cityrole-0149,m01,weekday,3,19:00,24:00,SYNTHETIC_TYPICAL,B_member_routine_template
cityrole-0149,m01,weekend,1,00:00,10:00,SYNTHETIC_TYPICAL,B_member_routine_template
cityrole-0149,m01,weekend,2,13:00,24:00,SYNTHETIC_TYPICAL,B_member_routine_template
cityrole-0149,m02,weekday,1,00:00,07:30,SYNTHETIC_TYPICAL,B_member_routine_template
cityrole-0149,m02,weekday,2,18:30,24:00,SYNTHETIC_TYPICAL,B_member_routine_template
cityrole-0149,m02,weekend,1,00:00,10:00,SYNTHETIC_TYPICAL,B_member_routine_template
cityrole-0149,m02,weekend,2,13:00,24:00,SYNTHETIC_TYPICAL,B_member_routine_template
cityrole-0150,m01,weekday,1,00:00,09:00,SYNTHETIC_TYPICAL,B_member_routine_template
cityrole-0150,m01,weekday,2,12:00,15:00,SYNTHETIC_TYPICAL,B_member_routine_template
cityrole-0150,m01,weekday,3,19:00,24:00,SYNTHETIC_TYPICAL,B_member_routine_template
cityrole-0150,m01,weekend,1,00:00,10:00,SYNTHETIC_TYPICAL,B_member_routine_template
cityrole-0150,m01,weekend,2,13:00,24:00,SYNTHETIC_TYPICAL,B_member_routine_template
cityrole-0150,m02,weekday,1,00:00,24:00,SYNTHETIC_TYPICAL,B_member_routine_template
cityrole-0150,m02,weekend,1,00:00,10:00,SYNTHETIC_TYPICAL,B_member_routine_template
cityrole-0150,m02,weekend,2,13:00,24:00,SYNTHETIC_TYPICAL,B_member_routine_template
cityrole-0151,m01,weekday,1,00:00,07:30,SYNTHETIC_TYPICAL,B_member_routine_template
cityrole-0151,m01,weekday,2,18:30,24:00,SYNTHETIC_TYPICAL,B_member_routine_template
cityrole-0151,m01,weekend,1,00:00,10:00,SYNTHETIC_TYPICAL,B_member_routine_template
cityrole-0151,m01,weekend,2,13:00,24:00,SYNTHETIC_TYPICAL,B_member_routine_template
cityrole-0151,m02,weekday,0,,,UNKNOWN,irregular_routine_not_fixed_clock
cityrole-0151,m02,weekend,0,,,UNKNOWN,irregular_routine_not_fixed_clock
cityrole-0152,m01,weekday,1,00:00,24:00,SYNTHETIC_TYPICAL,B_member_routine_template
cityrole-0152,m01,weekend,1,00:00,10:00,SYNTHETIC_TYPICAL,B_member_routine_template
cityrole-0152,m01,weekend,2,13:00,24:00,SYNTHETIC_TYPICAL,B_member_routine_template
cityrole-0152,m02,weekday,1,00:00,09:00,SYNTHETIC_TYPICAL,B_member_routine_template
cityrole-0152,m02,weekday,2,12:00,15:00,SYNTHETIC_TYPICAL,B_member_routine_template
cityrole-0152,m02,weekday,3,19:00,24:00,SYNTHETIC_TYPICAL,B_member_routine_template
cityrole-0152,m02,weekend,1,00:00,10:00,SYNTHETIC_TYPICAL,B_member_routine_template
cityrole-0152,m02,weekend,2,13:00,24:00,SYNTHETIC_TYPICAL,B_member_routine_template
cityrole-0152,m03,weekday,1,00:00,07:30,SYNTHETIC_TYPICAL,B_member_routine_template
cityrole-0152,m03,weekday,2,18:30,24:00,SYNTHETIC_TYPICAL,B_member_routine_template
cityrole-0152,m03,weekend,1,00:00,10:00,SYNTHETIC_TYPICAL,B_member_routine_template
cityrole-0152,m03,weekend,2,13:00,24:00,SYNTHETIC_TYPICAL,B_member_routine_template
cityrole-0153,m01,weekday,0,,,UNKNOWN,irregular_routine_not_fixed_clock
cityrole-0153,m01,weekend,0,,,UNKNOWN,irregular_routine_not_fixed_clock
cityrole-0153,m02,weekday,1,00:00,09:00,SYNTHETIC_TYPICAL,B_member_routine_template
cityrole-0153,m02,weekday,2,12:00,15:00,SYNTHETIC_TYPICAL,B_member_routine_template
cityrole-0153,m02,weekday,3,19:00,24:00,SYNTHETIC_TYPICAL,B_member_routine_template
cityrole-0153,m02,weekend,1,00:00,10:00,SYNTHETIC_TYPICAL,B_member_routine_template
cityrole-0153,m02,weekend,2,13:00,24:00,SYNTHETIC_TYPICAL,B_member_routine_template
cityrole-0154,m01,weekday,1,00:00,09:00,SYNTHETIC_TYPICAL,B_member_routine_template
cityrole-0154,m01,weekday,2,12:00,15:00,SYNTHETIC_TYPICAL,B_member_routine_template
cityrole-0154,m01,weekday,3,19:00,24:00,SYNTHETIC_TYPICAL,B_member_routine_template
cityrole-0154,m01,weekend,1,00:00,10:00,SYNTHETIC_TYPICAL,B_member_routine_template
cityrole-0154,m01,weekend,2,13:00,24:00,SYNTHETIC_TYPICAL,B_member_routine_template
cityrole-0154,m02,weekday,1,00:00,07:30,SYNTHETIC_TYPICAL,B_member_routine_template
cityrole-0154,m02,weekday,2,18:30,24:00,SYNTHETIC_TYPICAL,B_member_routine_template
cityrole-0154,m02,weekend,1,00:00,10:00,SYNTHETIC_TYPICAL,B_member_routine_template
cityrole-0154,m02,weekend,2,13:00,24:00,SYNTHETIC_TYPICAL,B_member_routine_template
cityrole-0154,m03,weekday,0,,,UNKNOWN,irregular_routine_not_fixed_clock
cityrole-0154,m03,weekend,0,,,UNKNOWN,irregular_routine_not_fixed_clock
cityrole-0155,m01,weekday,1,00:00,09:00,SYNTHETIC_TYPICAL,B_member_routine_template
cityrole-0155,m01,weekday,2,12:00,15:00,SYNTHETIC_TYPICAL,B_member_routine_template
cityrole-0155,m01,weekday,3,19:00,24:00,SYNTHETIC_TYPICAL,B_member_routine_template
cityrole-0155,m01,weekend,1,00:00,10:00,SYNTHETIC_TYPICAL,B_member_routine_template
cityrole-0155,m01,weekend,2,13:00,24:00,SYNTHETIC_TYPICAL,B_member_routine_template
cityrole-0155,m02,weekday,1,00:00,07:30,SYNTHETIC_TYPICAL,B_member_routine_template
cityrole-0155,m02,weekday,2,18:30,24:00,SYNTHETIC_TYPICAL,B_member_routine_template
cityrole-0155,m02,weekend,1,00:00,10:00,SYNTHETIC_TYPICAL,B_member_routine_template
cityrole-0155,m02,weekend,2,13:00,24:00,SYNTHETIC_TYPICAL,B_member_routine_template
cityrole-0155,m03,weekday,1,00:00,09:00,SYNTHETIC_TYPICAL,B_member_routine_template
cityrole-0155,m03,weekday,2,12:00,15:00,SYNTHETIC_TYPICAL,B_member_routine_template
cityrole-0155,m03,weekday,3,19:00,24:00,SYNTHETIC_TYPICAL,B_member_routine_template
cityrole-0155,m03,weekend,1,00:00,10:00,SYNTHETIC_TYPICAL,B_member_routine_template
cityrole-0155,m03,weekend,2,13:00,24:00,SYNTHETIC_TYPICAL,B_member_routine_template
cityrole-0156,m01,weekday,1,00:00,07:30,SYNTHETIC_TYPICAL,B_member_routine_template
cityrole-0156,m01,weekday,2,18:30,24:00,SYNTHETIC_TYPICAL,B_member_routine_template
cityrole-0156,m01,weekend,1,00:00,10:00,SYNTHETIC_TYPICAL,B_member_routine_template
cityrole-0156,m01,weekend,2,13:00,24:00,SYNTHETIC_TYPICAL,B_member_routine_template
cityrole-0157,m01,weekday,1,00:00,24:00,SYNTHETIC_TYPICAL,B_member_routine_template
cityrole-0157,m01,weekend,1,00:00,10:00,SYNTHETIC_TYPICAL,B_member_routine_template
cityrole-0157,m01,weekend,2,13:00,24:00,SYNTHETIC_TYPICAL,B_member_routine_template
cityrole-0157,m02,weekday,1,00:00,24:00,SYNTHETIC_TYPICAL,B_member_routine_template
cityrole-0157,m02,weekend,1,00:00,10:00,SYNTHETIC_TYPICAL,B_member_routine_template
cityrole-0157,m02,weekend,2,13:00,24:00,SYNTHETIC_TYPICAL,B_member_routine_template
cityrole-0157,m03,weekday,1,00:00,07:30,SYNTHETIC_TYPICAL,B_member_routine_template
cityrole-0157,m03,weekday,2,18:30,24:00,SYNTHETIC_TYPICAL,B_member_routine_template
cityrole-0157,m03,weekend,1,00:00,10:00,SYNTHETIC_TYPICAL,B_member_routine_template
cityrole-0157,m03,weekend,2,13:00,24:00,SYNTHETIC_TYPICAL,B_member_routine_template
cityrole-0158,m01,weekday,0,,,UNKNOWN,irregular_routine_not_fixed_clock
cityrole-0158,m01,weekend,0,,,UNKNOWN,irregular_routine_not_fixed_clock
cityrole-0158,m02,weekday,1,00:00,09:00,SYNTHETIC_TYPICAL,B_member_routine_template
cityrole-0158,m02,weekday,2,12:00,15:00,SYNTHETIC_TYPICAL,B_member_routine_template
cityrole-0158,m02,weekday,3,19:00,24:00,SYNTHETIC_TYPICAL,B_member_routine_template
cityrole-0158,m02,weekend,1,00:00,10:00,SYNTHETIC_TYPICAL,B_member_routine_template
cityrole-0158,m02,weekend,2,13:00,24:00,SYNTHETIC_TYPICAL,B_member_routine_template
cityrole-0158,m03,weekday,1,00:00,24:00,SYNTHETIC_TYPICAL,B_member_routine_template
cityrole-0158,m03,weekend,1,00:00,10:00,SYNTHETIC_TYPICAL,B_member_routine_template
cityrole-0158,m03,weekend,2,13:00,24:00,SYNTHETIC_TYPICAL,B_member_routine_template
cityrole-0159,m01,weekday,1,00:00,09:00,SYNTHETIC_TYPICAL,B_member_routine_template
cityrole-0159,m01,weekday,2,12:00,15:00,SYNTHETIC_TYPICAL,B_member_routine_template
cityrole-0159,m01,weekday,3,19:00,24:00,SYNTHETIC_TYPICAL,B_member_routine_template
cityrole-0159,m01,weekend,1,00:00,10:00,SYNTHETIC_TYPICAL,B_member_routine_template
cityrole-0159,m01,weekend,2,13:00,24:00,SYNTHETIC_TYPICAL,B_member_routine_template
cityrole-0160,m01,weekday,1,00:00,09:00,SYNTHETIC_TYPICAL,B_member_routine_template
cityrole-0160,m01,weekday,2,12:00,15:00,SYNTHETIC_TYPICAL,B_member_routine_template
cityrole-0160,m01,weekday,3,19:00,24:00,SYNTHETIC_TYPICAL,B_member_routine_template
cityrole-0160,m01,weekend,1,00:00,10:00,SYNTHETIC_TYPICAL,B_member_routine_template
cityrole-0160,m01,weekend,2,13:00,24:00,SYNTHETIC_TYPICAL,B_member_routine_template
cityrole-0160,m02,weekday,1,00:00,24:00,SYNTHETIC_TYPICAL,B_member_routine_template
cityrole-0160,m02,weekend,1,00:00,10:00,SYNTHETIC_TYPICAL,B_member_routine_template
cityrole-0160,m02,weekend,2,13:00,24:00,SYNTHETIC_TYPICAL,B_member_routine_template
cityrole-0160,m03,weekday,1,00:00,09:00,SYNTHETIC_TYPICAL,B_member_routine_template
cityrole-0160,m03,weekday,2,12:00,15:00,SYNTHETIC_TYPICAL,B_member_routine_template
cityrole-0160,m03,weekday,3,19:00,24:00,SYNTHETIC_TYPICAL,B_member_routine_template
cityrole-0160,m03,weekend,1,00:00,10:00,SYNTHETIC_TYPICAL,B_member_routine_template
cityrole-0160,m03,weekend,2,13:00,24:00,SYNTHETIC_TYPICAL,B_member_routine_template
cityrole-0161,m01,weekday,1,00:00,07:30,SYNTHETIC_TYPICAL,B_member_routine_template
cityrole-0161,m01,weekday,2,18:30,24:00,SYNTHETIC_TYPICAL,B_member_routine_template
cityrole-0161,m01,weekend,1,00:00,10:00,SYNTHETIC_TYPICAL,B_member_routine_template
cityrole-0161,m01,weekend,2,13:00,24:00,SYNTHETIC_TYPICAL,B_member_routine_template
cityrole-0161,m02,weekday,1,00:00,07:30,SYNTHETIC_TYPICAL,B_member_routine_template
cityrole-0161,m02,weekday,2,18:30,24:00,SYNTHETIC_TYPICAL,B_member_routine_template
cityrole-0161,m02,weekend,1,00:00,10:00,SYNTHETIC_TYPICAL,B_member_routine_template
cityrole-0161,m02,weekend,2,13:00,24:00,SYNTHETIC_TYPICAL,B_member_routine_template
cityrole-0161,m03,weekday,1,00:00,09:00,SYNTHETIC_TYPICAL,B_member_routine_template
cityrole-0161,m03,weekday,2,12:00,15:00,SYNTHETIC_TYPICAL,B_member_routine_template
cityrole-0161,m03,weekday,3,19:00,24:00,SYNTHETIC_TYPICAL,B_member_routine_template
cityrole-0161,m03,weekend,1,00:00,10:00,SYNTHETIC_TYPICAL,B_member_routine_template
cityrole-0161,m03,weekend,2,13:00,24:00,SYNTHETIC_TYPICAL,B_member_routine_template
cityrole-0162,m01,weekday,1,00:00,24:00,SYNTHETIC_TYPICAL,B_member_routine_template
cityrole-0162,m01,weekend,1,00:00,10:00,SYNTHETIC_TYPICAL,B_member_routine_template
cityrole-0162,m01,weekend,2,13:00,24:00,SYNTHETIC_TYPICAL,B_member_routine_template
cityrole-0163,m01,weekday,0,,,UNKNOWN,irregular_routine_not_fixed_clock
cityrole-0163,m01,weekend,0,,,UNKNOWN,irregular_routine_not_fixed_clock
cityrole-0164,m01,weekday,1,00:00,09:00,SYNTHETIC_TYPICAL,B_member_routine_template
cityrole-0164,m01,weekday,2,12:00,15:00,SYNTHETIC_TYPICAL,B_member_routine_template
cityrole-0164,m01,weekday,3,19:00,24:00,SYNTHETIC_TYPICAL,B_member_routine_template
cityrole-0164,m01,weekend,1,00:00,10:00,SYNTHETIC_TYPICAL,B_member_routine_template
cityrole-0164,m01,weekend,2,13:00,24:00,SYNTHETIC_TYPICAL,B_member_routine_template
cityrole-0164,m02,weekday,1,00:00,07:30,SYNTHETIC_TYPICAL,B_member_routine_template
cityrole-0164,m02,weekday,2,18:30,24:00,SYNTHETIC_TYPICAL,B_member_routine_template
cityrole-0164,m02,weekend,1,00:00,10:00,SYNTHETIC_TYPICAL,B_member_routine_template
cityrole-0164,m02,weekend,2,13:00,24:00,SYNTHETIC_TYPICAL,B_member_routine_template
cityrole-0164,m03,weekday,0,,,UNKNOWN,irregular_routine_not_fixed_clock
cityrole-0164,m03,weekend,0,,,UNKNOWN,irregular_routine_not_fixed_clock
cityrole-0165,m01,weekday,1,00:00,24:00,SYNTHETIC_TYPICAL,B_member_routine_template
cityrole-0165,m01,weekend,1,00:00,10:00,SYNTHETIC_TYPICAL,B_member_routine_template
cityrole-0165,m01,weekend,2,13:00,24:00,SYNTHETIC_TYPICAL,B_member_routine_template
cityrole-0165,m02,weekday,1,00:00,24:00,SYNTHETIC_TYPICAL,B_member_routine_template
cityrole-0165,m02,weekend,1,00:00,10:00,SYNTHETIC_TYPICAL,B_member_routine_template
cityrole-0165,m02,weekend,2,13:00,24:00,SYNTHETIC_TYPICAL,B_member_routine_template
cityrole-0166,m01,weekday,1,00:00,07:30,SYNTHETIC_TYPICAL,B_member_routine_template
cityrole-0166,m01,weekday,2,18:30,24:00,SYNTHETIC_TYPICAL,B_member_routine_template
cityrole-0166,m01,weekend,1,00:00,10:00,SYNTHETIC_TYPICAL,B_member_routine_template
cityrole-0166,m01,weekend,2,13:00,24:00,SYNTHETIC_TYPICAL,B_member_routine_template
cityrole-0167,m01,weekday,1,00:00,24:00,SYNTHETIC_TYPICAL,B_member_routine_template
cityrole-0167,m01,weekend,1,00:00,10:00,SYNTHETIC_TYPICAL,B_member_routine_template
cityrole-0167,m01,weekend,2,13:00,24:00,SYNTHETIC_TYPICAL,B_member_routine_template
cityrole-0167,m02,weekday,1,00:00,24:00,SYNTHETIC_TYPICAL,B_member_routine_template
cityrole-0167,m02,weekend,1,00:00,10:00,SYNTHETIC_TYPICAL,B_member_routine_template
cityrole-0167,m02,weekend,2,13:00,24:00,SYNTHETIC_TYPICAL,B_member_routine_template
cityrole-0167,m03,weekday,1,00:00,07:30,SYNTHETIC_TYPICAL,B_member_routine_template
cityrole-0167,m03,weekday,2,18:30,24:00,SYNTHETIC_TYPICAL,B_member_routine_template
cityrole-0167,m03,weekend,1,00:00,10:00,SYNTHETIC_TYPICAL,B_member_routine_template
cityrole-0167,m03,weekend,2,13:00,24:00,SYNTHETIC_TYPICAL,B_member_routine_template
cityrole-0167,m04,weekday,1,00:00,07:30,SYNTHETIC_TYPICAL,B_member_routine_template
cityrole-0167,m04,weekday,2,18:30,24:00,SYNTHETIC_TYPICAL,B_member_routine_template
cityrole-0167,m04,weekend,1,00:00,10:00,SYNTHETIC_TYPICAL,B_member_routine_template
cityrole-0167,m04,weekend,2,13:00,24:00,SYNTHETIC_TYPICAL,B_member_routine_template
cityrole-0168,m01,weekday,0,,,UNKNOWN,irregular_routine_not_fixed_clock
cityrole-0168,m01,weekend,0,,,UNKNOWN,irregular_routine_not_fixed_clock
cityrole-0168,m02,weekday,1,00:00,09:00,SYNTHETIC_TYPICAL,B_member_routine_template
cityrole-0168,m02,weekday,2,12:00,15:00,SYNTHETIC_TYPICAL,B_member_routine_template
cityrole-0168,m02,weekday,3,19:00,24:00,SYNTHETIC_TYPICAL,B_member_routine_template
cityrole-0168,m02,weekend,1,00:00,10:00,SYNTHETIC_TYPICAL,B_member_routine_template
cityrole-0168,m02,weekend,2,13:00,24:00,SYNTHETIC_TYPICAL,B_member_routine_template
cityrole-0168,m03,weekday,1,00:00,24:00,SYNTHETIC_TYPICAL,B_member_routine_template
cityrole-0168,m03,weekend,1,00:00,10:00,SYNTHETIC_TYPICAL,B_member_routine_template
cityrole-0168,m03,weekend,2,13:00,24:00,SYNTHETIC_TYPICAL,B_member_routine_template
cityrole-0168,m04,weekday,1,00:00,09:00,SYNTHETIC_TYPICAL,B_member_routine_template
cityrole-0168,m04,weekday,2,12:00,15:00,SYNTHETIC_TYPICAL,B_member_routine_template
cityrole-0168,m04,weekday,3,19:00,24:00,SYNTHETIC_TYPICAL,B_member_routine_template
cityrole-0168,m04,weekend,1,00:00,10:00,SYNTHETIC_TYPICAL,B_member_routine_template
cityrole-0168,m04,weekend,2,13:00,24:00,SYNTHETIC_TYPICAL,B_member_routine_template
cityrole-0169,m01,weekday,1,00:00,09:00,SYNTHETIC_TYPICAL,B_member_routine_template
cityrole-0169,m01,weekday,2,12:00,15:00,SYNTHETIC_TYPICAL,B_member_routine_template
cityrole-0169,m01,weekday,3,19:00,24:00,SYNTHETIC_TYPICAL,B_member_routine_template
cityrole-0169,m01,weekend,1,00:00,10:00,SYNTHETIC_TYPICAL,B_member_routine_template
cityrole-0169,m01,weekend,2,13:00,24:00,SYNTHETIC_TYPICAL,B_member_routine_template
cityrole-0170,m01,weekday,1,00:00,09:00,SYNTHETIC_TYPICAL,B_member_routine_template
cityrole-0170,m01,weekday,2,12:00,15:00,SYNTHETIC_TYPICAL,B_member_routine_template
cityrole-0170,m01,weekday,3,19:00,24:00,SYNTHETIC_TYPICAL,B_member_routine_template
cityrole-0170,m01,weekend,1,00:00,10:00,SYNTHETIC_TYPICAL,B_member_routine_template
cityrole-0170,m01,weekend,2,13:00,24:00,SYNTHETIC_TYPICAL,B_member_routine_template
cityrole-0170,m02,weekday,1,00:00,24:00,SYNTHETIC_TYPICAL,B_member_routine_template
cityrole-0170,m02,weekend,1,00:00,10:00,SYNTHETIC_TYPICAL,B_member_routine_template
cityrole-0170,m02,weekend,2,13:00,24:00,SYNTHETIC_TYPICAL,B_member_routine_template
cityrole-0171,m01,weekday,1,00:00,07:30,SYNTHETIC_TYPICAL,B_member_routine_template
cityrole-0171,m01,weekday,2,18:30,24:00,SYNTHETIC_TYPICAL,B_member_routine_template
cityrole-0171,m01,weekend,1,00:00,10:00,SYNTHETIC_TYPICAL,B_member_routine_template
cityrole-0171,m01,weekend,2,13:00,24:00,SYNTHETIC_TYPICAL,B_member_routine_template
cityrole-0172,m01,weekday,1,00:00,24:00,SYNTHETIC_TYPICAL,B_member_routine_template
cityrole-0172,m01,weekend,1,00:00,10:00,SYNTHETIC_TYPICAL,B_member_routine_template
cityrole-0172,m01,weekend,2,13:00,24:00,SYNTHETIC_TYPICAL,B_member_routine_template
cityrole-0172,m02,weekday,1,00:00,09:00,SYNTHETIC_TYPICAL,B_member_routine_template
cityrole-0172,m02,weekday,2,12:00,15:00,SYNTHETIC_TYPICAL,B_member_routine_template
cityrole-0172,m02,weekday,3,19:00,24:00,SYNTHETIC_TYPICAL,B_member_routine_template
cityrole-0172,m02,weekend,1,00:00,10:00,SYNTHETIC_TYPICAL,B_member_routine_template
cityrole-0172,m02,weekend,2,13:00,24:00,SYNTHETIC_TYPICAL,B_member_routine_template
cityrole-0172,m03,weekday,1,00:00,07:30,SYNTHETIC_TYPICAL,B_member_routine_template
cityrole-0172,m03,weekday,2,18:30,24:00,SYNTHETIC_TYPICAL,B_member_routine_template
cityrole-0172,m03,weekend,1,00:00,10:00,SYNTHETIC_TYPICAL,B_member_routine_template
cityrole-0172,m03,weekend,2,13:00,24:00,SYNTHETIC_TYPICAL,B_member_routine_template
cityrole-0172,m04,weekday,0,,,UNKNOWN,irregular_routine_not_fixed_clock
cityrole-0172,m04,weekend,0,,,UNKNOWN,irregular_routine_not_fixed_clock
cityrole-0172,m05,weekday,1,00:00,07:30,SYNTHETIC_TYPICAL,B_member_routine_template
cityrole-0172,m05,weekday,2,18:30,24:00,SYNTHETIC_TYPICAL,B_member_routine_template
cityrole-0172,m05,weekend,1,00:00,10:00,SYNTHETIC_TYPICAL,B_member_routine_template
cityrole-0172,m05,weekend,2,13:00,24:00,SYNTHETIC_TYPICAL,B_member_routine_template
cityrole-0172,m06,weekday,1,00:00,24:00,SYNTHETIC_TYPICAL,B_member_routine_template
cityrole-0172,m06,weekend,1,00:00,10:00,SYNTHETIC_TYPICAL,B_member_routine_template
cityrole-0172,m06,weekend,2,13:00,24:00,SYNTHETIC_TYPICAL,B_member_routine_template
cityrole-0172,m07,weekday,1,00:00,07:30,SYNTHETIC_TYPICAL,B_member_routine_template
cityrole-0172,m07,weekday,2,18:30,24:00,SYNTHETIC_TYPICAL,B_member_routine_template
cityrole-0172,m07,weekend,1,00:00,10:00,SYNTHETIC_TYPICAL,B_member_routine_template
cityrole-0172,m07,weekend,2,13:00,24:00,SYNTHETIC_TYPICAL,B_member_routine_template
cityrole-0173,m01,weekday,1,00:00,24:00,SYNTHETIC_TYPICAL,B_member_routine_template
cityrole-0173,m01,weekend,1,00:00,10:00,SYNTHETIC_TYPICAL,B_member_routine_template
cityrole-0173,m01,weekend,2,13:00,24:00,SYNTHETIC_TYPICAL,B_member_routine_template
cityrole-0173,m02,weekday,1,00:00,09:00,SYNTHETIC_TYPICAL,B_member_routine_template
cityrole-0173,m02,weekday,2,12:00,15:00,SYNTHETIC_TYPICAL,B_member_routine_template
cityrole-0173,m02,weekday,3,19:00,24:00,SYNTHETIC_TYPICAL,B_member_routine_template
cityrole-0173,m02,weekend,1,00:00,10:00,SYNTHETIC_TYPICAL,B_member_routine_template
cityrole-0173,m02,weekend,2,13:00,24:00,SYNTHETIC_TYPICAL,B_member_routine_template
cityrole-0173,m03,weekday,1,00:00,24:00,SYNTHETIC_TYPICAL,B_member_routine_template
cityrole-0173,m03,weekend,1,00:00,10:00,SYNTHETIC_TYPICAL,B_member_routine_template
cityrole-0173,m03,weekend,2,13:00,24:00,SYNTHETIC_TYPICAL,B_member_routine_template
cityrole-0173,m04,weekday,1,00:00,09:00,SYNTHETIC_TYPICAL,B_member_routine_template
cityrole-0173,m04,weekday,2,12:00,15:00,SYNTHETIC_TYPICAL,B_member_routine_template
cityrole-0173,m04,weekday,3,19:00,24:00,SYNTHETIC_TYPICAL,B_member_routine_template
cityrole-0173,m04,weekend,1,00:00,10:00,SYNTHETIC_TYPICAL,B_member_routine_template
cityrole-0173,m04,weekend,2,13:00,24:00,SYNTHETIC_TYPICAL,B_member_routine_template
cityrole-0174,m01,weekday,1,00:00,09:00,SYNTHETIC_TYPICAL,B_member_routine_template
cityrole-0174,m01,weekday,2,12:00,15:00,SYNTHETIC_TYPICAL,B_member_routine_template
cityrole-0174,m01,weekday,3,19:00,24:00,SYNTHETIC_TYPICAL,B_member_routine_template
cityrole-0174,m01,weekend,1,00:00,10:00,SYNTHETIC_TYPICAL,B_member_routine_template
cityrole-0174,m01,weekend,2,13:00,24:00,SYNTHETIC_TYPICAL,B_member_routine_template
cityrole-0174,m02,weekday,1,00:00,07:30,SYNTHETIC_TYPICAL,B_member_routine_template
cityrole-0174,m02,weekday,2,18:30,24:00,SYNTHETIC_TYPICAL,B_member_routine_template
cityrole-0174,m02,weekend,1,00:00,10:00,SYNTHETIC_TYPICAL,B_member_routine_template
cityrole-0174,m02,weekend,2,13:00,24:00,SYNTHETIC_TYPICAL,B_member_routine_template
cityrole-0175,m01,weekday,1,00:00,07:30,SYNTHETIC_TYPICAL,B_member_routine_template
cityrole-0175,m01,weekday,2,18:30,24:00,SYNTHETIC_TYPICAL,B_member_routine_template
cityrole-0175,m01,weekend,1,00:00,10:00,SYNTHETIC_TYPICAL,B_member_routine_template
cityrole-0175,m01,weekend,2,13:00,24:00,SYNTHETIC_TYPICAL,B_member_routine_template
cityrole-0176,m01,weekday,1,00:00,07:30,SYNTHETIC_TYPICAL,B_member_routine_template
cityrole-0176,m01,weekday,2,18:30,24:00,SYNTHETIC_TYPICAL,B_member_routine_template
cityrole-0176,m01,weekend,1,00:00,10:00,SYNTHETIC_TYPICAL,B_member_routine_template
cityrole-0176,m01,weekend,2,13:00,24:00,SYNTHETIC_TYPICAL,B_member_routine_template
cityrole-0176,m02,weekday,0,,,UNKNOWN,irregular_routine_not_fixed_clock
cityrole-0176,m02,weekend,0,,,UNKNOWN,irregular_routine_not_fixed_clock
cityrole-0176,m03,weekday,1,00:00,09:00,SYNTHETIC_TYPICAL,B_member_routine_template
cityrole-0176,m03,weekday,2,12:00,15:00,SYNTHETIC_TYPICAL,B_member_routine_template
cityrole-0176,m03,weekday,3,19:00,24:00,SYNTHETIC_TYPICAL,B_member_routine_template
cityrole-0176,m03,weekend,1,00:00,10:00,SYNTHETIC_TYPICAL,B_member_routine_template
cityrole-0176,m03,weekend,2,13:00,24:00,SYNTHETIC_TYPICAL,B_member_routine_template
cityrole-0176,m04,weekday,1,00:00,24:00,SYNTHETIC_TYPICAL,B_member_routine_template
cityrole-0176,m04,weekend,1,00:00,10:00,SYNTHETIC_TYPICAL,B_member_routine_template
cityrole-0176,m04,weekend,2,13:00,24:00,SYNTHETIC_TYPICAL,B_member_routine_template
cityrole-0177,m01,weekday,1,00:00,24:00,SYNTHETIC_TYPICAL,B_member_routine_template
cityrole-0177,m01,weekend,1,00:00,10:00,SYNTHETIC_TYPICAL,B_member_routine_template
cityrole-0177,m01,weekend,2,13:00,24:00,SYNTHETIC_TYPICAL,B_member_routine_template
cityrole-0177,m02,weekday,1,00:00,09:00,SYNTHETIC_TYPICAL,B_member_routine_template
cityrole-0177,m02,weekday,2,12:00,15:00,SYNTHETIC_TYPICAL,B_member_routine_template
cityrole-0177,m02,weekday,3,19:00,24:00,SYNTHETIC_TYPICAL,B_member_routine_template
cityrole-0177,m02,weekend,1,00:00,10:00,SYNTHETIC_TYPICAL,B_member_routine_template
cityrole-0177,m02,weekend,2,13:00,24:00,SYNTHETIC_TYPICAL,B_member_routine_template
cityrole-0177,m03,weekday,1,00:00,07:30,SYNTHETIC_TYPICAL,B_member_routine_template
cityrole-0177,m03,weekday,2,18:30,24:00,SYNTHETIC_TYPICAL,B_member_routine_template
cityrole-0177,m03,weekend,1,00:00,10:00,SYNTHETIC_TYPICAL,B_member_routine_template
cityrole-0177,m03,weekend,2,13:00,24:00,SYNTHETIC_TYPICAL,B_member_routine_template
cityrole-0177,m04,weekday,1,00:00,07:30,SYNTHETIC_TYPICAL,B_member_routine_template
cityrole-0177,m04,weekday,2,18:30,24:00,SYNTHETIC_TYPICAL,B_member_routine_template
cityrole-0177,m04,weekend,1,00:00,10:00,SYNTHETIC_TYPICAL,B_member_routine_template
cityrole-0177,m04,weekend,2,13:00,24:00,SYNTHETIC_TYPICAL,B_member_routine_template
cityrole-0177,m05,weekday,1,00:00,09:00,SYNTHETIC_TYPICAL,B_member_routine_template
cityrole-0177,m05,weekday,2,12:00,15:00,SYNTHETIC_TYPICAL,B_member_routine_template
cityrole-0177,m05,weekday,3,19:00,24:00,SYNTHETIC_TYPICAL,B_member_routine_template
cityrole-0177,m05,weekend,1,00:00,10:00,SYNTHETIC_TYPICAL,B_member_routine_template
cityrole-0177,m05,weekend,2,13:00,24:00,SYNTHETIC_TYPICAL,B_member_routine_template
cityrole-0177,m06,weekday,1,00:00,07:30,SYNTHETIC_TYPICAL,B_member_routine_template
cityrole-0177,m06,weekday,2,18:30,24:00,SYNTHETIC_TYPICAL,B_member_routine_template
cityrole-0177,m06,weekend,1,00:00,10:00,SYNTHETIC_TYPICAL,B_member_routine_template
cityrole-0177,m06,weekend,2,13:00,24:00,SYNTHETIC_TYPICAL,B_member_routine_template
cityrole-0178,m01,weekday,0,,,UNKNOWN,irregular_routine_not_fixed_clock
cityrole-0178,m01,weekend,0,,,UNKNOWN,irregular_routine_not_fixed_clock
cityrole-0178,m02,weekday,1,00:00,09:00,SYNTHETIC_TYPICAL,B_member_routine_template
cityrole-0178,m02,weekday,2,12:00,15:00,SYNTHETIC_TYPICAL,B_member_routine_template
cityrole-0178,m02,weekday,3,19:00,24:00,SYNTHETIC_TYPICAL,B_member_routine_template
cityrole-0178,m02,weekend,1,00:00,10:00,SYNTHETIC_TYPICAL,B_member_routine_template
cityrole-0178,m02,weekend,2,13:00,24:00,SYNTHETIC_TYPICAL,B_member_routine_template
cityrole-0178,m03,weekday,1,00:00,24:00,SYNTHETIC_TYPICAL,B_member_routine_template
cityrole-0178,m03,weekend,1,00:00,10:00,SYNTHETIC_TYPICAL,B_member_routine_template
cityrole-0178,m03,weekend,2,13:00,24:00,SYNTHETIC_TYPICAL,B_member_routine_template
cityrole-0178,m04,weekday,1,00:00,09:00,SYNTHETIC_TYPICAL,B_member_routine_template
cityrole-0178,m04,weekday,2,12:00,15:00,SYNTHETIC_TYPICAL,B_member_routine_template
cityrole-0178,m04,weekday,3,19:00,24:00,SYNTHETIC_TYPICAL,B_member_routine_template
cityrole-0178,m04,weekend,1,00:00,10:00,SYNTHETIC_TYPICAL,B_member_routine_template
cityrole-0178,m04,weekend,2,13:00,24:00,SYNTHETIC_TYPICAL,B_member_routine_template
cityrole-0179,m01,weekday,1,00:00,09:00,SYNTHETIC_TYPICAL,B_member_routine_template
cityrole-0179,m01,weekday,2,12:00,15:00,SYNTHETIC_TYPICAL,B_member_routine_template
cityrole-0179,m01,weekday,3,19:00,24:00,SYNTHETIC_TYPICAL,B_member_routine_template
cityrole-0179,m01,weekend,1,00:00,10:00,SYNTHETIC_TYPICAL,B_member_routine_template
cityrole-0179,m01,weekend,2,13:00,24:00,SYNTHETIC_TYPICAL,B_member_routine_template
cityrole-0179,m02,weekday,1,00:00,07:30,SYNTHETIC_TYPICAL,B_member_routine_template
cityrole-0179,m02,weekday,2,18:30,24:00,SYNTHETIC_TYPICAL,B_member_routine_template
cityrole-0179,m02,weekend,1,00:00,10:00,SYNTHETIC_TYPICAL,B_member_routine_template
cityrole-0179,m02,weekend,2,13:00,24:00,SYNTHETIC_TYPICAL,B_member_routine_template
cityrole-0179,m03,weekday,0,,,UNKNOWN,irregular_routine_not_fixed_clock
cityrole-0179,m03,weekend,0,,,UNKNOWN,irregular_routine_not_fixed_clock
cityrole-0180,m01,weekday,1,00:00,09:00,SYNTHETIC_TYPICAL,B_member_routine_template
cityrole-0180,m01,weekday,2,12:00,15:00,SYNTHETIC_TYPICAL,B_member_routine_template
cityrole-0180,m01,weekday,3,19:00,24:00,SYNTHETIC_TYPICAL,B_member_routine_template
cityrole-0180,m01,weekend,1,00:00,10:00,SYNTHETIC_TYPICAL,B_member_routine_template
cityrole-0180,m01,weekend,2,13:00,24:00,SYNTHETIC_TYPICAL,B_member_routine_template
cityrole-0180,m02,weekday,1,00:00,24:00,SYNTHETIC_TYPICAL,B_member_routine_template
cityrole-0180,m02,weekend,1,00:00,10:00,SYNTHETIC_TYPICAL,B_member_routine_template
cityrole-0180,m02,weekend,2,13:00,24:00,SYNTHETIC_TYPICAL,B_member_routine_template
cityrole-0180,m03,weekday,1,00:00,09:00,SYNTHETIC_TYPICAL,B_member_routine_template
cityrole-0180,m03,weekday,2,12:00,15:00,SYNTHETIC_TYPICAL,B_member_routine_template
cityrole-0180,m03,weekday,3,19:00,24:00,SYNTHETIC_TYPICAL,B_member_routine_template
cityrole-0180,m03,weekend,1,00:00,10:00,SYNTHETIC_TYPICAL,B_member_routine_template
cityrole-0180,m03,weekend,2,13:00,24:00,SYNTHETIC_TYPICAL,B_member_routine_template
cityrole-0181,m01,weekday,1,00:00,07:30,SYNTHETIC_TYPICAL,B_member_routine_template
cityrole-0181,m01,weekday,2,18:30,24:00,SYNTHETIC_TYPICAL,B_member_routine_template
cityrole-0181,m01,weekend,1,00:00,10:00,SYNTHETIC_TYPICAL,B_member_routine_template
cityrole-0181,m01,weekend,2,13:00,24:00,SYNTHETIC_TYPICAL,B_member_routine_template
cityrole-0182,m01,weekday,1,00:00,24:00,SYNTHETIC_TYPICAL,B_member_routine_template
cityrole-0182,m01,weekend,1,00:00,10:00,SYNTHETIC_TYPICAL,B_member_routine_template
cityrole-0182,m01,weekend,2,13:00,24:00,SYNTHETIC_TYPICAL,B_member_routine_template
cityrole-0182,m02,weekday,1,00:00,07:30,SYNTHETIC_TYPICAL,B_member_routine_template
cityrole-0182,m02,weekday,2,18:30,24:00,SYNTHETIC_TYPICAL,B_member_routine_template
cityrole-0182,m02,weekend,1,00:00,10:00,SYNTHETIC_TYPICAL,B_member_routine_template
cityrole-0182,m02,weekend,2,13:00,24:00,SYNTHETIC_TYPICAL,B_member_routine_template
cityrole-0183,m01,weekday,0,,,UNKNOWN,irregular_routine_not_fixed_clock
cityrole-0183,m01,weekend,0,,,UNKNOWN,irregular_routine_not_fixed_clock
cityrole-0184,m01,weekday,1,00:00,24:00,SYNTHETIC_TYPICAL,B_member_routine_template
cityrole-0184,m01,weekend,1,00:00,10:00,SYNTHETIC_TYPICAL,B_member_routine_template
cityrole-0184,m01,weekend,2,13:00,24:00,SYNTHETIC_TYPICAL,B_member_routine_template
cityrole-0184,m02,weekday,1,00:00,07:30,SYNTHETIC_TYPICAL,B_member_routine_template
cityrole-0184,m02,weekday,2,18:30,24:00,SYNTHETIC_TYPICAL,B_member_routine_template
cityrole-0184,m02,weekend,1,00:00,10:00,SYNTHETIC_TYPICAL,B_member_routine_template
cityrole-0184,m02,weekend,2,13:00,24:00,SYNTHETIC_TYPICAL,B_member_routine_template
cityrole-0184,m03,weekday,0,,,UNKNOWN,irregular_routine_not_fixed_clock
cityrole-0184,m03,weekend,0,,,UNKNOWN,irregular_routine_not_fixed_clock
cityrole-0184,m04,weekday,1,00:00,09:00,SYNTHETIC_TYPICAL,B_member_routine_template
cityrole-0184,m04,weekday,2,12:00,15:00,SYNTHETIC_TYPICAL,B_member_routine_template
cityrole-0184,m04,weekday,3,19:00,24:00,SYNTHETIC_TYPICAL,B_member_routine_template
cityrole-0184,m04,weekend,1,00:00,10:00,SYNTHETIC_TYPICAL,B_member_routine_template
cityrole-0184,m04,weekend,2,13:00,24:00,SYNTHETIC_TYPICAL,B_member_routine_template
cityrole-0185,m01,weekday,1,00:00,09:00,SYNTHETIC_TYPICAL,B_member_routine_template
cityrole-0185,m01,weekday,2,12:00,15:00,SYNTHETIC_TYPICAL,B_member_routine_template
cityrole-0185,m01,weekday,3,19:00,24:00,SYNTHETIC_TYPICAL,B_member_routine_template
cityrole-0185,m01,weekend,1,00:00,10:00,SYNTHETIC_TYPICAL,B_member_routine_template
cityrole-0185,m01,weekend,2,13:00,24:00,SYNTHETIC_TYPICAL,B_member_routine_template
cityrole-0185,m02,weekday,1,00:00,24:00,SYNTHETIC_TYPICAL,B_member_routine_template
cityrole-0185,m02,weekend,1,00:00,10:00,SYNTHETIC_TYPICAL,B_member_routine_template
cityrole-0185,m02,weekend,2,13:00,24:00,SYNTHETIC_TYPICAL,B_member_routine_template
cityrole-0185,m03,weekday,1,00:00,07:30,SYNTHETIC_TYPICAL,B_member_routine_template
cityrole-0185,m03,weekday,2,18:30,24:00,SYNTHETIC_TYPICAL,B_member_routine_template
cityrole-0185,m03,weekend,1,00:00,10:00,SYNTHETIC_TYPICAL,B_member_routine_template
cityrole-0185,m03,weekend,2,13:00,24:00,SYNTHETIC_TYPICAL,B_member_routine_template
cityrole-0185,m04,weekday,1,00:00,07:30,SYNTHETIC_TYPICAL,B_member_routine_template
cityrole-0185,m04,weekday,2,18:30,24:00,SYNTHETIC_TYPICAL,B_member_routine_template
cityrole-0185,m04,weekend,1,00:00,10:00,SYNTHETIC_TYPICAL,B_member_routine_template
cityrole-0185,m04,weekend,2,13:00,24:00,SYNTHETIC_TYPICAL,B_member_routine_template
cityrole-0185,m05,weekday,0,,,UNKNOWN,irregular_routine_not_fixed_clock
cityrole-0185,m05,weekend,0,,,UNKNOWN,irregular_routine_not_fixed_clock
cityrole-0186,m01,weekday,1,00:00,07:30,SYNTHETIC_TYPICAL,B_member_routine_template
cityrole-0186,m01,weekday,2,18:30,24:00,SYNTHETIC_TYPICAL,B_member_routine_template
cityrole-0186,m01,weekend,1,00:00,10:00,SYNTHETIC_TYPICAL,B_member_routine_template
cityrole-0186,m01,weekend,2,13:00,24:00,SYNTHETIC_TYPICAL,B_member_routine_template
cityrole-0187,m01,weekday,1,00:00,07:30,SYNTHETIC_TYPICAL,B_member_routine_template
cityrole-0187,m01,weekday,2,18:30,24:00,SYNTHETIC_TYPICAL,B_member_routine_template
cityrole-0187,m01,weekend,1,00:00,10:00,SYNTHETIC_TYPICAL,B_member_routine_template
cityrole-0187,m01,weekend,2,13:00,24:00,SYNTHETIC_TYPICAL,B_member_routine_template
cityrole-0187,m02,weekday,1,00:00,09:00,SYNTHETIC_TYPICAL,B_member_routine_template
cityrole-0187,m02,weekday,2,12:00,15:00,SYNTHETIC_TYPICAL,B_member_routine_template
cityrole-0187,m02,weekday,3,19:00,24:00,SYNTHETIC_TYPICAL,B_member_routine_template
cityrole-0187,m02,weekend,1,00:00,10:00,SYNTHETIC_TYPICAL,B_member_routine_template
cityrole-0187,m02,weekend,2,13:00,24:00,SYNTHETIC_TYPICAL,B_member_routine_template
cityrole-0187,m03,weekday,1,00:00,07:30,SYNTHETIC_TYPICAL,B_member_routine_template
cityrole-0187,m03,weekday,2,18:30,24:00,SYNTHETIC_TYPICAL,B_member_routine_template
cityrole-0187,m03,weekend,1,00:00,10:00,SYNTHETIC_TYPICAL,B_member_routine_template
cityrole-0187,m03,weekend,2,13:00,24:00,SYNTHETIC_TYPICAL,B_member_routine_template
cityrole-0187,m04,weekday,1,00:00,24:00,SYNTHETIC_TYPICAL,B_member_routine_template
cityrole-0187,m04,weekend,1,00:00,10:00,SYNTHETIC_TYPICAL,B_member_routine_template
cityrole-0187,m04,weekend,2,13:00,24:00,SYNTHETIC_TYPICAL,B_member_routine_template
cityrole-0187,m05,weekday,1,00:00,09:00,SYNTHETIC_TYPICAL,B_member_routine_template
cityrole-0187,m05,weekday,2,12:00,15:00,SYNTHETIC_TYPICAL,B_member_routine_template
cityrole-0187,m05,weekday,3,19:00,24:00,SYNTHETIC_TYPICAL,B_member_routine_template
cityrole-0187,m05,weekend,1,00:00,10:00,SYNTHETIC_TYPICAL,B_member_routine_template
cityrole-0187,m05,weekend,2,13:00,24:00,SYNTHETIC_TYPICAL,B_member_routine_template
cityrole-0187,m06,weekday,1,00:00,07:30,SYNTHETIC_TYPICAL,B_member_routine_template
cityrole-0187,m06,weekday,2,18:30,24:00,SYNTHETIC_TYPICAL,B_member_routine_template
cityrole-0187,m06,weekend,1,00:00,10:00,SYNTHETIC_TYPICAL,B_member_routine_template
cityrole-0187,m06,weekend,2,13:00,24:00,SYNTHETIC_TYPICAL,B_member_routine_template
cityrole-0188,m01,weekday,1,00:00,09:00,SYNTHETIC_TYPICAL,B_member_routine_template
cityrole-0188,m01,weekday,2,12:00,15:00,SYNTHETIC_TYPICAL,B_member_routine_template
cityrole-0188,m01,weekday,3,19:00,24:00,SYNTHETIC_TYPICAL,B_member_routine_template
cityrole-0188,m01,weekend,1,00:00,10:00,SYNTHETIC_TYPICAL,B_member_routine_template
cityrole-0188,m01,weekend,2,13:00,24:00,SYNTHETIC_TYPICAL,B_member_routine_template
cityrole-0188,m02,weekday,1,00:00,09:00,SYNTHETIC_TYPICAL,B_member_routine_template
cityrole-0188,m02,weekday,2,12:00,15:00,SYNTHETIC_TYPICAL,B_member_routine_template
cityrole-0188,m02,weekday,3,19:00,24:00,SYNTHETIC_TYPICAL,B_member_routine_template
cityrole-0188,m02,weekend,1,00:00,10:00,SYNTHETIC_TYPICAL,B_member_routine_template
cityrole-0188,m02,weekend,2,13:00,24:00,SYNTHETIC_TYPICAL,B_member_routine_template
cityrole-0188,m03,weekday,1,00:00,24:00,SYNTHETIC_TYPICAL,B_member_routine_template
cityrole-0188,m03,weekend,1,00:00,10:00,SYNTHETIC_TYPICAL,B_member_routine_template
cityrole-0188,m03,weekend,2,13:00,24:00,SYNTHETIC_TYPICAL,B_member_routine_template
cityrole-0188,m04,weekday,1,00:00,09:00,SYNTHETIC_TYPICAL,B_member_routine_template
cityrole-0188,m04,weekday,2,12:00,15:00,SYNTHETIC_TYPICAL,B_member_routine_template
cityrole-0188,m04,weekday,3,19:00,24:00,SYNTHETIC_TYPICAL,B_member_routine_template
cityrole-0188,m04,weekend,1,00:00,10:00,SYNTHETIC_TYPICAL,B_member_routine_template
cityrole-0188,m04,weekend,2,13:00,24:00,SYNTHETIC_TYPICAL,B_member_routine_template
cityrole-0189,m01,weekday,1,00:00,09:00,SYNTHETIC_TYPICAL,B_member_routine_template
cityrole-0189,m01,weekday,2,12:00,15:00,SYNTHETIC_TYPICAL,B_member_routine_template
cityrole-0189,m01,weekday,3,19:00,24:00,SYNTHETIC_TYPICAL,B_member_routine_template
cityrole-0189,m01,weekend,1,00:00,10:00,SYNTHETIC_TYPICAL,B_member_routine_template
cityrole-0189,m01,weekend,2,13:00,24:00,SYNTHETIC_TYPICAL,B_member_routine_template
cityrole-0189,m02,weekday,1,00:00,07:30,SYNTHETIC_TYPICAL,B_member_routine_template
cityrole-0189,m02,weekday,2,18:30,24:00,SYNTHETIC_TYPICAL,B_member_routine_template
cityrole-0189,m02,weekend,1,00:00,10:00,SYNTHETIC_TYPICAL,B_member_routine_template
cityrole-0189,m02,weekend,2,13:00,24:00,SYNTHETIC_TYPICAL,B_member_routine_template
cityrole-0189,m03,weekday,0,,,UNKNOWN,irregular_routine_not_fixed_clock
cityrole-0189,m03,weekend,0,,,UNKNOWN,irregular_routine_not_fixed_clock
cityrole-0190,m01,weekday,1,00:00,09:00,SYNTHETIC_TYPICAL,B_member_routine_template
cityrole-0190,m01,weekday,2,12:00,15:00,SYNTHETIC_TYPICAL,B_member_routine_template
cityrole-0190,m01,weekday,3,19:00,24:00,SYNTHETIC_TYPICAL,B_member_routine_template
cityrole-0190,m01,weekend,1,00:00,10:00,SYNTHETIC_TYPICAL,B_member_routine_template
cityrole-0190,m01,weekend,2,13:00,24:00,SYNTHETIC_TYPICAL,B_member_routine_template
cityrole-0191,m01,weekday,1,00:00,07:30,SYNTHETIC_TYPICAL,B_member_routine_template
cityrole-0191,m01,weekday,2,18:30,24:00,SYNTHETIC_TYPICAL,B_member_routine_template
cityrole-0191,m01,weekend,1,00:00,10:00,SYNTHETIC_TYPICAL,B_member_routine_template
cityrole-0191,m01,weekend,2,13:00,24:00,SYNTHETIC_TYPICAL,B_member_routine_template
cityrole-0191,m02,weekday,1,00:00,07:30,SYNTHETIC_TYPICAL,B_member_routine_template
cityrole-0191,m02,weekday,2,18:30,24:00,SYNTHETIC_TYPICAL,B_member_routine_template
cityrole-0191,m02,weekend,1,00:00,10:00,SYNTHETIC_TYPICAL,B_member_routine_template
cityrole-0191,m02,weekend,2,13:00,24:00,SYNTHETIC_TYPICAL,B_member_routine_template
cityrole-0191,m03,weekday,1,00:00,09:00,SYNTHETIC_TYPICAL,B_member_routine_template
cityrole-0191,m03,weekday,2,12:00,15:00,SYNTHETIC_TYPICAL,B_member_routine_template
cityrole-0191,m03,weekday,3,19:00,24:00,SYNTHETIC_TYPICAL,B_member_routine_template
cityrole-0191,m03,weekend,1,00:00,10:00,SYNTHETIC_TYPICAL,B_member_routine_template
cityrole-0191,m03,weekend,2,13:00,24:00,SYNTHETIC_TYPICAL,B_member_routine_template
cityrole-0192,m01,weekday,1,00:00,24:00,SYNTHETIC_TYPICAL,B_member_routine_template
cityrole-0192,m01,weekend,1,00:00,10:00,SYNTHETIC_TYPICAL,B_member_routine_template
cityrole-0192,m01,weekend,2,13:00,24:00,SYNTHETIC_TYPICAL,B_member_routine_template
cityrole-0193,m01,weekday,0,,,UNKNOWN,irregular_routine_not_fixed_clock
cityrole-0193,m01,weekend,0,,,UNKNOWN,irregular_routine_not_fixed_clock
cityrole-0193,m02,weekday,1,00:00,09:00,SYNTHETIC_TYPICAL,B_member_routine_template
cityrole-0193,m02,weekday,2,12:00,15:00,SYNTHETIC_TYPICAL,B_member_routine_template
cityrole-0193,m02,weekday,3,19:00,24:00,SYNTHETIC_TYPICAL,B_member_routine_template
cityrole-0193,m02,weekend,1,00:00,10:00,SYNTHETIC_TYPICAL,B_member_routine_template
cityrole-0193,m02,weekend,2,13:00,24:00,SYNTHETIC_TYPICAL,B_member_routine_template
cityrole-0193,m03,weekday,1,00:00,07:30,SYNTHETIC_TYPICAL,B_member_routine_template
cityrole-0193,m03,weekday,2,18:30,24:00,SYNTHETIC_TYPICAL,B_member_routine_template
cityrole-0193,m03,weekend,1,00:00,10:00,SYNTHETIC_TYPICAL,B_member_routine_template
cityrole-0193,m03,weekend,2,13:00,24:00,SYNTHETIC_TYPICAL,B_member_routine_template
cityrole-0193,m04,weekday,1,00:00,07:30,SYNTHETIC_TYPICAL,B_member_routine_template
cityrole-0193,m04,weekday,2,18:30,24:00,SYNTHETIC_TYPICAL,B_member_routine_template
cityrole-0193,m04,weekend,1,00:00,10:00,SYNTHETIC_TYPICAL,B_member_routine_template
cityrole-0193,m04,weekend,2,13:00,24:00,SYNTHETIC_TYPICAL,B_member_routine_template
cityrole-0194,m01,weekday,1,00:00,24:00,SYNTHETIC_TYPICAL,B_member_routine_template
cityrole-0194,m01,weekend,1,00:00,10:00,SYNTHETIC_TYPICAL,B_member_routine_template
cityrole-0194,m01,weekend,2,13:00,24:00,SYNTHETIC_TYPICAL,B_member_routine_template
cityrole-0195,m01,weekday,1,00:00,07:30,SYNTHETIC_TYPICAL,B_member_routine_template
cityrole-0195,m01,weekday,2,18:30,24:00,SYNTHETIC_TYPICAL,B_member_routine_template
cityrole-0195,m01,weekend,1,00:00,10:00,SYNTHETIC_TYPICAL,B_member_routine_template
cityrole-0195,m01,weekend,2,13:00,24:00,SYNTHETIC_TYPICAL,B_member_routine_template
cityrole-0195,m02,weekday,1,00:00,24:00,SYNTHETIC_TYPICAL,B_member_routine_template
cityrole-0195,m02,weekend,1,00:00,10:00,SYNTHETIC_TYPICAL,B_member_routine_template
cityrole-0195,m02,weekend,2,13:00,24:00,SYNTHETIC_TYPICAL,B_member_routine_template
cityrole-0195,m03,weekday,1,00:00,09:00,SYNTHETIC_TYPICAL,B_member_routine_template
cityrole-0195,m03,weekday,2,12:00,15:00,SYNTHETIC_TYPICAL,B_member_routine_template
cityrole-0195,m03,weekday,3,19:00,24:00,SYNTHETIC_TYPICAL,B_member_routine_template
cityrole-0195,m03,weekend,1,00:00,10:00,SYNTHETIC_TYPICAL,B_member_routine_template
cityrole-0195,m03,weekend,2,13:00,24:00,SYNTHETIC_TYPICAL,B_member_routine_template
cityrole-0195,m04,weekday,1,00:00,07:30,SYNTHETIC_TYPICAL,B_member_routine_template
cityrole-0195,m04,weekday,2,18:30,24:00,SYNTHETIC_TYPICAL,B_member_routine_template
cityrole-0195,m04,weekend,1,00:00,10:00,SYNTHETIC_TYPICAL,B_member_routine_template
cityrole-0195,m04,weekend,2,13:00,24:00,SYNTHETIC_TYPICAL,B_member_routine_template
cityrole-0196,m01,weekday,1,00:00,07:30,SYNTHETIC_TYPICAL,B_member_routine_template
cityrole-0196,m01,weekday,2,18:30,24:00,SYNTHETIC_TYPICAL,B_member_routine_template
cityrole-0196,m01,weekend,1,00:00,10:00,SYNTHETIC_TYPICAL,B_member_routine_template
cityrole-0196,m01,weekend,2,13:00,24:00,SYNTHETIC_TYPICAL,B_member_routine_template
cityrole-0196,m02,weekday,0,,,UNKNOWN,irregular_routine_not_fixed_clock
cityrole-0196,m02,weekend,0,,,UNKNOWN,irregular_routine_not_fixed_clock
cityrole-0196,m03,weekday,1,00:00,09:00,SYNTHETIC_TYPICAL,B_member_routine_template
cityrole-0196,m03,weekday,2,12:00,15:00,SYNTHETIC_TYPICAL,B_member_routine_template
cityrole-0196,m03,weekday,3,19:00,24:00,SYNTHETIC_TYPICAL,B_member_routine_template
cityrole-0196,m03,weekend,1,00:00,10:00,SYNTHETIC_TYPICAL,B_member_routine_template
cityrole-0196,m03,weekend,2,13:00,24:00,SYNTHETIC_TYPICAL,B_member_routine_template
cityrole-0196,m04,weekday,1,00:00,24:00,SYNTHETIC_TYPICAL,B_member_routine_template
cityrole-0196,m04,weekend,1,00:00,10:00,SYNTHETIC_TYPICAL,B_member_routine_template
cityrole-0196,m04,weekend,2,13:00,24:00,SYNTHETIC_TYPICAL,B_member_routine_template
cityrole-0197,m01,weekday,1,00:00,24:00,SYNTHETIC_TYPICAL,B_member_routine_template
cityrole-0197,m01,weekend,1,00:00,10:00,SYNTHETIC_TYPICAL,B_member_routine_template
cityrole-0197,m01,weekend,2,13:00,24:00,SYNTHETIC_TYPICAL,B_member_routine_template
cityrole-0197,m02,weekday,1,00:00,09:00,SYNTHETIC_TYPICAL,B_member_routine_template
cityrole-0197,m02,weekday,2,12:00,15:00,SYNTHETIC_TYPICAL,B_member_routine_template
cityrole-0197,m02,weekday,3,19:00,24:00,SYNTHETIC_TYPICAL,B_member_routine_template
cityrole-0197,m02,weekend,1,00:00,10:00,SYNTHETIC_TYPICAL,B_member_routine_template
cityrole-0197,m02,weekend,2,13:00,24:00,SYNTHETIC_TYPICAL,B_member_routine_template
cityrole-0198,m01,weekday,0,,,UNKNOWN,irregular_routine_not_fixed_clock
cityrole-0198,m01,weekend,0,,,UNKNOWN,irregular_routine_not_fixed_clock
cityrole-0198,m02,weekday,1,00:00,09:00,SYNTHETIC_TYPICAL,B_member_routine_template
cityrole-0198,m02,weekday,2,12:00,15:00,SYNTHETIC_TYPICAL,B_member_routine_template
cityrole-0198,m02,weekday,3,19:00,24:00,SYNTHETIC_TYPICAL,B_member_routine_template
cityrole-0198,m02,weekend,1,00:00,10:00,SYNTHETIC_TYPICAL,B_member_routine_template
cityrole-0198,m02,weekend,2,13:00,24:00,SYNTHETIC_TYPICAL,B_member_routine_template
cityrole-0198,m03,weekday,1,00:00,24:00,SYNTHETIC_TYPICAL,B_member_routine_template
cityrole-0198,m03,weekend,1,00:00,10:00,SYNTHETIC_TYPICAL,B_member_routine_template
cityrole-0198,m03,weekend,2,13:00,24:00,SYNTHETIC_TYPICAL,B_member_routine_template
cityrole-0198,m04,weekday,1,00:00,09:00,SYNTHETIC_TYPICAL,B_member_routine_template
cityrole-0198,m04,weekday,2,12:00,15:00,SYNTHETIC_TYPICAL,B_member_routine_template
cityrole-0198,m04,weekday,3,19:00,24:00,SYNTHETIC_TYPICAL,B_member_routine_template
cityrole-0198,m04,weekend,1,00:00,10:00,SYNTHETIC_TYPICAL,B_member_routine_template
cityrole-0198,m04,weekend,2,13:00,24:00,SYNTHETIC_TYPICAL,B_member_routine_template
cityrole-0198,m05,weekday,1,00:00,07:30,SYNTHETIC_TYPICAL,B_member_routine_template
cityrole-0198,m05,weekday,2,18:30,24:00,SYNTHETIC_TYPICAL,B_member_routine_template
cityrole-0198,m05,weekend,1,00:00,10:00,SYNTHETIC_TYPICAL,B_member_routine_template
cityrole-0198,m05,weekend,2,13:00,24:00,SYNTHETIC_TYPICAL,B_member_routine_template
cityrole-0199,m01,weekday,1,00:00,09:00,SYNTHETIC_TYPICAL,B_member_routine_template
cityrole-0199,m01,weekday,2,12:00,15:00,SYNTHETIC_TYPICAL,B_member_routine_template
cityrole-0199,m01,weekday,3,19:00,24:00,SYNTHETIC_TYPICAL,B_member_routine_template
cityrole-0199,m01,weekend,1,00:00,10:00,SYNTHETIC_TYPICAL,B_member_routine_template
cityrole-0199,m01,weekend,2,13:00,24:00,SYNTHETIC_TYPICAL,B_member_routine_template
cityrole-0199,m02,weekday,1,00:00,07:30,SYNTHETIC_TYPICAL,B_member_routine_template
cityrole-0199,m02,weekday,2,18:30,24:00,SYNTHETIC_TYPICAL,B_member_routine_template
cityrole-0199,m02,weekend,1,00:00,10:00,SYNTHETIC_TYPICAL,B_member_routine_template
cityrole-0199,m02,weekend,2,13:00,24:00,SYNTHETIC_TYPICAL,B_member_routine_template
cityrole-0199,m03,weekday,0,,,UNKNOWN,irregular_routine_not_fixed_clock
cityrole-0199,m03,weekend,0,,,UNKNOWN,irregular_routine_not_fixed_clock
cityrole-0200,m01,weekday,1,00:00,09:00,SYNTHETIC_TYPICAL,B_member_routine_template
cityrole-0200,m01,weekday,2,12:00,15:00,SYNTHETIC_TYPICAL,B_member_routine_template
cityrole-0200,m01,weekday,3,19:00,24:00,SYNTHETIC_TYPICAL,B_member_routine_template
cityrole-0200,m01,weekend,1,00:00,10:00,SYNTHETIC_TYPICAL,B_member_routine_template
cityrole-0200,m01,weekend,2,13:00,24:00,SYNTHETIC_TYPICAL,B_member_routine_template
cityrole-0200,m02,weekday,1,00:00,24:00,SYNTHETIC_TYPICAL,B_member_routine_template
cityrole-0200,m02,weekend,1,00:00,10:00,SYNTHETIC_TYPICAL,B_member_routine_template
cityrole-0200,m02,weekend,2,13:00,24:00,SYNTHETIC_TYPICAL,B_member_routine_template
cityrole-0200,m03,weekday,1,00:00,09:00,SYNTHETIC_TYPICAL,B_member_routine_template
cityrole-0200,m03,weekday,2,12:00,15:00,SYNTHETIC_TYPICAL,B_member_routine_template
cityrole-0200,m03,weekday,3,19:00,24:00,SYNTHETIC_TYPICAL,B_member_routine_template
cityrole-0200,m03,weekend,1,00:00,10:00,SYNTHETIC_TYPICAL,B_member_routine_template
cityrole-0200,m03,weekend,2,13:00,24:00,SYNTHETIC_TYPICAL,B_member_routine_template
cityrole-0201,m01,weekday,1,00:00,07:30,SYNTHETIC_TYPICAL,B_member_routine_template
cityrole-0201,m01,weekday,2,18:30,24:00,SYNTHETIC_TYPICAL,B_member_routine_template
cityrole-0201,m01,weekend,1,00:00,10:00,SYNTHETIC_TYPICAL,B_member_routine_template
cityrole-0201,m01,weekend,2,13:00,24:00,SYNTHETIC_TYPICAL,B_member_routine_template
cityrole-0201,m02,weekday,1,00:00,07:30,SYNTHETIC_TYPICAL,B_member_routine_template
cityrole-0201,m02,weekday,2,18:30,24:00,SYNTHETIC_TYPICAL,B_member_routine_template
cityrole-0201,m02,weekend,1,00:00,10:00,SYNTHETIC_TYPICAL,B_member_routine_template
cityrole-0201,m02,weekend,2,13:00,24:00,SYNTHETIC_TYPICAL,B_member_routine_template
cityrole-0201,m03,weekday,1,00:00,09:00,SYNTHETIC_TYPICAL,B_member_routine_template
cityrole-0201,m03,weekday,2,12:00,15:00,SYNTHETIC_TYPICAL,B_member_routine_template
cityrole-0201,m03,weekday,3,19:00,24:00,SYNTHETIC_TYPICAL,B_member_routine_template
cityrole-0201,m03,weekend,1,00:00,10:00,SYNTHETIC_TYPICAL,B_member_routine_template
cityrole-0201,m03,weekend,2,13:00,24:00,SYNTHETIC_TYPICAL,B_member_routine_template
cityrole-0202,m01,weekday,1,00:00,24:00,SYNTHETIC_TYPICAL,B_member_routine_template
cityrole-0202,m01,weekend,1,00:00,10:00,SYNTHETIC_TYPICAL,B_member_routine_template
cityrole-0202,m01,weekend,2,13:00,24:00,SYNTHETIC_TYPICAL,B_member_routine_template
cityrole-0202,m02,weekday,1,00:00,09:00,SYNTHETIC_TYPICAL,B_member_routine_template
cityrole-0202,m02,weekday,2,12:00,15:00,SYNTHETIC_TYPICAL,B_member_routine_template
cityrole-0202,m02,weekday,3,19:00,24:00,SYNTHETIC_TYPICAL,B_member_routine_template
cityrole-0202,m02,weekend,1,00:00,10:00,SYNTHETIC_TYPICAL,B_member_routine_template
cityrole-0202,m02,weekend,2,13:00,24:00,SYNTHETIC_TYPICAL,B_member_routine_template
cityrole-0203,m01,weekday,0,,,UNKNOWN,irregular_routine_not_fixed_clock
cityrole-0203,m01,weekend,0,,,UNKNOWN,irregular_routine_not_fixed_clock
cityrole-0203,m02,weekday,1,00:00,07:30,SYNTHETIC_TYPICAL,B_member_routine_template
cityrole-0203,m02,weekday,2,18:30,24:00,SYNTHETIC_TYPICAL,B_member_routine_template
cityrole-0203,m02,weekend,1,00:00,10:00,SYNTHETIC_TYPICAL,B_member_routine_template
cityrole-0203,m02,weekend,2,13:00,24:00,SYNTHETIC_TYPICAL,B_member_routine_template
cityrole-0203,m03,weekday,1,00:00,24:00,SYNTHETIC_TYPICAL,B_member_routine_template
cityrole-0203,m03,weekend,1,00:00,10:00,SYNTHETIC_TYPICAL,B_member_routine_template
cityrole-0203,m03,weekend,2,13:00,24:00,SYNTHETIC_TYPICAL,B_member_routine_template
cityrole-0204,m01,weekday,1,00:00,09:00,SYNTHETIC_TYPICAL,B_member_routine_template
cityrole-0204,m01,weekday,2,12:00,15:00,SYNTHETIC_TYPICAL,B_member_routine_template
cityrole-0204,m01,weekday,3,19:00,24:00,SYNTHETIC_TYPICAL,B_member_routine_template
cityrole-0204,m01,weekend,1,00:00,10:00,SYNTHETIC_TYPICAL,B_member_routine_template
cityrole-0204,m01,weekend,2,13:00,24:00,SYNTHETIC_TYPICAL,B_member_routine_template
cityrole-0205,m01,weekday,1,00:00,09:00,SYNTHETIC_TYPICAL,B_member_routine_template
cityrole-0205,m01,weekday,2,12:00,15:00,SYNTHETIC_TYPICAL,B_member_routine_template
cityrole-0205,m01,weekday,3,19:00,24:00,SYNTHETIC_TYPICAL,B_member_routine_template
cityrole-0205,m01,weekend,1,00:00,10:00,SYNTHETIC_TYPICAL,B_member_routine_template
cityrole-0205,m01,weekend,2,13:00,24:00,SYNTHETIC_TYPICAL,B_member_routine_template
cityrole-0205,m02,weekday,1,00:00,07:30,SYNTHETIC_TYPICAL,B_member_routine_template
cityrole-0205,m02,weekday,2,18:30,24:00,SYNTHETIC_TYPICAL,B_member_routine_template
cityrole-0205,m02,weekend,1,00:00,10:00,SYNTHETIC_TYPICAL,B_member_routine_template
cityrole-0205,m02,weekend,2,13:00,24:00,SYNTHETIC_TYPICAL,B_member_routine_template
cityrole-0205,m03,weekday,1,00:00,09:00,SYNTHETIC_TYPICAL,B_member_routine_template
cityrole-0205,m03,weekday,2,12:00,15:00,SYNTHETIC_TYPICAL,B_member_routine_template
cityrole-0205,m03,weekday,3,19:00,24:00,SYNTHETIC_TYPICAL,B_member_routine_template
cityrole-0205,m03,weekend,1,00:00,10:00,SYNTHETIC_TYPICAL,B_member_routine_template
cityrole-0205,m03,weekend,2,13:00,24:00,SYNTHETIC_TYPICAL,B_member_routine_template
cityrole-0206,m01,weekday,1,00:00,07:30,SYNTHETIC_TYPICAL,B_member_routine_template
cityrole-0206,m01,weekday,2,18:30,24:00,SYNTHETIC_TYPICAL,B_member_routine_template
cityrole-0206,m01,weekend,1,00:00,10:00,SYNTHETIC_TYPICAL,B_member_routine_template
cityrole-0206,m01,weekend,2,13:00,24:00,SYNTHETIC_TYPICAL,B_member_routine_template
cityrole-0206,m02,weekday,0,,,UNKNOWN,irregular_routine_not_fixed_clock
cityrole-0206,m02,weekend,0,,,UNKNOWN,irregular_routine_not_fixed_clock
cityrole-0207,m01,weekday,1,00:00,24:00,SYNTHETIC_TYPICAL,B_member_routine_template
cityrole-0207,m01,weekend,1,00:00,10:00,SYNTHETIC_TYPICAL,B_member_routine_template
cityrole-0207,m01,weekend,2,13:00,24:00,SYNTHETIC_TYPICAL,B_member_routine_template
cityrole-0207,m02,weekday,1,00:00,24:00,SYNTHETIC_TYPICAL,B_member_routine_template
cityrole-0207,m02,weekend,1,00:00,10:00,SYNTHETIC_TYPICAL,B_member_routine_template
cityrole-0207,m02,weekend,2,13:00,24:00,SYNTHETIC_TYPICAL,B_member_routine_template
cityrole-0207,m03,weekday,1,00:00,07:30,SYNTHETIC_TYPICAL,B_member_routine_template
cityrole-0207,m03,weekday,2,18:30,24:00,SYNTHETIC_TYPICAL,B_member_routine_template
cityrole-0207,m03,weekend,1,00:00,10:00,SYNTHETIC_TYPICAL,B_member_routine_template
cityrole-0207,m03,weekend,2,13:00,24:00,SYNTHETIC_TYPICAL,B_member_routine_template
cityrole-0208,m01,weekday,0,,,UNKNOWN,irregular_routine_not_fixed_clock
cityrole-0208,m01,weekend,0,,,UNKNOWN,irregular_routine_not_fixed_clock
cityrole-0208,m02,weekday,1,00:00,09:00,SYNTHETIC_TYPICAL,B_member_routine_template
cityrole-0208,m02,weekday,2,12:00,15:00,SYNTHETIC_TYPICAL,B_member_routine_template
cityrole-0208,m02,weekday,3,19:00,24:00,SYNTHETIC_TYPICAL,B_member_routine_template
cityrole-0208,m02,weekend,1,00:00,10:00,SYNTHETIC_TYPICAL,B_member_routine_template
cityrole-0208,m02,weekend,2,13:00,24:00,SYNTHETIC_TYPICAL,B_member_routine_template
cityrole-0208,m03,weekday,1,00:00,24:00,SYNTHETIC_TYPICAL,B_member_routine_template
cityrole-0208,m03,weekend,1,00:00,10:00,SYNTHETIC_TYPICAL,B_member_routine_template
cityrole-0208,m03,weekend,2,13:00,24:00,SYNTHETIC_TYPICAL,B_member_routine_template
cityrole-0208,m04,weekday,1,00:00,09:00,SYNTHETIC_TYPICAL,B_member_routine_template
cityrole-0208,m04,weekday,2,12:00,15:00,SYNTHETIC_TYPICAL,B_member_routine_template
cityrole-0208,m04,weekday,3,19:00,24:00,SYNTHETIC_TYPICAL,B_member_routine_template
cityrole-0208,m04,weekend,1,00:00,10:00,SYNTHETIC_TYPICAL,B_member_routine_template
cityrole-0208,m04,weekend,2,13:00,24:00,SYNTHETIC_TYPICAL,B_member_routine_template
cityrole-0209,m01,weekday,1,00:00,09:00,SYNTHETIC_TYPICAL,B_member_routine_template
cityrole-0209,m01,weekday,2,12:00,15:00,SYNTHETIC_TYPICAL,B_member_routine_template
cityrole-0209,m01,weekday,3,19:00,24:00,SYNTHETIC_TYPICAL,B_member_routine_template
cityrole-0209,m01,weekend,1,00:00,10:00,SYNTHETIC_TYPICAL,B_member_routine_template
cityrole-0209,m01,weekend,2,13:00,24:00,SYNTHETIC_TYPICAL,B_member_routine_template
cityrole-0209,m02,weekday,1,00:00,07:30,SYNTHETIC_TYPICAL,B_member_routine_template
cityrole-0209,m02,weekday,2,18:30,24:00,SYNTHETIC_TYPICAL,B_member_routine_template
cityrole-0209,m02,weekend,1,00:00,10:00,SYNTHETIC_TYPICAL,B_member_routine_template
cityrole-0209,m02,weekend,2,13:00,24:00,SYNTHETIC_TYPICAL,B_member_routine_template
cityrole-0209,m03,weekday,0,,,UNKNOWN,irregular_routine_not_fixed_clock
cityrole-0209,m03,weekend,0,,,UNKNOWN,irregular_routine_not_fixed_clock
cityrole-0209,m04,weekday,1,00:00,07:30,SYNTHETIC_TYPICAL,B_member_routine_template
cityrole-0209,m04,weekday,2,18:30,24:00,SYNTHETIC_TYPICAL,B_member_routine_template
cityrole-0209,m04,weekend,1,00:00,10:00,SYNTHETIC_TYPICAL,B_member_routine_template
cityrole-0209,m04,weekend,2,13:00,24:00,SYNTHETIC_TYPICAL,B_member_routine_template
cityrole-0210,m01,weekday,1,00:00,09:00,SYNTHETIC_TYPICAL,B_member_routine_template
cityrole-0210,m01,weekday,2,12:00,15:00,SYNTHETIC_TYPICAL,B_member_routine_template
cityrole-0210,m01,weekday,3,19:00,24:00,SYNTHETIC_TYPICAL,B_member_routine_template
cityrole-0210,m01,weekend,1,00:00,10:00,SYNTHETIC_TYPICAL,B_member_routine_template
cityrole-0210,m01,weekend,2,13:00,24:00,SYNTHETIC_TYPICAL,B_member_routine_template
cityrole-0210,m02,weekday,1,00:00,24:00,SYNTHETIC_TYPICAL,B_member_routine_template
cityrole-0210,m02,weekend,1,00:00,10:00,SYNTHETIC_TYPICAL,B_member_routine_template
cityrole-0210,m02,weekend,2,13:00,24:00,SYNTHETIC_TYPICAL,B_member_routine_template
cityrole-0210,m03,weekday,1,00:00,09:00,SYNTHETIC_TYPICAL,B_member_routine_template
cityrole-0210,m03,weekday,2,12:00,15:00,SYNTHETIC_TYPICAL,B_member_routine_template
cityrole-0210,m03,weekday,3,19:00,24:00,SYNTHETIC_TYPICAL,B_member_routine_template
cityrole-0210,m03,weekend,1,00:00,10:00,SYNTHETIC_TYPICAL,B_member_routine_template
cityrole-0210,m03,weekend,2,13:00,24:00,SYNTHETIC_TYPICAL,B_member_routine_template
cityrole-0211,m01,weekday,1,00:00,07:30,SYNTHETIC_TYPICAL,B_member_routine_template
cityrole-0211,m01,weekday,2,18:30,24:00,SYNTHETIC_TYPICAL,B_member_routine_template
cityrole-0211,m01,weekend,1,00:00,10:00,SYNTHETIC_TYPICAL,B_member_routine_template
cityrole-0211,m01,weekend,2,13:00,24:00,SYNTHETIC_TYPICAL,B_member_routine_template
cityrole-0211,m02,weekday,0,,,UNKNOWN,irregular_routine_not_fixed_clock
cityrole-0211,m02,weekend,0,,,UNKNOWN,irregular_routine_not_fixed_clock
cityrole-0211,m03,weekday,1,00:00,07:30,SYNTHETIC_TYPICAL,B_member_routine_template
cityrole-0211,m03,weekday,2,18:30,24:00,SYNTHETIC_TYPICAL,B_member_routine_template
cityrole-0211,m03,weekend,1,00:00,10:00,SYNTHETIC_TYPICAL,B_member_routine_template
cityrole-0211,m03,weekend,2,13:00,24:00,SYNTHETIC_TYPICAL,B_member_routine_template
cityrole-0211,m04,weekday,1,00:00,24:00,SYNTHETIC_TYPICAL,B_member_routine_template
cityrole-0211,m04,weekend,1,00:00,10:00,SYNTHETIC_TYPICAL,B_member_routine_template
cityrole-0211,m04,weekend,2,13:00,24:00,SYNTHETIC_TYPICAL,B_member_routine_template
cityrole-0212,m01,weekday,1,00:00,24:00,SYNTHETIC_TYPICAL,B_member_routine_template
cityrole-0212,m01,weekend,1,00:00,10:00,SYNTHETIC_TYPICAL,B_member_routine_template
cityrole-0212,m01,weekend,2,13:00,24:00,SYNTHETIC_TYPICAL,B_member_routine_template
cityrole-0213,m01,weekday,1,00:00,24:00,SYNTHETIC_TYPICAL,B_member_routine_template
cityrole-0213,m01,weekend,1,00:00,10:00,SYNTHETIC_TYPICAL,B_member_routine_template
cityrole-0213,m01,weekend,2,13:00,24:00,SYNTHETIC_TYPICAL,B_member_routine_template
cityrole-0213,m02,weekday,1,00:00,09:00,SYNTHETIC_TYPICAL,B_member_routine_template
cityrole-0213,m02,weekday,2,12:00,15:00,SYNTHETIC_TYPICAL,B_member_routine_template
cityrole-0213,m02,weekday,3,19:00,24:00,SYNTHETIC_TYPICAL,B_member_routine_template
cityrole-0213,m02,weekend,1,00:00,10:00,SYNTHETIC_TYPICAL,B_member_routine_template
cityrole-0213,m02,weekend,2,13:00,24:00,SYNTHETIC_TYPICAL,B_member_routine_template
cityrole-0213,m03,weekday,1,00:00,07:30,SYNTHETIC_TYPICAL,B_member_routine_template
cityrole-0213,m03,weekday,2,18:30,24:00,SYNTHETIC_TYPICAL,B_member_routine_template
cityrole-0213,m03,weekend,1,00:00,10:00,SYNTHETIC_TYPICAL,B_member_routine_template
cityrole-0213,m03,weekend,2,13:00,24:00,SYNTHETIC_TYPICAL,B_member_routine_template
cityrole-0213,m04,weekday,1,00:00,24:00,SYNTHETIC_TYPICAL,B_member_routine_template
cityrole-0213,m04,weekend,1,00:00,10:00,SYNTHETIC_TYPICAL,B_member_routine_template
cityrole-0213,m04,weekend,2,13:00,24:00,SYNTHETIC_TYPICAL,B_member_routine_template
cityrole-0213,m05,weekday,1,00:00,07:30,SYNTHETIC_TYPICAL,B_member_routine_template
cityrole-0213,m05,weekday,2,18:30,24:00,SYNTHETIC_TYPICAL,B_member_routine_template
cityrole-0213,m05,weekend,1,00:00,10:00,SYNTHETIC_TYPICAL,B_member_routine_template
cityrole-0213,m05,weekend,2,13:00,24:00,SYNTHETIC_TYPICAL,B_member_routine_template
cityrole-0214,m01,weekday,1,00:00,24:00,SYNTHETIC_TYPICAL,B_member_routine_template
cityrole-0214,m01,weekend,1,00:00,10:00,SYNTHETIC_TYPICAL,B_member_routine_template
cityrole-0214,m01,weekend,2,13:00,24:00,SYNTHETIC_TYPICAL,B_member_routine_template
cityrole-0214,m02,weekday,1,00:00,07:30,SYNTHETIC_TYPICAL,B_member_routine_template
cityrole-0214,m02,weekday,2,18:30,24:00,SYNTHETIC_TYPICAL,B_member_routine_template
cityrole-0214,m02,weekend,1,00:00,10:00,SYNTHETIC_TYPICAL,B_member_routine_template
cityrole-0214,m02,weekend,2,13:00,24:00,SYNTHETIC_TYPICAL,B_member_routine_template
cityrole-0214,m03,weekday,0,,,UNKNOWN,irregular_routine_not_fixed_clock
cityrole-0214,m03,weekend,0,,,UNKNOWN,irregular_routine_not_fixed_clock
cityrole-0215,m01,weekday,1,00:00,09:00,SYNTHETIC_TYPICAL,B_member_routine_template
cityrole-0215,m01,weekday,2,12:00,15:00,SYNTHETIC_TYPICAL,B_member_routine_template
cityrole-0215,m01,weekday,3,19:00,24:00,SYNTHETIC_TYPICAL,B_member_routine_template
cityrole-0215,m01,weekend,1,00:00,10:00,SYNTHETIC_TYPICAL,B_member_routine_template
cityrole-0215,m01,weekend,2,13:00,24:00,SYNTHETIC_TYPICAL,B_member_routine_template
cityrole-0215,m02,weekday,1,00:00,07:30,SYNTHETIC_TYPICAL,B_member_routine_template
cityrole-0215,m02,weekday,2,18:30,24:00,SYNTHETIC_TYPICAL,B_member_routine_template
cityrole-0215,m02,weekend,1,00:00,10:00,SYNTHETIC_TYPICAL,B_member_routine_template
cityrole-0215,m02,weekend,2,13:00,24:00,SYNTHETIC_TYPICAL,B_member_routine_template
cityrole-0216,m01,weekday,1,00:00,07:30,SYNTHETIC_TYPICAL,B_member_routine_template
cityrole-0216,m01,weekday,2,18:30,24:00,SYNTHETIC_TYPICAL,B_member_routine_template
cityrole-0216,m01,weekend,1,00:00,10:00,SYNTHETIC_TYPICAL,B_member_routine_template
cityrole-0216,m01,weekend,2,13:00,24:00,SYNTHETIC_TYPICAL,B_member_routine_template
cityrole-0217,m01,weekday,1,00:00,24:00,SYNTHETIC_TYPICAL,B_member_routine_template
cityrole-0217,m01,weekend,1,00:00,10:00,SYNTHETIC_TYPICAL,B_member_routine_template
cityrole-0217,m01,weekend,2,13:00,24:00,SYNTHETIC_TYPICAL,B_member_routine_template
cityrole-0217,m02,weekday,1,00:00,24:00,SYNTHETIC_TYPICAL,B_member_routine_template
cityrole-0217,m02,weekend,1,00:00,10:00,SYNTHETIC_TYPICAL,B_member_routine_template
cityrole-0217,m02,weekend,2,13:00,24:00,SYNTHETIC_TYPICAL,B_member_routine_template
cityrole-0218,m01,weekday,1,00:00,24:00,SYNTHETIC_TYPICAL,B_member_routine_template
cityrole-0218,m01,weekend,1,00:00,10:00,SYNTHETIC_TYPICAL,B_member_routine_template
cityrole-0218,m01,weekend,2,13:00,24:00,SYNTHETIC_TYPICAL,B_member_routine_template
cityrole-0219,m01,weekday,1,00:00,07:30,SYNTHETIC_TYPICAL,B_member_routine_template
cityrole-0219,m01,weekday,2,18:30,24:00,SYNTHETIC_TYPICAL,B_member_routine_template
cityrole-0219,m01,weekend,1,00:00,10:00,SYNTHETIC_TYPICAL,B_member_routine_template
cityrole-0219,m01,weekend,2,13:00,24:00,SYNTHETIC_TYPICAL,B_member_routine_template
cityrole-0219,m02,weekday,1,00:00,07:30,SYNTHETIC_TYPICAL,B_member_routine_template
cityrole-0219,m02,weekday,2,18:30,24:00,SYNTHETIC_TYPICAL,B_member_routine_template
cityrole-0219,m02,weekend,1,00:00,10:00,SYNTHETIC_TYPICAL,B_member_routine_template
cityrole-0219,m02,weekend,2,13:00,24:00,SYNTHETIC_TYPICAL,B_member_routine_template
cityrole-0219,m03,weekday,0,,,UNKNOWN,irregular_routine_not_fixed_clock
cityrole-0219,m03,weekend,0,,,UNKNOWN,irregular_routine_not_fixed_clock
cityrole-0220,m01,weekday,1,00:00,09:00,SYNTHETIC_TYPICAL,B_member_routine_template
cityrole-0220,m01,weekday,2,12:00,15:00,SYNTHETIC_TYPICAL,B_member_routine_template
cityrole-0220,m01,weekday,3,19:00,24:00,SYNTHETIC_TYPICAL,B_member_routine_template
cityrole-0220,m01,weekend,1,00:00,10:00,SYNTHETIC_TYPICAL,B_member_routine_template
cityrole-0220,m01,weekend,2,13:00,24:00,SYNTHETIC_TYPICAL,B_member_routine_template
cityrole-0220,m02,weekday,1,00:00,24:00,SYNTHETIC_TYPICAL,B_member_routine_template
cityrole-0220,m02,weekend,1,00:00,10:00,SYNTHETIC_TYPICAL,B_member_routine_template
cityrole-0220,m02,weekend,2,13:00,24:00,SYNTHETIC_TYPICAL,B_member_routine_template
cityrole-0220,m03,weekday,1,00:00,09:00,SYNTHETIC_TYPICAL,B_member_routine_template
cityrole-0220,m03,weekday,2,12:00,15:00,SYNTHETIC_TYPICAL,B_member_routine_template
cityrole-0220,m03,weekday,3,19:00,24:00,SYNTHETIC_TYPICAL,B_member_routine_template
cityrole-0220,m03,weekend,1,00:00,10:00,SYNTHETIC_TYPICAL,B_member_routine_template
cityrole-0220,m03,weekend,2,13:00,24:00,SYNTHETIC_TYPICAL,B_member_routine_template
cityrole-0220,m04,weekday,1,00:00,07:30,SYNTHETIC_TYPICAL,B_member_routine_template
cityrole-0220,m04,weekday,2,18:30,24:00,SYNTHETIC_TYPICAL,B_member_routine_template
cityrole-0220,m04,weekend,1,00:00,10:00,SYNTHETIC_TYPICAL,B_member_routine_template
cityrole-0220,m04,weekend,2,13:00,24:00,SYNTHETIC_TYPICAL,B_member_routine_template
cityrole-0220,m05,weekday,1,00:00,07:30,SYNTHETIC_TYPICAL,B_member_routine_template
cityrole-0220,m05,weekday,2,18:30,24:00,SYNTHETIC_TYPICAL,B_member_routine_template
cityrole-0220,m05,weekend,1,00:00,10:00,SYNTHETIC_TYPICAL,B_member_routine_template
cityrole-0220,m05,weekend,2,13:00,24:00,SYNTHETIC_TYPICAL,B_member_routine_template
cityrole-0221,m01,weekday,1,00:00,07:30,SYNTHETIC_TYPICAL,B_member_routine_template
cityrole-0221,m01,weekday,2,18:30,24:00,SYNTHETIC_TYPICAL,B_member_routine_template
cityrole-0221,m01,weekend,1,00:00,10:00,SYNTHETIC_TYPICAL,B_member_routine_template
cityrole-0221,m01,weekend,2,13:00,24:00,SYNTHETIC_TYPICAL,B_member_routine_template
cityrole-0221,m02,weekday,1,00:00,07:30,SYNTHETIC_TYPICAL,B_member_routine_template
cityrole-0221,m02,weekday,2,18:30,24:00,SYNTHETIC_TYPICAL,B_member_routine_template
cityrole-0221,m02,weekend,1,00:00,10:00,SYNTHETIC_TYPICAL,B_member_routine_template
cityrole-0221,m02,weekend,2,13:00,24:00,SYNTHETIC_TYPICAL,B_member_routine_template
cityrole-0221,m03,weekday,1,00:00,09:00,SYNTHETIC_TYPICAL,B_member_routine_template
cityrole-0221,m03,weekday,2,12:00,15:00,SYNTHETIC_TYPICAL,B_member_routine_template
cityrole-0221,m03,weekday,3,19:00,24:00,SYNTHETIC_TYPICAL,B_member_routine_template
cityrole-0221,m03,weekend,1,00:00,10:00,SYNTHETIC_TYPICAL,B_member_routine_template
cityrole-0221,m03,weekend,2,13:00,24:00,SYNTHETIC_TYPICAL,B_member_routine_template
cityrole-0222,m01,weekday,1,00:00,24:00,SYNTHETIC_TYPICAL,B_member_routine_template
cityrole-0222,m01,weekend,1,00:00,10:00,SYNTHETIC_TYPICAL,B_member_routine_template
cityrole-0222,m01,weekend,2,13:00,24:00,SYNTHETIC_TYPICAL,B_member_routine_template
cityrole-0223,m01,weekday,1,00:00,07:30,SYNTHETIC_TYPICAL,B_member_routine_template
cityrole-0223,m01,weekday,2,18:30,24:00,SYNTHETIC_TYPICAL,B_member_routine_template
cityrole-0223,m01,weekend,1,00:00,10:00,SYNTHETIC_TYPICAL,B_member_routine_template
cityrole-0223,m01,weekend,2,13:00,24:00,SYNTHETIC_TYPICAL,B_member_routine_template
cityrole-0223,m02,weekday,1,00:00,09:00,SYNTHETIC_TYPICAL,B_member_routine_template
cityrole-0223,m02,weekday,2,12:00,15:00,SYNTHETIC_TYPICAL,B_member_routine_template
cityrole-0223,m02,weekday,3,19:00,24:00,SYNTHETIC_TYPICAL,B_member_routine_template
cityrole-0223,m02,weekend,1,00:00,10:00,SYNTHETIC_TYPICAL,B_member_routine_template
cityrole-0223,m02,weekend,2,13:00,24:00,SYNTHETIC_TYPICAL,B_member_routine_template
cityrole-0223,m03,weekday,1,00:00,24:00,SYNTHETIC_TYPICAL,B_member_routine_template
cityrole-0223,m03,weekend,1,00:00,10:00,SYNTHETIC_TYPICAL,B_member_routine_template
cityrole-0223,m03,weekend,2,13:00,24:00,SYNTHETIC_TYPICAL,B_member_routine_template
cityrole-0223,m04,weekday,1,00:00,09:00,SYNTHETIC_TYPICAL,B_member_routine_template
cityrole-0223,m04,weekday,2,12:00,15:00,SYNTHETIC_TYPICAL,B_member_routine_template
cityrole-0223,m04,weekday,3,19:00,24:00,SYNTHETIC_TYPICAL,B_member_routine_template
cityrole-0223,m04,weekend,1,00:00,10:00,SYNTHETIC_TYPICAL,B_member_routine_template
cityrole-0223,m04,weekend,2,13:00,24:00,SYNTHETIC_TYPICAL,B_member_routine_template
cityrole-0224,m01,weekday,1,00:00,09:00,SYNTHETIC_TYPICAL,B_member_routine_template
cityrole-0224,m01,weekday,2,12:00,15:00,SYNTHETIC_TYPICAL,B_member_routine_template
cityrole-0224,m01,weekday,3,19:00,24:00,SYNTHETIC_TYPICAL,B_member_routine_template
cityrole-0224,m01,weekend,1,00:00,10:00,SYNTHETIC_TYPICAL,B_member_routine_template
cityrole-0224,m01,weekend,2,13:00,24:00,SYNTHETIC_TYPICAL,B_member_routine_template
cityrole-0224,m02,weekday,1,00:00,07:30,SYNTHETIC_TYPICAL,B_member_routine_template
cityrole-0224,m02,weekday,2,18:30,24:00,SYNTHETIC_TYPICAL,B_member_routine_template
cityrole-0224,m02,weekend,1,00:00,10:00,SYNTHETIC_TYPICAL,B_member_routine_template
cityrole-0224,m02,weekend,2,13:00,24:00,SYNTHETIC_TYPICAL,B_member_routine_template
cityrole-0224,m03,weekday,0,,,UNKNOWN,irregular_routine_not_fixed_clock
cityrole-0224,m03,weekend,0,,,UNKNOWN,irregular_routine_not_fixed_clock
cityrole-0224,m04,weekday,1,00:00,09:00,SYNTHETIC_TYPICAL,B_member_routine_template
cityrole-0224,m04,weekday,2,12:00,15:00,SYNTHETIC_TYPICAL,B_member_routine_template
cityrole-0224,m04,weekday,3,19:00,24:00,SYNTHETIC_TYPICAL,B_member_routine_template
cityrole-0224,m04,weekend,1,00:00,10:00,SYNTHETIC_TYPICAL,B_member_routine_template
cityrole-0224,m04,weekend,2,13:00,24:00,SYNTHETIC_TYPICAL,B_member_routine_template
cityrole-0225,m01,weekday,1,00:00,24:00,SYNTHETIC_TYPICAL,B_member_routine_template
cityrole-0225,m01,weekend,1,00:00,10:00,SYNTHETIC_TYPICAL,B_member_routine_template
cityrole-0225,m01,weekend,2,13:00,24:00,SYNTHETIC_TYPICAL,B_member_routine_template
cityrole-0225,m02,weekday,1,00:00,24:00,SYNTHETIC_TYPICAL,B_member_routine_template
cityrole-0225,m02,weekend,1,00:00,10:00,SYNTHETIC_TYPICAL,B_member_routine_template
cityrole-0225,m02,weekend,2,13:00,24:00,SYNTHETIC_TYPICAL,B_member_routine_template
cityrole-0226,m01,weekday,1,00:00,07:30,SYNTHETIC_TYPICAL,B_member_routine_template
cityrole-0226,m01,weekday,2,18:30,24:00,SYNTHETIC_TYPICAL,B_member_routine_template
cityrole-0226,m01,weekend,1,00:00,10:00,SYNTHETIC_TYPICAL,B_member_routine_template
cityrole-0226,m01,weekend,2,13:00,24:00,SYNTHETIC_TYPICAL,B_member_routine_template
cityrole-0226,m02,weekday,0,,,UNKNOWN,irregular_routine_not_fixed_clock
cityrole-0226,m02,weekend,0,,,UNKNOWN,irregular_routine_not_fixed_clock
cityrole-0227,m01,weekday,1,00:00,24:00,SYNTHETIC_TYPICAL,B_member_routine_template
cityrole-0227,m01,weekend,1,00:00,10:00,SYNTHETIC_TYPICAL,B_member_routine_template
cityrole-0227,m01,weekend,2,13:00,24:00,SYNTHETIC_TYPICAL,B_member_routine_template
cityrole-0227,m02,weekday,1,00:00,24:00,SYNTHETIC_TYPICAL,B_member_routine_template
cityrole-0227,m02,weekend,1,00:00,10:00,SYNTHETIC_TYPICAL,B_member_routine_template
cityrole-0227,m02,weekend,2,13:00,24:00,SYNTHETIC_TYPICAL,B_member_routine_template
cityrole-0228,m01,weekday,0,,,UNKNOWN,irregular_routine_not_fixed_clock
cityrole-0228,m01,weekend,0,,,UNKNOWN,irregular_routine_not_fixed_clock
cityrole-0228,m02,weekday,1,00:00,09:00,SYNTHETIC_TYPICAL,B_member_routine_template
cityrole-0228,m02,weekday,2,12:00,15:00,SYNTHETIC_TYPICAL,B_member_routine_template
cityrole-0228,m02,weekday,3,19:00,24:00,SYNTHETIC_TYPICAL,B_member_routine_template
cityrole-0228,m02,weekend,1,00:00,10:00,SYNTHETIC_TYPICAL,B_member_routine_template
cityrole-0228,m02,weekend,2,13:00,24:00,SYNTHETIC_TYPICAL,B_member_routine_template
cityrole-0228,m03,weekday,1,00:00,24:00,SYNTHETIC_TYPICAL,B_member_routine_template
cityrole-0228,m03,weekend,1,00:00,10:00,SYNTHETIC_TYPICAL,B_member_routine_template
cityrole-0228,m03,weekend,2,13:00,24:00,SYNTHETIC_TYPICAL,B_member_routine_template
cityrole-0228,m04,weekday,1,00:00,09:00,SYNTHETIC_TYPICAL,B_member_routine_template
cityrole-0228,m04,weekday,2,12:00,15:00,SYNTHETIC_TYPICAL,B_member_routine_template
cityrole-0228,m04,weekday,3,19:00,24:00,SYNTHETIC_TYPICAL,B_member_routine_template
cityrole-0228,m04,weekend,1,00:00,10:00,SYNTHETIC_TYPICAL,B_member_routine_template
cityrole-0228,m04,weekend,2,13:00,24:00,SYNTHETIC_TYPICAL,B_member_routine_template
cityrole-0228,m05,weekday,1,00:00,07:30,SYNTHETIC_TYPICAL,B_member_routine_template
cityrole-0228,m05,weekday,2,18:30,24:00,SYNTHETIC_TYPICAL,B_member_routine_template
cityrole-0228,m05,weekend,1,00:00,10:00,SYNTHETIC_TYPICAL,B_member_routine_template
cityrole-0228,m05,weekend,2,13:00,24:00,SYNTHETIC_TYPICAL,B_member_routine_template
cityrole-0228,m06,weekday,0,,,UNKNOWN,irregular_routine_not_fixed_clock
cityrole-0228,m06,weekend,0,,,UNKNOWN,irregular_routine_not_fixed_clock
cityrole-0229,m01,weekday,1,00:00,09:00,SYNTHETIC_TYPICAL,B_member_routine_template
cityrole-0229,m01,weekday,2,12:00,15:00,SYNTHETIC_TYPICAL,B_member_routine_template
cityrole-0229,m01,weekday,3,19:00,24:00,SYNTHETIC_TYPICAL,B_member_routine_template
cityrole-0229,m01,weekend,1,00:00,10:00,SYNTHETIC_TYPICAL,B_member_routine_template
cityrole-0229,m01,weekend,2,13:00,24:00,SYNTHETIC_TYPICAL,B_member_routine_template
cityrole-0229,m02,weekday,1,00:00,07:30,SYNTHETIC_TYPICAL,B_member_routine_template
cityrole-0229,m02,weekday,2,18:30,24:00,SYNTHETIC_TYPICAL,B_member_routine_template
cityrole-0229,m02,weekend,1,00:00,10:00,SYNTHETIC_TYPICAL,B_member_routine_template
cityrole-0229,m02,weekend,2,13:00,24:00,SYNTHETIC_TYPICAL,B_member_routine_template
cityrole-0230,m01,weekday,1,00:00,09:00,SYNTHETIC_TYPICAL,B_member_routine_template
cityrole-0230,m01,weekday,2,12:00,15:00,SYNTHETIC_TYPICAL,B_member_routine_template
cityrole-0230,m01,weekday,3,19:00,24:00,SYNTHETIC_TYPICAL,B_member_routine_template
cityrole-0230,m01,weekend,1,00:00,10:00,SYNTHETIC_TYPICAL,B_member_routine_template
cityrole-0230,m01,weekend,2,13:00,24:00,SYNTHETIC_TYPICAL,B_member_routine_template
cityrole-0231,m01,weekday,1,00:00,07:30,SYNTHETIC_TYPICAL,B_member_routine_template
cityrole-0231,m01,weekday,2,18:30,24:00,SYNTHETIC_TYPICAL,B_member_routine_template
cityrole-0231,m01,weekend,1,00:00,10:00,SYNTHETIC_TYPICAL,B_member_routine_template
cityrole-0231,m01,weekend,2,13:00,24:00,SYNTHETIC_TYPICAL,B_member_routine_template
cityrole-0231,m02,weekday,0,,,UNKNOWN,irregular_routine_not_fixed_clock
cityrole-0231,m02,weekend,0,,,UNKNOWN,irregular_routine_not_fixed_clock
cityrole-0232,m01,weekday,1,00:00,24:00,SYNTHETIC_TYPICAL,B_member_routine_template
cityrole-0232,m01,weekend,1,00:00,10:00,SYNTHETIC_TYPICAL,B_member_routine_template
cityrole-0232,m01,weekend,2,13:00,24:00,SYNTHETIC_TYPICAL,B_member_routine_template
cityrole-0233,m01,weekday,0,,,UNKNOWN,irregular_routine_not_fixed_clock
cityrole-0233,m01,weekend,0,,,UNKNOWN,irregular_routine_not_fixed_clock
cityrole-0234,m01,weekday,1,00:00,24:00,SYNTHETIC_TYPICAL,B_member_routine_template
cityrole-0234,m01,weekend,1,00:00,10:00,SYNTHETIC_TYPICAL,B_member_routine_template
cityrole-0234,m01,weekend,2,13:00,24:00,SYNTHETIC_TYPICAL,B_member_routine_template
cityrole-0235,m01,weekday,1,00:00,09:00,SYNTHETIC_TYPICAL,B_member_routine_template
cityrole-0235,m01,weekday,2,12:00,15:00,SYNTHETIC_TYPICAL,B_member_routine_template
cityrole-0235,m01,weekday,3,19:00,24:00,SYNTHETIC_TYPICAL,B_member_routine_template
cityrole-0235,m01,weekend,1,00:00,10:00,SYNTHETIC_TYPICAL,B_member_routine_template
cityrole-0235,m01,weekend,2,13:00,24:00,SYNTHETIC_TYPICAL,B_member_routine_template
cityrole-0236,m01,weekday,1,00:00,07:30,SYNTHETIC_TYPICAL,B_member_routine_template
cityrole-0236,m01,weekday,2,18:30,24:00,SYNTHETIC_TYPICAL,B_member_routine_template
cityrole-0236,m01,weekend,1,00:00,10:00,SYNTHETIC_TYPICAL,B_member_routine_template
cityrole-0236,m01,weekend,2,13:00,24:00,SYNTHETIC_TYPICAL,B_member_routine_template
cityrole-0236,m02,weekday,0,,,UNKNOWN,irregular_routine_not_fixed_clock
cityrole-0236,m02,weekend,0,,,UNKNOWN,irregular_routine_not_fixed_clock
cityrole-0237,m01,weekday,1,00:00,24:00,SYNTHETIC_TYPICAL,B_member_routine_template
cityrole-0237,m01,weekend,1,00:00,10:00,SYNTHETIC_TYPICAL,B_member_routine_template
cityrole-0237,m01,weekend,2,13:00,24:00,SYNTHETIC_TYPICAL,B_member_routine_template
cityrole-0238,m01,weekday,0,,,UNKNOWN,irregular_routine_not_fixed_clock
cityrole-0238,m01,weekend,0,,,UNKNOWN,irregular_routine_not_fixed_clock
cityrole-0239,m01,weekday,1,00:00,07:30,SYNTHETIC_TYPICAL,B_member_routine_template
cityrole-0239,m01,weekday,2,18:30,24:00,SYNTHETIC_TYPICAL,B_member_routine_template
cityrole-0239,m01,weekend,1,00:00,10:00,SYNTHETIC_TYPICAL,B_member_routine_template
cityrole-0239,m01,weekend,2,13:00,24:00,SYNTHETIC_TYPICAL,B_member_routine_template
cityrole-0239,m02,weekday,1,00:00,09:00,SYNTHETIC_TYPICAL,B_member_routine_template
cityrole-0239,m02,weekday,2,12:00,15:00,SYNTHETIC_TYPICAL,B_member_routine_template
cityrole-0239,m02,weekday,3,19:00,24:00,SYNTHETIC_TYPICAL,B_member_routine_template
cityrole-0239,m02,weekend,1,00:00,10:00,SYNTHETIC_TYPICAL,B_member_routine_template
cityrole-0239,m02,weekend,2,13:00,24:00,SYNTHETIC_TYPICAL,B_member_routine_template
cityrole-0240,m01,weekday,1,00:00,09:00,SYNTHETIC_TYPICAL,B_member_routine_template
cityrole-0240,m01,weekday,2,12:00,15:00,SYNTHETIC_TYPICAL,B_member_routine_template
cityrole-0240,m01,weekday,3,19:00,24:00,SYNTHETIC_TYPICAL,B_member_routine_template
cityrole-0240,m01,weekend,1,00:00,10:00,SYNTHETIC_TYPICAL,B_member_routine_template
cityrole-0240,m01,weekend,2,13:00,24:00,SYNTHETIC_TYPICAL,B_member_routine_template
cityrole-0240,m02,weekday,1,00:00,24:00,SYNTHETIC_TYPICAL,B_member_routine_template
cityrole-0240,m02,weekend,1,00:00,10:00,SYNTHETIC_TYPICAL,B_member_routine_template
cityrole-0240,m02,weekend,2,13:00,24:00,SYNTHETIC_TYPICAL,B_member_routine_template
cityrole-0240,m03,weekday,1,00:00,09:00,SYNTHETIC_TYPICAL,B_member_routine_template
cityrole-0240,m03,weekday,2,12:00,15:00,SYNTHETIC_TYPICAL,B_member_routine_template
cityrole-0240,m03,weekday,3,19:00,24:00,SYNTHETIC_TYPICAL,B_member_routine_template
cityrole-0240,m03,weekend,1,00:00,10:00,SYNTHETIC_TYPICAL,B_member_routine_template
cityrole-0240,m03,weekend,2,13:00,24:00,SYNTHETIC_TYPICAL,B_member_routine_template
cityrole-0240,m04,weekday,1,00:00,07:30,SYNTHETIC_TYPICAL,B_member_routine_template
cityrole-0240,m04,weekday,2,18:30,24:00,SYNTHETIC_TYPICAL,B_member_routine_template
cityrole-0240,m04,weekend,1,00:00,10:00,SYNTHETIC_TYPICAL,B_member_routine_template
cityrole-0240,m04,weekend,2,13:00,24:00,SYNTHETIC_TYPICAL,B_member_routine_template
cityrole-0240,m05,weekday,1,00:00,07:30,SYNTHETIC_TYPICAL,B_member_routine_template
cityrole-0240,m05,weekday,2,18:30,24:00,SYNTHETIC_TYPICAL,B_member_routine_template
cityrole-0240,m05,weekend,1,00:00,10:00,SYNTHETIC_TYPICAL,B_member_routine_template
cityrole-0240,m05,weekend,2,13:00,24:00,SYNTHETIC_TYPICAL,B_member_routine_template
cityrole-0240,m06,weekday,1,00:00,09:00,SYNTHETIC_TYPICAL,B_member_routine_template
cityrole-0240,m06,weekday,2,12:00,15:00,SYNTHETIC_TYPICAL,B_member_routine_template
cityrole-0240,m06,weekday,3,19:00,24:00,SYNTHETIC_TYPICAL,B_member_routine_template
cityrole-0240,m06,weekend,1,00:00,10:00,SYNTHETIC_TYPICAL,B_member_routine_template
cityrole-0240,m06,weekend,2,13:00,24:00,SYNTHETIC_TYPICAL,B_member_routine_template
cityrole-0241,m01,weekday,1,00:00,24:00,SYNTHETIC_TYPICAL,B_member_routine_template
cityrole-0241,m01,weekend,1,00:00,10:00,SYNTHETIC_TYPICAL,B_member_routine_template
cityrole-0241,m01,weekend,2,13:00,24:00,SYNTHETIC_TYPICAL,B_member_routine_template
cityrole-0241,m02,weekday,0,,,UNKNOWN,irregular_routine_not_fixed_clock
cityrole-0241,m02,weekend,0,,,UNKNOWN,irregular_routine_not_fixed_clock
cityrole-0241,m03,weekday,1,00:00,07:30,SYNTHETIC_TYPICAL,B_member_routine_template
cityrole-0241,m03,weekday,2,18:30,24:00,SYNTHETIC_TYPICAL,B_member_routine_template
cityrole-0241,m03,weekend,1,00:00,10:00,SYNTHETIC_TYPICAL,B_member_routine_template
cityrole-0241,m03,weekend,2,13:00,24:00,SYNTHETIC_TYPICAL,B_member_routine_template
cityrole-0241,m04,weekday,1,00:00,07:30,SYNTHETIC_TYPICAL,B_member_routine_template
cityrole-0241,m04,weekday,2,18:30,24:00,SYNTHETIC_TYPICAL,B_member_routine_template
cityrole-0241,m04,weekend,1,00:00,10:00,SYNTHETIC_TYPICAL,B_member_routine_template
cityrole-0241,m04,weekend,2,13:00,24:00,SYNTHETIC_TYPICAL,B_member_routine_template
cityrole-0241,m05,weekday,1,00:00,09:00,SYNTHETIC_TYPICAL,B_member_routine_template
cityrole-0241,m05,weekday,2,12:00,15:00,SYNTHETIC_TYPICAL,B_member_routine_template
cityrole-0241,m05,weekday,3,19:00,24:00,SYNTHETIC_TYPICAL,B_member_routine_template
cityrole-0241,m05,weekend,1,00:00,10:00,SYNTHETIC_TYPICAL,B_member_routine_template
cityrole-0241,m05,weekend,2,13:00,24:00,SYNTHETIC_TYPICAL,B_member_routine_template
cityrole-0242,m01,weekday,1,00:00,24:00,SYNTHETIC_TYPICAL,B_member_routine_template
cityrole-0242,m01,weekend,1,00:00,10:00,SYNTHETIC_TYPICAL,B_member_routine_template
cityrole-0242,m01,weekend,2,13:00,24:00,SYNTHETIC_TYPICAL,B_member_routine_template
cityrole-0242,m02,weekday,1,00:00,09:00,SYNTHETIC_TYPICAL,B_member_routine_template
cityrole-0242,m02,weekday,2,12:00,15:00,SYNTHETIC_TYPICAL,B_member_routine_template
cityrole-0242,m02,weekday,3,19:00,24:00,SYNTHETIC_TYPICAL,B_member_routine_template
cityrole-0242,m02,weekend,1,00:00,10:00,SYNTHETIC_TYPICAL,B_member_routine_template
cityrole-0242,m02,weekend,2,13:00,24:00,SYNTHETIC_TYPICAL,B_member_routine_template
cityrole-0243,m01,weekday,0,,,UNKNOWN,irregular_routine_not_fixed_clock
cityrole-0243,m01,weekend,0,,,UNKNOWN,irregular_routine_not_fixed_clock
cityrole-0243,m02,weekday,1,00:00,07:30,SYNTHETIC_TYPICAL,B_member_routine_template
cityrole-0243,m02,weekday,2,18:30,24:00,SYNTHETIC_TYPICAL,B_member_routine_template
cityrole-0243,m02,weekend,1,00:00,10:00,SYNTHETIC_TYPICAL,B_member_routine_template
cityrole-0243,m02,weekend,2,13:00,24:00,SYNTHETIC_TYPICAL,B_member_routine_template
cityrole-0243,m03,weekday,1,00:00,24:00,SYNTHETIC_TYPICAL,B_member_routine_template
cityrole-0243,m03,weekend,1,00:00,10:00,SYNTHETIC_TYPICAL,B_member_routine_template
cityrole-0243,m03,weekend,2,13:00,24:00,SYNTHETIC_TYPICAL,B_member_routine_template
cityrole-0244,m01,weekday,1,00:00,09:00,SYNTHETIC_TYPICAL,B_member_routine_template
cityrole-0244,m01,weekday,2,12:00,15:00,SYNTHETIC_TYPICAL,B_member_routine_template
cityrole-0244,m01,weekday,3,19:00,24:00,SYNTHETIC_TYPICAL,B_member_routine_template
cityrole-0244,m01,weekend,1,00:00,10:00,SYNTHETIC_TYPICAL,B_member_routine_template
cityrole-0244,m01,weekend,2,13:00,24:00,SYNTHETIC_TYPICAL,B_member_routine_template
cityrole-0245,m01,weekday,1,00:00,09:00,SYNTHETIC_TYPICAL,B_member_routine_template
cityrole-0245,m01,weekday,2,12:00,15:00,SYNTHETIC_TYPICAL,B_member_routine_template
cityrole-0245,m01,weekday,3,19:00,24:00,SYNTHETIC_TYPICAL,B_member_routine_template
cityrole-0245,m01,weekend,1,00:00,10:00,SYNTHETIC_TYPICAL,B_member_routine_template
cityrole-0245,m01,weekend,2,13:00,24:00,SYNTHETIC_TYPICAL,B_member_routine_template
cityrole-0245,m02,weekday,1,00:00,24:00,SYNTHETIC_TYPICAL,B_member_routine_template
cityrole-0245,m02,weekend,1,00:00,10:00,SYNTHETIC_TYPICAL,B_member_routine_template
cityrole-0245,m02,weekend,2,13:00,24:00,SYNTHETIC_TYPICAL,B_member_routine_template
cityrole-0246,m01,weekday,1,00:00,07:30,SYNTHETIC_TYPICAL,B_member_routine_template
cityrole-0246,m01,weekday,2,18:30,24:00,SYNTHETIC_TYPICAL,B_member_routine_template
cityrole-0246,m01,weekend,1,00:00,10:00,SYNTHETIC_TYPICAL,B_member_routine_template
cityrole-0246,m01,weekend,2,13:00,24:00,SYNTHETIC_TYPICAL,B_member_routine_template
cityrole-0247,m01,weekday,1,00:00,24:00,SYNTHETIC_TYPICAL,B_member_routine_template
cityrole-0247,m01,weekend,1,00:00,10:00,SYNTHETIC_TYPICAL,B_member_routine_template
cityrole-0247,m01,weekend,2,13:00,24:00,SYNTHETIC_TYPICAL,B_member_routine_template
cityrole-0247,m02,weekday,1,00:00,09:00,SYNTHETIC_TYPICAL,B_member_routine_template
cityrole-0247,m02,weekday,2,12:00,15:00,SYNTHETIC_TYPICAL,B_member_routine_template
cityrole-0247,m02,weekday,3,19:00,24:00,SYNTHETIC_TYPICAL,B_member_routine_template
cityrole-0247,m02,weekend,1,00:00,10:00,SYNTHETIC_TYPICAL,B_member_routine_template
cityrole-0247,m02,weekend,2,13:00,24:00,SYNTHETIC_TYPICAL,B_member_routine_template
cityrole-0247,m03,weekday,1,00:00,07:30,SYNTHETIC_TYPICAL,B_member_routine_template
cityrole-0247,m03,weekday,2,18:30,24:00,SYNTHETIC_TYPICAL,B_member_routine_template
cityrole-0247,m03,weekend,1,00:00,10:00,SYNTHETIC_TYPICAL,B_member_routine_template
cityrole-0247,m03,weekend,2,13:00,24:00,SYNTHETIC_TYPICAL,B_member_routine_template
cityrole-0247,m04,weekday,1,00:00,24:00,SYNTHETIC_TYPICAL,B_member_routine_template
cityrole-0247,m04,weekend,1,00:00,10:00,SYNTHETIC_TYPICAL,B_member_routine_template
cityrole-0247,m04,weekend,2,13:00,24:00,SYNTHETIC_TYPICAL,B_member_routine_template
cityrole-0247,m05,weekday,1,00:00,09:00,SYNTHETIC_TYPICAL,B_member_routine_template
cityrole-0247,m05,weekday,2,12:00,15:00,SYNTHETIC_TYPICAL,B_member_routine_template
cityrole-0247,m05,weekday,3,19:00,24:00,SYNTHETIC_TYPICAL,B_member_routine_template
cityrole-0247,m05,weekend,1,00:00,10:00,SYNTHETIC_TYPICAL,B_member_routine_template
cityrole-0247,m05,weekend,2,13:00,24:00,SYNTHETIC_TYPICAL,B_member_routine_template
cityrole-0247,m06,weekday,1,00:00,24:00,SYNTHETIC_TYPICAL,B_member_routine_template
cityrole-0247,m06,weekend,1,00:00,10:00,SYNTHETIC_TYPICAL,B_member_routine_template
cityrole-0247,m06,weekend,2,13:00,24:00,SYNTHETIC_TYPICAL,B_member_routine_template
cityrole-0248,m01,weekday,0,,,UNKNOWN,irregular_routine_not_fixed_clock
cityrole-0248,m01,weekend,0,,,UNKNOWN,irregular_routine_not_fixed_clock
cityrole-0249,m01,weekday,1,00:00,24:00,SYNTHETIC_TYPICAL,B_member_routine_template
cityrole-0249,m01,weekend,1,00:00,10:00,SYNTHETIC_TYPICAL,B_member_routine_template
cityrole-0249,m01,weekend,2,13:00,24:00,SYNTHETIC_TYPICAL,B_member_routine_template
cityrole-0249,m02,weekday,1,00:00,07:30,SYNTHETIC_TYPICAL,B_member_routine_template
cityrole-0249,m02,weekday,2,18:30,24:00,SYNTHETIC_TYPICAL,B_member_routine_template
cityrole-0249,m02,weekend,1,00:00,10:00,SYNTHETIC_TYPICAL,B_member_routine_template
cityrole-0249,m02,weekend,2,13:00,24:00,SYNTHETIC_TYPICAL,B_member_routine_template
cityrole-0249,m03,weekday,0,,,UNKNOWN,irregular_routine_not_fixed_clock
cityrole-0249,m03,weekend,0,,,UNKNOWN,irregular_routine_not_fixed_clock
cityrole-0250,m01,weekday,1,00:00,09:00,SYNTHETIC_TYPICAL,B_member_routine_template
cityrole-0250,m01,weekday,2,12:00,15:00,SYNTHETIC_TYPICAL,B_member_routine_template
cityrole-0250,m01,weekday,3,19:00,24:00,SYNTHETIC_TYPICAL,B_member_routine_template
cityrole-0250,m01,weekend,1,00:00,10:00,SYNTHETIC_TYPICAL,B_member_routine_template
cityrole-0250,m01,weekend,2,13:00,24:00,SYNTHETIC_TYPICAL,B_member_routine_template
cityrole-0251,m01,weekday,1,00:00,07:30,SYNTHETIC_TYPICAL,B_member_routine_template
cityrole-0251,m01,weekday,2,18:30,24:00,SYNTHETIC_TYPICAL,B_member_routine_template
cityrole-0251,m01,weekend,1,00:00,10:00,SYNTHETIC_TYPICAL,B_member_routine_template
cityrole-0251,m01,weekend,2,13:00,24:00,SYNTHETIC_TYPICAL,B_member_routine_template
cityrole-0251,m02,weekday,0,,,UNKNOWN,irregular_routine_not_fixed_clock
cityrole-0251,m02,weekend,0,,,UNKNOWN,irregular_routine_not_fixed_clock
cityrole-0252,m01,weekday,1,00:00,24:00,SYNTHETIC_TYPICAL,B_member_routine_template
cityrole-0252,m01,weekend,1,00:00,10:00,SYNTHETIC_TYPICAL,B_member_routine_template
cityrole-0252,m01,weekend,2,13:00,24:00,SYNTHETIC_TYPICAL,B_member_routine_template
cityrole-0252,m02,weekday,1,00:00,09:00,SYNTHETIC_TYPICAL,B_member_routine_template
cityrole-0252,m02,weekday,2,12:00,15:00,SYNTHETIC_TYPICAL,B_member_routine_template
cityrole-0252,m02,weekday,3,19:00,24:00,SYNTHETIC_TYPICAL,B_member_routine_template
cityrole-0252,m02,weekend,1,00:00,10:00,SYNTHETIC_TYPICAL,B_member_routine_template
cityrole-0252,m02,weekend,2,13:00,24:00,SYNTHETIC_TYPICAL,B_member_routine_template
cityrole-0253,m01,weekday,1,00:00,24:00,SYNTHETIC_TYPICAL,B_member_routine_template
cityrole-0253,m01,weekend,1,00:00,10:00,SYNTHETIC_TYPICAL,B_member_routine_template
cityrole-0253,m01,weekend,2,13:00,24:00,SYNTHETIC_TYPICAL,B_member_routine_template
cityrole-0253,m02,weekday,1,00:00,24:00,SYNTHETIC_TYPICAL,B_member_routine_template
cityrole-0253,m02,weekend,1,00:00,10:00,SYNTHETIC_TYPICAL,B_member_routine_template
cityrole-0253,m02,weekend,2,13:00,24:00,SYNTHETIC_TYPICAL,B_member_routine_template
cityrole-0254,m01,weekday,1,00:00,09:00,SYNTHETIC_TYPICAL,B_member_routine_template
cityrole-0254,m01,weekday,2,12:00,15:00,SYNTHETIC_TYPICAL,B_member_routine_template
cityrole-0254,m01,weekday,3,19:00,24:00,SYNTHETIC_TYPICAL,B_member_routine_template
cityrole-0254,m01,weekend,1,00:00,10:00,SYNTHETIC_TYPICAL,B_member_routine_template
cityrole-0254,m01,weekend,2,13:00,24:00,SYNTHETIC_TYPICAL,B_member_routine_template
cityrole-0254,m02,weekday,1,00:00,07:30,SYNTHETIC_TYPICAL,B_member_routine_template
cityrole-0254,m02,weekday,2,18:30,24:00,SYNTHETIC_TYPICAL,B_member_routine_template
cityrole-0254,m02,weekend,1,00:00,10:00,SYNTHETIC_TYPICAL,B_member_routine_template
cityrole-0254,m02,weekend,2,13:00,24:00,SYNTHETIC_TYPICAL,B_member_routine_template
cityrole-0255,m01,weekday,1,00:00,09:00,SYNTHETIC_TYPICAL,B_member_routine_template
cityrole-0255,m01,weekday,2,12:00,15:00,SYNTHETIC_TYPICAL,B_member_routine_template
cityrole-0255,m01,weekday,3,19:00,24:00,SYNTHETIC_TYPICAL,B_member_routine_template
cityrole-0255,m01,weekend,1,00:00,10:00,SYNTHETIC_TYPICAL,B_member_routine_template
cityrole-0255,m01,weekend,2,13:00,24:00,SYNTHETIC_TYPICAL,B_member_routine_template
cityrole-0255,m02,weekday,1,00:00,24:00,SYNTHETIC_TYPICAL,B_member_routine_template
cityrole-0255,m02,weekend,1,00:00,10:00,SYNTHETIC_TYPICAL,B_member_routine_template
cityrole-0255,m02,weekend,2,13:00,24:00,SYNTHETIC_TYPICAL,B_member_routine_template
cityrole-0255,m03,weekday,1,00:00,09:00,SYNTHETIC_TYPICAL,B_member_routine_template
cityrole-0255,m03,weekday,2,12:00,15:00,SYNTHETIC_TYPICAL,B_member_routine_template
cityrole-0255,m03,weekday,3,19:00,24:00,SYNTHETIC_TYPICAL,B_member_routine_template
cityrole-0255,m03,weekend,1,00:00,10:00,SYNTHETIC_TYPICAL,B_member_routine_template
cityrole-0255,m03,weekend,2,13:00,24:00,SYNTHETIC_TYPICAL,B_member_routine_template
cityrole-0256,m01,weekday,1,00:00,07:30,SYNTHETIC_TYPICAL,B_member_routine_template
cityrole-0256,m01,weekday,2,18:30,24:00,SYNTHETIC_TYPICAL,B_member_routine_template
cityrole-0256,m01,weekend,1,00:00,10:00,SYNTHETIC_TYPICAL,B_member_routine_template
cityrole-0256,m01,weekend,2,13:00,24:00,SYNTHETIC_TYPICAL,B_member_routine_template
cityrole-0256,m02,weekday,0,,,UNKNOWN,irregular_routine_not_fixed_clock
cityrole-0256,m02,weekend,0,,,UNKNOWN,irregular_routine_not_fixed_clock
cityrole-0256,m03,weekday,1,00:00,09:00,SYNTHETIC_TYPICAL,B_member_routine_template
cityrole-0256,m03,weekday,2,12:00,15:00,SYNTHETIC_TYPICAL,B_member_routine_template
cityrole-0256,m03,weekday,3,19:00,24:00,SYNTHETIC_TYPICAL,B_member_routine_template
cityrole-0256,m03,weekend,1,00:00,10:00,SYNTHETIC_TYPICAL,B_member_routine_template
cityrole-0256,m03,weekend,2,13:00,24:00,SYNTHETIC_TYPICAL,B_member_routine_template
cityrole-0257,m01,weekday,1,00:00,24:00,SYNTHETIC_TYPICAL,B_member_routine_template
cityrole-0257,m01,weekend,1,00:00,10:00,SYNTHETIC_TYPICAL,B_member_routine_template
cityrole-0257,m01,weekend,2,13:00,24:00,SYNTHETIC_TYPICAL,B_member_routine_template
cityrole-0257,m02,weekday,1,00:00,09:00,SYNTHETIC_TYPICAL,B_member_routine_template
cityrole-0257,m02,weekday,2,12:00,15:00,SYNTHETIC_TYPICAL,B_member_routine_template
cityrole-0257,m02,weekday,3,19:00,24:00,SYNTHETIC_TYPICAL,B_member_routine_template
cityrole-0257,m02,weekend,1,00:00,10:00,SYNTHETIC_TYPICAL,B_member_routine_template
cityrole-0257,m02,weekend,2,13:00,24:00,SYNTHETIC_TYPICAL,B_member_routine_template
cityrole-0258,m01,weekday,0,,,UNKNOWN,irregular_routine_not_fixed_clock
cityrole-0258,m01,weekend,0,,,UNKNOWN,irregular_routine_not_fixed_clock
cityrole-0258,m02,weekday,1,00:00,09:00,SYNTHETIC_TYPICAL,B_member_routine_template
cityrole-0258,m02,weekday,2,12:00,15:00,SYNTHETIC_TYPICAL,B_member_routine_template
cityrole-0258,m02,weekday,3,19:00,24:00,SYNTHETIC_TYPICAL,B_member_routine_template
cityrole-0258,m02,weekend,1,00:00,10:00,SYNTHETIC_TYPICAL,B_member_routine_template
cityrole-0258,m02,weekend,2,13:00,24:00,SYNTHETIC_TYPICAL,B_member_routine_template
cityrole-0259,m01,weekday,1,00:00,09:00,SYNTHETIC_TYPICAL,B_member_routine_template
cityrole-0259,m01,weekday,2,12:00,15:00,SYNTHETIC_TYPICAL,B_member_routine_template
cityrole-0259,m01,weekday,3,19:00,24:00,SYNTHETIC_TYPICAL,B_member_routine_template
cityrole-0259,m01,weekend,1,00:00,10:00,SYNTHETIC_TYPICAL,B_member_routine_template
cityrole-0259,m01,weekend,2,13:00,24:00,SYNTHETIC_TYPICAL,B_member_routine_template
cityrole-0259,m02,weekday,1,00:00,07:30,SYNTHETIC_TYPICAL,B_member_routine_template
cityrole-0259,m02,weekday,2,18:30,24:00,SYNTHETIC_TYPICAL,B_member_routine_template
cityrole-0259,m02,weekend,1,00:00,10:00,SYNTHETIC_TYPICAL,B_member_routine_template
cityrole-0259,m02,weekend,2,13:00,24:00,SYNTHETIC_TYPICAL,B_member_routine_template
cityrole-0259,m03,weekday,1,00:00,07:30,SYNTHETIC_TYPICAL,B_member_routine_template
cityrole-0259,m03,weekday,2,18:30,24:00,SYNTHETIC_TYPICAL,B_member_routine_template
cityrole-0259,m03,weekend,1,00:00,10:00,SYNTHETIC_TYPICAL,B_member_routine_template
cityrole-0259,m03,weekend,2,13:00,24:00,SYNTHETIC_TYPICAL,B_member_routine_template
cityrole-0259,m04,weekday,1,00:00,07:30,SYNTHETIC_TYPICAL,B_member_routine_template
cityrole-0259,m04,weekday,2,18:30,24:00,SYNTHETIC_TYPICAL,B_member_routine_template
cityrole-0259,m04,weekend,1,00:00,10:00,SYNTHETIC_TYPICAL,B_member_routine_template
cityrole-0259,m04,weekend,2,13:00,24:00,SYNTHETIC_TYPICAL,B_member_routine_template
cityrole-0260,m01,weekday,1,00:00,09:00,SYNTHETIC_TYPICAL,B_member_routine_template
cityrole-0260,m01,weekday,2,12:00,15:00,SYNTHETIC_TYPICAL,B_member_routine_template
cityrole-0260,m01,weekday,3,19:00,24:00,SYNTHETIC_TYPICAL,B_member_routine_template
cityrole-0260,m01,weekend,1,00:00,10:00,SYNTHETIC_TYPICAL,B_member_routine_template
cityrole-0260,m01,weekend,2,13:00,24:00,SYNTHETIC_TYPICAL,B_member_routine_template
cityrole-0261,m01,weekday,1,00:00,09:00,SYNTHETIC_TYPICAL,B_member_routine_template
cityrole-0261,m01,weekday,2,12:00,15:00,SYNTHETIC_TYPICAL,B_member_routine_template
cityrole-0261,m01,weekday,3,19:00,24:00,SYNTHETIC_TYPICAL,B_member_routine_template
cityrole-0261,m01,weekend,1,00:00,10:00,SYNTHETIC_TYPICAL,B_member_routine_template
cityrole-0261,m01,weekend,2,13:00,24:00,SYNTHETIC_TYPICAL,B_member_routine_template
cityrole-0261,m02,weekday,0,,,UNKNOWN,irregular_routine_not_fixed_clock
cityrole-0261,m02,weekend,0,,,UNKNOWN,irregular_routine_not_fixed_clock
cityrole-0261,m03,weekday,1,00:00,09:00,SYNTHETIC_TYPICAL,B_member_routine_template
cityrole-0261,m03,weekday,2,12:00,15:00,SYNTHETIC_TYPICAL,B_member_routine_template
cityrole-0261,m03,weekday,3,19:00,24:00,SYNTHETIC_TYPICAL,B_member_routine_template
cityrole-0261,m03,weekend,1,00:00,10:00,SYNTHETIC_TYPICAL,B_member_routine_template
cityrole-0261,m03,weekend,2,13:00,24:00,SYNTHETIC_TYPICAL,B_member_routine_template
cityrole-0262,m01,weekday,1,00:00,24:00,SYNTHETIC_TYPICAL,B_member_routine_template
cityrole-0262,m01,weekend,1,00:00,10:00,SYNTHETIC_TYPICAL,B_member_routine_template
cityrole-0262,m01,weekend,2,13:00,24:00,SYNTHETIC_TYPICAL,B_member_routine_template
cityrole-0262,m02,weekday,1,00:00,09:00,SYNTHETIC_TYPICAL,B_member_routine_template
cityrole-0262,m02,weekday,2,12:00,15:00,SYNTHETIC_TYPICAL,B_member_routine_template
cityrole-0262,m02,weekday,3,19:00,24:00,SYNTHETIC_TYPICAL,B_member_routine_template
cityrole-0262,m02,weekend,1,00:00,10:00,SYNTHETIC_TYPICAL,B_member_routine_template
cityrole-0262,m02,weekend,2,13:00,24:00,SYNTHETIC_TYPICAL,B_member_routine_template
cityrole-0262,m03,weekday,1,00:00,07:30,SYNTHETIC_TYPICAL,B_member_routine_template
cityrole-0262,m03,weekday,2,18:30,24:00,SYNTHETIC_TYPICAL,B_member_routine_template
cityrole-0262,m03,weekend,1,00:00,10:00,SYNTHETIC_TYPICAL,B_member_routine_template
cityrole-0262,m03,weekend,2,13:00,24:00,SYNTHETIC_TYPICAL,B_member_routine_template
cityrole-0263,m01,weekday,1,00:00,07:30,SYNTHETIC_TYPICAL,B_member_routine_template
cityrole-0263,m01,weekday,2,18:30,24:00,SYNTHETIC_TYPICAL,B_member_routine_template
cityrole-0263,m01,weekend,1,00:00,10:00,SYNTHETIC_TYPICAL,B_member_routine_template
cityrole-0263,m01,weekend,2,13:00,24:00,SYNTHETIC_TYPICAL,B_member_routine_template
cityrole-0263,m02,weekday,1,00:00,09:00,SYNTHETIC_TYPICAL,B_member_routine_template
cityrole-0263,m02,weekday,2,12:00,15:00,SYNTHETIC_TYPICAL,B_member_routine_template
cityrole-0263,m02,weekday,3,19:00,24:00,SYNTHETIC_TYPICAL,B_member_routine_template
cityrole-0263,m02,weekend,1,00:00,10:00,SYNTHETIC_TYPICAL,B_member_routine_template
cityrole-0263,m02,weekend,2,13:00,24:00,SYNTHETIC_TYPICAL,B_member_routine_template
cityrole-0264,m01,weekday,1,00:00,09:00,SYNTHETIC_TYPICAL,B_member_routine_template
cityrole-0264,m01,weekday,2,12:00,15:00,SYNTHETIC_TYPICAL,B_member_routine_template
cityrole-0264,m01,weekday,3,19:00,24:00,SYNTHETIC_TYPICAL,B_member_routine_template
cityrole-0264,m01,weekend,1,00:00,10:00,SYNTHETIC_TYPICAL,B_member_routine_template
cityrole-0264,m01,weekend,2,13:00,24:00,SYNTHETIC_TYPICAL,B_member_routine_template
cityrole-0265,m01,weekday,1,00:00,09:00,SYNTHETIC_TYPICAL,B_member_routine_template
cityrole-0265,m01,weekday,2,12:00,15:00,SYNTHETIC_TYPICAL,B_member_routine_template
cityrole-0265,m01,weekday,3,19:00,24:00,SYNTHETIC_TYPICAL,B_member_routine_template
cityrole-0265,m01,weekend,1,00:00,10:00,SYNTHETIC_TYPICAL,B_member_routine_template
cityrole-0265,m01,weekend,2,13:00,24:00,SYNTHETIC_TYPICAL,B_member_routine_template
cityrole-0265,m02,weekday,1,00:00,24:00,SYNTHETIC_TYPICAL,B_member_routine_template
cityrole-0265,m02,weekend,1,00:00,10:00,SYNTHETIC_TYPICAL,B_member_routine_template
cityrole-0265,m02,weekend,2,13:00,24:00,SYNTHETIC_TYPICAL,B_member_routine_template
cityrole-0266,m01,weekday,1,00:00,07:30,SYNTHETIC_TYPICAL,B_member_routine_template
cityrole-0266,m01,weekday,2,18:30,24:00,SYNTHETIC_TYPICAL,B_member_routine_template
cityrole-0266,m01,weekend,1,00:00,10:00,SYNTHETIC_TYPICAL,B_member_routine_template
cityrole-0266,m01,weekend,2,13:00,24:00,SYNTHETIC_TYPICAL,B_member_routine_template
cityrole-0266,m02,weekday,0,,,UNKNOWN,irregular_routine_not_fixed_clock
cityrole-0266,m02,weekend,0,,,UNKNOWN,irregular_routine_not_fixed_clock
cityrole-0266,m03,weekday,1,00:00,09:00,SYNTHETIC_TYPICAL,B_member_routine_template
cityrole-0266,m03,weekday,2,12:00,15:00,SYNTHETIC_TYPICAL,B_member_routine_template
cityrole-0266,m03,weekday,3,19:00,24:00,SYNTHETIC_TYPICAL,B_member_routine_template
cityrole-0266,m03,weekend,1,00:00,10:00,SYNTHETIC_TYPICAL,B_member_routine_template
cityrole-0266,m03,weekend,2,13:00,24:00,SYNTHETIC_TYPICAL,B_member_routine_template
cityrole-0267,m01,weekday,1,00:00,07:30,SYNTHETIC_TYPICAL,B_member_routine_template
cityrole-0267,m01,weekday,2,18:30,24:00,SYNTHETIC_TYPICAL,B_member_routine_template
cityrole-0267,m01,weekend,1,00:00,10:00,SYNTHETIC_TYPICAL,B_member_routine_template
cityrole-0267,m01,weekend,2,13:00,24:00,SYNTHETIC_TYPICAL,B_member_routine_template
cityrole-0267,m02,weekday,1,00:00,09:00,SYNTHETIC_TYPICAL,B_member_routine_template
cityrole-0267,m02,weekday,2,12:00,15:00,SYNTHETIC_TYPICAL,B_member_routine_template
cityrole-0267,m02,weekday,3,19:00,24:00,SYNTHETIC_TYPICAL,B_member_routine_template
cityrole-0267,m02,weekend,1,00:00,10:00,SYNTHETIC_TYPICAL,B_member_routine_template
cityrole-0267,m02,weekend,2,13:00,24:00,SYNTHETIC_TYPICAL,B_member_routine_template
cityrole-0267,m03,weekday,1,00:00,07:30,SYNTHETIC_TYPICAL,B_member_routine_template
cityrole-0267,m03,weekday,2,18:30,24:00,SYNTHETIC_TYPICAL,B_member_routine_template
cityrole-0267,m03,weekend,1,00:00,10:00,SYNTHETIC_TYPICAL,B_member_routine_template
cityrole-0267,m03,weekend,2,13:00,24:00,SYNTHETIC_TYPICAL,B_member_routine_template
cityrole-0268,m01,weekday,0,,,UNKNOWN,irregular_routine_not_fixed_clock
cityrole-0268,m01,weekend,0,,,UNKNOWN,irregular_routine_not_fixed_clock
cityrole-0268,m02,weekday,1,00:00,09:00,SYNTHETIC_TYPICAL,B_member_routine_template
cityrole-0268,m02,weekday,2,12:00,15:00,SYNTHETIC_TYPICAL,B_member_routine_template
cityrole-0268,m02,weekday,3,19:00,24:00,SYNTHETIC_TYPICAL,B_member_routine_template
cityrole-0268,m02,weekend,1,00:00,10:00,SYNTHETIC_TYPICAL,B_member_routine_template
cityrole-0268,m02,weekend,2,13:00,24:00,SYNTHETIC_TYPICAL,B_member_routine_template
cityrole-0268,m03,weekday,1,00:00,24:00,SYNTHETIC_TYPICAL,B_member_routine_template
cityrole-0268,m03,weekend,1,00:00,10:00,SYNTHETIC_TYPICAL,B_member_routine_template
cityrole-0268,m03,weekend,2,13:00,24:00,SYNTHETIC_TYPICAL,B_member_routine_template
cityrole-0269,m01,weekday,1,00:00,24:00,SYNTHETIC_TYPICAL,B_member_routine_template
cityrole-0269,m01,weekend,1,00:00,10:00,SYNTHETIC_TYPICAL,B_member_routine_template
cityrole-0269,m01,weekend,2,13:00,24:00,SYNTHETIC_TYPICAL,B_member_routine_template
cityrole-0269,m02,weekday,1,00:00,07:30,SYNTHETIC_TYPICAL,B_member_routine_template
cityrole-0269,m02,weekday,2,18:30,24:00,SYNTHETIC_TYPICAL,B_member_routine_template
cityrole-0269,m02,weekend,1,00:00,10:00,SYNTHETIC_TYPICAL,B_member_routine_template
cityrole-0269,m02,weekend,2,13:00,24:00,SYNTHETIC_TYPICAL,B_member_routine_template
cityrole-0269,m03,weekday,1,00:00,07:30,SYNTHETIC_TYPICAL,B_member_routine_template
cityrole-0269,m03,weekday,2,18:30,24:00,SYNTHETIC_TYPICAL,B_member_routine_template
cityrole-0269,m03,weekend,1,00:00,10:00,SYNTHETIC_TYPICAL,B_member_routine_template
cityrole-0269,m03,weekend,2,13:00,24:00,SYNTHETIC_TYPICAL,B_member_routine_template
cityrole-0270,m01,weekday,1,00:00,09:00,SYNTHETIC_TYPICAL,B_member_routine_template
cityrole-0270,m01,weekday,2,12:00,15:00,SYNTHETIC_TYPICAL,B_member_routine_template
cityrole-0270,m01,weekday,3,19:00,24:00,SYNTHETIC_TYPICAL,B_member_routine_template
cityrole-0270,m01,weekend,1,00:00,10:00,SYNTHETIC_TYPICAL,B_member_routine_template
cityrole-0270,m01,weekend,2,13:00,24:00,SYNTHETIC_TYPICAL,B_member_routine_template
cityrole-0270,m02,weekday,1,00:00,24:00,SYNTHETIC_TYPICAL,B_member_routine_template
cityrole-0270,m02,weekend,1,00:00,10:00,SYNTHETIC_TYPICAL,B_member_routine_template
cityrole-0270,m02,weekend,2,13:00,24:00,SYNTHETIC_TYPICAL,B_member_routine_template
cityrole-0270,m03,weekday,1,00:00,09:00,SYNTHETIC_TYPICAL,B_member_routine_template
cityrole-0270,m03,weekday,2,12:00,15:00,SYNTHETIC_TYPICAL,B_member_routine_template
cityrole-0270,m03,weekday,3,19:00,24:00,SYNTHETIC_TYPICAL,B_member_routine_template
cityrole-0270,m03,weekend,1,00:00,10:00,SYNTHETIC_TYPICAL,B_member_routine_template
cityrole-0270,m03,weekend,2,13:00,24:00,SYNTHETIC_TYPICAL,B_member_routine_template
cityrole-0270,m04,weekday,1,00:00,07:30,SYNTHETIC_TYPICAL,B_member_routine_template
cityrole-0270,m04,weekday,2,18:30,24:00,SYNTHETIC_TYPICAL,B_member_routine_template
cityrole-0270,m04,weekend,1,00:00,10:00,SYNTHETIC_TYPICAL,B_member_routine_template
cityrole-0270,m04,weekend,2,13:00,24:00,SYNTHETIC_TYPICAL,B_member_routine_template
cityrole-0271,m01,weekday,1,00:00,07:30,SYNTHETIC_TYPICAL,B_member_routine_template
cityrole-0271,m01,weekday,2,18:30,24:00,SYNTHETIC_TYPICAL,B_member_routine_template
cityrole-0271,m01,weekend,1,00:00,10:00,SYNTHETIC_TYPICAL,B_member_routine_template
cityrole-0271,m01,weekend,2,13:00,24:00,SYNTHETIC_TYPICAL,B_member_routine_template
cityrole-0271,m02,weekday,0,,,UNKNOWN,irregular_routine_not_fixed_clock
cityrole-0271,m02,weekend,0,,,UNKNOWN,irregular_routine_not_fixed_clock
cityrole-0271,m03,weekday,1,00:00,09:00,SYNTHETIC_TYPICAL,B_member_routine_template
cityrole-0271,m03,weekday,2,12:00,15:00,SYNTHETIC_TYPICAL,B_member_routine_template
cityrole-0271,m03,weekday,3,19:00,24:00,SYNTHETIC_TYPICAL,B_member_routine_template
cityrole-0271,m03,weekend,1,00:00,10:00,SYNTHETIC_TYPICAL,B_member_routine_template
cityrole-0271,m03,weekend,2,13:00,24:00,SYNTHETIC_TYPICAL,B_member_routine_template
cityrole-0271,m04,weekday,1,00:00,24:00,SYNTHETIC_TYPICAL,B_member_routine_template
cityrole-0271,m04,weekend,1,00:00,10:00,SYNTHETIC_TYPICAL,B_member_routine_template
cityrole-0271,m04,weekend,2,13:00,24:00,SYNTHETIC_TYPICAL,B_member_routine_template
cityrole-0272,m01,weekday,1,00:00,09:00,SYNTHETIC_TYPICAL,B_member_routine_template
cityrole-0272,m01,weekday,2,12:00,15:00,SYNTHETIC_TYPICAL,B_member_routine_template
cityrole-0272,m01,weekday,3,19:00,24:00,SYNTHETIC_TYPICAL,B_member_routine_template
cityrole-0272,m01,weekend,1,00:00,10:00,SYNTHETIC_TYPICAL,B_member_routine_template
cityrole-0272,m01,weekend,2,13:00,24:00,SYNTHETIC_TYPICAL,B_member_routine_template
cityrole-0272,m02,weekday,1,00:00,24:00,SYNTHETIC_TYPICAL,B_member_routine_template
cityrole-0272,m02,weekend,1,00:00,10:00,SYNTHETIC_TYPICAL,B_member_routine_template
cityrole-0272,m02,weekend,2,13:00,24:00,SYNTHETIC_TYPICAL,B_member_routine_template
cityrole-0273,m01,weekday,0,,,UNKNOWN,irregular_routine_not_fixed_clock
cityrole-0273,m01,weekend,0,,,UNKNOWN,irregular_routine_not_fixed_clock
cityrole-0273,m02,weekday,1,00:00,09:00,SYNTHETIC_TYPICAL,B_member_routine_template
cityrole-0273,m02,weekday,2,12:00,15:00,SYNTHETIC_TYPICAL,B_member_routine_template
cityrole-0273,m02,weekday,3,19:00,24:00,SYNTHETIC_TYPICAL,B_member_routine_template
cityrole-0273,m02,weekend,1,00:00,10:00,SYNTHETIC_TYPICAL,B_member_routine_template
cityrole-0273,m02,weekend,2,13:00,24:00,SYNTHETIC_TYPICAL,B_member_routine_template
cityrole-0273,m03,weekday,1,00:00,07:30,SYNTHETIC_TYPICAL,B_member_routine_template
cityrole-0273,m03,weekday,2,18:30,24:00,SYNTHETIC_TYPICAL,B_member_routine_template
cityrole-0273,m03,weekend,1,00:00,10:00,SYNTHETIC_TYPICAL,B_member_routine_template
cityrole-0273,m03,weekend,2,13:00,24:00,SYNTHETIC_TYPICAL,B_member_routine_template
cityrole-0274,m01,weekday,1,00:00,09:00,SYNTHETIC_TYPICAL,B_member_routine_template
cityrole-0274,m01,weekday,2,12:00,15:00,SYNTHETIC_TYPICAL,B_member_routine_template
cityrole-0274,m01,weekday,3,19:00,24:00,SYNTHETIC_TYPICAL,B_member_routine_template
cityrole-0274,m01,weekend,1,00:00,10:00,SYNTHETIC_TYPICAL,B_member_routine_template
cityrole-0274,m01,weekend,2,13:00,24:00,SYNTHETIC_TYPICAL,B_member_routine_template
cityrole-0274,m02,weekday,1,00:00,07:30,SYNTHETIC_TYPICAL,B_member_routine_template
cityrole-0274,m02,weekday,2,18:30,24:00,SYNTHETIC_TYPICAL,B_member_routine_template
cityrole-0274,m02,weekend,1,00:00,10:00,SYNTHETIC_TYPICAL,B_member_routine_template
cityrole-0274,m02,weekend,2,13:00,24:00,SYNTHETIC_TYPICAL,B_member_routine_template
cityrole-0275,m01,weekday,1,00:00,07:30,SYNTHETIC_TYPICAL,B_member_routine_template
cityrole-0275,m01,weekday,2,18:30,24:00,SYNTHETIC_TYPICAL,B_member_routine_template
cityrole-0275,m01,weekend,1,00:00,10:00,SYNTHETIC_TYPICAL,B_member_routine_template
cityrole-0275,m01,weekend,2,13:00,24:00,SYNTHETIC_TYPICAL,B_member_routine_template
cityrole-0276,m01,weekday,1,00:00,09:00,SYNTHETIC_TYPICAL,B_member_routine_template
cityrole-0276,m01,weekday,2,12:00,15:00,SYNTHETIC_TYPICAL,B_member_routine_template
cityrole-0276,m01,weekday,3,19:00,24:00,SYNTHETIC_TYPICAL,B_member_routine_template
cityrole-0276,m01,weekend,1,00:00,10:00,SYNTHETIC_TYPICAL,B_member_routine_template
cityrole-0276,m01,weekend,2,13:00,24:00,SYNTHETIC_TYPICAL,B_member_routine_template
cityrole-0276,m02,weekday,0,,,UNKNOWN,irregular_routine_not_fixed_clock
cityrole-0276,m02,weekend,0,,,UNKNOWN,irregular_routine_not_fixed_clock
cityrole-0277,m01,weekday,1,00:00,24:00,SYNTHETIC_TYPICAL,B_member_routine_template
cityrole-0277,m01,weekend,1,00:00,10:00,SYNTHETIC_TYPICAL,B_member_routine_template
cityrole-0277,m01,weekend,2,13:00,24:00,SYNTHETIC_TYPICAL,B_member_routine_template
cityrole-0277,m02,weekday,1,00:00,09:00,SYNTHETIC_TYPICAL,B_member_routine_template
cityrole-0277,m02,weekday,2,12:00,15:00,SYNTHETIC_TYPICAL,B_member_routine_template
cityrole-0277,m02,weekday,3,19:00,24:00,SYNTHETIC_TYPICAL,B_member_routine_template
cityrole-0277,m02,weekend,1,00:00,10:00,SYNTHETIC_TYPICAL,B_member_routine_template
cityrole-0277,m02,weekend,2,13:00,24:00,SYNTHETIC_TYPICAL,B_member_routine_template
cityrole-0277,m03,weekday,1,00:00,07:30,SYNTHETIC_TYPICAL,B_member_routine_template
cityrole-0277,m03,weekday,2,18:30,24:00,SYNTHETIC_TYPICAL,B_member_routine_template
cityrole-0277,m03,weekend,1,00:00,10:00,SYNTHETIC_TYPICAL,B_member_routine_template
cityrole-0277,m03,weekend,2,13:00,24:00,SYNTHETIC_TYPICAL,B_member_routine_template
cityrole-0277,m04,weekday,0,,,UNKNOWN,irregular_routine_not_fixed_clock
cityrole-0277,m04,weekend,0,,,UNKNOWN,irregular_routine_not_fixed_clock
cityrole-0278,m01,weekday,0,,,UNKNOWN,irregular_routine_not_fixed_clock
cityrole-0278,m01,weekend,0,,,UNKNOWN,irregular_routine_not_fixed_clock
cityrole-0278,m02,weekday,1,00:00,09:00,SYNTHETIC_TYPICAL,B_member_routine_template
cityrole-0278,m02,weekday,2,12:00,15:00,SYNTHETIC_TYPICAL,B_member_routine_template
cityrole-0278,m02,weekday,3,19:00,24:00,SYNTHETIC_TYPICAL,B_member_routine_template
cityrole-0278,m02,weekend,1,00:00,10:00,SYNTHETIC_TYPICAL,B_member_routine_template
cityrole-0278,m02,weekend,2,13:00,24:00,SYNTHETIC_TYPICAL,B_member_routine_template
cityrole-0278,m03,weekday,1,00:00,24:00,SYNTHETIC_TYPICAL,B_member_routine_template
cityrole-0278,m03,weekend,1,00:00,10:00,SYNTHETIC_TYPICAL,B_member_routine_template
cityrole-0278,m03,weekend,2,13:00,24:00,SYNTHETIC_TYPICAL,B_member_routine_template
cityrole-0279,m01,weekday,1,00:00,09:00,SYNTHETIC_TYPICAL,B_member_routine_template
cityrole-0279,m01,weekday,2,12:00,15:00,SYNTHETIC_TYPICAL,B_member_routine_template
cityrole-0279,m01,weekday,3,19:00,24:00,SYNTHETIC_TYPICAL,B_member_routine_template
cityrole-0279,m01,weekend,1,00:00,10:00,SYNTHETIC_TYPICAL,B_member_routine_template
cityrole-0279,m01,weekend,2,13:00,24:00,SYNTHETIC_TYPICAL,B_member_routine_template
cityrole-0280,m01,weekday,1,00:00,09:00,SYNTHETIC_TYPICAL,B_member_routine_template
cityrole-0280,m01,weekday,2,12:00,15:00,SYNTHETIC_TYPICAL,B_member_routine_template
cityrole-0280,m01,weekday,3,19:00,24:00,SYNTHETIC_TYPICAL,B_member_routine_template
cityrole-0280,m01,weekend,1,00:00,10:00,SYNTHETIC_TYPICAL,B_member_routine_template
cityrole-0280,m01,weekend,2,13:00,24:00,SYNTHETIC_TYPICAL,B_member_routine_template
cityrole-0281,m01,weekday,1,00:00,07:30,SYNTHETIC_TYPICAL,B_member_routine_template
cityrole-0281,m01,weekday,2,18:30,24:00,SYNTHETIC_TYPICAL,B_member_routine_template
cityrole-0281,m01,weekend,1,00:00,10:00,SYNTHETIC_TYPICAL,B_member_routine_template
cityrole-0281,m01,weekend,2,13:00,24:00,SYNTHETIC_TYPICAL,B_member_routine_template
cityrole-0281,m02,weekday,0,,,UNKNOWN,irregular_routine_not_fixed_clock
cityrole-0281,m02,weekend,0,,,UNKNOWN,irregular_routine_not_fixed_clock
cityrole-0282,m01,weekday,1,00:00,24:00,SYNTHETIC_TYPICAL,B_member_routine_template
cityrole-0282,m01,weekend,1,00:00,10:00,SYNTHETIC_TYPICAL,B_member_routine_template
cityrole-0282,m01,weekend,2,13:00,24:00,SYNTHETIC_TYPICAL,B_member_routine_template
cityrole-0282,m02,weekday,1,00:00,07:30,SYNTHETIC_TYPICAL,B_member_routine_template
cityrole-0282,m02,weekday,2,18:30,24:00,SYNTHETIC_TYPICAL,B_member_routine_template
cityrole-0282,m02,weekend,1,00:00,10:00,SYNTHETIC_TYPICAL,B_member_routine_template
cityrole-0282,m02,weekend,2,13:00,24:00,SYNTHETIC_TYPICAL,B_member_routine_template
cityrole-0283,m01,weekday,0,,,UNKNOWN,irregular_routine_not_fixed_clock
cityrole-0283,m01,weekend,0,,,UNKNOWN,irregular_routine_not_fixed_clock
cityrole-0283,m02,weekday,1,00:00,09:00,SYNTHETIC_TYPICAL,B_member_routine_template
cityrole-0283,m02,weekday,2,12:00,15:00,SYNTHETIC_TYPICAL,B_member_routine_template
cityrole-0283,m02,weekday,3,19:00,24:00,SYNTHETIC_TYPICAL,B_member_routine_template
cityrole-0283,m02,weekend,1,00:00,10:00,SYNTHETIC_TYPICAL,B_member_routine_template
cityrole-0283,m02,weekend,2,13:00,24:00,SYNTHETIC_TYPICAL,B_member_routine_template
cityrole-0284,m01,weekday,1,00:00,09:00,SYNTHETIC_TYPICAL,B_member_routine_template
cityrole-0284,m01,weekday,2,12:00,15:00,SYNTHETIC_TYPICAL,B_member_routine_template
cityrole-0284,m01,weekday,3,19:00,24:00,SYNTHETIC_TYPICAL,B_member_routine_template
cityrole-0284,m01,weekend,1,00:00,10:00,SYNTHETIC_TYPICAL,B_member_routine_template
cityrole-0284,m01,weekend,2,13:00,24:00,SYNTHETIC_TYPICAL,B_member_routine_template
cityrole-0284,m02,weekday,1,00:00,07:30,SYNTHETIC_TYPICAL,B_member_routine_template
cityrole-0284,m02,weekday,2,18:30,24:00,SYNTHETIC_TYPICAL,B_member_routine_template
cityrole-0284,m02,weekend,1,00:00,10:00,SYNTHETIC_TYPICAL,B_member_routine_template
cityrole-0284,m02,weekend,2,13:00,24:00,SYNTHETIC_TYPICAL,B_member_routine_template
cityrole-0284,m03,weekday,0,,,UNKNOWN,irregular_routine_not_fixed_clock
cityrole-0284,m03,weekend,0,,,UNKNOWN,irregular_routine_not_fixed_clock
cityrole-0284,m04,weekday,1,00:00,09:00,SYNTHETIC_TYPICAL,B_member_routine_template
cityrole-0284,m04,weekday,2,12:00,15:00,SYNTHETIC_TYPICAL,B_member_routine_template
cityrole-0284,m04,weekday,3,19:00,24:00,SYNTHETIC_TYPICAL,B_member_routine_template
cityrole-0284,m04,weekend,1,00:00,10:00,SYNTHETIC_TYPICAL,B_member_routine_template
cityrole-0284,m04,weekend,2,13:00,24:00,SYNTHETIC_TYPICAL,B_member_routine_template
cityrole-0284,m05,weekday,1,00:00,07:30,SYNTHETIC_TYPICAL,B_member_routine_template
cityrole-0284,m05,weekday,2,18:30,24:00,SYNTHETIC_TYPICAL,B_member_routine_template
cityrole-0284,m05,weekend,1,00:00,10:00,SYNTHETIC_TYPICAL,B_member_routine_template
cityrole-0284,m05,weekend,2,13:00,24:00,SYNTHETIC_TYPICAL,B_member_routine_template
cityrole-0284,m06,weekday,1,00:00,09:00,SYNTHETIC_TYPICAL,B_member_routine_template
cityrole-0284,m06,weekday,2,12:00,15:00,SYNTHETIC_TYPICAL,B_member_routine_template
cityrole-0284,m06,weekday,3,19:00,24:00,SYNTHETIC_TYPICAL,B_member_routine_template
cityrole-0284,m06,weekend,1,00:00,10:00,SYNTHETIC_TYPICAL,B_member_routine_template
cityrole-0284,m06,weekend,2,13:00,24:00,SYNTHETIC_TYPICAL,B_member_routine_template
cityrole-0285,m01,weekday,1,00:00,09:00,SYNTHETIC_TYPICAL,B_member_routine_template
cityrole-0285,m01,weekday,2,12:00,15:00,SYNTHETIC_TYPICAL,B_member_routine_template
cityrole-0285,m01,weekday,3,19:00,24:00,SYNTHETIC_TYPICAL,B_member_routine_template
cityrole-0285,m01,weekend,1,00:00,10:00,SYNTHETIC_TYPICAL,B_member_routine_template
cityrole-0285,m01,weekend,2,13:00,24:00,SYNTHETIC_TYPICAL,B_member_routine_template
cityrole-0285,m02,weekday,1,00:00,24:00,SYNTHETIC_TYPICAL,B_member_routine_template
cityrole-0285,m02,weekend,1,00:00,10:00,SYNTHETIC_TYPICAL,B_member_routine_template
cityrole-0285,m02,weekend,2,13:00,24:00,SYNTHETIC_TYPICAL,B_member_routine_template
cityrole-0286,m01,weekday,1,00:00,07:30,SYNTHETIC_TYPICAL,B_member_routine_template
cityrole-0286,m01,weekday,2,18:30,24:00,SYNTHETIC_TYPICAL,B_member_routine_template
cityrole-0286,m01,weekend,1,00:00,10:00,SYNTHETIC_TYPICAL,B_member_routine_template
cityrole-0286,m01,weekend,2,13:00,24:00,SYNTHETIC_TYPICAL,B_member_routine_template
cityrole-0286,m02,weekday,0,,,UNKNOWN,irregular_routine_not_fixed_clock
cityrole-0286,m02,weekend,0,,,UNKNOWN,irregular_routine_not_fixed_clock
cityrole-0286,m03,weekday,1,00:00,09:00,SYNTHETIC_TYPICAL,B_member_routine_template
cityrole-0286,m03,weekday,2,12:00,15:00,SYNTHETIC_TYPICAL,B_member_routine_template
cityrole-0286,m03,weekday,3,19:00,24:00,SYNTHETIC_TYPICAL,B_member_routine_template
cityrole-0286,m03,weekend,1,00:00,10:00,SYNTHETIC_TYPICAL,B_member_routine_template
cityrole-0286,m03,weekend,2,13:00,24:00,SYNTHETIC_TYPICAL,B_member_routine_template
cityrole-0286,m04,weekday,1,00:00,24:00,SYNTHETIC_TYPICAL,B_member_routine_template
cityrole-0286,m04,weekend,1,00:00,10:00,SYNTHETIC_TYPICAL,B_member_routine_template
cityrole-0286,m04,weekend,2,13:00,24:00,SYNTHETIC_TYPICAL,B_member_routine_template
cityrole-0286,m05,weekday,1,00:00,09:00,SYNTHETIC_TYPICAL,B_member_routine_template
cityrole-0286,m05,weekday,2,12:00,15:00,SYNTHETIC_TYPICAL,B_member_routine_template
cityrole-0286,m05,weekday,3,19:00,24:00,SYNTHETIC_TYPICAL,B_member_routine_template
cityrole-0286,m05,weekend,1,00:00,10:00,SYNTHETIC_TYPICAL,B_member_routine_template
cityrole-0286,m05,weekend,2,13:00,24:00,SYNTHETIC_TYPICAL,B_member_routine_template
cityrole-0287,m01,weekday,1,00:00,07:30,SYNTHETIC_TYPICAL,B_member_routine_template
cityrole-0287,m01,weekday,2,18:30,24:00,SYNTHETIC_TYPICAL,B_member_routine_template
cityrole-0287,m01,weekend,1,00:00,10:00,SYNTHETIC_TYPICAL,B_member_routine_template
cityrole-0287,m01,weekend,2,13:00,24:00,SYNTHETIC_TYPICAL,B_member_routine_template
cityrole-0287,m02,weekday,1,00:00,09:00,SYNTHETIC_TYPICAL,B_member_routine_template
cityrole-0287,m02,weekday,2,12:00,15:00,SYNTHETIC_TYPICAL,B_member_routine_template
cityrole-0287,m02,weekday,3,19:00,24:00,SYNTHETIC_TYPICAL,B_member_routine_template
cityrole-0287,m02,weekend,1,00:00,10:00,SYNTHETIC_TYPICAL,B_member_routine_template
cityrole-0287,m02,weekend,2,13:00,24:00,SYNTHETIC_TYPICAL,B_member_routine_template
cityrole-0287,m03,weekday,1,00:00,07:30,SYNTHETIC_TYPICAL,B_member_routine_template
cityrole-0287,m03,weekday,2,18:30,24:00,SYNTHETIC_TYPICAL,B_member_routine_template
cityrole-0287,m03,weekend,1,00:00,10:00,SYNTHETIC_TYPICAL,B_member_routine_template
cityrole-0287,m03,weekend,2,13:00,24:00,SYNTHETIC_TYPICAL,B_member_routine_template
cityrole-0287,m04,weekday,1,00:00,07:30,SYNTHETIC_TYPICAL,B_member_routine_template
cityrole-0287,m04,weekday,2,18:30,24:00,SYNTHETIC_TYPICAL,B_member_routine_template
cityrole-0287,m04,weekend,1,00:00,10:00,SYNTHETIC_TYPICAL,B_member_routine_template
cityrole-0287,m04,weekend,2,13:00,24:00,SYNTHETIC_TYPICAL,B_member_routine_template
cityrole-0287,m05,weekday,1,00:00,09:00,SYNTHETIC_TYPICAL,B_member_routine_template
cityrole-0287,m05,weekday,2,12:00,15:00,SYNTHETIC_TYPICAL,B_member_routine_template
cityrole-0287,m05,weekday,3,19:00,24:00,SYNTHETIC_TYPICAL,B_member_routine_template
cityrole-0287,m05,weekend,1,00:00,10:00,SYNTHETIC_TYPICAL,B_member_routine_template
cityrole-0287,m05,weekend,2,13:00,24:00,SYNTHETIC_TYPICAL,B_member_routine_template
cityrole-0288,m01,weekday,1,00:00,09:00,SYNTHETIC_TYPICAL,B_member_routine_template
cityrole-0288,m01,weekday,2,12:00,15:00,SYNTHETIC_TYPICAL,B_member_routine_template
cityrole-0288,m01,weekday,3,19:00,24:00,SYNTHETIC_TYPICAL,B_member_routine_template
cityrole-0288,m01,weekend,1,00:00,10:00,SYNTHETIC_TYPICAL,B_member_routine_template
cityrole-0288,m01,weekend,2,13:00,24:00,SYNTHETIC_TYPICAL,B_member_routine_template
cityrole-0288,m02,weekday,1,00:00,09:00,SYNTHETIC_TYPICAL,B_member_routine_template
cityrole-0288,m02,weekday,2,12:00,15:00,SYNTHETIC_TYPICAL,B_member_routine_template
cityrole-0288,m02,weekday,3,19:00,24:00,SYNTHETIC_TYPICAL,B_member_routine_template
cityrole-0288,m02,weekend,1,00:00,10:00,SYNTHETIC_TYPICAL,B_member_routine_template
cityrole-0288,m02,weekend,2,13:00,24:00,SYNTHETIC_TYPICAL,B_member_routine_template
cityrole-0288,m03,weekday,1,00:00,24:00,SYNTHETIC_TYPICAL,B_member_routine_template
cityrole-0288,m03,weekend,1,00:00,10:00,SYNTHETIC_TYPICAL,B_member_routine_template
cityrole-0288,m03,weekend,2,13:00,24:00,SYNTHETIC_TYPICAL,B_member_routine_template
cityrole-0289,m01,weekday,1,00:00,09:00,SYNTHETIC_TYPICAL,B_member_routine_template
cityrole-0289,m01,weekday,2,12:00,15:00,SYNTHETIC_TYPICAL,B_member_routine_template
cityrole-0289,m01,weekday,3,19:00,24:00,SYNTHETIC_TYPICAL,B_member_routine_template
cityrole-0289,m01,weekend,1,00:00,10:00,SYNTHETIC_TYPICAL,B_member_routine_template
cityrole-0289,m01,weekend,2,13:00,24:00,SYNTHETIC_TYPICAL,B_member_routine_template
cityrole-0289,m02,weekday,1,00:00,07:30,SYNTHETIC_TYPICAL,B_member_routine_template
cityrole-0289,m02,weekday,2,18:30,24:00,SYNTHETIC_TYPICAL,B_member_routine_template
cityrole-0289,m02,weekend,1,00:00,10:00,SYNTHETIC_TYPICAL,B_member_routine_template
cityrole-0289,m02,weekend,2,13:00,24:00,SYNTHETIC_TYPICAL,B_member_routine_template
cityrole-0289,m03,weekday,0,,,UNKNOWN,irregular_routine_not_fixed_clock
cityrole-0289,m03,weekend,0,,,UNKNOWN,irregular_routine_not_fixed_clock
cityrole-0290,m01,weekday,1,00:00,09:00,SYNTHETIC_TYPICAL,B_member_routine_template
cityrole-0290,m01,weekday,2,12:00,15:00,SYNTHETIC_TYPICAL,B_member_routine_template
cityrole-0290,m01,weekday,3,19:00,24:00,SYNTHETIC_TYPICAL,B_member_routine_template
cityrole-0290,m01,weekend,1,00:00,10:00,SYNTHETIC_TYPICAL,B_member_routine_template
cityrole-0290,m01,weekend,2,13:00,24:00,SYNTHETIC_TYPICAL,B_member_routine_template
cityrole-0290,m02,weekday,1,00:00,24:00,SYNTHETIC_TYPICAL,B_member_routine_template
cityrole-0290,m02,weekend,1,00:00,10:00,SYNTHETIC_TYPICAL,B_member_routine_template
cityrole-0290,m02,weekend,2,13:00,24:00,SYNTHETIC_TYPICAL,B_member_routine_template
cityrole-0290,m03,weekday,1,00:00,09:00,SYNTHETIC_TYPICAL,B_member_routine_template
cityrole-0290,m03,weekday,2,12:00,15:00,SYNTHETIC_TYPICAL,B_member_routine_template
cityrole-0290,m03,weekday,3,19:00,24:00,SYNTHETIC_TYPICAL,B_member_routine_template
cityrole-0290,m03,weekend,1,00:00,10:00,SYNTHETIC_TYPICAL,B_member_routine_template
cityrole-0290,m03,weekend,2,13:00,24:00,SYNTHETIC_TYPICAL,B_member_routine_template
cityrole-0290,m04,weekday,1,00:00,07:30,SYNTHETIC_TYPICAL,B_member_routine_template
cityrole-0290,m04,weekday,2,18:30,24:00,SYNTHETIC_TYPICAL,B_member_routine_template
cityrole-0290,m04,weekend,1,00:00,10:00,SYNTHETIC_TYPICAL,B_member_routine_template
cityrole-0290,m04,weekend,2,13:00,24:00,SYNTHETIC_TYPICAL,B_member_routine_template
cityrole-0290,m05,weekday,0,,,UNKNOWN,irregular_routine_not_fixed_clock
cityrole-0290,m05,weekend,0,,,UNKNOWN,irregular_routine_not_fixed_clock
cityrole-0291,m01,weekday,1,00:00,07:30,SYNTHETIC_TYPICAL,B_member_routine_template
cityrole-0291,m01,weekday,2,18:30,24:00,SYNTHETIC_TYPICAL,B_member_routine_template
cityrole-0291,m01,weekend,1,00:00,10:00,SYNTHETIC_TYPICAL,B_member_routine_template
cityrole-0291,m01,weekend,2,13:00,24:00,SYNTHETIC_TYPICAL,B_member_routine_template
cityrole-0291,m02,weekday,1,00:00,07:30,SYNTHETIC_TYPICAL,B_member_routine_template
cityrole-0291,m02,weekday,2,18:30,24:00,SYNTHETIC_TYPICAL,B_member_routine_template
cityrole-0291,m02,weekend,1,00:00,10:00,SYNTHETIC_TYPICAL,B_member_routine_template
cityrole-0291,m02,weekend,2,13:00,24:00,SYNTHETIC_TYPICAL,B_member_routine_template
cityrole-0291,m03,weekday,1,00:00,09:00,SYNTHETIC_TYPICAL,B_member_routine_template
cityrole-0291,m03,weekday,2,12:00,15:00,SYNTHETIC_TYPICAL,B_member_routine_template
cityrole-0291,m03,weekday,3,19:00,24:00,SYNTHETIC_TYPICAL,B_member_routine_template
cityrole-0291,m03,weekend,1,00:00,10:00,SYNTHETIC_TYPICAL,B_member_routine_template
cityrole-0291,m03,weekend,2,13:00,24:00,SYNTHETIC_TYPICAL,B_member_routine_template
cityrole-0292,m01,weekday,1,00:00,24:00,SYNTHETIC_TYPICAL,B_member_routine_template
cityrole-0292,m01,weekend,1,00:00,10:00,SYNTHETIC_TYPICAL,B_member_routine_template
cityrole-0292,m01,weekend,2,13:00,24:00,SYNTHETIC_TYPICAL,B_member_routine_template
cityrole-0292,m02,weekday,1,00:00,09:00,SYNTHETIC_TYPICAL,B_member_routine_template
cityrole-0292,m02,weekday,2,12:00,15:00,SYNTHETIC_TYPICAL,B_member_routine_template
cityrole-0292,m02,weekday,3,19:00,24:00,SYNTHETIC_TYPICAL,B_member_routine_template
cityrole-0292,m02,weekend,1,00:00,10:00,SYNTHETIC_TYPICAL,B_member_routine_template
cityrole-0292,m02,weekend,2,13:00,24:00,SYNTHETIC_TYPICAL,B_member_routine_template
cityrole-0292,m03,weekday,1,00:00,07:30,SYNTHETIC_TYPICAL,B_member_routine_template
cityrole-0292,m03,weekday,2,18:30,24:00,SYNTHETIC_TYPICAL,B_member_routine_template
cityrole-0292,m03,weekend,1,00:00,10:00,SYNTHETIC_TYPICAL,B_member_routine_template
cityrole-0292,m03,weekend,2,13:00,24:00,SYNTHETIC_TYPICAL,B_member_routine_template
cityrole-0293,m01,weekday,0,,,UNKNOWN,irregular_routine_not_fixed_clock
cityrole-0293,m01,weekend,0,,,UNKNOWN,irregular_routine_not_fixed_clock
cityrole-0293,m02,weekday,1,00:00,09:00,SYNTHETIC_TYPICAL,B_member_routine_template
cityrole-0293,m02,weekday,2,12:00,15:00,SYNTHETIC_TYPICAL,B_member_routine_template
cityrole-0293,m02,weekday,3,19:00,24:00,SYNTHETIC_TYPICAL,B_member_routine_template
cityrole-0293,m02,weekend,1,00:00,10:00,SYNTHETIC_TYPICAL,B_member_routine_template
cityrole-0293,m02,weekend,2,13:00,24:00,SYNTHETIC_TYPICAL,B_member_routine_template
cityrole-0294,m01,weekday,1,00:00,09:00,SYNTHETIC_TYPICAL,B_member_routine_template
cityrole-0294,m01,weekday,2,12:00,15:00,SYNTHETIC_TYPICAL,B_member_routine_template
cityrole-0294,m01,weekday,3,19:00,24:00,SYNTHETIC_TYPICAL,B_member_routine_template
cityrole-0294,m01,weekend,1,00:00,10:00,SYNTHETIC_TYPICAL,B_member_routine_template
cityrole-0294,m01,weekend,2,13:00,24:00,SYNTHETIC_TYPICAL,B_member_routine_template
cityrole-0294,m02,weekday,1,00:00,07:30,SYNTHETIC_TYPICAL,B_member_routine_template
cityrole-0294,m02,weekday,2,18:30,24:00,SYNTHETIC_TYPICAL,B_member_routine_template
cityrole-0294,m02,weekend,1,00:00,10:00,SYNTHETIC_TYPICAL,B_member_routine_template
cityrole-0294,m02,weekend,2,13:00,24:00,SYNTHETIC_TYPICAL,B_member_routine_template
cityrole-0294,m03,weekday,0,,,UNKNOWN,irregular_routine_not_fixed_clock
cityrole-0294,m03,weekend,0,,,UNKNOWN,irregular_routine_not_fixed_clock
cityrole-0295,m01,weekday,1,00:00,07:30,SYNTHETIC_TYPICAL,B_member_routine_template
cityrole-0295,m01,weekday,2,18:30,24:00,SYNTHETIC_TYPICAL,B_member_routine_template
cityrole-0295,m01,weekend,1,00:00,10:00,SYNTHETIC_TYPICAL,B_member_routine_template
cityrole-0295,m01,weekend,2,13:00,24:00,SYNTHETIC_TYPICAL,B_member_routine_template
cityrole-0296,m01,weekday,1,00:00,07:30,SYNTHETIC_TYPICAL,B_member_routine_template
cityrole-0296,m01,weekday,2,18:30,24:00,SYNTHETIC_TYPICAL,B_member_routine_template
cityrole-0296,m01,weekend,1,00:00,10:00,SYNTHETIC_TYPICAL,B_member_routine_template
cityrole-0296,m01,weekend,2,13:00,24:00,SYNTHETIC_TYPICAL,B_member_routine_template
cityrole-0296,m02,weekday,0,,,UNKNOWN,irregular_routine_not_fixed_clock
cityrole-0296,m02,weekend,0,,,UNKNOWN,irregular_routine_not_fixed_clock
cityrole-0296,m03,weekday,1,00:00,09:00,SYNTHETIC_TYPICAL,B_member_routine_template
cityrole-0296,m03,weekday,2,12:00,15:00,SYNTHETIC_TYPICAL,B_member_routine_template
cityrole-0296,m03,weekday,3,19:00,24:00,SYNTHETIC_TYPICAL,B_member_routine_template
cityrole-0296,m03,weekend,1,00:00,10:00,SYNTHETIC_TYPICAL,B_member_routine_template
cityrole-0296,m03,weekend,2,13:00,24:00,SYNTHETIC_TYPICAL,B_member_routine_template
cityrole-0296,m04,weekday,1,00:00,24:00,SYNTHETIC_TYPICAL,B_member_routine_template
cityrole-0296,m04,weekend,1,00:00,10:00,SYNTHETIC_TYPICAL,B_member_routine_template
cityrole-0296,m04,weekend,2,13:00,24:00,SYNTHETIC_TYPICAL,B_member_routine_template
cityrole-0296,m05,weekday,1,00:00,09:00,SYNTHETIC_TYPICAL,B_member_routine_template
cityrole-0296,m05,weekday,2,12:00,15:00,SYNTHETIC_TYPICAL,B_member_routine_template
cityrole-0296,m05,weekday,3,19:00,24:00,SYNTHETIC_TYPICAL,B_member_routine_template
cityrole-0296,m05,weekend,1,00:00,10:00,SYNTHETIC_TYPICAL,B_member_routine_template
cityrole-0296,m05,weekend,2,13:00,24:00,SYNTHETIC_TYPICAL,B_member_routine_template
cityrole-0296,m06,weekday,1,00:00,07:30,SYNTHETIC_TYPICAL,B_member_routine_template
cityrole-0296,m06,weekday,2,18:30,24:00,SYNTHETIC_TYPICAL,B_member_routine_template
cityrole-0296,m06,weekend,1,00:00,10:00,SYNTHETIC_TYPICAL,B_member_routine_template
cityrole-0296,m06,weekend,2,13:00,24:00,SYNTHETIC_TYPICAL,B_member_routine_template
cityrole-0297,m01,weekday,1,00:00,24:00,SYNTHETIC_TYPICAL,B_member_routine_template
cityrole-0297,m01,weekend,1,00:00,10:00,SYNTHETIC_TYPICAL,B_member_routine_template
cityrole-0297,m01,weekend,2,13:00,24:00,SYNTHETIC_TYPICAL,B_member_routine_template
cityrole-0297,m02,weekday,1,00:00,09:00,SYNTHETIC_TYPICAL,B_member_routine_template
cityrole-0297,m02,weekday,2,12:00,15:00,SYNTHETIC_TYPICAL,B_member_routine_template
cityrole-0297,m02,weekday,3,19:00,24:00,SYNTHETIC_TYPICAL,B_member_routine_template
cityrole-0297,m02,weekend,1,00:00,10:00,SYNTHETIC_TYPICAL,B_member_routine_template
cityrole-0297,m02,weekend,2,13:00,24:00,SYNTHETIC_TYPICAL,B_member_routine_template
cityrole-0297,m03,weekday,1,00:00,07:30,SYNTHETIC_TYPICAL,B_member_routine_template
cityrole-0297,m03,weekday,2,18:30,24:00,SYNTHETIC_TYPICAL,B_member_routine_template
cityrole-0297,m03,weekend,1,00:00,10:00,SYNTHETIC_TYPICAL,B_member_routine_template
cityrole-0297,m03,weekend,2,13:00,24:00,SYNTHETIC_TYPICAL,B_member_routine_template
cityrole-0297,m04,weekday,1,00:00,07:30,SYNTHETIC_TYPICAL,B_member_routine_template
cityrole-0297,m04,weekday,2,18:30,24:00,SYNTHETIC_TYPICAL,B_member_routine_template
cityrole-0297,m04,weekend,1,00:00,10:00,SYNTHETIC_TYPICAL,B_member_routine_template
cityrole-0297,m04,weekend,2,13:00,24:00,SYNTHETIC_TYPICAL,B_member_routine_template
cityrole-0297,m05,weekday,1,00:00,09:00,SYNTHETIC_TYPICAL,B_member_routine_template
cityrole-0297,m05,weekday,2,12:00,15:00,SYNTHETIC_TYPICAL,B_member_routine_template
cityrole-0297,m05,weekday,3,19:00,24:00,SYNTHETIC_TYPICAL,B_member_routine_template
cityrole-0297,m05,weekend,1,00:00,10:00,SYNTHETIC_TYPICAL,B_member_routine_template
cityrole-0297,m05,weekend,2,13:00,24:00,SYNTHETIC_TYPICAL,B_member_routine_template
cityrole-0298,m01,weekday,0,,,UNKNOWN,irregular_routine_not_fixed_clock
cityrole-0298,m01,weekend,0,,,UNKNOWN,irregular_routine_not_fixed_clock
cityrole-0299,m01,weekday,1,00:00,09:00,SYNTHETIC_TYPICAL,B_member_routine_template
cityrole-0299,m01,weekday,2,12:00,15:00,SYNTHETIC_TYPICAL,B_member_routine_template
cityrole-0299,m01,weekday,3,19:00,24:00,SYNTHETIC_TYPICAL,B_member_routine_template
cityrole-0299,m01,weekend,1,00:00,10:00,SYNTHETIC_TYPICAL,B_member_routine_template
cityrole-0299,m01,weekend,2,13:00,24:00,SYNTHETIC_TYPICAL,B_member_routine_template
cityrole-0299,m02,weekday,1,00:00,07:30,SYNTHETIC_TYPICAL,B_member_routine_template
cityrole-0299,m02,weekday,2,18:30,24:00,SYNTHETIC_TYPICAL,B_member_routine_template
cityrole-0299,m02,weekend,1,00:00,10:00,SYNTHETIC_TYPICAL,B_member_routine_template
cityrole-0299,m02,weekend,2,13:00,24:00,SYNTHETIC_TYPICAL,B_member_routine_template
cityrole-0299,m03,weekday,1,00:00,07:30,SYNTHETIC_TYPICAL,B_member_routine_template
cityrole-0299,m03,weekday,2,18:30,24:00,SYNTHETIC_TYPICAL,B_member_routine_template
cityrole-0299,m03,weekend,1,00:00,10:00,SYNTHETIC_TYPICAL,B_member_routine_template
cityrole-0299,m03,weekend,2,13:00,24:00,SYNTHETIC_TYPICAL,B_member_routine_template
cityrole-0299,m04,weekday,1,00:00,07:30,SYNTHETIC_TYPICAL,B_member_routine_template
cityrole-0299,m04,weekday,2,18:30,24:00,SYNTHETIC_TYPICAL,B_member_routine_template
cityrole-0299,m04,weekend,1,00:00,10:00,SYNTHETIC_TYPICAL,B_member_routine_template
cityrole-0299,m04,weekend,2,13:00,24:00,SYNTHETIC_TYPICAL,B_member_routine_template
cityrole-0299,m05,weekday,1,00:00,24:00,SYNTHETIC_TYPICAL,B_member_routine_template
cityrole-0299,m05,weekend,1,00:00,10:00,SYNTHETIC_TYPICAL,B_member_routine_template
cityrole-0299,m05,weekend,2,13:00,24:00,SYNTHETIC_TYPICAL,B_member_routine_template
cityrole-0300,m01,weekday,1,00:00,09:00,SYNTHETIC_TYPICAL,B_member_routine_template
cityrole-0300,m01,weekday,2,12:00,15:00,SYNTHETIC_TYPICAL,B_member_routine_template
cityrole-0300,m01,weekday,3,19:00,24:00,SYNTHETIC_TYPICAL,B_member_routine_template
cityrole-0300,m01,weekend,1,00:00,10:00,SYNTHETIC_TYPICAL,B_member_routine_template
cityrole-0300,m01,weekend,2,13:00,24:00,SYNTHETIC_TYPICAL,B_member_routine_template
